game_id,review,votes_funny,votes_up,voted_up,is_recommended,playtime_forever,timestamp_created
배틀 그라운드,달달한 스튜어디스 대신에 걸걸한 아조씨들이 기내방송해주는 욕설과 정신병자가 수두룩한 고향길같이 편안한 비행기 여행,294,224,True,Recommended,86734,1511607154
배틀 그라운드,그럴 수 있어. 이런 날도 있는거지 뭐. X 항상 그렇지. 이런 날만 있는데 뭐. O,242,394,True,Recommended,11114,1507172218
배틀 그라운드,하지않을거란 세일은 결국 여름 세일에 무릎 꿇었다.,236,462,True,Recommended,84501,1529451382
배틀 그라운드,서버가 블루홀이 아니고 블랙홀임 시부럴,224,455,False,Not Recommended,19100,1506679155
배틀 그라운드,배틀그라운드를 조금 즐겨봤는데 생각보다 게임이 쉽습니다. 여러분들이 상상한 것보다 쉬울 겁니다. fps게임을 처음 해본 사람과 한참 즐기는 마니아층도 서로 어울리며 웃으며 게임할 수 있는 몇 안되는 청정한 갓겜이군요. 저는 몇 시간 플레이를 안 해봐서 잘 모르겠습니다. 조금만 더 해봐야 알 것 같습니다. 그럼 이만,211,624,True,Recommended,435639,1524569613
배틀 그라운드,초반 슈퍼파밍 끔살 초반 흙수저 인생 탑10,186,597,True,Recommended,53080,1503256616
배틀 그라운드,"너 이게 무슨 뜻이야? 너는 지난번에 천안문도 잊지 않고 민주주의도 반드시 되찾겠다고 말했잖아. 저번에 홍콩 시위를 응원한다고 말했던 건 뭐야? 위구르인들의 독립에 찬성한다니 환영이야. 시진핑 주석의 어머니는 바퀴벌레라고? 위구르족의 독립을 지지하다니 놀라운걸? 동지, 시 주석 암살 모의는 잘 진행되고 있소? 당신을 중국 공안에 신고하겠다.",179,730,True,Recommended,19454,1639659053
배틀 그라운드,흠흠 세일도 안하길래 걍 사서 해봤는데 무슨 시간 역행이랑 렉좀 줄이면 갓겜일듯 싶다 굳굳,160,748,True,Recommended,63898,1498350677
배틀 그라운드,죽은뒤에 아 이렇게하면 산건데,153,334,True,Recommended,62899,1513832766
배틀 그라운드,"얼리억세스 당시 혁명이였다. 배틀로얄 장르의 붐을 가져왔다. 너도나도 구매하며 플레이했다. 고사양의 필요사양은 진입장벽이 안되고 피시방의 기준이 되었다. 정식 발매. 핵은 만연했다. 핵을 잡는다고 했다. 스킨 랜덤박스를 냈다. 카카오배그를 출시한다고 했다. 거기엔 한국인만 있고, 핵도 없다했다. 카카오배그를 샀다. 카카오배그에도 핵이 나타났다. 핵을 잡는다고 했다. 스킨 랜덤박스를 더 출시했다. 왠 다른 게임 배틀로얄이 배그를 역전했다고 했다. 유저수는 계속 줄어서 나누었던 서버를 다시 통합했다. 스킨 랜덤박스를 더 출시했다. 핵이 너무 많아서 핵에 죽은 건지 스트리머를 봐도 이 사람이 핵을 써서 잘하는지 분간하기 힘들고 또 분간하는 자체도 하기싫었다. 그래서 접었다. 그래도 스킨 랜덤박스를 더 출시했다.",144,655,False,Not Recommended,58780,1542703541
배틀 그라운드,"h1 i 배틀로얄형 게임의 완성본 i h1 h1 장점 h1 b 프라이팬 b 점점 좁아지는 전장 스스로 조절하는 완급조절 뛰어난 총기 조작감 뛰어난 사운드 플레이 레이팅 시스템 활발한 피드백 및 업데이트 h1 단점 h1 아쉬운 총기 밸런스 여전한 서버 렉 부족한 최적화 핵 h1 플레이타임 h1 i 한판에 1분 40분 i h1 추천 구매가 h1 i 정가 i h1 주의점 h1 list 각종 실행, 게임중 문제는 url 해결할 수 있습니다. 최적화는 url 참조해주세요. 진동이 지원되는 게임패드를 연결해놓은 상태면 체력이 달 때마다 진동이 오므로 분리해주세요. list h1 이런 분들에게 추천합니다. h1 롤, 오버워치처럼 짧은 시간 깊게 즐길 수 있는 게임을 원하시는 분 h1 이런 분들에게 비추천합니다. h1 데이즈처럼 준비 시간이 긴 생존게임을 좋아하시는 분 h1 사담 h1 저는 생존 장르 게임을 극혐합니다. 파밍까지 오래 걸리고 살아남는데 급급하고 죽거나 클리어한 뒤에는 왜 이걸 또 해야하는가? 하고 현탐을 느끼는 게이머입니다. 다만 이 게임은 도대체 질리지가 않는군요. 생존류 게임을 이렇게 오래한 건 처음입니다. 이런식의 짧게 게임이 끝나는 배틀로얄식 게임은 현재 H1Z1와 배틀그라운드가 대표격인데 전 H1Z1는 구매하지 않아 비교 불가한 점 이해 부탁드립니다. i 에임에 자신없어도 눈치만 좋다면 1킬로 1등이 가능하다. i 이 게임은 40분안쪽으로 전장이 모두 줄어들 때까지 다른 유저를 죽여 1등을 하기 위한 게임으로 룰을 몰라도 무기를 먹고, 다른 사람과 싸우고, 안전지대로 향하는, 단순하면서도 직관적이라 남녀노소 쉽게 이해 가능합니다. 그 과정에서 적당히 파밍하고 안전한 집에서 버티다가 안전지대가 줄어들 때 천천히 이동한다던지, 파밍하기 쉬워 많은 유저가 찾는 도시나 밀리터리 베이스로 가 시작부터 피터지게 싸운다던지 게임플레이 내내 페이스 조절을 스스로 할 수 있습니다. 또한, 플레이 내내 감탄했던 부분은 총기마다 확실히 다른 손맛인데 격발음이나 부속물 착용으로 인한 소음, 흔들림 잡기등 부속물로도 손맛이 바뀌면서도 아르마처럼 크게 하드코어하지는 않는 부분에서 감명받았습니다. 게다가 격발음, 소음기로 인해 줄어든 격발음, 점사 변경, 장전등의 유저가 내는 모든 소리가 사방으로 들려 사플이 마치 레인보우식스 시즈를 하는듯한 느낌을 받을 정도로 의존도가 제법 있었습니다. 그로 인해 플레이 시간이 짧은 게임인데도 높은 현장감을 받았으며 더욱 더 몰입할 수 있게 되었던 것 같습니다. 그 외에도 한판끝나면 현탐이 와서 그만두기 마련인데 레이팅 시스템이 있어 계속 할 수 있는 좋은 매개체가 되며 레이팅으로 인해 100명의 유저들간의 격차도 그리 크지 않아 언제나 비슷한 유저와 플레이할 수 있습니다. i 컴 사양이 좋지 않으면 월핵이 켜진다. 0 i 딱히 게임성으로는 크게 아쉬운 점은 없으나 몇몇 총기가 타 총기에 비해 성능이 좋지 않아 선택조차 안되고 버려지는 것이 조금 아쉽습니다. 그 버려지는 총기들도 손 맛이 확실히 달라 억지로 드는 분들도 계실텐데 좀 더 밸런스 조절이 있었으면 합니다. 또한, 계속 거듭된 패치로 최적화와 네트워크부분을 많이 개선되고 있으나 아직까지도 얼엑딱지를 떼지는 못할 것 같습니다. 가끔씩 걸리는 네트워크 오류와 급렉부분은 여전히 개선이 필요합니다. 마지막으로 유저들이 많아서 그런지 핵이 좀 보이는데 매주 핵을 잡아내고 있으나 여전히 핵은 있고 100명짜리 게임판에서 핵 유저의 존재감은 압도적입니다. 좀 더 빠른 핵처리를 기대해봅니다. i 차나 배가 뒤집히는걸 이용해 이런식으로 스탑럴커 플레이도 가능 i 한동안 직장 집 배그 수면 직장 이렇게 제 생활패턴을 바꿔버린 게임으로 지금 이 리뷰 쓰는 순간조차 배그를 키고 싶을 정도로 푹 빠져버린 게임입니다. 일하고 피곤한 몸을 이끌고 할 정도로 푹 빠져버렸네요... 재미나 그런걸 다 떠나서 한국에서 만든 제대로 된 게임이 글로벌하게 잘 나가는 모습이 보기 좋습니다. 이를 계기로 각 게임사에서 도박게임이 아니라 게임성이 있는 게임을 출시했으면 좋겠어요. 앞서 해보기 기간동안 잘 다듬어서 더욱 더 롱런했으면 합니다. 완성된 배틀그라운드가 정말 기대됩니다. 추천합니다.",133,749,True,Recommended,34519,1498892112
배틀 그라운드,핵이 늘어간다 쭉쭉쭉쭉! 점점늘어 간다 쭉쭉쭉! 언제까지 핵 안잡고 방관할거야 내 전적을 봐 개판이잖아 핵이 늘어간다 쭉쭉쭉쭉! 점점늘어 간다 쭉쭉쭉! 언제까지 핵 안잡고 방관할거야 내 전적을 봐 개판이잖아 핵이 늘어간다 쭉쭉쭉쭉! 점점늘어 간다 쭉쭉쭉! 언제까지 핵 안잡고 방관할거야 내 전적을 봐 개판이잖아 핵이 늘어간다 쭉쭉쭉쭉! 점점늘어 간다 쭉쭉쭉! 언제까지 핵 안잡고 방관할거야 내 전적을 봐 개판이잖아 핵이 늘어간다 쭉쭉쭉쭉! 점점늘어 간다 쭉쭉쭉! 언제까지 핵 안잡고 방관할거야 내 전적을 봐 개판이잖아 핵이 늘어간다 쭉쭉쭉쭉! 점점늘어 간다 쭉쭉쭉! 언제까지 핵 안잡고 방관할거야 내 전적을 봐 개판이잖아 핵이 늘어간다 쭉쭉쭉쭉! 점점늘어 간다 쭉쭉쭉! 언제까지 핵 안잡고 방관할거야 내 전적을 봐 개판이잖아 핵이 늘어간다 쭉쭉쭉쭉! 점점늘어 간다 쭉쭉쭉! 언제까지 핵 안잡고 방관할거야 내 전적을 봐 개판이잖아 핵이 늘어간다 쭉쭉쭉쭉! 점점늘어 간다 쭉쭉쭉! 언제까지 핵 안잡고 방관할거야 내 전적을 봐 개판이잖아,127,154,True,Recommended,49480,1516348863
배틀 그라운드,"돈은 많은데, 어디에 써야하나. 라는 고민을 가지고 있는 당신을 위해 블루홀에서 직접 개발한 컴퓨터 성능 체크 프로그램을 이용해보세요. 32,000원과 별도의 금액으로, 전 세계의 컴퓨터들과 성능을 직접적으로 비교할 수 있습니다. 비교 뿐만이 아니라, 누구의 컴퓨터가 더욱 처리속도가 빠른지, 누구의 컴퓨터가 더욱 고성능인지, 직접 체험해 볼 수 있습니다. 지금 당장 구매하세요. 이 스폰서는 PLAYERUNKNOWN S HACKERSGROUND 와 함께합니다.",120,80,True,Recommended,28420,1520623288
배틀 그라운드,"이 게임을 저는 오늘부로 301시간정도 했네요. 아마 앞으로는 몇시간 더 안늘어날 것 같습니다. 이 평가를 쓰는 이유는 잠깐 사귀었지만 엄청나게 사랑했던 연인과 헤어지는 기분이 들어서 그렇습니다. 그녀에게 마음이 떠난것처럼 이게임에서 마음이 떠났습니다. 그만큼 공허함을 느끼기 때문에 굳이 스팀홈페이지 까지 들어와서 이 평가를 써봅니다. 자랑은아니지만 대충 게시판을 봐도 301시간 가까이 한 플레이어도 잘 없습니다. 전적사이트에 검색해도 플레이시간은 이제 항상 상위 1퍼센트 이내입니다. 저는 배틀그라운드를 구입한지 2달도채 되지 않았습니다. 예 맞습니다. 저는 말그대로 폐인같이 두달동안해왔습니다. 한번 시작하면 끝장보는 성격이라 제마음을 사로잡은 게임들도 다 그렇게 열심히해왔습니다. 이제는 서른즈음에 학생이 아닌 신분에, 그것도 내 생업과 병행해서, 자는시간 쪼개가면서 정말 열심히 게임했습니다. 저는 헤비유저임이 틀림없습니다. 카카오에서 배틀그라운드를 퍼블리싱한다?, 서버가통합된다? 그런 소식은 사실 별관심없습니다. 내 피부로 와닿는 것 전혀없습니다. 하지만 내 피부에 쓰라린 아픔을 주는 여러 핵이라는 날카로운 상처는 처음엔 한두번 나를 베었지만 이제는 만성적으로 나를 아프게해 통증에 질려버렸습니다. 얼마나 질려버렸나면. 킬 로그에 연속으로 2명3명이 기록하는 킬로그만 봐도 몸서리쳐집니다. 저만 이렇게 느끼는 것 입니까? 당신들은 무뎌져서 그냥 외마디 씨.발 이라는 욕설한마디에 그상황을 흘려보내시나요? 신고하신다고요? 피드백은 옵니까? 나도 처음에는 하.. 시발 짱깨.새끼들.. 이라고 한번 되뇌어보고는 그냥 흘려보냈습니다. 이제는 짱깨새끼뿐만아닙니다. 이미 핵쓰고다니는 같은 한국국적의 핵유저들도 많아지고있습니다. 당신들도 나처럼 꽤 많은 시간을 낭비 했다고 느끼기전에 한번 이 게임에 대해 생각해보는 시간을 갖기 바랍니다. 시간은 아주 소중합니다. 고작 30년정도 살았지만, 제가 이런 감정이 들어 게임과 헤어질때마다 결과는 항상 절망적이었습니다. 이 게임을 기획하고 만든사람은 아마 내가 평생 벌어도 못벌 돈을 몇달사이에 벌었겠지만. 나보다 훨씬 똑똑한 사람들이 이 게임을 만들었겠지만, 핵을 확실히 뿌리뽑는 기술적 경지에 이르지 못한다면 아마 결과는 좋지 않을것 입니다. 이 평가를 보는 게임 관계자 여러분은 꼭 명심하고 바른 길로 나아갔으면 좋겠습니다. 오늘 나와 게임하던 3명의 친구중에 핵유저때문에 2명이 나와함께 접속을 종료했습니다. 당신들은 Early Access라는 사실은 무책임한 간판아래에 숨어있는 것은 아닌지요?",107,610,False,Not Recommended,47017,1509438424
배틀 그라운드,Region. Lock. China.,103,907,False,Not Recommended,9006,1515868968
배틀 그라운드,이거 처음 나온 여름동안 300시간햇는데 이거하다가 여자친구랑 헤어질정도로 재밌었습니다.,91,49,True,Recommended,32877,1609704759
배틀 그라운드,배틀 로얄을 즐기고 싶습니까? 잘 누르셨습니다. 이제 당신은 모든 총기류와 약품을 들고 렉 과 싸우시면 됩니다.,91,257,False,Not Recommended,13072,1501768153
배틀 그라운드,심장에 안좋은 공포게임입니다,89,230,True,Recommended,100678,1505216956
배틀 그라운드,배그는 진자 항상 욕먹고싶어서 안달난거같이 운영을 하네 왜 굳이 핵도 못잡는 마당에 서버 통합까지 시키는지 이해가 1도 안됨 커스텀모드 왜 일반 유저는 못 함? 최적화 언제 함? 핵 언제 잡음? 버그 언제 고침? 서버 도대체 언제 늘림? 티밍 안 잡음? 애초에 신고하면 제재 하긴 함?,88,1194,False,Not Recommended,42008,1528246162
배틀 그라운드,h1 우리의 엄청난 갓게임 배틀 그라운드! h1 b 배틀그라운드를 하고 싶으시다구요? 지금 당장 지르세요! b 여러분들이 바라는 헤드 탕탕! 핵 없는 클린한 세상! 수류탄 폭킬! 고라니! 그리고 엄청나게 재미있는 랜덤 매치메이킹까지! 이 u 모든걸 u 담고있는 배틀 그라운드를 사시면! 저처럼 핵도 안쓰고 에임도 strike 졸라 strike 안좋은 사람에게 개발자 정지를 맥입니다!! strike 시발 strike u 시발 u spoiler 시이이이이이이이발 개새끼들 제재 풀어라 병신들아 spoiler,84,133,False,Not Recommended,9092,1529181494
배틀 그라운드,스팀으로 시작해서 카카오로 끝나다.,81,281,False,Not Recommended,85120,1512490932
배틀 그라운드,h1z1 버릇처럼 차 타다가 내렸더니 내차에 치여 죽었다. 갓겜,80,138,True,Recommended,15447,1492166879
배틀 그라운드,1003시간동안 핵 1003번밖에 안만나봤어요,77,91,True,Recommended,84443,1618319990
배틀 그라운드,나는 겜창이다,77,83,True,Recommended,152910,1513221887
배틀 그라운드,결국 카카오가 통수를 쳤습니다.,77,386,False,Not Recommended,817,1512187888
배틀 그라운드,중국인과 핵이 조화롭게 망쳐버린게임 중국인 핵 망겜으로가는 지름길,76,586,False,Not Recommended,53551,1517128603
배틀 그라운드,시 발 짱깨 새 끼들 우한 걸려서 다 나가 뒤졌으면 좋겠네요,75,163,False,Not Recommended,15515,1580105265
배틀 그라운드,사드 넘버원,74,110,True,Recommended,70490,1498226316
배틀 그라운드,짱깨만 없다면 완벽한 게임,62,343,True,Recommended,18990,1513768872
배틀 그라운드,대체 어디서 쏜거야 씨 ..,62,118,True,Recommended,6392,1499958594
배틀 그라운드,"핵투성이에 중국에게 점령당한 겜 이게임을 옹호한다면 당신의 대가리는 뇌수가 흐르고 있다. fucking chinese에 의해 내 아이디가 정지를 당했지만 이 설사가 된 게임을 평가할 수 있었으니 만족한다. 다필요없고, 한마디만 하겠다. 우한폐렴 근원지 중국 Die",59,239,False,Not Recommended,17870,1607190452
배틀 그라운드,free hongkong 짱개돌았나 어떻게 네이버 메일하는 스팀보안코드까지 보내서 뚫냐 Free Tibet 중국 욕이나 쳐먹어라,58,190,False,Not Recommended,9053,1578052016
배틀 그라운드,"그지같은 최적화에 감동받고, 핵쟁이에 또 감동받았다. 암이 암으로 치유되는 겜이다",58,203,False,Not Recommended,13052,1512469779
배틀 그라운드,중국서버 분리하고 중국인은 중국서버 밖으로 못나오게 해라,56,868,False,Not Recommended,11889,1515663343
배틀 그라운드,많이안해봐서잘모르겠음,53,18,True,Recommended,84117,1554621626
배틀 그라운드,쌀국수 뚝배기,53,76,True,Recommended,19345,1506092452
배틀 그라운드,"아주 오랜만에 들어와봤습니다. 여전히 투시 안경을 쓴 녀석들이라든지, 자동유도탄을 장착한 녀석들이라든지 아무튼 최신 장비로 무장한 녀석들이 득실거리네요 고작 총 하나로는 이런 최신 장비들을 상대하기가 너무 버겁습니다. 수고하세요.",51,74,False,Not Recommended,12505,1588061894
배틀 그라운드,중국서버 좀 따로 만들어줘...,50,809,True,Recommended,104966,1506336853
배틀 그라운드,이봉주 온라인,50,47,True,Recommended,42976,1499846995
배틀 그라운드,슬슬 삭제할타이밍인거 같아서 후기쓰고 접는다. 난 얼리때부터 애정갖고 하면서 일하면서도 틈틈히 시간 갈아넣으면서 한 유전데 이 병1신같은 회사는 운영을 자기네 집 개한테 맡겻는지 즈그들이 만든 게임에 대한 이해도가 전혀 없고 그저 돈쳐발라야 가능한 룩딸패치밖에 하지 않으며 가장 중요한 것은 핵에 대한 제제 자체를 빡세게 하지 않는다는 것이다. 기껏 해봐야 계정 영구정지. 사실상 게임에 대한 문제는 전무할정도로 내가 여태껏 해본 게임중 가장 재밋었다. 그러나 10판중 7판 이상은 핵이 무조건 있으며 나머지 3판 또한 있을수도 없을수도 있는 말도 안되는 안티치트 프로그램을 보여주고 핵쟁이들이 매 판마다 당신들을 존윅과 원티드 액션씬에 나오는 엑스트라로 만들어 줄 것이다. 핵은 잡는다 잡는다 하면서 명단을 공개하는데 좆도 아무런 의미가 없다. 영구정지를 박아도 새로 아이디를 파서 다시 핵을 사용하기 때문에 죽여도 지옥에서 다시 올라오는 악마들과 싸우는 콘스탄틴의 심정을 잠시나마 느껴볼수 있다. 아이피 밴을 하던가 하드밴을 해야하는데 그렇게 하면 핵쟁이들이 게임을 하기 불편해하고 그것은 이 병1신회사의 매출과 연관되기 때문에 전혀 하지 않을것이며 꿈도 꾸지 않는것이 정신건강에 좋다.,49,236,False,Not Recommended,142584,1569807769
배틀 그라운드,업뎃할수록 망해가는 신기하고 신기한 갓겜,49,127,True,Recommended,60017,1548822838
배틀 그라운드,갓겜 레식으로 오세요,49,306,False,Not Recommended,77382,1542491830
배틀 그라운드,이겼닭! 오늘 저녁은 치킨이닭!,48,108,True,Recommended,9372,1503233796
배틀 그라운드,이거하다가 f받았습니다,45,33,True,Recommended,130846,1526656810
배틀 그라운드,여태 Early Access라는걸 생각해서 긍정적으로 봤습니다 서버가 개적화인것도 괜찮아지겠지 했습니다 그리고 돌아오는건 for kakao 였습니다,45,290,False,Not Recommended,45925,1502703536
배틀 그라운드,3만3천원 내놔 씨발년아,44,171,False,Not Recommended,36028,1643799774
배틀 그라운드,자 여러분들 솔직하게 얘기할게요 내가 심장이 약하다 사지마세요. 내가 지금 게임을 살까 고민중이다 근데 내가 성질이 같아서 약간의 혈압이 오르면 샷건을 치게된다? 사지마세요 우리집 컴퓨터가 쓸만은 한데 배그 중옵이 안나온다? 사지마세요 내가 대한민국에 살고있는데 호구되기 싫다? 사지마세요 우리집 인터넷이 별로 안좋은다? 사지마세요 중국인이 아니다? 사지마세요 아니 솔직히 씨빨 중국인이고 서버 통합이고 뭐고 이건 씨빨 너무한거 아니냐고 아니 게임을 할려고 하면 걍 존나 좆같아요 그냥 게임 튕겨요 씨 발 튕기면 매치 재참여 있는데 누르면 씨발 별의 별 오류가 다 나와요 씨빨 아니 이거 사람이 즐기는 게임이 아니야 씨빨 그냥 이건 사람 혈압오르라고 만든 게임이야 씨빨 여러분 피씨방 요새 만원만 처넣어도 프리미엄피씨빵에서 5시간 넘게할수있어요 거기서 카배 5시간하고 걍 이게임 손절하세요 씨발 이 런 좆같은 게임은 거르는게 맞습니다 어캐 씨빨 게임이 업뎃할떄마다 돈만 밝히냐 씨발,44,151,False,Not Recommended,53695,1548989199
배틀 그라운드,"FIX PUBG 한다면서요? 그동안 벌은 수익은 새로운 건물로 이사하는데 다 사용했습니까? 픽스 펍지 뭐하러 하셨나요? 2012년 1월 초에 나온 LOL 이 6년이나 되었는데 그것도 KR 서버 인데도 불구하고 핑 차이가 없잖아요 . 예? 초반에 얼리엑세스네 뭐네 하면서 배틀로얄 이라는 타이틀로 또 다른 FPS 로 흥행하고 그걸로 끝 ? 장난 하십니까? 블루홀? 외국인 개발자 섭외해서 대화하고 화상통화 로 의견을 나누며 토론을 했다고 했잖아요. 쇼 맨 십 였나요? FIX PUBG 도 ? 서버가 안좋으니까 안좋다고 아무리 이야기를 해도 저희가 해결할 수단이없습니다, 조금만 기달려 주십시오. 같은 말만 되풀이 하면서 타 지역 , 시차가 아주 많이 차이 나고 30분 차이나고 하는 나라에서도 하는데 북미 , 오스트리아 , 유럽 서버 에서 플레이하면서 유저간의 핑차이가 심해서 그런거면 이해합니다. 근데 KR 서버 인데 1초 는 기본으로 차이가 나는게 당연하다고 생각합니까? 위에서 언급한 LOL 안해보셨어요? 서든은요? 아주 기본적인 대한민국에서 넷마블에서 처음 만들어져서 돈슨돈슨 거리는 넥슨으로 갔는데 넥슨에서 운영하는 서든 이라도 해보셨냐구요? AOS 뿐만 아니라 FPS 도 0.5초 차이도 심하게 느끼는데 블루홀 개발사 직원분이시던 고위직책분 이시던 네이버 공식 카페 운영하시는 분이시던 자사 게임이 나왔는데 한번이라도 안해본 사람이 있습니까? 10명중에 적어도 4.5명은 정도는 했다고 생각합니다. 그런데 핑차이가 심한데 엘리엑세스 끝나고 정식 발매를 했다고 홍보를 하면서 배틀로얄이라는 타이틀로 블루홀 주식까지 급등했으면서 그동안 벌여들인 수익 통장에 22만원 밖에 없습니까? 건물 이사하느라 이거 보고 저거보고 로비하느라 다썻어요? 서버 개선 할 생각은 안해요? 자기네 게임이 호평 받다가 혹평 받는걸 안봐요? 서버 개선이 힘들다 다른 회사에 서버를 빌려서 쓰고있다 등등 보고 들었습니다. 블루홀 회사의 PLAYERUNKNOWN S BATTLEGROUNDS 이 게임만 그렇게 서버를 운용합니까? 다른 회사들은 안하냐구요? 스킨 박스 , 스킨 장사 안하신다메요 뭐하자는겁니까? 할꺼면 한다고 하던지 안한다고 했다가 하는건 뭔 심보 입니까? 카카오게임즈와 손을 잡고 협력 ..? 설마 했지만 스킨장사 ....? 카카오게임즈가 그렇게 하라고 지시했습니까? 협력 관계면 협력을 해야지 갑 을 관계 상사와 부하 지간 인가요? 아무리 내가 먼저 들어가서 싸워도 먼저 쏴서 혈흔임팩트가 나와도 데미지에 반영이 안돼는게 말이나 되냐구요? 핑 차이가 뭔지 모른다면 개발사들 다시 물갈이 시키시죠? 테라 에 목숨 걸어서 그런가요? MMORPG 에서만 발 굴리고 손굴리고 피흘리고 몸이 부셔지는 개발사 직원가지고 FPS 게임을 만듭니까? 아르마 에서 시스템을 가지고 오던 다른 엔진으로 만들던 FPS 게임은 MMORPG 처럼 핑 차이가 조금 있어도 괜찮은 게임이 아닙니다. 비소리가 커요 , 비행기 소리가 커요 , 비오는 날씨때문에 안보여서 싫어요 , 안개맵 하기 싫어요 , 사막맵 싫어요 이런 소리에 반응하는것 자체가 MMORPG 에서는 사소한 컴플레인 이지 않나요? 5.56mm 탄약과 7.62mm 탄약 차이가 단순히 게임 에서는 장단점을 아시잖아요 쉽게 말해서 5탄이 7탄 보다 상대적으로 게임상에서는 5탄 7탄 탄의 속도 차이 인데 게임이니까 유저들의 징징대는 사소한 이의제기 만 보고 바꾸는게 애들 장난처럼 하시는데 자식들이 운다고 달래주기만 하면 됩니까? 매일? 우리나라에서 만든어진 게임이라 팔은 안으로 굽어진다는데 팔 자체를 들기가 싫네요 이딴게임을 424시간 동안 하면서 시간 버리는것보다 Warface 가 더욱더 가치가 있네요 배그 핑차이 워페이스 핑차이 어휴 시발 10 03 갑자기 덧글이 12개나 달리길래 뭔가 했습니다만... 컴 바꾸라구요? CPU i7 6700 RAM DDR4 8GB 4 32GB MB Gigabyte B150 DS3H VGA Gigabyte 1070 Xtreme 8GB Power Supply FSP FSP600 50HPN 85 SSD 바른전자 120GB HDD WD 1TB WD 2TB 케이스 BRAVOTEC 스텔스 EX270 파노라마 윈도우 블랙 피시방이요? 저도 우리나라에서 한국회사가 만든 겜이라 길래 아무리 애정을 가져보고 노력하고 화가 나도 어이없어도 우리나라에 있는 회사가 만든 게임이니까 라는 마인드로 해보았지만 절래절래 아직도 배그를 빨고 물고 늘어지고 붙잡고 썩어문들어져서 때가 생겨서 철수세미와 유Han락스로 박박 딱아도 지워지지않고 , 지박령처럼 배그 아님 못 살겠다 하시는 유저분들, 이 평가는 어느 한 게이머의 평가 글 입니다. 여기 몇몇 댓글들을 보고 머릿속에 휙 하고 지나가는게 무엇이냐면, 앞으리Ka 대XX TV 극성 팬 생각나요 . 네이버나 유튜브도 아니고 .",44,615,False,Not Recommended,31450,1538150957
배틀 그라운드,1080ti 달고 로우보다 울트라가 프레임 더 잘나오는 마법의 게임,44,91,True,Recommended,8559,1517484746
배틀 그라운드,정가로 산 제가 병1신 입니다정가로 산 제가 병1신 입니다정가로 산 제가 병1신 입니다정가로 산 제가 병1신 입니다정가로 산 제가 병1신 입니다정가로 산 제가 병1신 입니다정가로 산 제가 병1신 입니다정가로 산 제가 병1신 입니다정가로 산 제가 병1신 입니다정가로 산 제가 병1신 입니다,43,83,True,Recommended,983,1613297661
배틀 그라운드,아니장난 하냐 시발 상자를 뽑을때마다 열쇠필요한 상자만나오냐 시발 거지새끼야 그냥 자기가 골라서 뽑을수있게 처 만들어라 좀,43,359,False,Not Recommended,69022,1528004674
배틀 그라운드,"무료배포가 시작되면 핵쟁이의 세상이 시작될것이다,",41,511,True,Recommended,29595,1639116971
배틀 그라운드,괜찮다고 생각해요 근데 라이브러리에서 배틀그라운드가 사라졌어요,41,14,True,Recommended,20606,1570169117
배틀 그라운드,스킨 만들시간에 서버관리부터 좀 해주세요 스킨 만들시간에 서버관리부터 좀 해주세요 스킨 만들시간에 서버관리부터 좀 해주세요 스킨 만들시간에 서버관리부터 좀 해주세요 스킨 만들시간에 서버관리부터 좀 해주세요 스킨 만들시간에 서버관리부터 좀 해주세요 스킨 만들시간에 서버관리부터 좀 해주세요 스킨 만들시간에 서버관리부터 좀 해주세요 스킨 만들시간에 서버관리부터 좀 해주세요 스킨 만들시간에 서버관리부터 좀 해주세요 스킨 만들시간에 서버관리부터 좀 해주세요 스킨 만들시간에 서버관리부터 좀 해주세요 스킨 만들시간에 서버관리부터 좀 해주세요 스킨 만들시간에 서버관리부터 좀 해주세요 스킨 만들시간에 서버관리부터 좀 해주세요 스킨 만들시간에 서버관리부터 좀 해주세요 스킨 만들시간에 서버관리부터 좀 해주세요 스킨 만들시간에 서버관리부터 좀 해주세요 스킨 만들시간에 서버관리부터 좀 해주세요 스킨 만들시간에 서버관리부터 좀 해주세요 스킨 만들시간에 서버관리부터 좀 해주세요 스킨 만들시간에 서버관리부터 좀 해주세요 스킨 만들시간에 서버관리부터 좀 해주세요 스킨 만들시간에 서버관리부터 좀 해주세요 스킨 만들시간에 서버관리부터 좀 해주세요 스킨 만들시간에 서버관리부터 좀 해주세요 스킨 만들시간에 서버관리부터 좀 해주세요 스킨 만들시간에 서버관리부터 좀 해주세요 스킨 만들시간에 서버관리부터 좀 해주세요,41,294,True,Recommended,63763,1540818388
배틀 그라운드,내가 못해서 재미없음,40,34,False,Not Recommended,58402,1574263881
배틀 그라운드,시작은 한국게임이 아니었으나 끝은 한국게임으로 향해가고있다.,40,122,False,Not Recommended,1476,1510408132
배틀 그라운드,일상생활 불가능할거같은 친구랑하면 무슨일이있어도 못이깁니다.,40,73,True,Recommended,59888,1494603005
배틀 그라운드,꼭 그렇게 서버를 통합으로 해야했냐?,39,437,False,Not Recommended,12820,1508814343
배틀 그라운드,내생각엔 게임은 재밌음. 근데 내가못해서 재미없음. 하하하 하하하 하 하하하하하 하하하하핳핳하하하 하하 하하 하하하하하하하하 하..하...................,37,44,True,Recommended,57771,1583036693
배틀 그라운드,운영진이 병신이여서 깔끔하게 망한 게임의 표본,37,319,True,Recommended,21424,1543143524
배틀 그라운드,나는 베이징의 천안문을 사랑해,36,102,True,Recommended,5862,1646882319
배틀 그라운드,"중국은 고객님 한국은 호갱님 핵쟁이 고객님 클린유저 호갱님 핵쟁이는 못잡아 무고밴은 잘잡아 중국자본 달달해 한국자본 퉤퉤퉤 중국인말 잘들어 한국인말 개무시 하도 대깨배들이 핵무새네 뭐네 실력이 없네 이런 잡댓글 달길래 한마디만 남기겠습니다. 게임이 밥먹여주냐? 미쳤다고 밤새가며 눈깔 뻘겋게 되면서 실력늘려? 내가 왜? 실력없다고 핵 구분 못하는건 아니라는건 300시간도 안한 배린배린이들도 알텐데? 인간이 할 수 없는 서칭을 계속하고 정보 하나 없는곳에 뜬금없이 탄박고, 점프샷하면서 2명 동시에 눕히고, 엌 하는 찰나의 순간 스쿼드에서 듀쿼드가 되고, 프로게이머들도 600미터 초장거리 단발광클에 벌집이되고, 니들빼고 죄다 핵많다. 핵 좀 잡아라. 운영 N묻었다 하는데 왜 니덜은 아니라고 박박 우기는지 모르겠다. 그저 한무 존버로 플다따리 찍고 헤헤 나 잘하니깐. 기분좋아서 댓글에다가 실력늘리란식으로, 평가창에 실력늘리란식으로 글날리는데 니가 잘하면 그거 님 이력서에 한줄 들어감? 라고 할뻔 그리고 난 핵보단 롯같은 펍지 운영, 개발진들의 안일함과 멍청함때문에 접은거임, 한마디로 운영이 병X이라 접은거라고. 생각해보셈. 장태석 소통할게요. 어떤게 불만이세요? 유저 핵도 많고, 버그도 많고, 서버도 불안정합니다. 이게 최우선이에요. 장태석 ok 다음패치 비주얼 및 신규탈것 혹은 배그에 필요없는 패치 이게 2년째임. 보여주기식 패치와 하는척만 하는 소통 유저들이 원하는건 새로운 강력한 안티치트 개발로 불법프로그램 근절이 아니라 기존 신고시스템의 개선 및 버그수정 그리고 안티치트로 인한 불법프로그램 억제 임. 근데 유저들이 디렉터 바뀌고 2년넘게 말하고 있는데 펍지의 대응이 어떰? 해주겠다, 개발하겠다 잠잠해지면 또 아몰랑. 이런 쓰레기같은 운영방식과 유저농락이 드러버서 접은거임. 내가 배그를 아무리 못해도, 실력없단 음해 님들이 본거 아니잖아.",36,198,False,Not Recommended,93801,1568421363
배틀 그라운드,"몇년만에 한국에서 나오는 2017년 최고의 게임 본인은 배틀그라운드 베타부터 플레이를 한 유저이며 H1Z1 , DAYZ , RUST 를 플레이 해 보았고 그 중에서도 최고의 퀄리티를 뽑자면 배틀그라운드가 현 최고의 자리이지 않나 싶다. 이 게임은 러시아 배경의 섬에서 펼쳐지는 서로 죽고 죽이는 100명의 서바이벌 게임이며 게임을 들어가면 외딴섬에서 대기하다가 비행기를 타고 자기가 원하는 위치에 강하를 해 최후의 1인이 될때까지 서로 치고 박고 싸우는 배틀로얄 방식이다. 또한 가만히 오는놈만 잡는 캠퍼 들을 방지하기 위해 체력이 다는 자기장이 좁혀져 경기장을 좁게 만들며 소염기 , 소음기 , 광학장비 등 다양한 총기부품을 이용한 커스터마이징 , 과금이 필요없는 게임 시스템 , 빠른 패치 등 장점이 많고 DAYZ 처럼 파밍에 많은 시간이 필요한것도 아니면서 총기 밸런스가 잘 잡혀있어서 H1Z1 처럼 특정총기만 쓰지 않는다. 이제 단점을 살펴보자 단점으로는 최적화와 서버문제가 있다. 이 문제는 베타때부터 있었던 문제였는데 아이템을 먹으면 캐릭터가 먹을까 말까 고민하면서 3초후에 먹으며 서버 상태에 따라 승패에 영향을 줄 정도로 플레이어의 위치가 1 2초 전의 위치로 텔레포트 된다. 또한 물리엔진 또한 이상한지 차가 끼이면 춤을 추다가 하늘로 날아간다. 그래픽 문제를 살펴보자 이 게임은 식생옵션을 최하로 낮추면 수풀이 보이지 않아 그래픽을 좋게 할 이유가 없다. 또한 최적화가 원활하게 되지 않아 하이엔드 사양의 컴퓨터가 아닌 이상 낮은 퀄리티의 텍스쳐로 게임을 하여야 한다. 얼리엑세스 게임이기에 개선될 여지가 있으나 몇년간 얼리엑세스인 DAYZ 스탠드얼론을 보면 얼리엑세스가 면죄부가 되지는 않는다. 선택은 오직 구매자의 몫이며 내 생각은 3개월간 베타때부터 플레이를 하면서 느낀거지만 변하지 않는 의문사를 해결해주지 않고 피크타임만 되면 게임플레이가 불가능한 다른 생존게임들 보단 나은거 같다. 또한 많이 개선되어 지금은 프레임 또한 잘 나오고 서버 상태 또한 피크타임인데도 불구하고 게임 플레이가 유연했다. 만약 아직 구매하지 않은 사람들이 있다면 나는 충분히 추천해줄 의향이 있다.",36,433,True,Recommended,39648,1496588920
배틀 그라운드,홍콩 독립을 지지합니다 빨리 시진핑이 짱깨들 따로 격리 해줬으면 Free hong kong We want Xi jin ping to quickly isolate the fucking chinese user.,35,163,False,Not Recommended,22590,1587540180
배틀 그라운드,중국 프로 그램 들이 너무 판쳐요,35,88,True,Recommended,16498,1578027280
배틀 그라운드,와! 자동차가 날아다녀요! Cyberpunk 2077 beta,34,23,True,Recommended,2604,1568293594
배틀 그라운드,의문사 할 때가 많은데 갓겜.,34,100,True,Recommended,44130,1500115602
배틀 그라운드,저는 kkm2o 라는 계정으로 배틀그라운드를 즐기고있는사람입니다. 오랜만에 배틀그라운드를 하고있는데 개발자에 의해 영구적으로 정지가 되어있는데 비싼돈을 주고산 제 게임을 제가 어떠한사유로 배틀그라운드를 즐기지 못해야됩니까 정지 당장풀어주세요 불법프로그램 사용을 한적도 없고 풀어주지 않으실꺼면 환불당장해주세요,33,102,True,Recommended,16166,1601807650
배틀 그라운드,배린이는 공포겜,33,87,True,Recommended,11253,1589343670
배틀 그라운드,게임내 BP가 왜 18000 인가요??,33,38,True,Recommended,54580,1541345430
배틀 그라운드,강한 자가 살아남는 것이 아니라 살아남는 자가 강한 것이다.,33,247,True,Recommended,44627,1503667393
배틀 그라운드,"여러가지 힘든 고난과 역경이 있었지만 그럼에도 400 시간까지 i 5월 17일 기준 i 잘 즐겼으므로 일단 추천은 드립니다 AS!SHOLE이 이 글을 볼 가능성은 매우 희박하지만 일단 적어봅니다. h1 현재 배틀그라운드 h1 h1 1. 과거에는 유저와 소통하는 듯 하였으나 현재는 소통하는 모습이 보이지 않는다. h1 물론 여러가지 컨텐츠를 추가하는 것들은 회사 내부의 의견만이 아니라 유저들의 의견을 듣고 반영한 것이겠지만 대부분의 유저들이 원하는 것은 최적화와 버그수정 및 핵에 대한 대처이다. 즉, 다시말하면 자기들이 골라먹고 싶은 것만 쏙 빼먹는 편식주의자란 소리이다. strike 편식은 나쁘다고 어릴때 교육을 못 받은것 같다. strike h1 2. 과금 유도 u 돈에 미쳤다는 증거 1 u h1 얼리엑세스 때의 배틀그라운드는 과금요소가 하나도 없었다. 그러나 지금은 어떠한가, 처음에는 무료상자와 열쇠상자를 같이 내놓더니 지금은 열쇠상자만 주구장창 내놓고 있으며 오로지 과금을 해야만 구할 수 있는 낙하산 스킨을 추가하였다. 카카오랑 협력했다고 들었을 때부터 이렇게 될 거라는것을 알았어야 했다. strike 몇몇 유튜버들이 퍼블리싱 소식에도 일단 지금까지는 잘했으니 믿어보자고 했지만 카카오는 카카오였다. strike h1 3.서버 최적화 문제 h1 얼리엑세스 때부터 있던 고질적인 문제이다. 필자는 얼리엑세스때 cpu i3 gtx 650ti Ram 8G의 환경에서 게임을 즐겼는데 그때에도 지금보다는 훨씬 쾌적했다. i 참고 현재 필자의 컴퓨터 사양 gtx1060 Ram 16G i7 7700HQ 노트북이긴 해도 과거의 데스크탑 사양보다는 훨씬 높은 스펙이라 생각한다. i 그러나 지금까지의 느낌으로는 정식 출시하기 전까지의 최적화는 잘 되어가는듯 하였으나 정식출시가 되자마자 극심한 역행현상과 같은 문제가 발생하였고 서버도 자주 터졌다. 공식카페 패치노트 11번째 내용이 업데이트 될 쯔음에는 오랜만에 다시 나타난 지연양이 반가울 정도 였는데바로 다음패치 때부터는 지연양이 출장가버리고 서버랙만 오지게 결렸다. 사람마다 다를 수 있겠지만 필자는 아무말도 없이 렉만 걸리는 것보다는 지연이 뜨는게 훨씬 나았다. 그리고 현재 5 월 17 일 차 업데이트 게임을 30초하면 게임이 멈추는데이건 그냥 하지 말란 소리같다. b 상식적으로 생각해서 시간이 지나면 서버가 환경이 쾌적해져야하는데 왜 더 안좋아지기만 하는지 이해가 되지 않는다. b i 아마 돈을 벌어들일 궁리를 하느라 최적화를 할 시간이 없다고 생각한다. i h1 4.핵에 대한 대처 u 돈에 미쳤다는 증거 2 u h1 AS!SHOLE이 최근 안티치트를 적용했다고는 하지만 아직도 핵은여전히 돌아다니고 있다. 물론 안티치트를 적용하기 전보다 줄기는 했지만 시간이 지나니 금방 다시 늘어나더라... 배틀그라운드가 컴맹이 봐도 쉽게 클라이언트를 수정할수 있다는 말을 들었는데 클라이언트를 본질적으로 수정하려고 하지 않는다면 최적화 및 핵에대한 대책을 구하는 것은 힘들것이라 본다. b 애초에 최적화도 꼼수로 하고있다는 말이 내부에서 나온것으로 알고있다. b KR JP를 제외한 다른서버들은 중국인들이 들어갈 수 있기 때문에 여전히 REGION LOCK CHINA 를 외치고 있다. 즉, u 핵을 사용하는 일부 99.99 중국인 u 을 한국서버랑 일본서버만에만 못들어오게하여 b 한국인들의 눈에 핵이 많이 줄어든것처럼 보이는 꼼수를 쓰고 있다는 것이다. b 아마 필자가 추측하건데 PUBG가 핵을 본질적으로 막지 않는 이유는 u 핵으로 정지를 당한 유저들은 어짜피 다시 구매해서 플레이하기 때문에 AS!SHOLE에게 어마어마한 이윤을 가져다 주기 때문 u 이라고 생각한다. 뭔가 더 적을 내용이 있었던것 같은데 생각이 나지 않아 일단 여기서 마무리 하려고 한다. 그러나 배틀그라운드, h1 지금 이런 방식으로 돈이 잘 들어와 유저들을 계속해서 호갱으로 여기고 돈에만 눈이 돌아가있다면, PUBG가 핵 폐기물 마냥 철저하게 버려지는날이 얼마안가 오게 될 것을 알아야 할 것이다. h1 이렇게 긴 글을 읽어준 모두에게 감사를 표한다. i 나중에 내용 추가 가능. i 추가 strike 모바일 배그 출시할 시간에 PC버전이나 똑바로 해놓고 모바일을 출시하던지 말던지 했으면 좋겠다. strike 추가2 위에서 언급했듯이 400시간동안 즐겼기 때문에 추천을 준것이지 현재의 배틀그라운드는 무조건 비추천이다. 추가3 도데체 하루에 기본 3 4번씩 짤짤이 업데이트는 왜하는 것인지 모르겠다.",32,280,True,Recommended,40035,1526569404
배틀 그라운드,si jin ping ping 핑핑아 니네나라 애들 핵좀 그만쓰게 해라,31,64,True,Recommended,12884,1650103948
배틀 그라운드,300시간중 250시간은 죽어서 친구들 구경하던시간임,31,46,True,Recommended,19466,1546573666
배틀 그라운드,핵쟁이들 길가다 사고나서 고자돼라,30,42,True,Recommended,67274,1592745151
배틀 그라운드,"해킹당해서 중국인 해커놈이 치트 프로그램을 썼습니다. 계정 복구하는 사이에 일어난 일인데... 복구 후, 블루홀 측에 증거물 여행 도중에 일어난 일이라 항공이용권, ip 비교분석 요청 을 제시해드렸지만. VAC 밴을 풀어줄 의사가 전혀 없답니다. 이럴꺼면 고객상담 시스템이 왜 있는 지 모르겠습니다. 어떻게 보면 가장 이 시스템에 있어 가장 중요한 사항인데, 사내 조항에 따라 유저의 고충을 나몰라라 하는 게 개발팀이 하는 꼬라지와 뭔 차이가 있나 싶습니다. 아무리 봐도 해커들이 계정 털어먹고 피해자는 게임 새로 사는 것을 의도적으로 방치하며 유도하는 거 같아서, 이 게임을 비추천합니다.",30,553,False,Not Recommended,33605,1529554480
배틀 그라운드,자신이 변태일수록 승률이 높은 게임,29,63,True,Recommended,68371,1520824920
배틀 그라운드,재밌는지 잘 모르겠닭!,28,39,True,Recommended,1340,1516034971
배틀 그라운드,섹스,27,22,True,Recommended,72350,1584084820
배틀 그라운드,일반인도 커스텀모드열어줬으면 좋겠어요.,27,664,True,Recommended,24115,1529567834
배틀 그라운드,야이 씨발 진짜 좆같아버리네 지금 솔큐 28판? 정도 했는데 과언이아니다 msg첨가 안하고 20판이 핵이였다 씨바 내가 지나 다니는 길에 멈춰 있는 차가 2 3개 보이면 그 주변에 핵이 진을 치고 있다 라고 생각하게 되어 버렸다. 씨바 젤 어이 없는게 2토바이 타고 3뚝 3 쪼끼 입고 최대 속력으로 달리고 있는데 총알 대가리 3대 맞고 가버렸다라는거에 충격을 먹었다..,27,118,False,Not Recommended,37831,1509546639
배틀 그라운드,네트워크 지연감지 2017 10 08 수정 핵쟁이 소굴 비추천 !,27,143,False,Not Recommended,28599,1504788444
배틀 그라운드,"이런 종류의 여느 게임이랑 똑같이, 혼자하면 개상노잼 같이하면 잼쓸듯 찐따라 같이할 사람이 없어",27,67,True,Recommended,35040,1492272098
배틀 그라운드,클래식이 뭔지 모르는 병신새끼들,26,246,False,Not Recommended,36176,1715679425
배틀 그라운드,이 개 씨팔 블루홀 개새끼들아 왜 자꾸 병신같은 패치들만 추가하냐? 갈수록 사운드는 좃만해지고 반동패치는 왜 건드려서 뉴비 유입 힘들게 만들고 엠포만 파츠 젤 많이 달리게 만들어서 총밸을 3년동안 못 쳐잡다가 이젠 베릴 강점기를 만드냐 배필 좀 본 받아라 카페에 글 올라오는 거 좆도 신경 안 쓰고 배그 하나만 팔아먹어서 회사 키웠으면 무슨 수를 써서라도 게임 살려놔야지 니들이 아직도 동접 몇백만 나오는 게임 같냐? 17년도 배그가 진짜 제일 선녀였다 지금 니들이 핵 못 잡는게 문제가 아니야 17년도는 핵에 죽어도 재밌으니까 다음 판에 안 만나면 되지 마인드로 편하게 돌렸었는데 지금은 걍 핵에 뒤지면 아이 씨팔 좆같네 하고 다른 겜 하러 가는게 태반이야 좆같게 굴지말고 17배그 그때 그시절 그대로 모드를 하나 내던가,26,122,False,Not Recommended,112690,1599055685
배틀 그라운드,초창기에나 신선하고 피드백도 잘 들어주는 개념회사 개념게임으로 보였겠지 지금와서는 흔해빠진 좆같은 회사에서 만든 좆같은 게임이 운좋아서 대박난 케이스 장난으로 엘린엄마가 팬티팔아 키운자식 이랬는데 테라M이랑 배그 랜덤박스 보니까 그애미에 그새끼임,26,105,False,Not Recommended,3241,1551527964
배틀 그라운드,"h1 b Player VS Player VS Server b h1 100명과 전쟁이라는 신박한 시스템 총의 묵직함 긴장감 하나는 재대로 표현 프라이팬 망할 서버 최적화 게임은 정말 재미있습니다 게임을 사기전 고민했던 제가 바보같을정도로 재미있었네요 차로 치고 박고 물에 들어가서 총 피하고 같은맵이더라도 정말 다양하게 할수 있습니다 매 판마다 긴장감과 성취감 하나는 엄청나구요 총기의 다양함과 총에 특성에 따른 리스크들 그리고 보완해주는 무기 파츠시스템 그리고 렌덤파밍 시스템은 이 게임을 더 돋보이게 합니다 32,000원의 가치는 충분히 하고 남을 정도 입니다 다만 최적화가 너무 심각합니다 렘 8기가는 이제 부족한지 렘 리프레시 증상도 장난아니고 CPU와 GPU자원은 오지게 쓰긴 한데 랙이 왤케 심한지 이유는 모르겠네요 로딩은 정말 덜되기만하면 문도 안열리니.. 다음으로는 서버입니다 텔레포트는 기본이며 콜옵에서만 보이던 킬랙도 보이고 평일 주말 상관없이 렌덤한시간에 서버가 터져서 접속조차 안되고 첫 100명 동시 커넥이니 그럴수 있다고는 계속 생각하지만 다만 정말 초반에 너무 심할정도로 일어나서 가끔 울화통이 납니다 그리고는 생각합니다 이 게임이 정말 이번년 안에 얼리엑세스 딱찌를 땔수 있을까? 정식출시에도 이리 서버가 안좋으면... 상상만해도 싫군요.. 총평은 8 10입니다 서버문제가 있긴하지만 게임은 정말 재미있으니 한번 해보시길 바랍니다",26,106,True,Recommended,5641,1500831531
배틀 그라운드,욕 하는 중생과 초등생을 보면서 나는 저러지 말아야지 하고 나를 되돌아 볼 수 있는 게임. 어린 친구들에게도 배울 것은 있다.,25,41,True,Recommended,129935,1565099750
배틀 그라운드,분위기 개좋을때 멈춰버리는 갓겜,25,82,True,Recommended,97072,1546840578
배틀 그라운드,코리아 넘버원,25,91,True,Recommended,34448,1509597531
배틀 그라운드,짱깨한테 해킹당함 내 계정 돌려줘요,24,74,False,Not Recommended,62040,1619348377
배틀 그라운드,"시발 개새끼들아 게임을 만들었으면 핵을쳐잡던가 돈주고 산게임에서 내가 왜 스트레스를 받아야하는건데 일좀 쳐해라 좆같은새끼들아 게임 재밌어 좋아 근데 쳐 망해가면서도 핵안잡는 이유가 뭐냐 골빈거냐 븅신인거냐, 둘다지 시발 뭘 고민해 븅딱들아, 이리저리 조까는소리그만하고 핵잡아라 아님 환불해주던가 씨밸럼들아",24,74,True,Recommended,137156,1603724536
배틀 그라운드,공포게임,24,49,True,Recommended,34620,1556790925
배틀 그라운드,게임은 재밌는데 중국인이 왜 싫어지는지 알게 될거임,24,215,True,Recommended,174608,1514563396
배틀 그라운드,돈주고 샀는데 2개월만에 무료화됨,23,51,False,Not Recommended,3059,1668877128
배틀 그라운드,"이제 1월 중에 이 겜이 무료가 되어버린다고 친구가 알려줘서 홈페이지를 보니 그게 맞았음 배그가 무료가 된다는건 32000원이나 내고 산 사람과 0원으로 하는 사람과 분명히 차이가 있어야한다 그런데 또 왜 무료로 깐사람은 사용자 지정 게임이랑 경쟁전이 안돼? 라고 하는거는 문제가 있다고 생각하고 난 배그를 무료로 하는 것은 좋지만 이런 의문이 든다 1,무료로 하는 순간 핵쟁이들이 더 몰려오지 않을까? 2.과연 배그가 유료여서 사람들이 줄어든 것일까? 난 이렇게 생각한다 그리고 제발 중국 애들좀 막아라 음성 키면 차오니마 sb 대충 심한욕 이러고 있는데 제발좀.... 막아줘라 1년뒤 후기 800시간 찍기전에 도전과제 다 깬 게임에 진심인 사람으로써 한마디 하자면 일단 핵쟁이가 너무 많다 거의 5판당 2 3번 수준 다 괜찮다고 해도 진짜 중국사람들이 너무 많다 중국인들은 90 이상은 다 핵이고 나머지 10 도 정상적인 인간들이 하나도 없음 그런데 중국인들이 게임을 지배하고 있으니 핵쟁이가 판을침 더더욱 심한건 경쟁에서 어떻게든 점수 올릴려고 어뷰징 쓰는놈들 이 놈들도 진짜 심각함 핵쟁이랑 어뷰징,중국인만 고치면 다시 살아날 갓겜 ? 인데 진짜 욕하고 보니 중국이다 라는 말이 맞는것같음 그래도 운영자들이 이런 리뷰 읽어주고 핵쟁이들 열심히 잡아주는 것보면 중국때문에 망한 갓겜이라고 생각이 듦",23,443,True,Recommended,62117,1641539990
배틀 그라운드,중국인한테 해킹당하고 그 중국인이 핵써서 정지먹었길래 중국에서 로그인했다고 뜬 메일이랑 ip까지 캡쳐해서 보냈더니 해킹당한거 내 잘못이니까 스팀 가드 설정하고 정지먹은건 풀어줄 수 없다네... 아니 내 잘못 맞는데 근데 내가 핵쓴건 아니잖아 내가 증거 자료도 없이 떼 쓴것도 아니고 자료까지 보냈는데 대처가 참으로 아쉽다. 할 수 있는게 여기서 이런 하소연 밖에 없다는 것도 아쉽고,23,212,False,Not Recommended,1128,1597293420
배틀 그라운드,혜성처럼 등장해 별처럼 져가는 게임,23,50,True,Recommended,68820,1583575840
배틀 그라운드,"게임을 Steam 으로 안한지 5개월이 넘어서 오랜만에 다시할려니까 게임 개발자가 영구정지시켰다고 게임을 아예 못하게해놨네요 32,000원 내고 이뭔 게임 제대로 해보지도못했는데 영구정지 당합니까? 장난하나요?? 이거 정지풀어주던가 돈돌려주던가 하세요 가만안있습니다. It s been five months since I didn t play the game Steam, and I decided to play it again, and the game developer stopped me from playing the game 32,000 won, what this game very well be permanent shutdown but couldn t even try? Are you kidding? Stop this or release Make money back or Not stand it.",23,65,True,Recommended,46174,1574139222
배틀 그라운드,h1 b Good Chinese Is Dead Chinese,23,152,False,Not Recommended,1967,1553769816
배틀 그라운드,짱깨랑 매칭좀안대게해줘 시발,23,101,False,Not Recommended,133513,1550974788
배틀 그라운드,"얼리엑세스때가 제일 재밌었다. 패치를 하면 할수록 대처를 보면 볼수록 답이없다. 핵 좀 막아라 신고하면 정지 좀 시켜라 서버 좀 안정시켜라 맨날 터진뒤에 카페에 맨날 같은 공지만 올리지말고 무기 밸런스 좀 맞춰라 100에 99는 SCAR L이랑 M16A4중에 SCAR L를 고를거다 Win94는 쓰라고 만든거냐? 패치 좀 똑바로해라 저지력 좀 높혀주고 홀로그램은 왜 키운거냐? 에란겔,미라마는 왜 또 못고르게 패치했냐 버그는 옛날부터 말할 필요가 없다. 이게 정식출시한 게임이냐 자잘한거부터 큰것까지 산더미다. 나도 32000원 주고 샀는데 커스텀방은 왜 못쓰는거냐 이쯤되면 풀어줘라 잠긴상자만 더럽게 많아서 상자는 사고 까질못한다 10개 모와서 일반상자 1개라도 좀 바꾸게 해줘라 쓸모가없다. 프리미엄 레벨은 또 뭐냐? 게임은 이모양인데 돈은 고픈가보다. 그래도 사녹은 재밌드라 정말 할게임 없네",23,330,False,Not Recommended,96416,1530908478
배틀 그라운드,최적화 안되고 아무나 영구정지 시키고 게임 홍보 하려고 서버 다운시키는 쓰레기 게임 듣보잡 세끼가 병신같이 만들었다가 운으로 뜬 게임 게임 삭제 추천,23,230,False,Not Recommended,66917,1528575309
배틀 그라운드,시발 아무리 쳐먹고 살아야한다지만 상자깡에서 강제 열쇠 상자가 뜨는건 좀 아니지 않냐? 차라리 열쇠깡은 따로 BP로만 팔던지진짜 다른건 모르겠는데 이게 너무 좆같다,23,724,False,Not Recommended,18750,1526547754
배틀 그라운드,씹인싸겜 그래서 안함,22,13,True,Recommended,208,1537943078
배틀 그라운드,와! 배그가 무료가 됐다고?! 와! 보상이 이거밖에 안준다고?! 와! 서버가 터진다고?! 와! 핵쟁이가 넘친다고?!,21,125,False,Not Recommended,1598,1641976281
배틀 그라운드,핵이나 좀 쳐 잡아라 시발롬들아,21,81,False,Not Recommended,237057,1594614102
배틀 그라운드,"시발 개 망겜임, 보완 존나 취약해서 플레이어 아이디 해킹 존나 되고 해킹당한 아이디로 핵쟁이들이 플레이해서 영정먹음, 근데 이게 해킹피해사실인지 내가 버그를 쓴건지 조차도 구별 못해주는 시스템 개 똥망인 게임임 게임안에는 핵쟁이들 해커들 넘처나고 플레이어들의 개인정보 보호는 1도 안됨",20,110,False,Not Recommended,30296,1624758780
배틀 그라운드,적들이쏘면 안보이고 내가쏘면 적들이 나를죽이는 게임,20,47,True,Recommended,7264,1615365477
배틀 그라운드,중국인들이 아이디를 해킹하여 무고한 플레이어들이 영구정지를 당하는건 어떻게 해야하나요,20,159,False,Not Recommended,32864,1581178313
배틀 그라운드,총스스톤,20,26,True,Recommended,8306,1561861857
배틀 그라운드,한국 PC방 발전에 4000 기여한 기이한 게임. pc방이며 가정집이며 컴퓨터 바꾸는 소리가 들린다 역사에 남을 게임임은 분명하다.,20,92,True,Recommended,294583,1550922070
배틀 그라운드,이게임 1400시간했습니다. 그냥 하지마세요,20,202,False,Not Recommended,132926,1537867892
배틀 그라운드,게임은 좋은데 중국인이 KR JP 서버에와서 간혹 설치고 핵을쓰는게 너무 싫습니다 . 중국인이 KR JP서버로 못오게해주세요,20,337,True,Recommended,56109,1517931126
배틀 그라운드,미워도 다시 한번,19,51,True,Recommended,215341,1624653497
배틀 그라운드,중국인을 위한 게임,19,143,False,Not Recommended,739885,1617384284
배틀 그라운드,게임을 사고 30분 플레이후 개인사정으로 몇달간 쉬고오니 짱깨가 신나게 핵을 써서 계정이 차단되엇다 그런데 안풀어주더라 이딴 븅1신겜 절대 사지마라,19,96,False,Not Recommended,1188,1616822513
배틀 그라운드,중국물마시고 중국똥구멍이나 빠는게임,19,97,False,Not Recommended,34419,1612880093
배틀 그라운드,개씨발 핵좀 잡아라 좆같아서 게임을 할수가없네 경쟁 한판당 핵이 1스퀏씩 있는게 말이되는 게임임? 이래서 게임 순위가 낮아지는거임 운영을 개줫같이 못하니까 자꾸 패스로 돈벌어처먹을 생각하지말고 제발 핵부터 잡아줘 진짜 겜 할수가없어,19,103,False,Not Recommended,36454,1608107047
배틀 그라운드,I hate china,19,168,False,Not Recommended,45452,1547660240
배틀 그라운드,이시발 펍지 시발년들이 최적화는 개뿔 신맵나올때 마다 렉이 시발 존나 걸려 게임을 하라는건지 맨탈을 키우라는건지 모르겠나 이 존만한것들이 시발 걍 망해라 시발 매칭도 좇같은데,19,91,False,Not Recommended,11057,1546063807
배틀 그라운드,가장 딥빡치는게 뭐 zlfk 님의 신고로 1일 정지인데 내가 핵을썻으면 30킬이상 하고 다녔지 0킬에 평균딜량 80 왔다갔다하는사람을 정지시키네,19,71,False,Not Recommended,33591,1535161009
배틀 그라운드,개좆망겜,19,101,True,Recommended,22212,1523286097
배틀 그라운드,"학창시절, 나는 공부에 관심이 없었다. 주변엔 PC방, 노래방, 당구장 등 재밌는 유흥거리가 많았다. 공부를 하려는 의지는 더더욱 없었고, 그러한 나의 성적은 말이 아니었다. 키가 커갈수록 내 등수도 함께 커져갔고 그러든 말든 나는 신경 쓰지 않았다. 애초에 관심사가 아니었으며 공부가 아닌 다른 무엇을 학우들과 경쟁할 때에도 나는 결과를 중요치 않았다. 승부욕이 없었던 걸까? 졸업을 한 후 나는 정말 무료한 삶을 보냈다. 어떠한 유흥 거리든 하도 해서 질려버렸던 것이다. 그러던 도중 배그가 출시했고 한치의 망설임 없이 구매를 하고 플레이하였다. 내가 어렸을 적 했던 어떠한 유흥거리 보다 이 녀석은 내 심장을 뛰게 했다. 상대방을 만났을 땐 학교 화장실에 몰래 담배를 피우던 도중 학주 선생님이 나오라고 문을 두드릴 때보다, 그 어느 때보다 희열과 스릴을 동시에 느꼈다. 나는 정말 오랜만에 살아있음을 느꼈고 상대방을 굴복 시킬 때 내 존재에 대해 우월감을 느꼈다. 학창시절엔 좆도 안중에 없던 등수에 목을 매었다. 석차에는 1도 신경 안 쓰던 내가 1등을 하기 위해 노력하는 모습을 보고 나는 생각했다. 아 갓겜이로구나",19,23,True,Recommended,21413,1500324178
배틀 그라운드,따이완 남바완,19,49,True,Recommended,7895,1496824044
배틀 그라운드,돈주고 산 사람들은 뭐가 되냐,18,123,False,Not Recommended,36228,1639328916
배틀 그라운드,재밌 었 던 게임,18,95,False,Not Recommended,69303,1603351913
배틀 그라운드,최근 설치한적도 플레이한적도 없는데 뭔 남들한테 피해를 줬다더니 이러고있네 보안이 진짜 거지발싸개수준인가,18,90,False,Not Recommended,4924,1589296483
배틀 그라운드,짱깨 군사 시뮬레이터,18,48,False,Not Recommended,11905,1570430459
배틀 그라운드,taiwan no.1,18,34,True,Recommended,46487,1557029432
배틀 그라운드,풀숲에 숨어있던 치코리타에게 심장 멎게 되는 게임.,18,40,True,Recommended,275241,1549002787
배틀 그라운드,good,18,0,True,Recommended,91539,1523828382
배틀 그라운드,핵만잡자,18,427,False,Not Recommended,11250,1508813155
배틀 그라운드,개발자가 저능인게 분명함. 5년만에 왔는데도 핵 전나게 많은게 개발자가 돈만 먹으려는게 너무 티남 혹은 국적이 중국이라던가 반박시 느그조상 춘장어마스터,17,34,False,Not Recommended,20417,1666841048
배틀 그라운드,재밌어요,17,36,True,Recommended,87459,1590217035
배틀 그라운드,게임이 끝나면 로비로 나가기 누르고 로비에서 또 매치 돌려야하는 시스템 너무 불편하다. 차라리 매치가 끝나면 한 판 더? 라는 버튼 만들어서 그대로 게임 다시 시작하는 그런 시스템이 좋을 것 같다.,17,347,True,Recommended,4377,1548503936
배틀 그라운드,Region. Lock. China. 그러나. 개꿀잼,17,102,True,Recommended,68430,1533025791
배틀 그라운드,제작자님들 모든유저들에게 커스텀 모드 방을 만들 권한을 주시면 좋겠습니다. 구독자 5만명은 너무나도 어렵습니다. 그리고 친구들끼리 재미있게 게임을 즐기고 싶을때 잘 할수가 없습니다. 제발 모든 유저에게 커스텀모드 제작 권한을 주십시요.,17,309,True,Recommended,80353,1527776606
배틀 그라운드,다 좋은데 이것만 해주면 소원이 없겠다 블루홀아,17,130,True,Recommended,10805,1518254433
배틀 그라운드,한국 게임계에 던진 커다란 펀치.,17,76,True,Recommended,7329,1511412559
배틀 그라운드,해커만 없으면 클린한게임,17,74,True,Recommended,52119,1511405657
배틀 그라운드,"가능성만 보여준것에 그쳐버렸다,,",17,301,True,Recommended,18090,1507434157
배틀 그라운드,공방은 물론 공식대회에서 핵을 대놓고 써도 아무것도 못하고 공론화 묻기에만 급급한 머저리 같은 게임. 펍쥐는 이일로 인해 브랜던 그린이 없었으면 게임이 나오지도 못했을 거라고 스스로 인정한 거나 다름없음.,16,184,False,Not Recommended,23200,1612810954
배틀 그라운드,착한 짱깨는 죽은 짱깨라는 것이 무엇인지 직접 몸으로 느끼게 해주는 유익한 게임,16,55,True,Recommended,126096,1579680343
배틀 그라운드,스팀가드하세요 여러분 중국이 여러분계정 노립니다 해킹당했는데 선물로 모르는 애한테 내돈 날라갔는데 중국인임 환불해달라했더니 선물 받은애가 2시간넘게 플레이해서 환불 못해준다고 기계적인 답변 똑같이 2번옴 게임 안에는 해커 판치고 게임 밖에는 개발사가 날로먹음 이럴꺼면 그 경우에는 일반적으로 환불이 불가능합니다 에 일반적으로 는 왜 갔다 붙혀논거냐 적힌게 글이라고 막적어놓네,16,114,False,Not Recommended,10816,1577871054
배틀 그라운드,I will find a game more interesting than this even if I can find it in the trash can. The company is making the best waste it can t even handle over and over again 패치와 패치를 거듭할수록 병신같아지는 게임 1000시간을 해왔지만 이젠더이상 정내미가 떨어져서 하기싫은게임 대회개최로 김칫국 처 마시면서 급급히 정식출시시키고 부랴부랴 밸런스패치니 뭐니 건들수록 버그가 넘쳐나며 피드백은 듣지도 않는 더러운게임,16,177,False,Not Recommended,83582,1526649856
배틀 그라운드,시123발,16,23,True,Recommended,7987,1503234545
배틀 그라운드,b 최적화 b 만 해주세요,16,139,True,Recommended,23779,1494337116
배틀 그라운드,안퇸플이 저격 소총을 먹기만 하면 1등은 확정이라고 팀이 말해줄 정도로 안퇸플 그는 저격 소총을 집는 순간 인간을 초월해 외계인 으로 ...,16,50,True,Recommended,49212,1490680478
배틀 그라운드,업데이트 뇌절 포트나이트 하셈,15,61,True,Recommended,65713,1644401844
배틀 그라운드,버리기엔 너무컸고 사랑받기엔 너무 추해진 게임,15,145,True,Recommended,62214,1564768928
배틀 그라운드,Hacker Made in China,15,120,False,Not Recommended,926,1561720567
배틀 그라운드,패치 이후로 허벌나게 튕기네,15,98,True,Recommended,114033,1525349861
배틀 그라운드,서버문제를 해결하지못한다면 미래는없습니다,15,225,False,Not Recommended,29118,1506697152
배틀 그라운드,게임 나오자마자 4시간정도 하고 몇년동안 잊고지냈다가 다시들어가보니까 짱개새끼가 해킹해서 핵사용했다고 정지먹음 정지를 풀려고하는데 캐릭터이름을 알아야한대 씨발 짱개가 짱개캐릭터만든 아이디를 내가 어떻게알아 개 씨발것들아 뭐 본인인증을하던 어떻게하던 다른방법도있을거아니여 핵쓸떄 어느지역에서 게임하는지 로그도 안남냐 짱깨새끼들 다 죽여버리고싶네,14,64,False,Not Recommended,657,1676086170
배틀 그라운드,hack jjom mak a ba,14,50,False,Not Recommended,151704,1595668972
배틀 그라운드,이게임은 글렀어요,14,53,False,Not Recommended,154584,1590286481
배틀 그라운드,신고 조금만 들어가도 제대로 된 확인없이 정지 시켜버리는게 아주 짜증납니다. 고의적인 신고로도 24시간 정지 당하는데 제대로 항의할 절차조차도 없네요,13,87,True,Recommended,106244,1626456366
배틀 그라운드,"......................... ......................, .. ..................... .... ............. ... .......... ... .... ....... ........ ... .. ......, ... ......... ................. .... .......... ... .......... . ............ .............. .............. .............",13,7,False,Not Recommended,93677,1606222702
배틀 그라운드,얼리억세스때의 그 긴장감 어디갔노,13,93,True,Recommended,76258,1594953211
배틀 그라운드,게임이 정말 엿 같아서 재미뚬 !,13,31,True,Recommended,19689,1579256326
배틀 그라운드,핵쟁이나 쳐 잡으세요,13,118,False,Not Recommended,54632,1574407950
배틀 그라운드,핵 쓴 놈들 아이피 밴을 때리던가 해서 핵 좀 줄이자 제발 내가 영구밴 시킨 핵만 10명인데 그럼 핵이 얼마나 많다는거임 제발 핵좀 막아라 안 그럼 좆망겜 된다 이미 좆망겜이긴 하지만,13,69,True,Recommended,19500,1547308032
배틀 그라운드,까라 그래 씨이이발 핵 안잡고 서버 통합시키고 렉 여전하고 진짜 배그할때마다 느끼는건데 얼리엑세스때가 좋았음,13,122,False,Not Recommended,89493,1542583292
배틀 그라운드,재밌다 스릴넘친다 그러나 직장동료나 선배랑은 하지말자 하극상 일어난다,13,35,True,Recommended,1227,1534486933
배틀 그라운드,고인물 너무 많아요...,13,68,True,Recommended,4502,1529574010
배틀 그라운드,꿈에서 게임을하는건 롤 다음으로 이것이 처음이다,13,22,True,Recommended,181648,1514707219
배틀 그라운드,솔큐할때는 공포겜 아시는분들과 함께 보이스 하시면서 스쿼드로하심 정말 꿀잼입니다 가끔 서버가 터지면 분명 여캐였던 저의 캐릭터가 남캐로 바뀌는 신기한 경험을 할때도 있습니다만 뭐 그래도 나름 재밌는 경험이였구요 게임내에 채팅이없어서 부모님 안부묻거나 정치질같은것도 안볼수있어서 참좋네요 보이스톡은 팀원만 들으시는걸 추천합니다 앞으로 나올 여러가지 맵들과 총기 그리고 탈것들도 기대가 되네요 다만 최근 핵들이 많이늘어서 이게 참 슬프네요 그리고 최적화도 얼른 해주시면 좋을거같네요 이런것만 뺀다면 충분히 돈값하는거같습니다 . . . 포카카오는 극혐,13,94,True,Recommended,8424,1511449287
배틀 그라운드,탑 10쯤가면 핵쟁이가 난무한다 그냥 핵이랑 서버관리 안하면 좆망겜되는건 시간문제 사실 탑 10 이전에도 핵쟁이는 졸라리많음,13,155,False,Not Recommended,26222,1510241200
배틀 그라운드,4월 14일 패치 이후 게임속 제 캐릭터의 머리스타일이 저절로 변경 되었습니다. 3000 포인트 사용해서 바꾼건데..,13,27,True,Recommended,58556,1492190148
배틀 그라운드,섭종좀요 제발 배 래,12,31,False,Not Recommended,337292,1622646731
배틀 그라운드,얼마나 할게없으면 이 게임이 재밌는건가,12,37,True,Recommended,48515,1619652784
배틀 그라운드,자기장이 나를 좋아해,12,15,True,Recommended,50562,1594680756
배틀 그라운드,오랜만에하는데중국인이참많네요,12,46,False,Not Recommended,62513,1588586480
배틀 그라운드,짱깨 해킹과 핵 사용으로 인한 죄없는 유저의 아이디 영구 제한 조치가 빈번한 게임 날아간 1000시간,12,109,False,Not Recommended,76421,1585480399
배틀 그라운드,"컴퓨터 성능차로 발생하는 FPS 수치에 따라 수직반동이랑 연사력 차이가 존재하는 희대의 쓰레기 게임, 얼리엑세스 끝나고 정식출시한지 2년이 넘어가는데 여전히 개발적화인 게임, 물리엔진이 완벽하지도 그래픽이 수려하지도 않은 게임, 솔까말 GOTY가 아니라 KOTY를 수상했어야 되는 게임, 유비소프트 보다 더 쓰레기 같고 열악한 서버와 넷코드가 있는 게임, 자국민을 배려하지 않는 게임, 뒷통수를 여러번 거하게 갈군 게임, 우유부단이 뭔지 극치를 보여준 게임, 소통하는 척 하면서 지들 하고 싶은데로 다 해먹는 게임, 정작 필요할 때 비판은 안하고 쉴드만 치는 유저들이 득실거리는 게임.",12,54,False,Not Recommended,15401,1550478675
배틀 그라운드,"야이 XX같네 안한지 1년 쯤 된듯, 짱 새t 1들이 게임 시작 후 중국어로 뭐라고 하는데 대답 못하면 바로 쏴죽이길래, 그거 다 도망치고 살아남아서 짱꺠 x새기들 잡아서 죽이는걸 몇번 했더니 정지를 먹이네 성과급 파티로 배불릴 돈으로 버그나 좀 잡지 어휴 망해도 싸다",12,71,False,Not Recommended,4984,1541784988
배틀 그라운드,"333시간 플레이함 장점 재밌음 단점 핵, 서버, 최적화, 너무 큰 용량 기본 5점 시작. 재밌음 10 핵 5 서버 1 최적화 1 너무 큰 용량 1 총점 10점 중 7점 친구와 같이 하면 갓갓갓게임 핵을 만나는 순간 18스러운 게임 업데이트 용량을 볼 때마다 고민하게 만드는 게임",12,65,True,Recommended,34916,1537096710
배틀 그라운드,500시간을 하면 신기루가 보이는 갓겜 500시간동안 짜장면 무한리필집에서 기름냄새를 오지게 풍길수있습니다! 지금바로 아시아서버로 접속하세요,12,33,False,Not Recommended,53971,1533626584
배틀 그라운드,솔로로 50시간을 해도 치킨 한마리를 못먹는다... 시밸... 1년전에 배그를 시작했다면 나도 뭔가 달라졌을까? 지금 입문하기엔 사람들이 너무 고여버린거 같다.. 내가 못한건진 몰라도 진입장벽이 넘 높다.. 거기에 거지같은 최적화로 렉걸리는건 덤임 그래도 결국 재밌는걸 어떻게하냐 슈발...... 해야지..,12,33,True,Recommended,3639,1530342876
배틀 그라운드,대체적으로는 아주재밋는데 훈련장만 생기면 좋을것 같네요,12,187,True,Recommended,46935,1526802121
배틀 그라운드,불법 프로그램 사용자가 너무 많다,12,310,True,Recommended,69020,1520007409
배틀 그라운드,달리기 시뮬레이터,12,18,True,Recommended,44051,1511421603
배틀 그라운드,갓 국산겜,12,110,True,Recommended,68471,1492345855
배틀 그라운드,"h1 스팀 계정 정지 당할까봐 무서워서 못 하겠는 게임 h1 정작 매판마다 판치고 있는 핵은 못 잡으면서 아무 죄 없는 사람은 100년 정지 시키고 그런 주제에 무슨 권한으로 무고한 스팀 프로필 계정에 계정 정지 기록 이라는 스티그마까지 박아대는지 운영이 진짜 개판인 게임이네요. 아무 이유없이 스팀계정 정지 당할까봐 무서워서 배그를 못 키겠어요. 더구나 아무 잘못없이 정지 당했으면 이의신청을 받아서 자기네들이 로그기록을 보고 잘못이 없으면 구제해주는 시스템이라도 올바르게 구축되어 있어야하는거 아닌가요? 이메일 문의마저도 자동응답봇 돌리고 제대로 받지않고 꼬우면 계정 새로 파라고 했다는 사례도 있고 처리 소요기간도 짧으면 2주, 길면 1달에서 1년, 심하면 평생 감감무소식인데 억울한 사람을 위해서 최소한 구제 받을 수 있는 기회는 주고 마음대로 밴 시켜야하는 거 모릅니까? 헌법에도 무죄추정의 원칙이라는 게 있고 항소, 항고, 상고, 행정재심판 등 구제 방안이 있는데 여기 펍지는 자기들만의 생태계를 구축하는데 성공해서 그런지 그것마저도 무시하고 뛰어넘을 만큼 무소불위의 권력을 가졌네요. b 밸브 스팀에서는 무슨 근거로 펍지가 정지했다고해서 스팀 계정 프로필까지 핵쟁이꾼으로 박아놓는건지 모르겠네요. b 이건 밸브사가 스팀 운영규정의 신뢰성 확보를 위해서 직접 나서야할 문제입니다. 어째서 개발사가 행한 게임 밴 행위가 스팀 계정 프로필에까지 영향을 받아야하는지 그 이유를 모르겠네요. 그래놓고선 스팀에선 책임이 없다고요? 최근 해당 게임에서 발생한 게임 밴 사태가 정당하게 이루어졌는지 근거를 확보해주세요. 그래야만 모럴 해저드가 가득한 오직 영리성만을 추구하는 회사인지 아니면 최소한의 도리라도 갖춘 회사인지 판가름 나게 될 것입니다. 지금 이미 배그의 최근 스팀평가 대부분이 동일한 사례들로 호소하고 있으니 심각하게 받아들이고 해결해주실 것을 당부드립니다. h1 Games I Can t Play Because I m Afraid My Steam Account Might Get Banned h1 They can t catch the cheaters running rampant in every single match, yet they ban innocent people for 100 years. And with that kind of attitude, what gives them the right to brand innocent Steam profile accounts with the stigma of a b game ban on record b ? The game s management is a complete mess. I m too scared to even launch PUBG, terrified my Steam account might get banned for no reason. What s worse, if you get banned for no fault of your own, they should have an appeal system and review their own logs to provide relief. But they just run automated response bots for email inquiries, don t properly handle them, and processing times range from 2 weeks at best to 1 month to 1 year at worst sometimes you never hear back at all. Don t they understand they should at least give wrongfully banned people a chance to appeal before arbitrarily banning them? The Constitution has the principle of presumption of innocence, and there are remedies like appeals, complaints, administrative reviews, etc. But PUBG, having successfully built its own ecosystem, seems to wield absolute power that transcends even those. b I don t understand what basis Valve Steam uses to label someone a b game ban on record b on their Steam account profile just because PUBG suspended them. b This is an issue Valve should directly address to ensure the credibility of Steam s operating regulations. I don t understand why a game ban imposed by the developer should affect my Steam account profile. And then Steam claims it s not their responsibility? Please provide evidence that the recent game ban incident in question was carried out justifiably. Only then will it become clear whether your company is one driven solely by profit and riddled with moral hazard, or one that at least possesses a basic sense of decency. Considering that the same issue is mentioned in most recent Steam reviews for PUBG, I urge you to take this matter seriously and resolve it.",11,128,False,Not Recommended,7035,1759032797
배틀 그라운드,중국 짱개 시진핑 개so들아 해킹 좀 그만해라 실력을 키워서 게임할 생각을 해야지 해킹 해서 한다는게 고작 핵쓰는거냐? 니들 때문에 세상이 더러워지는거야 이 시방새들아 적당히 좀 해 미개한 새기들,11,73,True,Recommended,45050,1758107189
배틀 그라운드,서버관리도 못하면서 이벤트 처하지말라고 제발 게임을 못하잖아 황금같은 주말인데 시간 아깝게 로딩도 안되고 그지같은 게임,11,41,False,Not Recommended,73745,1724507033
배틀 그라운드,돈주고 구입햇는데 무료라니... 참네...호구당햇네,11,28,False,Not Recommended,112744,1697845575
배틀 그라운드,같이내렸는데 왜 나만 총없음 ?,11,10,True,Recommended,85982,1680992645
배틀 그라운드,"게임사가 게임에 관심이 없는 게임. 총기 밸런스 패치는 안하고 허구한 날 드론이나 자전거같은 쓸데없는 거나 만들어서 스트리머 bj들 방송이나 하라고 개발하는 게임. 덕분에 늘 쓰는 총기는 M4 베릴이 전부인, 이럴거면 다른 총기는 왜 만들었는지 궁금한 게임. 아, 다른 총들은 다 스트리머 bj들 유튜브 각 뽑으라고 만들었구나. 총기 밸런스가 엉망이라면 맵 밸런스 또한 심각해서 아직도 처음에 출시한 에란겔 미라마가 제일 밸런스 잘 맞는 게임. 적어도 게임이 엉망이라면 고치려는 노력이라도 해야 하지만 그런 것도 아니라서 더 열받는 게임. 늘 새로운 뉴비 유입을 원해서 뉴비 친화적 패치만 하고 있지만 그리 쓸데 있는 패치도 아니라서 어차피 소용없는 게임. 안그래도 안하는 패치 일반전에만 투자해서 경쟁전은 늘 방치상태. 배그 무료화 된 다음 경쟁전의 핵의 빈도가 엄청나게 늘어서 이제는 한판에 두 팀씩 핵쟁이 스쿼드가 존재함. 열심히 게임해봤자 어차피 핵쟁이한테 죽고 2등할꺼 뻔히 알아서 더 하기 싫어지는 게임. 그런 주제에 되도 않는 돈 빨아보겠다고 상점에다가 총기 스킨 색칠놀이나 하는 게임. 5년전 국산게임의 희망이니 뭐니 하던 소리 이제 다 나락으로 떨어짐. 진짜 세상에 둘밖에 없는 친구중 하나가 이 게임에 푹 빠져서 그렇지 그것만 아니였으면 이미 라이브러리에서 영구삭제했음. 어차피 이제 뉴비도 없고 게임사가 평판에 관심가지는 게임도 아니라 아무도 이 글 안보겠지만 진짜 XX 열받아서 씀. 혹시라도 이 글을 보는 뉴비가 있다면 이거 할 시간에 에이펙스 레전드를 하러가는 걸 추천. 에이펙스 레전드는 적어도 재미 하나는 확실함. 이 게임은 재미도 감동도 성취감도 기대도 단 하나도 없음. 차라리 얼리액세스 시절 그대로 놔뒀으면 더 재밌었겠다. 오버워치가 왜 망했는지 다시 한번 생각해보라. 머리가 있다면 니들도 생각이란 걸 할 수 있을 것이다. 혹시 그 얄팍한 지능으로 생각이 나지 않는다면 제발 돈 빨아보겠다는 생각일랑 하지말고 유저한테 물어보고 게임에 도움되는 패치를 해봐라. 솔직히 말해봤자 얘들은 그런 노력도 안하는 XX들이라 그런 생각 꿈에도 없을거다. 배그로 컨텐츠 만들어 먹고 사는 유튜버들 존경한다. 이딴 게임으로 아직도 뽕을 뽑고 살다니. 난 왠만한 게임은 전부 곱게 쳐주고 성과보단 노력을 칭찬하는 사람이다. 이미 배틀그라운드는 게임이 아니라 그저 스트리머들의 카지노 도박장으로 변질되었다. 이렇게 리뷰 남겨놓고 난 다시 친구를 잃지 않기 위해 배그를 키게 되는 날이 오겠지. 난 걱정하지 마라 친구야. 너와 함께라면 난 어디라도 갈거고 무슨 게임이라도 해주마. 사랑한다 친구야.",11,86,False,Not Recommended,47358,1658238140
배틀 그라운드,CEX,11,33,True,Recommended,28719,1619880024
배틀 그라운드,2016년에는 재밋엇는데,11,140,True,Recommended,63588,1591387372
배틀 그라운드,지들이 게임제대로 안만들어서 나 버그걸려서하니깐 영정맥이네,11,68,False,Not Recommended,75879,1578494006
배틀 그라운드,1800시간 가까이 플레이한 유저로써 이 글을 적습니다. 베타 버전 나왔을 때부터 오버워치를 접고 플레이를 했었습니다. 배틀 그라운드라는 게임은 제 지금까지 인생 중 최고의 게임이라고 생각했었죠.. 하지만 베타 중간에 중국인들의 핵이 유입되면서 게임이 점차 하기 싫어지더군요. 물론 한국인은 물론 다른 나라사람도 포함이겠지만 제가 본 핵을 쓰는 유저는 99 이상 중국인 특유의 닉네임이였고 데스캠을 보았을 때 보이지도 않는 거리에서 총을 쏴서 맞춘다던가 차를 하늘에 띄워서 부딪쳐 죽인다던가... 참 다양하고 색다른 핵들이 많았습니다. 그렇게 베타가 끝나고 정식 서버가 오픈했으나 이 게임은 이미 많은 유저들을 떠나보냈죠. 돈 물론 좋습니다. 회사가 이윤을 추구하는건 틀리지 않았죠. 하지만 핵이 존재하고 사람들의 마음에서 떠난 게임은 얼마가지 못한다는걸 명심했으면 좋겠습니다. 감사합니다.,11,178,False,Not Recommended,186968,1563345366
배틀 그라운드,중국 아이피 벤좀해라 진짜 뭔 판마다 핵이있어 신고해도 정지까지 오래걸리고있고,11,114,True,Recommended,29680,1561662313
배틀 그라운드,혼자하면 공포게임 같이하면 개그물,11,54,True,Recommended,136024,1557583704
배틀 그라운드,사고 몇분 해보다 바로접었습니다,11,32,False,Not Recommended,28,1556863749
배틀 그라운드,처음하는 분들은 낙하산 게임 인내심 향상에 도움됨,11,47,True,Recommended,10469,1536969971
배틀 그라운드,게임을 잘만들어봐야 헬조선 운영이 얼마나 게임을 망칠수 있는지 보여주는 게임 거기에 아무리봐도 운영진이 쪽바리,11,121,False,Not Recommended,7998,1532355768
배틀 그라운드,사막이랑 에란겔좀 선택할수있게 해주라 그게 뭐 대단한거라고 랜덤으로 쳐하고있냐 서버도좀 리커넥트랑 낙하산밀리는거좀 없애고 고칠거개많네 진심,11,63,False,Not Recommended,47176,1523665536
배틀 그라운드,중국인에 대해 알아보는 기회가 되었습니다.,11,32,True,Recommended,34407,1521131454
배틀 그라운드,중국어 강사불러서 배우는거보다 배그로 배우는게 더빠름 개 발 신 같은 중국인이 최대빌런이에요 자기장이 빌런이아니라,11,28,True,Recommended,53568,1520107872
배틀 그라운드,제발 중국 잠궈라,11,344,False,Not Recommended,23344,1518581352
배틀 그라운드,여전히 최적화는 뭔가 2 부족한 매우 찝찝한 느낌이다 또한 핵은 잡기는하지만 내가 기업입장이여도 핵이 팔리도록 놔뒀다가 사용자가 늘어나면 잡아서 다시 게임을 구매하도록 유도해서 돈을 벌것같은데 지금 배그가 딱 그꼴이라는 느낌이든다 서버관리역시 핑300짜리 호주서버에서는 문도 부드럽고 움직임도부드럽고 아이템도 잘먹어진다 핑 40 100짜리 아시아 서버는 온갖렉과 딜레이 서버 되감기 현상이 나타나는데 핑이300인 호주서버보다도 자주 끊기고 되감기현상이 일어나는게 말이나 되나? 한본섭역시 마찬가지다 심지어 한본섭은 의도적으로 프레임드랍을 일으켰던 흔적역시 있다 카카오서버랑 매칭잡힌것부터 유저를 기만했다고 볼수있다 서버오류라면 어째서 한본섭에서만 그런일이 일어나는건지 말해주었으면한다 물론 나는 잘된다 너만그런다 그런사람도있지만 대부분 갓겜갓겜거리고 남의 의견은 무시하는 사람들이니 나역시 무시하도록 하겠다 현재 테섭까지 해본결과 그래픽은 부드럽고 밝아진듯하면서 찱흑같은 느낌과 일본 특유의 그래픽처럼 모든게 따로따로 논다는 느낌이 강하다 그리고 먼거리 교전에서 더욱더 구려진 텍스쳐와 렌더링을 보여주는데 발전없는 게임이 과연 한국산이라는 이유 하나만으로 갓겜이라고 불려도 되는가 싶다 구매를 하려거든 정발이후 테섭이 공섭에 적용된 이후 기존의 중저 이하 옵션유저들의 의견을 들어보고 구매바란다 물론 당신의 그래픽카드와 씨피유가 2 3백이상이라면 신경쓰지않고 구매해도 된다,11,138,False,Not Recommended,93050,1513776462
배틀 그라운드,확실하게 최적화를 하고 핵쟁이들을 확실하게 막아낼수 있다면 기대 이상으로 흥행할 수있는 작품 다만 카카오와의 채널링은 실망스럽다. 생각보다는 내 취향에 맞음,11,56,True,Recommended,65249,1510200835
배틀 그라운드,시계처럼 되겠네,11,73,False,Not Recommended,10404,1508953256
배틀 그라운드,같은 서버상태 핵도 못막아 카카오서버 통합 이따구로 계속하면 겜망함,11,243,False,Not Recommended,67167,1508815110
배틀 그라운드,"제 생각 입니다만.. 풀 숲에서 먼저 나오는 사람이 지는 게임 입니다. 그래도 옆동내 보다는 잘 만들었습니다. 2017 07 06 최근 패치를 해서 최적화가 어느정도는 봐줄만 하게 되었습니다. 하지만 울트라에 가까운 옵션을 적용시키면 끊키는 것은 여전하고, 어느 옵션이나 텍스쳐 뭉개짐이 심해졌습니다. 2017 08 17 망 카카오 퍼블리싱이군요..? 피시방 제휴까지 하신다구요...? 사양되는 피시방 찾을수나 있을까요.. 손나..기모찌 와류이요.. 함 따봉은 그대로 둘태니까 환불가능할까요? 7",11,47,True,Recommended,3317,1494216970
배틀 그라운드,가끔 PC방 가서 할거없을때 할짓을 만들어주는 고마운 게임.,11,32,True,Recommended,4899,1491916435
배틀 그라운드,핵쟁이어무이후려쳐뒤진개좆같은병신틀니딱딱장애인새끼들좀잡아주세요,10,26,False,Not Recommended,22424,1627214737
배틀 그라운드,핵좀잡아주면딱좋은게임,10,78,True,Recommended,69947,1581850241
배틀 그라운드,Free HongKong 해킹 정지당했다 문의해서 정지 풀었음 스팀가드 꼭 하시길 Free HongKong,10,51,False,Not Recommended,3323,1575452890
배틀 그라운드,고인물겜....,10,25,True,Recommended,150033,1562136732
배틀 그라운드,게임 실행이 되지않습니다,10,32,False,Not Recommended,2898,1561009086
배틀 그라운드,인생에 길이남은 갓망겜,10,11,True,Recommended,32899,1559281702
배틀 그라운드,2년전으로 롤백좀,10,67,True,Recommended,22178,1556793388
배틀 그라운드,"너무나도 재미있는데, 근데 핵이 많아서 좀 불편합니다",10,117,True,Recommended,77152,1550581872
배틀 그라운드,왜 샀지,10,59,False,Not Recommended,1690,1540273402
배틀 그라운드,서버통합되고 만나는건 다 중국인이네요 영어도 안통하고 지들끼리 쏼라쏼라 거리는데 답없어요 다시 서버분리 전까지는 비추입니다.,10,59,False,Not Recommended,21165,1539066581
배틀 그라운드,아니 씨밣 크래쉬좀고쳐 이씨 년들아,10,28,False,Not Recommended,22304,1535791236
배틀 그라운드,야 펍지 이새끼들아돈 그만큼 벌었으면서 서버증설할 생각은 없냐? 제발 망해라 소비자가 원하는게 뭔지 알면서 못고치는건 죄다 접는다 칵퉤,10,60,False,Not Recommended,37981,1523019762
배틀 그라운드,이거 쉬다 다시 하면 공포게임임 진짜 무서워서 죽는줄 알았네 자동차 사운드 리얼하고 특히 레드존 사운드 바뀐지 모르고 그냥 돌아다니고 있었는데 갑자기 뭔 포탄 떨어지는 소리가 어우 무슨 완전 무섭네 진짜 어우 무서움,10,40,True,Recommended,26277,1512811432
배틀 그라운드,22J를 노려야한다. P.S 부동산 망겜 존버 잘타면 이김,10,41,True,Recommended,37710,1497501056
배틀 그라운드,"확실히 렉은 많이걸리고 고쳐야할 부분은 많다. 다만, 지속적인 업데이트로 렉은 현저히 줄어들었고 앞으로도 줄여나갈것을 보면 걱정은 하나도 되지않는다. 분명 재미있는게임에서 갓겜으로 부상할것이 눈에 선하다.",10,31,True,Recommended,30056,1495983942
배틀 그라운드,TLqkf,9,11,True,Recommended,992,1656396620
배틀 그라운드,"난 배그 1200시간 가까이 하면서 핵처럼 보이는 실력을 뽀록으로라도 단 한번도 보인적이 없었고, 해킹당한 전적도 없었다. 30여분전 친구들과 열심히 배그를 하다가 갑자기 불법프로그램으로 신고당햇다며 24시간 밴당했다... 내 컴퓨터는 핵으로 의심받을만한 프로그램 그런게 뭔지도 모름 도 안깔려있고, 신고당한판도 총한방 제대로 못쏴봤는데 신고당함.. 이게 맞냐 ....",9,49,False,Not Recommended,109869,1654960945
배틀 그라운드,스팀은 좋지도 나쁘지도 않은 평가 버튼을 만들어야 한다,9,36,True,Recommended,11563,1648830347
배틀 그라운드,야 나 운전 개잘한다고,9,2,True,Recommended,85754,1644318396
배틀 그라운드,1000 시간동안 했더니 중국인들한테 해킹당해서 계정정지... 다신 하고싶지 않네요,9,70,False,Not Recommended,66184,1630855311
배틀 그라운드,계정도난당해정지먹었어요 안풀어주네요,9,37,False,Not Recommended,188615,1621591521
배틀 그라운드,중국인한테 해킹 당하고 정지되어 있어서 정지 풀어달라고 메일 보냈는데 대체 언제 풀리는걸까요? 답장은 언제오는걸까요?,9,58,False,Not Recommended,4668,1620403232
배틀 그라운드,배그는 내 인생게임,9,18,True,Recommended,5585,1609661245
배틀 그라운드,핵좀 막아라,9,83,True,Recommended,54341,1593498226
배틀 그라운드,개적화의 표본 같은 게임,9,118,False,Not Recommended,154751,1590563894
배틀 그라운드,게임 대기화면에서 클릭하거나 키보드 버튼하나만 눌러도 일시적인 멈춤이 계속되는 이유는 무엇인가요 빨리해결해주세요,9,30,True,Recommended,106641,1561028637
배틀 그라운드,M16좀 버프좀 시켜줘라... 다른총은 버프해주는데 왜 M16은 너프만하냐... 반동패치좀해줘라 배린이들이 겁나힘들어한다....,9,72,False,Not Recommended,48646,1545748134
배틀 그라운드,김치국물이 들어간 게임에 대한 선입관을 갖게 해준 게임 더이상은 못하겠다.,9,129,False,Not Recommended,59266,1537131969
배틀 그라운드,"개취이겠지만, 계속 똑같은 짓만 하자니 질린다.. 1인칭 FPS는 해도해도 안질리던데, 생존게임이란 컨텐츠의 한계인가. 레식이나 CS GO가 최고임. 아니면 갓겜 히오스.",9,36,False,Not Recommended,3268,1535872691
배틀 그라운드,과거 우와 ! 이게 한국에서 만든 게임? 현재 한국에서 만든 게임 애가 왜 포트나이트가 됐냐,9,15,False,Not Recommended,40963,1529558466
배틀 그라운드,님들아 핵좀 그만 쓰세요,9,42,True,Recommended,45748,1522443188
배틀 그라운드,"다 좋습니다. 그러나 서버문제가 너무하네요 한두번도 아니고 매번 이게 뭔지 모르겠습니다. 핵쓰는 유저나 버그를 못잡아내는거는 이해할 수 있지만 서버가 자꾸 폭망하는거는 뭐때문인가요?? 카카오랑 제휴한다는거 같은데 그전에 스팀에서 32,000원 결제해서 사용하는 사람들이 더 중요한거 아닙니까? 최적화는 바라지도 않아요 서버나 제대로 운영해주시면 좋겠습니다.",9,239,False,Not Recommended,21063,1506691083
배틀 그라운드,"server is very busy, plz improve server, fuck u",9,54,False,Not Recommended,68945,1501164891
배틀 그라운드,VR로 나오면 살좀 빠질듯,9,4,True,Recommended,5949,1491488836
배틀 그라운드,"b 얼리억세스 평가는 정식 버전 변경 후 달라질 수 있습니다 b h1 배틀로얄, 그 속으로 h1 리뷰에 앞서, 리뷰 작성자 본인은 ArmA의 배틀로얄 MOD나 H1Z1 King of the Kill을 해 보지 않았으며, 이에 따라 비교식 리뷰는 어렵다는 점을 밝힙니다. b u 배틀로얄을 만나다 u b PLAYERUNKNOWN S BATTLEGROUNDS 이하 PUBG 는 블루홀에서 PLAYERUNKNOWN이라는 배틀로얄 모드의 창시자와 협업해서 만든 배틀로얄류 게임입니다. 이미 원류라 할 수 있는 배틀로얄 원작과, 배틀로얄에서 영감을 받은 수 많은 미디어 파생작들로 인하여 배틀로얄이라는 소재 자체는 생각보다 익숙한 편이지만, 막상 그럴듯한 배틀로얄류 게임은 접하기가 쉽지 않았습니다. 그리고 마침내, PUBG라는 해답이 나왔습니다. b u 오직, 생존을 위하여 u b PUBG의 룰 자체는 굉장히 단순합니다. 100명의 플레이어들이, 각자 원하는 위치에서 고공낙하한뒤, 무기 및 생존에 도움되는 장비들을 줍고, 최후의 생존자가 되는 것입니다. 이 과정에서는 어떤 행동을 해도 자유입니다. 시작부터 화끈하게 화력으로 압도해도 좋고, 장비를 빵빵하게 파밍하고 자리를 잡아 후반에 유리하게 해도 좋습니다. 심지어는 총 한방 쏘지 않은 채 얍삽하게 도망만 다니셔도 좋습니다. 비겁하다고 누군가 욕하지도 않습니다. 어처피 먼저 죽은 패배자들은 이미 다른 생존을 위한 큐를 잡고 있을테니까요. b u 드라마틱한 한 판을 위하여 u b PUBG는 이 한 편의 단편영화를 드라마틱하게 전개시키기 위한 장치를 빼먹지 않았습니다. 원작 배틀로얄처럼요. 우선 스타팅이 비행기를 타고 낙하하는 방식이기에, 시작부터 전략적인 움직임을 요합니다. 물자가 풍부한 도시의 낙하는, 생각을 두번정도 더 하셔야 할겁니다.다른 사람들도 같은 생각인지라 주변에 떠 있는 수 많은 낙하산들을 보시게 될 겁니다. 과도한 아이템 파밍을 막기 위한 구역 제한 시스템도 역시 존재하는대, 자기장같은 전자파가 서서히 다가오는걸로 처리했습니다. 원작과 달리 한 방에 사망하는것은 아니지만, 오히려 이 점이 더욱 긴장감을 살려줍니다. 이 구역제한 외에도 랜덤으로 폭격이 떨어지는 금지구역도 또 다른 긴장감을 살려줍니다. 또한 탄도한적 요소와 과도한 파밍을 막기 위한 장비제한, 무기 개조 시스템, 탈것의 존재, 전략적으로 잘 디자인된 맵과 구역제한시스템의 시간, 히든카드 항공보급 등, 게임 자체가 너무 루즈해지거나 너무 과도해지지 않게 적절하게 잘 밸런싱된 시스템이 게임의 재미를 살려줍니다. 또한 혼자 하는것 외에 듀오 2인 , 스쿼드 4인 플레이 모드는 혼자 하는 솔로 모드와는 색다른, 마치 서바이벌 게임을 하는 듯한 재미를 줍니다. 마이크를 꼭 장착하세요! b u 커다란 문제 u b 하지만 아직은 넘어야 할 벽이 있습니다. 우선 얼리억세스라는것을 감안해도 플레이하는대 불쾌감이 올 정도인 서버와 게임 최적화 상태. 뒤에서 자기장은 정상적으로 다가오는대 내 캐릭터는 트레이서마냥 자꾸 제자리에서 걷는다는걸 겪었을때의 짜증도는 엄청납니다. 또한 최적화 상태 역시 좋지 않은 편에 일부 그래픽 옵션 식생, 그림자 이 벨런스에 직결되어 있다는것도 심각한 문제점입니다. 또 한가지의 문제점은 바로 소리. 사운드 플레이가 중점이 될 수 밖에 없는 게임에서 소리의 공간감이 너무 떨어집니다. 총에 기습을 당했을 때, 총의 소리에 적의 위치를 구분하기가 상당히 힘들며, 발소리도 그냥 들어선 적이 정확히 어디쯤에 있는지 구분이 힘듭니다. 버그인진 모르겠지만 카펫을 밟으면 흙밟는 소리가 나는것은 덤. b u 아직은 얼리억세스니까... u b 다만 위의 단점 및 기타 사소한 문제들은 개발진이 인식하고 있으며, 최대한 빠르게 패치를 약속한 상태이므로 기대해봐도 되지 않을까 싶습니다. 일단 한가지 확실한 것은, 게임 자체는 상당히 재미있으며 파밍이 잘 될때의 기쁨, 방심하고 있는 적의 뒤통수를 치고 시가전에서 적을 다운시켰을때의 짜릿함, 가까스로 제한구역에서 벗어났을때의 안도감, 방심하다 당했을때의 허탈감, 그리고 상위권에 안착한 기록을 볼 때의 그 희열. 이 재미로 인해 PUBG를 계속 즐기게 되는 원동력이 아닐까 싶습니다. 당신은 살아남을 수 있겠습니까? 어서 오십시오. 배틀그라운드에 table tr th 게임 평가 10점 만점 th th th tr tr td 재미 td td 9 td tr tr td 분위기 td td 8 td tr tr td 편의성 td td 6 td tr tr th 총 평가 th th 7 th tr table spoiler list 재미 게임 플레이 자체의 재미. 조작감. 타격감 등 포함 분위기 게임의 그래픽이나 사운드, 스토리 등 게임에 잘 녹아들었는지 편의성 게임 접근성, 난이도, 튜토리얼, 조작, UI, 멀티 운영 등 플레이하기 좋은 환경 list spoiler",9,75,True,Recommended,26414,1490875606
배틀 그라운드,핵도 핵인데 해킹은 중국인이 처하고 중국인이 핵썼는데 그 내역마저 다 보여줬는데 왜 내가 피해를 봐야하는거지? 그리고 1번 풀어주면 뭐해.. 스팀가드도 배그 생기기전에 다 해놨는데 이렇게 까지 보안이 취약한 환경에서 PC방 이벤트를 참여해라? 이건 뭐하자는건가? 스팀가드를 중국인이 뚫어버리고 심지어 정지까지 맥인걸 또 한번 보여줬는데 이제는 뭐 그냥 영정이니깐 니네 나가라? 이런 느낌인거같은데 좀 개선좀 하세요 그지같네 진짜 스팀 배그는 호감 가서 스킨까지 샀는데 후원이나 처 해줬네 어휴.. 유도리 있게 중국 로그 주면 좀 풀어줘라 제한없이 아오 진짜,8,52,False,Not Recommended,56057,1756727513
배틀 그라운드,쉐리들 장사잘하노,8,22,True,Recommended,24047,1718255106
배틀 그라운드,개쓰레기같은 최적화의 클라이언트 2017년 이후로 게임성 발전이라고는 딱히 찾아볼 수 없으나 단물 다 빠져버리자 무료로 전환 중국 잠그고 거지같은 서버나 클라 최적화나 잡으쇼 제발 개선은 안하고 돈되는 스킨같은거나 계속 만들어대니까 이제 로비 들어가면 딱 드는 느낌이 양산형 중국산 뽑기겜 느낌 남,8,60,False,Not Recommended,18713,1672124704
배틀 그라운드,si jin ping ping,8,39,True,Recommended,15569,1650021483
배틀 그라운드,"정말 좋아했던 게임이였던 배그를 위해서 적습니다. 정말 접속자 수의 감소가 유료 때문이라고 생각하십니까? 무료버전으로 플레이어 숫자가 늘어나면 과연 또 핵 치트 의 문제가 발생하지 않을까요? 바로 이전 안티치트 프로그램 글도 보았습니다. 2021년이 2020년 대비 핵 사용자의 많은 감소가 정말 안티 치트 프로그램 덕이라고 생각하시나요. 그건 이용자 수 가 감소하여서 상대적으로 핵 사용자가 적어 보이는 것 뿐입니다. 치트 프로그램 역시 상업성이 목적이 되는 프로그램인 이상 이용자 수가 많은 쪽에 몰릴 수 밖에 없고 배틀그라운드의 사용자수 감소에 따라 치트 사용자의 수도, 그 비율역시 감소하였음이 당연한 결과지요. 그걸 과연 안티 치트 프로그램의 보안성이우수하기때문이라 여기면서 무료 플레이를 시작하면 기존사용자들의 치트 프로그램 체감만 증가 시킬 수 있지 않을까요. 그럼 경쟁전을 하면 되지 않으냐 하는 입장이실 수도 있겠습니다만, 맵 선택의 자유도 없고 점수로 매겨지는 부담을 가지고 게임을 하는게 싫은 사람들은 어떻게 생각하십니까. 썩 좋은 대안은 아니지만 유료용 서버와 무료 서버를 나누어 놓는것도 방법이라고 생각합니다. 핵에 관한 예시로 fps 게임들은 구조적인 문제점으로 인하여 치트 프로그램을 완전히 방어하기가 불가능에 가깝다는 점을 알고 있습니다. 타 게임 비교 같아서 조금 불쾌하실 수 있겠으나 배틀필드의 온라인서비스를 예를 들어보면. 유료게임임에도 결국 핵 사용자를 잡지 못해서 개인서버가 아닌 공용서버는 핵사용을 하지 않는 유저를 찾기 힘들 정도입니다. 펍지는 다른 fps 게임의 치트 프로그램 대응과 그에 대한 유저들의 반응, 그리고 그 결과를 살피고 꼭 더 발전한 모습으로 나아 갔으면 합니다. 다시한번 무료서비스가 정말 성급한 결정이 아닌지 다시한번 재고해 보시는것을 간곡히 부탁드립니다.",8,206,True,Recommended,39588,1639157684
배틀 그라운드,업데이트가 안되는데 뭘 하라는거야,8,59,False,Not Recommended,128633,1625655514
배틀 그라운드,시발개시발 내 정지 풀어줘 시발 해킹당한거라고 27억번 말했다 이년들아 스팀가드도 뚫린건데 나보고 어떻하라고 새시발 놈들 미친 노 들 야 이 김명진 닮은 놈들 고유민 개새끼 이정식 훈남,8,4,True,Recommended,97802,1619911700
배틀 그라운드,핵을 못 잡는 게임. 하지 마세요,8,35,False,Not Recommended,142298,1602082401
배틀 그라운드,일년전인가 피시방에서 몇판땡기고 집가서 씻고 반복하던 와중 갑자기 친구놈한테 연락이 왔다 배그를 같이하자고 하더라구요 ? 스팀에 배틀그라운드 게임중이라고 떠서 겜하는중인줄 알았다는데 난 이미집와서 누웠음 . 이때까지도 뭔 소리냐 그러고 말았음 . 담날 피시방을 가서 설레는 마음으로 배그를켰는데 ? 영정당함 혼자 내가 접속한 피시방 제외 아이피따서 확인햇더니 서울쪽에서 아이피가뜨는데 길바닥 열나지만 2차 스팀가드 안한내잘못 하고 이메일 양식에 맞게 다 적어서 본사로 보냈다. 연락없는지 1년이다 . 전적확인하고 아이피 대조 해주세요 머구에서 서울까지 10분만에 가능한지.. 해킹범이랑 나랑 번갈아들어왓는거 인정하는데 아이피가 길바닥이잖음... 친구 가능성 있지 그래그래 나 머구토박이다.. 왕따임..친구없어요... 스팀자체 로그인 기록 확인 부탁드립니다. 머구 지역권 밖으로 나가서 배그한적 단 한판도 없다. 배그 23시간 로그인기록 확인해주세요 너무 억울해서 그래요 .. 돈주고 샀는데 암것도 안하고 영정당함.. 배그 겨우 플레이타임 23시간 해킹 영정당한 썰..,8,41,True,Recommended,1359,1598906758
배틀 그라운드,고딩때 배그 나오고 피시방 열심히 달려서 2주만에 300시간찍게해준 고마운겜 근데 스팀가드 안해놔서그런지 어떤새끼가 해킹해서 핵썼나보다 VAC밴먹었다 너네들은 스팀가드 무적권해놔라..,8,37,True,Recommended,19287,1591791223
배틀 그라운드,"저는 부정프로그램 이라든지 유저간 잘못된 플레이를 한적이 단 한번도 없습니다. 단지 문제라면 개인컴퓨터가 아닌 pc 방에서 플레이한 부분이며 어떤 부정행뒤를 발견하였는지 모르겠으나 저는 알길이 없으며 어느날 갑자기 계정 영구정지를 통보받으며 접속조차 못했으며 더 나아가 돈을주고 계정을산 저의 자산을 강탈당한 기분이라 아주많이 유감입니다. pc방 특정상 최근 플레이를 저장할수가 없어서 스스로 발키지 못하는점 답답하며, 정지는 스팀에서 확고하게 증거가 있는지 정지부터 결정하고 피해자인 개인 유저에게 그것을 발키라 하는것 조차 잘못되었다 생각합니다. 나또한 이런상황이면 많은 유저들이 저처럼 이유도 모르고 잘못된 플레이를 하지 않았더라도 영구정지가 많이 이루어 졌을거란 짐작을 합니다.",8,27,True,Recommended,69907,1574547855
배틀 그라운드,Q,8,268,False,Not Recommended,48650,1547450376
배틀 그라운드,670시간 게임을 한 유저로서 평가를 작성합니다. 패치를 하면 할 수록 최적화가 엉망이 되어가고있네요. 1.게임시작 후 로딩을 하는데 있어서 검은화면이 계속 뜨는경우 이건 컴퓨터사양이 좋든 나쁘든 그렇게 됨 2.게임하다가 그냥 멈추는 경우 그냥 다 멈춤 3.끊김현상 개 됨. 게임 중간에 멈추면 개빡침 4.여전한 핵쟁이들 반박불가 5.검은화면이 계속뜨다가 와 됐다! 하고 좋아하는데 시간이 지나도 비행기가 안타짐 신규 같은 현상 6.검은화면이 계속뜨다가 와 됐다! 하고 좋아하는데 시간이 안뜸. 신규 개 같은 현상 7.오토바이를 타서 끼이면 뒤지는 현상. 후 8.몸이 끼는현상 이건 탈 것을 가져와서 나올 수는 있으나 그 과정이 같은 빨리 바뀌어야함 장점 1.인내심 강화,8,26,False,Not Recommended,90374,1517469040
배틀 그라운드,개 좆같은 클라 최적화만 고치면 갓겜 한다. 근데 하는 패치 꼬라지 보니까 영원히 안 고쳐지겠네.,8,62,False,Not Recommended,20376,1501776365
배틀 그라운드,1등할때는 우주 갓겜이지만 허무하게 노잼사 해버리면 끄고싶은게임,8,11,True,Recommended,39001,1499271810
배틀 그라운드,갓겜,8,37,True,Recommended,25433,1493545857
배틀 그라운드,"지금이라도 게임을 플레이 하려는 어리석은 사람들을 위해 전합니다. 이 새끼들 사람도 아니네요. 얼리억세스 당시부터 약 10년 간 꾸준히 이용하던 이용자를 아무런 설명없이 덜컥 무슨 플레이 방해라며 제재를 가해두고 항의할 수 있는 연락처나 대처는 고수하고 심지어 18시간 후에 풀린다던 제재사항은 그대로 이행하지 않았고, 오히려 24시간을 늘려놨네요 짱개 개새끼 바퀴벌레들 아래서 일하는 티를 팍팍내는구나 얼른 원복하노라 버러지 같은 관리자 놈아",7,4,False,Not Recommended,174023,1762569133
배틀 그라운드,스팀 비번 주기적으로 바꾸고 했는데 해킹당해서 정지먹었는데 씹 리뷰보니 인증을 해도 안풀어주나보네 걍 안해야겠네 요 쓴돈만 아깝네,7,42,False,Not Recommended,50595,1753848281
배틀 그라운드,그냥 하지마세요. 게임에 목숨걸은 고졸백수들이 이악물고 하는 게임입니다. 뉴비들은 절대로 절대로 살아남을 수 없는 구조입니다,7,23,False,Not Recommended,67357,1743317596
배틀 그라운드,친구랑 하면 맨날 죽어있어서 딴거하기조아용,7,4,True,Recommended,35882,1684411477
배틀 그라운드,하지마,7,37,False,Not Recommended,4563,1626242481
배틀 그라운드,핵이 너 무많음,7,137,False,Not Recommended,227388,1624014081
배틀 그라운드,진짜 어이가 없네 아니 겜을 깔았는데 담날 서버가 터져서 오늘 접속 했는데 하는 말이 계정 정지? 발 내가 뭔 짓을 했다고 이래 걍 겜을 즐겼을 뿐인데 얼른 스팀은 고쳐라 이 개sae끼 들아,7,22,True,Recommended,26700,1619665779
배틀 그라운드,얼리액세스때가 배경음악도 좋고 가장 재밌었던거같다 저때는 짤파밍 돌다가 갑자기 죽어도 재밌었는데 요즘은 10분 15분 열심히 파밍하다가 갑자기 픽 죽으면 준내 하기싫어진다,7,79,True,Recommended,71286,1601543928
배틀 그라운드,중국인이 스팀 사용안하는동안 그새 해킹해서 내계정으로 17시간동안 핵을 쓰다가 정지먹었다. 사놓고 해봐야 1 3시간? 한 기억밖에 없다 게임자체가 나랑 너무 안맞아서 산거 후회하고 내비뒀다가 오랜만에 켜보니 뜨는 메세지는 17시간 핵써서 정지 당했다는 메세지뿐 급하게나마 스팀모바일 설치해서 보안좀 올리긴 했는데.. 이거 관련해서 펍지에 문의 넣었더니 답장도없고 아무 조치도 안해주더라 거의뭐 계정 정지된지도 모른채 3개월정도 방치해서 그런거 같다. 여튼 문의 넣은지 상당한 시간이 지났고 아무 답장없길래 짧게나마 여기다 남기고 싶은말 써본다 스팀계정 보안 무조껀 챙겨야 한다 어차피 애들 해킹당한거 관련해서는 본인 관리 미흡이니 아무것도 안해준다. 나처럼 후회하지말고 보안철저히 하기 바란다.,7,93,False,Not Recommended,1143,1600917515
배틀 그라운드,아니 진짜 짱꿰 국가좀 막아주세요 진짜 역겨워요. 배그를 즐겁게하고 돈도꼴아박으면서했는데 중국인들의 해킹하나로 끝난다? 진짜 벤 너무실망이네요. 벤좀 풀어줘 제발,7,80,False,Not Recommended,168540,1598296837
배틀 그라운드,핵만 없으면 돼,7,56,True,Recommended,162244,1593592035
배틀 그라운드,팀킬당하는데 점수떨구고 이게 게임인가요??,7,77,False,Not Recommended,232619,1593242935
배틀 그라운드,이 시X련들아 여기에 내 인생의 몇 백 시간을 버렸다고,7,3,False,Not Recommended,42276,1585746428
배틀 그라운드,그냥 뭐 다 알다시피 재밌는 겜,7,26,True,Recommended,7736,1579271677
배틀 그라운드,"핵,중국인 게임",7,63,False,Not Recommended,115933,1579267282
배틀 그라운드,처음 얼리엑세스 시절에는 흡사 초딩시절에 온라인게임들을 처음 접했을때처럼 게임에 설레인다는걸 20대 후반인데도 다시 느끼게 해줬었음 게임에 약탄거 마냥 빠져들어서 시간 가는줄 모르고 즐겼는데 그 시절보다 지금의 배그는 완성도나 최적화나 총기류들 여러가지방면에서 많이 개선되었고 즐길거리가 많아진건 맞지만 뭔가 그때만큼 빠져들지가 않음 단순히 핵쟁이들 때문에 실증난걸 떠나서 배틀로얄이라는 장르자체가 오랫동안 빠져들만한게 못되는듯 이젠 그저 아주 가끔 생각날때 몇판 즐기다가 마는정도,7,48,True,Recommended,42831,1576330087
배틀 그라운드,"늦게나마 씁니다. 1. 핵쟁이 천국 서버 분리가 의미 없어서 어딜 가나 중국인을 만날 수 있고 중국인은 무조건 핵을 씁니다. 시간대에 따라 편차가 있어서 중국인 핵유저 가 적거나 많거나 할 뿐 좌우간 핵은 늘 있습니다. 형태도 상상이상이라 내가 리얼리티 FPS를 하는게 아니라 무림RPG를 하거나 하이퍼FPS를 한다는 착각을 하게 합니다. 2. 사기꾼 천국 어쨌든 인기가 많은 게임이고 핵이 들끓어도 이 게임을 포기못하는 분들이 많기에 유저도 많고 당연히 스팀장터 사기꾼도 많습니다. 장터 사기꾼의 장난질이야 뻔하긴 하지만 배그에는 호구가 많은건지 뭔지 유달리 장터 사기꾼들이 귀찮게 수작을 부립니다. 장터에 관심이 없으면 문제없지만 장터를 들락날락하는 사람에게는 단점입니다. 3. 룩이 의미없음 개인적인 호불호가 강한 부분이지만 솔직히 배그 치장템은 좀 퀄리티가 구린 것도 많고 쓸만한 건 가챠겜 지르듯이 과금해야 먹을까 말까...그리고 뭘 입든 어차피 인겜들어가면 결국 구분도 잘 안 되고 컨셉이나 티밍 용도가 아니라면 효율 때문에 저인시성 옷을 입게 되고...옵션을 타협하거나...암튼 룩질하기 별로고 투자한 대비 룩질보람도 없습니다. 4. 최적화 이제는 걍 한국개발 게임 종특인가 합니다. 5. 유저 인성 중국인은 핵쟁이 무조건 중국어만 쓰고 일본인은 없고 한국인 중 절반은 초딩이거나 개념이 없거나 게임에 대한 이해가 아직도 1도 없거나 똥사개거나 통수각만 잽니다. 말하자면 유저풀의 2 3정도가 이상하고 남은 1 3만 정상인인데 스쿼드를 돌릴 때 느낄 수 있는 협력과 소통의 재미는 실친하고 하는 거 아니면 느끼기 힘든 게임이 됐습니다. 6. 핵 배틀 로얄 장르 중 핵이 가장 판치는 게임이라고 보셔도 무방합니다. 그 외에도 게임 내 독특한 개성을 죽이고 획일화된 플레이를 강요하는 방향으로 가는 패치성향이라던가 중국빼면 제대로 굴러가는 리그도 없다던가 애당초 온갖 짝퉁똥겜도 돈 쓸어모으는 중국에서 망하는 게임 리그가 있는지 궁금하긴 하지만 쓰는 무기만 계속 쓰게 한다던가 등등 사소한 문제점이 산적해있지만 줄이겠습니다. 총평은 지금 제값주고 사는 건 아깝고, 피방가서 친구들이랑 카배를 하시거나 굳이 스팀 배그를 하시겠다면 세일할때 구매하시길 추천합니다. 오랜만에 재접했는데 5판만에 핵쟁이 중국인 , 핵광고하는 중국인, 절대로 영어쓰지 않는 중국인 삼타콤보 맞고 바로 껐습니다. 나는 배틀로얄 장르밖에 못하고, 그 중에서도 배틀그라운드라는 게임밖에 못한다. 이런 분이 아니시라면 구매 및 플레이를 하시기 전에 신중하시길 바랍니다.",7,36,False,Not Recommended,17154,1571844587
배틀 그라운드,해킹당한거 같다고 해도 답변도 느려터짐 답답하기 짝이없음 여러분 차라리 배그 접고 따른 게임 찾으세요 이런 망겜하다가 해킹당해서 아이디 찾으려면 시간만 낭비합니다. 맨날 핵 잡는다고 자랑질 하는데 그거 잡아도 계속 생기면 대책을 강구해야지 그냥 무작정 잡기만 함. 그러다 억울하게 영정 먹은 사람 생겨도 대부분 나몰라라 수준임 영정 먹고 바로 풀려본 경험 있는 사람 몇명이나 될련지 최근에 해킹당하고 영정먹으신 분 중에 제 댓글 보시는 분 계신다면 나름 증거라고 찾아서 영정 해제 위해 문의 넣는 짓은 하지 마세요. 여러분이 뭔 짓을 하든 증거 불충분으로 영정 계속 갑니다. 그래도 영정 풀고 싶으시면 그냥 경찰서 가는게 정신건강에 좋습니다. 물론 그것도 풀릴지 미지수겠네요.여러분이 잘 생각 하셔야 할게 이런 류의 게임 회사는 솔직히 영정 안풀어주는게 이득입니다. 그래야 억울하게 먹든 진짜 써서 먹든 다시 구매하게 만들 수 있으니까요. 1주일에 영정 먹은 사람의 반만 다시 구매해도 이 회사 수익의 얼마나 차지할련지... 핵 전부 잡거나 해킹 방지 할 자신 없으면 핵 사용가능 서버 자체를 하나 열어주든지 제대로된 방법없이 무작정 잡고만 보니까 망겜 소리 듣는겁니다. 이 문제 해결못하면 망해가는건 시간 문제겠네요.,7,21,False,Not Recommended,3005,1569131582
배틀 그라운드,출시한지 몇년이냐 2년이다 2년 롤로치면 지금 시즌2인데 아직까지 이렇게 쩔쩔매면 어떡하냐 롤은 뭐 큰회사로 시작했냐? 지금 블루홀이 그당시 롤보다 규모가 컷으면 컷지 작지는 않는데 핵이 사라지는 날도없고 아직도 핑은 날뛰고 최적화는 개나줘버리고 10년전 라이엇보다 대처도 안되고 진짜 답이없다 랭크시스템은 모호하고 개선은 없는데 계속 시즌패스만 내놓고 올해안에뭐? 뭐고치겠다고 했더라 이젠기억도 안난다 목표는 있냐? 걍 돈빨아먹는게 목표아니야? 정신좀차려,7,87,False,Not Recommended,28939,1558804926
배틀 그라운드,이젠 망한겜,7,49,False,Not Recommended,30211,1555057558
배틀 그라운드,서버운영 뭐같이 할래,7,49,True,Recommended,65542,1543732658
배틀 그라운드,미라마랑 에란겔 맵선택 분리시켜주세요,7,38,True,Recommended,68128,1538381577
배틀 그라운드,"게임이 얼리엑세스 였을때가 가장 재밌었던게임 점차 업뎃되면 업뎃될수록 밸런스 문제, 핵, 프로그램 에러 튕김현상 잔 버그들이 점차 늘어나는 발전이 아닌 퇴보하고있는게임 제발 다른것들은 다 참아도 튕기는 것만 어떻게 해결해주면 안될까? 괜히 이벤트 패스같은 현질패키지 출시하지말고 이런 가장 기초적인 버그들만 수정해줘도 갓겜이 됐을듯한데 설마 1년안에 튕김 현상을 패치 안해주진 않겠지? 믿을게 제발해줘",7,188,False,Not Recommended,43949,1532356479
배틀 그라운드,"배틀그라운드를 2017년 초반 비공개 베타때부터 했던유저입니다. 처음 배틀그라운드가 나왔을때는 H1Z1에서 현실성을 더하고 퀄리티를 발전시키고 무게를 더해서 현실적인면과 캐주얼한면을 타협해서 잘 만든 게임이라고 생각했습니다. 처음에 문제점도 많았었지만 얼리억세스 게임이였지만 그걸 해결하기위한 피드백들을 많이받아서 빠르게 해결하는 모습을 보며 정말 좋게 생각했었습니다. 하지만 현재 17년 12월에 정식 출시 이후에도 여전히 해결하지 못한 문제점들과 새로운 문제점들이 등장하고 있는 상황입니다. 운영이나 기타 게임 외적인 부분을 제외하면 게임성은 정말 좋습니다. 하지만 플레이하는 입장에서는 싱글플레이 게임이 아닌 멀티플레이 게임이기 때문에 게임성만 봐야하는게 아니고 다른 부분도 보셔야합니다. 그런점에서 배틀그라운드는 정말 문제가 많은 게임입니다. 현재 6월 24일 제가 생각하는 배틀그라운드의 문제점은 1.레이팅 시스템이 개판임 첫판유저랑 고인물유저랑 같이 매칭이되고 점수를 떨구기가 쉬워서 양학하기 쉬움 2.핵 정말 많음 아시아 서버만 많은것같죠? 한국서버에도 정말 많습니다. 3.온갖 버그가 난무함 벽에낌,줌풀림,화염병안꺼짐 등 4.서버 상태가 정말 안좋음 트레이서,템안먹어짐,문안열림, 5.크래쉬가 정말 자주일어남 다른게임에서는 거의 볼까말까한 크래쉬로 게임팅기는게 하루에 최소 1번은 봄 6.최적화가 부족함 예전의 1080급수준을 권장사양으로 만들어야할만큼은 아니지만 아직도 상당한 고사양을 요구하고 프레임 등락폭이 정말 큽니다 현재 6월 24일 제가 생각하는 배틀그라운드의 장점은 1.사운드가 퀄리티가 좋은편 완벽하진 않지만 총기사운드와 사운드의 방향 등 사운드 퀄리티가 좋은편입니다 2.총기 밸런스가 좋음 이전에는 AR만능주의였지만 밸런스 패치 후 SMG,DMR이 떠오름으로 인해서 갖가지 무기를 전부 사용할 수 있음, 하지만 이제 샷건이 구리고 권총,근접무기는 안씁니다. 정도인듯합니다. 대부분의 문제점은 핵,버그,레이팅시스템,서버,최적화 등 게임 외적인 부분이 정말 많습니다. 이 게임이 AI가 사람수준이라는 가정하에 온라인 게임이 아니라 싱글게임이었다면 저는 10점만점에 9점이상을 줄 수 있을만큼 잘만든 게임이라고 생각합니다. 하지만 이 게임이 온라인 게임이라는것을 잊지 않으셨으면 좋겠습니다.",7,155,False,Not Recommended,117985,1529783201
배틀 그라운드,배움이 없는 병신새끼들,7,43,False,Not Recommended,20610,1526564265
배틀 그라운드,"재밌는 게임인건 맞지만 , 관리가 너무 개판임",7,28,False,Not Recommended,101258,1521218779
배틀 그라운드,서버부터 잘 정비해서 다시 내시길.,7,2,False,Not Recommended,30968,1513867330
배틀 그라운드,"이 게임을 하게된 당신에게 선사해줄 국산회사 블루홀의 5가지 컨텐츠! 1. 쌍팔년도로 회귀한듯한 서버관리를 통해 여러분께 어린시절의 추억과 향수를 불러일으켜 드립니다. 2. 업데이트가 아니가 다운데이트! 반전의 묘미를 여러분께 선사해드립니다. 3. 얼리억세스니까 개발자의 책임은 없습니다. 얼리억세스니까 괜찮아 VS 돈주고 팔았으면 고칠건 고쳐야지! 유저들 양 팀 간의 치열한 키보드 배틀로얄의 세계를 직접 체험하십시요! 4. 그래도 얼리억세스지만 우리 국산회사임. 현기차 못봄? 국산은 자국민에게 삥을 뜯어야 제 맛! 그래서 현금 컨텐츠를 만들었습니다. 아 물론 그 돈은 대회에 쓸거구요. 대회가 잘되면 게임이 잘되겠죠? 그러면 또 존나 비싼 현금 컨텐츠 만들거임 오 5. 아 맞다. 이 게임 울타리나 벽, 창문 못 넘어요. 그러니까 점프 연습 열심히 하시고 물론 추후 패치를 통해 추가된다고는 했지만 아마 그때쯤되면 요구사양이 i10 12270K 램 48G GTX 2280TI 쯤은 될듯요",7,12,False,Not Recommended,886,1501812727
배틀 그라운드,드랍 너무 심해서 환불했다가 다시 질렀더니 안정화많이됨 안심하고 지르십시오 서버는 안전합니다,7,19,True,Recommended,21989,1499094531
배틀 그라운드,"h1 재밌는 미완성 게임. h1 olist 가격 적절함 감정 개방적, 긴장, 어려움, 흥미 olist h1 단점을 감내하며 플레이할 가치가 있음. 싱글 플레이 부류의 게임을 좋아하신다면 컨텐츠가 부족하다 느낄 수 있고, 멀티플레이 부류 게임을 좋아하시는 분들은 추가적인 재미를 즐길 수 있을꺼라 생각함. h1 무난한 타격감 무난한 사운드 직관적인 인터페이스 빠른 피드백 적절한 유지관리 수준 중간 수준의 동작모션들 i 동작 모션이 자연스러우나, 모션들이 길고 무거움으로 인해 조작감이 불편하게 느껴질 여지가 있음. i 게임 컨텐츠가 적절함 서버지연과 그로인한 의한 렉이 다소 있음 튕김과 잦은 버그 낮은 수준의 최적화",7,49,True,Recommended,79681,1491035810
배틀 그라운드,업데이트를 했더니 게임의 정체성이 뒤져있어요 운영진들은 장애가 있나봐요!!!,6,43,False,Not Recommended,53430,1686755263
배틀 그라운드,아니 핵 안잡음? 전판 만나고 전전판 만나고 똑같은 핵쟁이 계속 만나네? 장난하나 진짜 왤케 핵을 못잡는거임?,6,30,False,Not Recommended,67566,1668436284
배틀 그라운드,고인물 게임인데 핵 반 고인물 반,6,16,False,Not Recommended,126925,1657356835
배틀 그라운드,너 이게 무슨 뜻이야? 너는 지난번에 천안문도 잊지 않고 민주주의도 반드시 되찾겠다고 말했잖아. what do you mean by this You said last time that you will not forget 1989 5 35 Tiananmen Square incident and will surely restore democracy.,6,17,True,Recommended,1098,1642797379
배틀 그라운드,핵핵핵핵핵핵핵핵핵핵핵핵핵핵핵핵핵핵핵핵핵핵핵핵핵핵핵핵핵핵핵핵핵핵핵핵핵핵핵핵핵핵핵핵핵핵핵핵핵핵핵핵핵핵핵핵핵핵핵핵핵핵핵핵핵핵핵핵핵핵핵핵핵핵핵핵핵핵핵핵핵핵핵핵핵핵핵핵핵핵핵핵핵핵핵핵핵핵핵핵핵핵핵핵핵핵핵핵핵핵핵핵핵핵핵핵핵핵핵핵핵핵핵핵핵핵핵핵핵핵핵핵핵핵핵핵핵핵핵핵핵핵핵핵핵핵핵핵핵핵핵핵핵핵핵핵,6,6,True,Recommended,379950,1633502509
배틀 그라운드,배그 나락나락나락나락나락나락나락나락나락나락나락나락나락나락나락나락나락나락나락나락나락나락나락나락나락나락나락나락나락나락나락나락나락나락나락나락나락나락나락나락나락나락나락나락나락나락나락나락나락나락나락나락나락나락나락나락나락나락나락나락나락나락나락나락나락나락나락나락나락나락나락나락나락나락나락나락나락나락나락나락나락나락나락나락나락나락나락,6,11,True,Recommended,11569,1627437379
배틀 그라운드,고인물겜,6,51,True,Recommended,37435,1625661484
배틀 그라운드,"신맵이 나올때만 일시적으로 접속자가 늘어나고, 신맵을 제외하고는 봇들이 대다수임. 운영이 말아먹은 게임.",6,77,False,Not Recommended,22129,1606870739
배틀 그라운드,발전없는게임,6,52,False,Not Recommended,49560,1579704041
배틀 그라운드,핵 잡는것만 잘하면 좋을것같아,6,37,True,Recommended,9570,1576635770
배틀 그라운드,게임이 점점 졋같네요,6,52,False,Not Recommended,14049,1576064274
배틀 그라운드,핵존나많아 병신같은게임,6,45,False,Not Recommended,306668,1573276489
배틀 그라운드,핵을 아주아주 많이 마주칩니다. 핵을 지능적으로 쓰는 사람도 많아서 잘 모르고 지나치는 것까지 생각하면 거의 모든 판이 핵을 쓰는 사람이 있다고 봐도 무방합니다. 핵을 잡을 생각도 없어 보입니다. 일반유저보다 핵쟁이유저 돈으로 먹고사는 게임입니다. 요즘들어 계속 해야 되나라는 의문이 많이 드네요. 현 시간부터 현질을 안할생각입니다. 언제라도 핵땜에 망할거 같아요.,6,61,True,Recommended,344188,1572823894
배틀 그라운드,제발 핵좀 잡아라 시밤바야!!!,6,31,True,Recommended,433571,1571825516
배틀 그라운드,핵쟁이가 판치누... 워모드 오랜만에 들갔다가 중국인들 1렙 뚝배기인데 카구 6번 맞춰도 안죽더라 나만 죽더라 다른애들이랑,6,21,True,Recommended,79640,1571650063
배틀 그라운드,한국게임의 희망..... 이었던,6,14,True,Recommended,1077,1565961761
배틀 그라운드,재미있어요,6,19,True,Recommended,37857,1560512705
배틀 그라운드,"처음 했을땐 죽어도 재밌었는데 열쇠 나오고 손절각 보다가 핵이 깽판치니까 죽으면 재밌다기 보단 멘탈이 깨지더라 32000원 주고 내 멘탈을 아주 잘 부셔준 갓겜. 얼리때가 황금 동아줄 이면 지금은 썩은 동아줄이다, 문제는 얼리도 개적화라 100 황금도 아닌 걍 동아줄에 도금만 한 수준 차이나 파워를 보여준 좋은 사례 핵좀 그만 써",6,44,False,Not Recommended,5382,1560058392
배틀 그라운드,배그가 배그했다,6,23,True,Recommended,66624,1556759555
배틀 그라운드,잘못만들었음,6,43,False,Not Recommended,84682,1549651476
배틀 그라운드,랜덤으로 스쿼드를 돌릴시 중국인들이 갑작스럽게 팀킬하는 경우가 빈번하게있습니다 팀킬을 고의적으로 할시 누적되는 특정 경고 유저 아이콘 표시같은게 필요해 보이고 경고 유저를 대상으로 팀킬할시 본인은 누적되지 않는 시스템이 필요합니다,6,147,False,Not Recommended,7443,1549159528
배틀 그라운드,무슨 하드웨어정지라면서 하드웨어 우회하는놈들은뭐임? 정지시키는거맞아요? 무슨 ESP도못잡냐 운영진이 하드웨이정지당하면 아에못들어간다면서 잘도들어가네?,6,64,True,Recommended,19093,1543645277
배틀 그라운드,고인물이 너무많다 하기싫다,6,3,False,Not Recommended,81398,1543021075
배틀 그라운드,제발 맵선택기능을 다시 만들어주세요,6,73,True,Recommended,88316,1537861413
배틀 그라운드,얼리때가 좋앗다,6,230,False,Not Recommended,43020,1537444078
배틀 그라운드,재미있는 한국게임 한국다운 한국게임 같은 한국게임 그래픽 더러운 한국게임 발적화 한국게임 핵전쟁 한국게임 샤발 걍 북한게임 위대한 북조선놀이 반동개심한 북조선놀이,6,13,True,Recommended,60694,1536324608
배틀 그라운드,핵 좆망겜,6,114,False,Not Recommended,14278,1534145925
배틀 그라운드,갓겜으로 시작해 망겜으로 가는 길...,6,81,False,Not Recommended,14730,1533423226
배틀 그라운드,이벤트패스 하지마세요. SMG 킬 해도 클리어 안되구 오늘날짜 6월 28일 퀘스트미라마 1분동안 운전하기. 몇시간째 4자기장계속 차만 달렸는데 안깨짐 그외 다른 퀘스트들도 깨지지않고 시간도 플레이시간만 오래했다고 해도 시간 안올라가는게 많음.,6,25,False,Not Recommended,69217,1530112389
배틀 그라운드,서버관리랑 핵만 줄오들면 갓겜,6,49,True,Recommended,211697,1525356018
배틀 그라운드,아이템 드랍률이 너무 극과극입니다. 그래서 게임이 실력빨이 아닌 운빨이 되버렸습니다.,6,34,True,Recommended,115239,1522581867
배틀 그라운드,차 존나 뒤집어짐,6,15,True,Recommended,24013,1520643043
배틀 그라운드,그냥 망겜 돈주고 산 게임인데 두판에 한판은 핵쟁이 만남 KR 썹인데도 중국핵쟁이들 개많음 그냥 그리고 정발 한지가 언젠데 아직도 최적화 안되고 툭하면 서버 팅기고 게임 버그는 패치할때마다 새로 생겨 그러면서 코디 아이템은 잘만 늘리는구만 그리고 내가 인게임으로 번 배틀포인트로 상자 사는데 데스페라도 이딴거 뜨면 왜 현질해서 까야하는지 모르겠음 돈독 오를데로 올랐으면서 게임관리 서버관리는 못하는 망겜,6,101,False,Not Recommended,33983,1520007233
배틀 그라운드,오버워치 트레이서 콜라보 끝나면 복귀할게,6,8,False,Not Recommended,22256,1514390002
배틀 그라운드,사람들을 나무상자로 만들고는 치킨을 뜯는 게임,6,2,True,Recommended,33549,1508424123
배틀 그라운드,운빨좆망겜,6,15,True,Recommended,208451,1507278269
배틀 그라운드,이건 미쳤어,6,43,True,Recommended,46536,1498831005
배틀 그라운드,"국뽕거르고 최적화 잘하고와라, 그럼 형이 다시사줌 마그래서 다시샀다",6,23,False,Not Recommended,7675,1495346239
배틀 그라운드,인간과 사이보그 AIM BOT 의 전투를 할 수 있는 게임. 미래 전쟁에서 AI가 인간을 상대 할 경우 속수무책으로 당할 수 있단걸 느끼게 해준다.,5,11,True,Recommended,185615,1746334534
배틀 그라운드,"잘 만들어진 자유도 총기 디테일 마케팅 까지 모든게 좋은게임 그러나 중국인들이 핵으로 게임을 망쳐서 사람들이 안하게되는 게임 인종차별이 아니라 핵쓰면 80 이상이 중국인임 , 나라를 벤시키는게 좋을것 같음",5,64,True,Recommended,152636,1736402541
배틀 그라운드,RIP,5,13,True,Recommended,84545,1671207998
배틀 그라운드,핵쟁이 짱개들 검거안하냐 일해라 펍지 시뽕들아,5,36,False,Not Recommended,120174,1651588574
배틀 그라운드,용량 최적화좀 안그래도 다운속도도 다른게임에비해 느린데 이번 업데이트하는데 무슨 27GB나잡아먹음?,5,55,False,Not Recommended,47726,1647424682
배틀 그라운드,염병할 중국놈들한테 해킹당해서 영구정지 먹었는데 항의해도 본 척도 안함. 한국에서 416시간을 했는데 영정 먹은 날 중국에서 로그인 기록 있다는 증거까지 첨부했는데도 왜 안풀어주냐?,5,80,False,Not Recommended,24954,1633248117
배틀 그라운드,그들만의 리그만 좀 어떻게 해줘,5,38,True,Recommended,34562,1622369300
배틀 그라운드,카배도 포함해서는 만시간 넘게했는데 그냥 배그만한 게임 못찾음.,5,27,True,Recommended,138970,1622038446
배틀 그라운드,"This game is very very Beryl SSibal no balance game, oh beryl is johnna powerful",5,2,True,Recommended,194058,1620112566
배틀 그라운드,초창기 배그가 제일 재밌었음,5,113,True,Recommended,52040,1619521706
배틀 그라운드,그저 갓... 핵만 좀 잘 잡아주면 좋겠따.,5,18,True,Recommended,157371,1615389995
배틀 그라운드,망겜,5,13,True,Recommended,28935,1610102326
배틀 그라운드,망겜망겜하는데 이유가 있지만 이거만한게임이 없는것 또한 사실임,5,44,True,Recommended,136865,1608121543
배틀 그라운드,짱 이 내 계정털고 들어가서 핵써가지고 정지먹음 어차피 접은지 오래되서 상관없긴한데 왠지 비추를주고싶어져서 이제와서 비추남김,5,16,False,Not Recommended,10937,1607695069
배틀 그라운드,못해도 가끔씩 생각나서 하게된다,5,62,True,Recommended,44353,1606628949
배틀 그라운드,"일단 저는 카카오 서버에서 총 500시간 가량 넘짓 해온 유저입니다. 친구와 지인들의 추천으로 스팀에서도 계정을 한개 더 구매하여 부계정까지 합친 총 금액 96000원을 오직 배그 사는것에만 사용하였습니다. 스팀과 카카오를 비교하자면 일단 스팀은 테스트 서버가 있습니다. 말그대로 카카오 서버는 테스트 서버가 없습니다. 그 점이 일단 저에겐 좀 큰 평가가 나누어졌습니다. 그리고 안좋은 쪽으로는 스팀은 핵이 많고 또 일단 글로벌 서버 특성상 한국인이 대다수인 경우도 있지만 중국인들이나 다른 유럽 아메리카 대륙 국가들의 사람들과 팀이 되는 경우도 예를 들어있습니다. 카카오 서버는 오직 한국인들만 있죠. 그래서 저는 스팀 서버 왔으니 초딩들이 좀 적을거야.. 그칭? 이란 마음가짐으로 게임 몇판을 돌렸건만, 이런 러시아 맙소사 초딩이 꽤 많더군요..아니면 제가 서버가 겹친것일지도 모르긴하지만 말입니다. 카카오 서버와 스팀 서버를 함께 깔면 안되는것인지는 저도 잘 모르겠군요... 아무튼 간에 제 평가를 아래 칸에 정리 하겠습니다. 그래픽 10 8 그래픽 같은경우 저는 사녹이 나오기도 전에서부터 배그를 해온 유저라서 만족합니다. 컨텐츠 10 5 저는 2018년도 카카오 서버에서 부터 시작한 사람이므로 그당시에는 사녹은 물론 에란겔과 미라마, 특히 미라마가 새로 나왔었을때였습니다. 하지만 현재의 배그는 조금 컨텐츠성이 떨어집니다. 저는 차라리 비켄디에서부터 맵이나 모드 업데이트를 멈췄어야 했다고 생각합니다. 그때가 이 게임의 전성기 였습니다. 노출 10 2 게임 캐릭터의 속옷 묘사가 다소 있지만 그것을 가지고 문제를 잡는건 멍청한 짓입니다. 유저 10 4 유저 부분은 제가 정말 점수를 드리고 싶어도 드릴수가 없을것 같습니다. 오늘 제가 또 스팀 배그를 하던 도중 저는 산쪽에서 망을 보고 있었는데 뒤에서 풀 스쿼드 였던 우리 팀 두명이 갑작스럽게 죽었습니다. 저는 적한테 맞았구나라고 넘어갔지만 잠시뒤 초딩이었던 4번이 1번에게 1번 그만! 이라는 외침을 듣고 알았습니다. 뒤를 돌아보니 저에게 다가오고 있더군요. 그래서 제가 역으로 그를 쏴서 기절 시켰습니다. 마이크로 왜 죽였냐? 라고 말했으나 반응이 없길래 그 뒤로 3킬 더하고 죽었을떄 리플레이로 가서 보니 그 사람의 레벨은 저와 비슷하지만 살짝 높게 12였습니다 반대로 다른 팀원은 각각 100 이상이였죠. 플레이를 되돌아보니 줍는것도 빠르게 줍긴 커녕 마우스를 움직여서 템창이 아닌 클릭으로 줍더군요. 팀킬 할때도 줌도 안하고 쐈으며 다른 적을 만났을때도 줌 없이 쏘다 죽었습니다. 저는 바로 이 유저를 신고했죠. 근데 놀라웠습니다. 신고 3시간만에 메시지가 오면서 팀킬 이라는 이유로 신고하였던 geo 언급 안하겠습니다. 가 더 자세한 조사를 받기 위해 2020년 11월 14일까지 이용 정지를 하였습니다, 신고하여 주셔서 감사드립니다. 라는 문구가 뜨더군요. 운영에서 점수 더 드립니다. 운영 10 8 저는 카카오 서버에서 온 유저라 이 게임을 하자마자 큰 다른점을 느꼈습니다. 위에 제가 쓴 유저부분에서 말했듯이 관리가 카카오 서버보다 훨씬 잘되어있습니다. 저는 한국인만 현재 만나봐서 잘은 모르겠지만 카카오 서버는 신고해도 정지시켰다는 메시지가 안오는 반면 스팀은 3시간만에 메시지가 왔습니다. 운영에서는 좋은 점수 드립니다. 조작 10 7 조작은 처음에는 누구에게나 다 어렵습니다. 하지만 모두들 하다보면 적응되는겁니다. 배그 한 100시간 이상 하신분들 부터는 모든 조작을 이미 다 외우셨을겁니다. 총 평가 점수 10 7 간략하게 정리하겠습니다. 지극히 개인적이므로 노출이라든지 그딴건 포함 시키지 않고 환상적 매우 좋음 좋음 보통 싫음 매우 싫음 끔찍함 에서 좋음 드리겠습니다.",5,30,True,Recommended,8096,1604759282
배틀 그라운드,sibal ami뒤진game,5,5,False,Not Recommended,36535,1604646122
배틀 그라운드,무선컴터이신 분들은 하지마세요,5,30,False,Not Recommended,278,1601090887
배틀 그라운드,"요약 전세계를 뒤흔들 었던 국산 배틀로얄게임 배틀로얄 게임의 혁신게임이지만 개선이 많이 필요한게임이며 많은 사람들이 하는게임인 만큼 업데이트가 빠르게 이뤄져야하는데 속도는 조금 느린편이고 큰문제도 대부분 해결되지 않음. 하지만 꾸준히 개선하려는 모습은 보임으로 많은 기대가치가 있는게임. 해볼만 하지만 갓겜은 절대로 아님 장점 1. 꾸준히 개선하려는 의지를 보이고 업데이트를 하는 모습이 보임. 2. 시원시원한 전투와 총소리 3. 팀합과 전략이 중요한 배틀로얄게임 4. 상황에 따라 유동적으로 바뀌는 전투스타일 단점 1. 핵이 많음. 사실상 한판당 10명 20명이 아닌 최대 100명이 투입되어서 진행하는 게임이기에 핵이 없다는것은 사실상 힘들지만 고티어로 정착할 수록 많이 보이는 핵 2. 뉴비 배려가 아주 많이 부족함. 튜토리얼 없음, 아이템 설명 부족, 지형 정보 부족, 총기 반동 부족 3. 매칭 시스템 잘하는사람과 못하는사람 동일 매칭 4. 타겜에 비하면 심한 카메라 흔들림 1인칭만 해당 5. 심한 총기밸런스 상위권에서 쓰는총기는 대부분 정해져 있음",5,71,False,Not Recommended,9700,1594047827
배틀 그라운드,배그 리소스 파일에 문제가 발생했습니다 이거 뭐야 아오 진짜 게임 좀 하자,5,37,False,Not Recommended,23248,1591148673
배틀 그라운드,10분지났는데 게임에 안들어가짐,5,3,True,Recommended,10272,1590910982
배틀 그라운드,짱깨 새끼들 때문에 못해먹겠네 치킨을 먹고 싶어도 손놓게 만드네 개같에서 이게임 하나봐라 싯바거,5,29,False,Not Recommended,7688,1579692297
배틀 그라운드,"h1 유통기한이 끝나고 있는 과거형 갓겜입니다. h1 초창기 물리엔진에 문제가 있었으나 오히려 그 점이 재미로 승화되고, 당시 흔하지 않은 배틀로얄이라는 장르로 가장 핫한 게임이었으나 무수히 많은 핵쟁이들, 한국 서버를 뚫고 들어오는 중국인들로 인해 점점 부식 되었습니다. 아직까지도 게임은 재미있으나 마음먹고 게임을 켜지 않으면 손이 가지 않게 되었네요. 그럼에도 아직까진 현역인 게임입니다. 세일할 때 사는정도가 적당하네요.",5,56,True,Recommended,37298,1575361678
배틀 그라운드,핵쟁이 존나많음 진짜로 개빡침,5,26,False,Not Recommended,198826,1573043283
배틀 그라운드,무료화 되고 나서부터 해킹이 더 심해지고 핵은 더 많아졌다 이건 누구를 위한 무료화인가 핵을 못 잡을꺼면 무료화를 하지마라,5,55,False,Not Recommended,121851,1568385791
배틀 그라운드,허구헌날 시즌패스따위나 만들어서 돈만 뜯을 생각 하지 말고 핵을 잡던가 중국이랑 서버를 분리시켜라 할겜 없어서 이거 하는 나도 개돼지지만 진짜 욕나온다,5,70,False,Not Recommended,103943,1564049091
배틀 그라운드,핵만 잡으면 갓겜,5,40,True,Recommended,73740,1563423727
배틀 그라운드,"욕하고팀킬하고그런초딩이 이게임을한다, 그리고 지가먼저시작하면서 신고를막한다, 그래서나는 지금 5월 21일까지정지다 나는 너무 억울하다.",5,56,False,Not Recommended,69239,1555917049
배틀 그라운드,핵만없으면 다신없을 갓겜 이게뭐라고 1400시간 했니...,5,40,True,Recommended,370777,1552195726
배틀 그라운드,"최적화,핵,열쇠상자,dlc,짱깨 기타 등등 떄문에 안함 얼리액세스 때는 그래도 고치겠지 하며 했지만 달라진점이 없다 유저들이 왜 떠나는지 알거같음",5,112,False,Not Recommended,14907,1547440874
배틀 그라운드,사실 친구들과 즐기기에는 충분히 재미있는 게임. 그러나 핵과 중국인이 게임을 망쳐 놓음.,5,93,True,Recommended,13424,1545903321
배틀 그라운드,서버 분리 필요 중국인 민폐,5,236,False,Not Recommended,148021,1544105385
배틀 그라운드,달리기 시뮬레이터 2018 Running Simulator 2018,5,2,False,Not Recommended,2206,1543017003
배틀 그라운드,아니 서버 선택기능 어디갔어요 오른쪽 하단에 KR 그 버튼,5,40,True,Recommended,14714,1538552757
배틀 그라운드,"얼리부터 했던 사람으로써 1000시간 좀 넘게 했음. 정말 재밌는게임이고 잘만들었으나 잔버그와 오류, 렉, 서버관리.. 특히나 핵쟁이들때문에 욕이절로 나오는 상황이 많이발생함. 그러나 패치를 할때마다 용량은 드럽게 늘어나고 패치할때마다 이상한 버그가 생기면서 잔버그가생김. 그리고 32000원이나 하면서 정작 튜토리얼같은 메뉴는없고 그냥 바로 실전이라 배그를 산 갓뉴비들은 진입장벽을 느끼게되며 뭘해야되고 어디로 가야되는지도 모르며 고인물들한테 좋은 먹잇감이 되는거뿐.. 진짜 배틀그라운드를 사고싶고 오래 할 생각이면 사는걸 말리진않겠지만 잔버그와 오류 서버터짐, 핵쟁이들한테 당해가면서 하기 싫은사람들은 조용히 취소버튼 누르면된다. 1000시간넘게 하면서 절대 다른사람한테 추천해준적이없고 게임하면서 욕이란건 거의 한적이없는 나지만 배그하면서 욕이늘었음.. 아무튼 그냥 사람들 다떠나고 고인물들만 남은 이겜은 얼마나갈지가 궁금하다",5,69,False,Not Recommended,78630,1534654008
배틀 그라운드,갓겜 헬조센 망겜,5,36,False,Not Recommended,44306,1534157158
배틀 그라운드,패치후 안들어가짐,5,33,False,Not Recommended,37517,1533713998
배틀 그라운드,이 겜의 유일한 장점 동네 피시방 평균 사양 높여줌,5,7,False,Not Recommended,10073,1532863946
배틀 그라운드,카스정도의 최적화는 아니더라도 어느정도 최적화는 해줘야지 이게 뭠니까,5,155,False,Not Recommended,26273,1526186874
배틀 그라운드,물리엔진 같네 끼는 현상좀 고쳐라,5,1,False,Not Recommended,20063,1521963777
배틀 그라운드,핵좀잡고 중국좀 한국서버에 못오게 해주시고,5,41,True,Recommended,28043,1520496874
배틀 그라운드,"게임은 대체적으로 재밌는 편이다. 하이즈랑 비슷하지만 캐릭터의 정교한 움직임 그리고 현실성을 반영한 탄도학 등 여러 요소들이 전체적으로 게임에 잘 녹아든다. 적응하기도 쉽고 어려웠던 분께는 유감 최근에는 슈점, 슬라이드가 사라지고 파쿠르가 생기는 등 많은 업데이트와 노력을 보여주고 있다. 하지만 역시 유명세 타는 게임은 피할 수 없는 핵이 여기서도 한 몫 하고 있다. 핵은 점점 더 교활해져가는 와중에 신규 의상이나 상자등을 내놓는 면에서는 실망이다. 정식 런칭이라고 하기에는 최적화가 덜 되었고 핵 역시 난무한다. 게임성으로만 본다면 역시 만점을 주고 싶은데, 결론은 핵과의 전쟁을 견딜 수 있는 분들께는 추천드리고 싶다.",5,79,True,Recommended,19894,1516026345
배틀 그라운드,그냥 핵좀 잘 잡고 최적화나 잘 하자,5,27,True,Recommended,15921,1511422886
배틀 그라운드,"요약하자면.... 이 게임의 게임성 자체는 정말 뛰어납니다. 이거 하나 땜에 살 이유가 충분하고, 오랫동안 재밌게 할 수 있습니다. 게임성 하나는 갓겜임. 저도 게임성 하나 때문에 샀으니까요. 쪼는 맛도 캠핑하는 맛도 있고, 정답이 없어 99대 1의 싸움에서 어떻게 생존해야 좋은지 늘 고민하게 만드는 그런 게임입니다. 항상 상황이 유동적이라 그 때 마다 얼마나 유연하게 대응하느냐가 관건인 게임이죠. 문제는, 그 게임성 빼고는 다 쓰레기라는 거..... 얼리 억세스인 걸 감안해도, 최적화는 동정의 여지가 없습니다. 풀옵 땡겨도 10년 전 게임보다 그래픽이 구리고, 그 구린 그래픽으로 하는데도 풀HD 기준 144프렘 땡기기가 거의 불가능 합니다. 라이젠 1700에 1080이 덤벼도 100 144 왔다갔다 하니 말 다했죠. 저같이 시퓨 라이젠 1600 는 좋은데 그래픽카드가 3년전 메인스트림 270x 이고 램이 8기가 이하인 경우, 인벤토리를 열 때 마다 1 2초씩 렉이 발생하는 건 일상다반사에, 최하옵으로도 40 60 프레임을 왔다갔다 합니다. 안티 하나 올렸다고 프렘이 5 10프레임씩 깎여요. 위처3도 중옵으로 60 고정인 마당에.... 그리고 탈 것에서 속도가 조금만 높아도 뛰어내리면 걍 추락사 하고, 슈퍼점프라는 해괴한 버그성 플레이가 기본이고, 오토바이 잘못 타면 의문사하는데다, 맵에 끼이면 점프상태가 영원히 계속돼서 죽을 때 까지 영영 못 빠져 나오기도 하고, 총을 든 상태로 벽에 붙으면 총구가 벽 밖으로 삐져나가서 있는 위치를 들킨다던가.... 대충 생각나는 것만 이정도입니다. 그리고 버그는 아니지만, 헤드셋이 7.1채널이 아니면 앞뒤 위아래를 거의 분간할 수 없어서 상당히 불리합니다. 요새 총겜 중에 스테레오로 이런 거 지원 안 되는 게임이 얼마나 됩니까? 카스할 때 거의 사플로만 먹고 살았는데, 다시금 소스엔진의 위대함을 느끼게 하는 게임입니다. 결론적으로, 이 게임은 외국인 디렉터가 만들어낸 게임성 하나만 보고 사야되는 게임이며, 모든 걸 감안하고서도 살 가치는 있습니다. 하지만 완성도 부분에서는 정말 심각하게 스트레스를 받을겁니다. 멀티코어를 지원하고 있는 걸 믿을 수가 없는 퀄리티죠. 장담하는데, 외국인 디렉터가 아니었으면 백퍼 이상하게 만들어져서 망했을 게임입니다. 말이 한국게임이지, 사실상 외국게임에 가깝다는 생각이 듭니다. 게임성을 제외하고는 한국게임의 퀄리티를 그대로 이어받고 있으니까요. 뭐라고? 이 게임을 9월에 정식버전으로 내놓는다고? 그래 그렇겠지.... 최소한 내년 9월에 말이야.... 라고 생각하게 만드는 게임이니, 잘 생각해보고 사세요.",5,22,True,Recommended,61692,1505388356
배틀 그라운드,For Kakao,5,31,False,Not Recommended,16428,1502714304
배틀 그라운드,호구들이 보인다. 비판하는 글에 얼리 액세스를 방패삼아 최적화 진행중이고 아직 테스트 중인데 왜 막말하냐 고한다.돈 주고 산 게임이고 테스트라면 제작진들이 원하는게 문제점 지적이다. 똥꼬빨시간에 문제점 지적해주는게 이게임이 더 잘되는 길이다.돈 받고 팔고있는 게임인데 얼리 액세스라도 기본적인 최적화와 서버문제 해결도 못하고 내놓았으면 욕처먹는건 당연한거다.,5,62,False,Not Recommended,78178,1493513688
배틀 그라운드,"계정 짱깨련들한테 도용당해서 닉네임 변경하는데 G코인 사용된것 때문에 문의했더니 스팀이랑 배그 고객센터간 무한 핑퐁중 닉네임 볼때마다 진짜 혈압올라 뒤질거 같은데 거기에 고객센터 답변 확인할때마다 정신 나갈거 같음 뭐 중국에서 접속한 로그인 기록, 계정 도용관련 스팀답변 다 보내줘도 히히 도용사실은 확인할 수 없고 정상적 으로 거래된 G코인에 관해서는 환불해 드릴수 없어요 ! 니들 눈에는 도용당해서 닉네임 NTR 당한게 정상적이냐?",4,7,False,Not Recommended,43798,1722593844
배틀 그라운드,람보르기니 너무 비싸여 핵 너무 많아여 근데 재밌어요,4,31,True,Recommended,93558,1720840198
배틀 그라운드,꿀잼 no jem tlqkf,4,8,True,Recommended,11857,1703694483
배틀 그라운드,"핵만 없으면 갓겜인데 진짜 마음아프다 이제 더 이상 ,,,,, 힘들다",4,61,True,Recommended,681254,1684671661
배틀 그라운드,"나는 베이징의 천안문을 사랑해 xa bi xijinping ,",4,30,False,Not Recommended,22541,1675903168
배틀 그라운드,중국만 없으면 클린한 게임,4,57,True,Recommended,4791,1674653692
배틀 그라운드,무료로 풀렸는데 핵 유저들에게 왜 유예를 주는지 모르겠다. 범죄자도 인권이라는게 있는건가?,4,9,False,Not Recommended,55147,1659450808
배틀 그라운드,무고영정 떄려놓고 핵썻대 어이가 없어서 븅신같은겜,4,30,False,Not Recommended,223424,1654944627
배틀 그라운드,무료화 할거면 환불해주기 바람,4,80,False,Not Recommended,20258,1645691409
배틀 그라운드,업데이트 가 시발 안되는데 게임을 하라는거냐 좀 고쳐라 스팀 개새끼들아,4,27,False,Not Recommended,51262,1625662973
배틀 그라운드,뭐라고 할말이 없네 그냥 해보세요,4,10,True,Recommended,15289,1625381834
배틀 그라운드,게임은 재밋으나 운영이 수준미달 핵은 잡지않고 잡는 시늉만함 본인들의 관리부족으로 인한 피해를 유저측으로 전가함 2022 09 24 아직까직도 핵은 안잡히고있음 오히려 더 심해짐 핵유저와 마주친건 개인의 선택입니다 배그를 하신건 개인의 선택입니다 배그도 이 라인이냐?,4,27,False,Not Recommended,138830,1621750395
배틀 그라운드,"초창기 배그는 친구들이랑 같이 집 존버하면서 모닥불피워놓고 대화하는것마냥 못다한 얘기도하고 싸울땐 싸우고 그런 맛이 있었는데 요즘은 그냥 실력 고인물 게임에 핵이 판치니까 그 감성, 그 맛이 없어서 아쉬움. 모든 게임이 시간이 지날 수록 겪는 일이지만 어쨌든 그때가 가장 재밌었음. 실력도 좀 부족한지라 이젠 안할듯.",4,88,True,Recommended,27644,1621450507
배틀 그라운드,핵쟁이와 고인물밖에 남지 않은 게임. 매판마다 500레벨이 수두룩해서 어지간히 고이지 않으면 게임을 즐길수도 없음. 이럴거면 레벨별로 매칭구간을 나눠서 모자라면 ai를 넣는게 낫지 않나 싶다. 왜샀는지 아까워짐,4,59,False,Not Recommended,27987,1621255123
배틀 그라운드,갓겜 bb,4,34,True,Recommended,116130,1617536987
배틀 그라운드,옛날의 그 설레는 느낌이 다 사라짐,4,117,False,Not Recommended,31804,1615015612
배틀 그라운드,핵이 많다는거는 모두가 아실거라 생각하고요 또하나 게임을 하면서 욕이나 팀킬을 한다는등 무개념하고 덜떨어지는 사람들이 종종 보입니다. 도데체 무슨 재미로 염치없는 행동을 하는지 도무지 모르겠습니다. 혈압 오르기 싫으신 분들에게는 매우 비추하는 게임입니다. 글에 좀 안좋은 말이 많이 있지만 꼭 틀린말이 아니라 문제요소만 적은거기 때문에 비난은 안하면 좋겠습니다.,4,40,False,Not Recommended,263651,1613840479
배틀 그라운드,씨발 뭐 업데이트를 겜을 안에 하나더 만들었음 ? 존나 오래걸려 시발,4,19,False,Not Recommended,139460,1610529209
배틀 그라운드,", 60 , , , . Saibre",4,0,True,Recommended,22584,1608129174
배틀 그라운드,위너 위너 치킨 디너,4,23,True,Recommended,51289,1607285364
배틀 그라운드,최적화가 정말...,4,57,False,Not Recommended,15768,1606050762
배틀 그라운드,핵만 없으면 갓겜,4,75,True,Recommended,14917,1605961010
배틀 그라운드,얼리때가 제일 재밌었고 갈수록 븡신이 되어가는 게임,4,35,False,Not Recommended,22274,1603340807
배틀 그라운드,이런 좆망겜 내가 왜 이용정지인지 필히 검토 후 합당하지 않으면 배상해야 할것이다 펍지새끼들아,4,24,True,Recommended,202275,1598922424
배틀 그라운드,아니 내가 배그 사고 한시간 하고 그 뒤로 킨적이 없는데 갑자기 내가 정지가 걸렸다고 하는데 풀릴때까지 기다렸더니 또 정지를 먹었음 근데 갑자기 친구들이 하자고 해서 언제 풀리는지 확인하는데 영정이랜다 이게 뭔 소리야 환불하려고 사정 적어서 해도 2시간 이상 플레이 하면 환불할수 없다는 매크로 답변이나 듣고 싶은줄 아나 난 32000원 써서 게임을 구매했다가 아무것도 하지 않았는데 스팀이 보안을 못한걸 왜 내가 피해를 봐야해 이게 내가 잘못한거냐?? 난 누구한테 계정을 빌려주긴 커녕 빌려줄만한 사람도 없는데 환불이라도 해주던가 짜증나 죽겠네,4,48,False,Not Recommended,2272,1597146272
배틀 그라운드,"정말 사랑했던 게임. 하지만 핵을 잡지 못하여 그 누구보다도 실망감을 준 게임. 또한 펍지의 잘못만도 아닌 작성자의 잘못도 있겠지만 스팀 가드를 통한 이중 보호를 했음에도 해킹이 2번 일어나서 현재는 VAC차단 당함. 양자가 모두 억울하겠지만, 옆 동네의 협곡은 8년 가까이 해킹을 당해본 적이 없음. 심지어 게임을 구매해서 하는 것이라서 이 부분은 해결이 필요하다고 여겨짐. 이와 관련하여 문의 하였으나 봇처럼 한결같은 대답이 돌아옴 배그에서 봇을 많이 사랑하는 거 같음. . 그 외에도 업데이트를 통해서 새로운 모습을 보여주려고 하나, 최적화가 현저히 떨어짐. 그저 렉. 렉. 렉. 렉. 고사양 자본가를 위한 게임. 핵을 잡기가 어려운 이유와 어떠한 식으로 진행되는지? 무엇을 노력하고 있는지? 이 부분에 대해서 독자적이고 구체적으로 제시된 바가 없음 일전에 핵을 잡기 위해 노력하고 있다는 동영상을 제시하였지만, 개인적으로는 민심을 돌리기 위해 노력하는 현장의 모습을 지속적으로 보여 줘야한다고 생각 마지막 위의 본론에 대해서 언급하자면 해킹 문제도 정말 심각함. 핵을 쓰는 유저가 해킹을 하는 유저일 확률이 높다. 그런데 스팀에서 할 수 있는 최고 보안인 일반 비밀번호 변경과 스팀 가드의 이용을 했음에도 쉽사리 뚫려 계정이 악용 당함. 현재는 소수의 사람이 이러한 일을 겪겠지만, 점점 더 많아 지기 전에 해결책을 강구했으면 바람. 어쩔 수 없다 가 아닌 게임 구매자에게 대한 차선의 방법을 제시해줘야 이 게임을 지속적으로 사랑해줄 수 있을 것 같다. 최악이라도 게임 재구매를 하게라도 해주길 바람... 게임은 그 누구보다도 추천하고 싶다...",4,42,True,Recommended,84412,1596263304
배틀 그라운드,재미있음,4,30,True,Recommended,32960,1590022806
배틀 그라운드,안해 겜,4,2,False,Not Recommended,61401,1588398537
배틀 그라운드,이 게임 핵없으면 개꿀잼 꼭사세요,4,34,True,Recommended,42785,1588391435
배틀 그라운드,인생겜인데 핵단속 빡시게안하면 진짜 인생훅가는겜될듯 이미 갈때까지 간 핵들이지만 젭알 대놓고쓰는건 빤니잡아주세효,4,42,True,Recommended,230092,1587364354
배틀 그라운드,짱깨 안잡냐??,4,78,False,Not Recommended,29315,1586711293
배틀 그라운드,핵잡고 밸런스 패치하고 오류잡으면 갓갬 지금은 갓겜 아님,4,35,True,Recommended,137448,1586659229
배틀 그라운드,"꾸준히 조금씩 해 온 유저로서 당부말씀 드립니다. 전 세계적으로 게임유저들 뿐만이 아니라, 그래픽카드와 컴퓨터 시장경제에 엄청난 파장을 이뤄 온 게임인 만큼, 그만한 책임과 운영을 위한 꾸준한 노력이 필요하다고 생각 됩니다. 다양한 패치로 유저들을 사로잡는것도 중요하지만, 최적화와 핵을 쉬쉬하는 운영법은 절대 옳은 방향이 아니라고 생각합니다. BJ들도 핵을 사용하는 악성 유저들로 인해 마음을 많이 돌리고 있는데, 다른 FPS게임이 더 나온다면 배틀그라운드의 입지는 더욱 낮아 질 것입니다. 부디 하루빨리 이런부분에 많은 투자를 하여 게임을 올바른 방향으로 이끌어 갔으면 합니다.",4,114,False,Not Recommended,54803,1584282099
배틀 그라운드,진심 렉좀 잡아줍시다. 카라킨 패치 후 심하게 걸리는데 이럴꺼면 패치 왜했습니까.,4,51,False,Not Recommended,57769,1583417397
배틀 그라운드,핵이 많아도 꾸준한 업데이트와 총기 밸런싱에 신경쓰며 유저들의 목소리에 귀 기울이는 모습. 그래도 핵이 너무 많아서 접음,4,27,True,Recommended,110229,1573619079
배틀 그라운드,왜해 이딴걸,4,15,False,Not Recommended,21581,1570006743
배틀 그라운드,크러쉬때문에 게임을 제대로 해보지도 못했어요 이거좀 제발 고쳐주세요 한두번도아니고 너무 많이 튕기는거 같아요 제발 제발 이거좀 고쳐주세요 만약 제컴퓨터가 문제라면 뭐가 문제인지좀 알려주세요 i5 8350H 그래픽은 gtx1050 램 공간은 8기가 하드는 300메가 남았어요. 제발 제발좀 이거때문에 게임 한번도 못했어요 제발 좀 고쳐주세요 그리고 해결책좀 주세요제발요,4,7,True,Recommended,100,1565614181
배틀 그라운드,포레스트보다 저급한 그래픽 하지만 더높은 사양이 필요한 그 게임,4,43,False,Not Recommended,96808,1564071842
배틀 그라운드,좋같은 짱깨 핵쟁이 새끼들 개열받네 진짜,4,41,False,Not Recommended,49226,1558772341
배틀 그라운드,"이게임 핵이랑, 중국인만 없으면 개꿀게임이에요 ? 하는사람 댓글 달아주고 좋아요해줘요",4,75,True,Recommended,12141,1553914452
배틀 그라운드,한국 서버 그런거 다시 만들어주시면 안될까요?,4,75,True,Recommended,56925,1547353826
배틀 그라운드,정말 좋아했던 게임이었지만 이젠 손이 안 가는 게임이다..,4,78,False,Not Recommended,33065,1542972140
배틀 그라운드,ching chang chong,4,47,True,Recommended,56860,1540556499
배틀 그라운드,얼리때 친구랑 하면 시간가는 줄도 모르고 했었는데 요즘은 친구랑 게임할때 할 게임 없으면 찾는 서든어택같은 느낌이네요.. 한 두판하면 재미가 없어집니다.. 한달정도 쉬고해도.. 그래도 요즘에는 최적화패치나 여러 패치덕분에 렉도 없이 잘 플래이하고 있지만 옛날의 재미는 없어졌네요.. 아쉽습니다 최종으로 평가한다면 지금은 별2개 정도고 얼리때는 별4개에서 잘 쳐준다면 별5개도 가능하겠네요,4,18,True,Recommended,91593,1535573351
배틀 그라운드,나도 총 타다닥 쏘면 1킬 뜨는 플레이 해보고싶다아,4,6,True,Recommended,16184,1535253314
배틀 그라운드,한참동안 버그를 절대 안고침 서버 안정화도 안해줌 안팔겠다던 옷도 열심히 파심 옛날부터 있던 버그도 안고치고 이거 완전 쑤레기게임 루다가,4,61,False,Not Recommended,186404,1532906327
배틀 그라운드,병신겜,4,41,True,Recommended,269838,1532638091
배틀 그라운드,옜날에는 중간옵으로 돌려도 부드럽게 잘돌아갔는데 갑자기 개적화 패치하더니 그뒤로 스케일 80으로 낯추고 매우낮음옵으로 돌려도 렉이 걸리는건는 뭐냐 레식이나 철권같은 게임들도 잘돌아가는데 배그는 이상한 이벤트만 쳐할줄 알지 최적화할줄은 모르나보네 이벤트나 업데이트하기전에 최적화부터 고치고해라 정말 렉걸릴때마다 역겹다,4,171,False,Not Recommended,17412,1531475354
배틀 그라운드,"이 게임은 한국 게임게의 혁명을 가져다 줄 게임이다. 그러나 핵과 서버 튕김, 팀킬은 꼭 잡아내야 이 게임이 롱 런을 할 수 있고 한국 게임계의 혁명을 가져다 줄 수 있다. 한명의 한국 게이머로서 나는 이 게임에 긍정적으로 다가갈 생각이다. 블루홀 제발 핵, 팀킬, 서버 튕김만 잡아주었으면 좋겠다.",4,53,True,Recommended,28128,1526083597
배틀 그라운드,배그 좆망겜 수준 핵은 잡지도 않고 나날히 늘면서 요즘은 BAD MODULE떠서 팅겨서 죽은적도 다수임 게임의 최적화를 안정화시키는 것에 중점을 두고 나아가는 모습은 좋아보이나 다른 곳에서 문제점이 많이 보임 이제 곧 굳대가는데 이렇게 계속 게임 운영하면 포트나이트한테 먹힘 이미 외국은 벌써 동접자 훨씬 넘음 한국도 곧 포트나이트 열풍 포트나이트 짱짱 배그망해라,4,22,False,Not Recommended,138440,1523860471
배틀 그라운드,이런 핵으로 망한 게임 하지마세요 정신건강 나빠집니다,4,28,False,Not Recommended,26100,1523631805
배틀 그라운드,중1국,4,2,False,Not Recommended,24610,1519971389
배틀 그라운드,"이 게임 절대 사지 마세요. 절대로 일단 카드 집어넣고 얘기합시다. 주관이있는리뷰 분노 짜증 사실 겜은 잘 만든것 처럼 보이고 유저도 엄청 많지만 추천드리고 싶지 않습니다.. 게임시장 틈새를 잘 파고들어서 뜬거지 그렇게 갓겜갓겜 소리들을 겜은 아닙니다. 이미 오래 전부터 배틀로얄 게임 장르는 있었고, 아르마 부터 시작해서 하이즈까지, 특히 하이즈의 킹오브더힐이 스팀에서 가장 인기 있었던 배틀로얄 게임이였습니다. 이후로 배틀로얄 게임은 전무후무 하다 싶이 흘러갔고 몇년만에 나온 배틀로얄 게임인데 이목이 집중됬는데 꽤 괜찮았던 거죠. 그래서 외국인들도 플레이를 많이 하기 시작했구요. 그런 와중에 개발사는 한국 개발사였고, 당연히 한국에도 서비스를 하는데, 한국 게임시장 입장에서 보면 이 게임은 맛없는 한정식 위에 피자,치킨 같은 존재가 된거죠. 양산형 게임부터 시작해서 오버워치까지 적어도 1 2년 이상 묵은 게임들의 횡포와 미숙한 운영에 유저들은 질려하는데, 비유적으로, 앞서 말한 맛없는 한정식 메뉴에 갑자기 피자,치킨 이라니? 당연히 다른거 먹어보지 않겠습니까? 근데 또 해보니까 전혀 색다른 맛에 유저들이 끌린거죠. 이제까지 없던 서바이벌 T F PS인데 또 해보니까 되게 괜찮고 재밌더라 라고 주변에서도 말이 많으니까 유저들은 유입될 수 밖에 없고 동접자는 하늘 높은줄 모르고 치솟았죠. 여기까지만 보면 괜찮은 게임인건 맞습니다 근데 까고 말하면 내가 100시간 하면서 즐거웠던건 친구랑 같이 게임을 즐겨서지, 절대 게임이 재미있어서 즐거웠던건 아니란거죠. 친구랑 같이 즐기면 어떤게임이든 다 재밌고 즐겁습니다. 이 게임의 주 활동은 랜덤한 사람들 최대 100명과 함께 비행기에 타서 거대한 오픈월드 맵중에 내가 내리고 싶은곳에 내린다음에 어떤 방법을 써서든 살아남아 최후의 1인이 되는것이 목표입니다. 최후의 1인 혹은 1팀이 되면 보상으로 점수를 주는데 그 점수로 의상을 얻을 수 있는 보상상자를 획득 할 수 있고 이것은 매회마다 2배의 비용이 됩니다. 그리고 주마다 초기화가 되죠. 맵은 지금까지 총 2개의 거대한 맵이 존재하고 한개의 맵에 여러가지 환경 비,안개 등 이 적용되서 플레이 하게 됩니다. 처음 딱 플레이하면 아마 죽어도 재밌을겁니다. 혼자 하시든 친구랑 같이 하시든요. 그러다가 간간히 모이는 포인트로 상자 까서 의상도 갖고 친구랑 깔맞춤도 해보고 재밌을겁니다. 근데 어느순간 10등 이내로 혹은 1등을 못해서 스트레스 받고 있는 자신을 발견하게 될겁니다. 왜냐면 10등 이내로 못들면 200원 벌기도 힘들거든요. 상자 한개에 700원이고 매번 2배로 뛰는데 말이죠. 개인에게 게임이 스트레스 주는걸 가장 싫어하는 저로서는 도저히 추천 못드립니다. 아르마3에서도 배틀로얄 즐겨봤고 하이즈에서도 배틀로얄 해봤지만 그것들이랑 차별점은 저번에 업뎃한 파쿠르 빼면 거의 없다고 봐도 무방합니다. 제 기준으로는 그래요. 달리 그래픽이 엄청 뛰어난것도 아니고, 최적화를 너무나도 잘해서 앵간한 컴퓨터로도 다 돌릴 수 있는것도 아니고, 그렇다고 서버가 안정적이여서 핑좋고 렉이 안걸리는거도 아니고 이 부분은 동접자가 많아서 어느정도 이해는 하는 부분이지만 돈을 지불했는데 불만족스러운 게임플레이가 지속 된다면 소비자 입장에서는 당연히 불만을 표시할 수 있는겁니다. . 뭐 하나 이래서 갓겜이다! 라고 찝을만한 부분을 찾을 수가 없습니다. 그렇다고 제가 앞서 언급한 아르마와 하이즈에선 이보다 만족스러운 배틀로얄 플레이를 했냐구요? 아뇨. 하이즈는 안한지 근 5년이상 되가서 지금은 어떨지 모르지만 보상상자 시스템은 비슷해서 전혀 만족스럽지 않았습니다. 아르마는 애초에 배틀로얄은 하나의 모드에 불과해서 비교대상인게 아이러니 합니다. 예상 했겠지만 게임이 재미없는 결정적인 이유는 그놈의 중국새끼들이랑 핵입니다. 아주 질려버리고 화딱지 나서 이걸 대체 왜 했는지 내가 한심할 정도. 중국 핵인데 이 이상 설명이 필요한지??? Q 왜요? 설명해주세요. A 싫어요. 사서 해보세요. 혹시 핵이 뭔지 모르시면 제가 사과드립니다. Q 한국서버 가면 괜찮은데 뭔 개소리? A 직접 해보신거 맞죠? 그죠? 카카오 배그 한국섭 말씀하시는거면 번지 잘못 찾으셨습니다. Q 중국인 싫으면 아시아 거르면 되겠네. A 왜 아직도 리뷰 읽고 계세요? Q 유럽이나 미국서버가면 되겠네 그럼. A 모든게 답답하고 총 안맞아도 게임을 즐기실 수 있다면 말리진 않을게요. Q 이걸 살까요 카카오 배그를 살가요? A 둘 다 사지마세요. 그냥 피시방가서 친구들이랑 잠깐잠깐 즐기는 용도로 카카오 배그나 하세요. Q 스팀 배그 있는데 카카오 배그 사도 되나요? A 스팀 배그 환불안되서 유감이네요. 눈물을 머금고 피시방 가세요. Q 친구들은 다 배그하는데 저도 집에서 배그하고 싶어요. A 친구들을 피시방으로 불러내세요. Q 리뷰가 좆같아요. A 이 게임보다 좆같을수는 없죠. Q 너무 주관적인거 같아요. 객관적인 정보좀 주세요. A 이미 드릴만큼 드린거 같습니다. Q 카카오 배그와 스팀 배그의 차이점은 뭔가요? A 카카오는 한국분들에게 서비스를 진행하고 스팀배그는 전 세계적으로 서비스합니다. Q 상자까면 비싼거 나온다는데 그거만 보고 게임해도 되나요? A 그걸로 즐거우시다면 상관없다만 그에 따른 각오는 하셔야 할겁니다. 대충 유추해본 사람들의 심리에 따른 질답을 적어보았는데 판단은 여러분의 몫입니다. 저는 정보와 의견을 전달할 뿐. 절대 사지말고 정 하고싶으면 피시방 가서 카카오 배그 하시라고 적으며 글 맺습니다.",4,39,False,Not Recommended,9459,1518880659
배틀 그라운드,하 게임 괜히 샀네 게임 망겜이야 버그가 무슨 숨쉬듯많이있냐 팅겨서 재접했는데 재접은무슨 들어갔더니 파란바탕에서 아무것도안돼더만 컴터가 쓰래기라고? 웃기지마 그타풀사양 배그풀사향 게임제데로만들어라 찐빠야,4,1,False,Not Recommended,23764,1515497480
배틀 그라운드,"남자가 되고 싶나 그러면 총먹지말고 주먹으로 싸워라, 자신의 뒤를 지켜줄 동료를 원하나 스쿼드 하기엔 긴장되고 솔로 하기엔 동료가 없다 그러면 프라이팬을 찾아라 너의 등이아닌 엉덩이를 지켜줄것이다.",4,1,True,Recommended,50598,1513837461
배틀 그라운드,병신 블루홀새끼야 서버관리 똑바로해라 16메모리가 튕기냐 씨발련아,4,5,False,Not Recommended,47815,1512912147
배틀 그라운드,"블루홀에서 개발한 PLAYERUNKNOWN S BATTLEGROUNDS PUBG 입니다. 배틀로얄 형식의 게임으로서 그렇게 유명하지 않는 장르를 동시 접속율 1위를 달성하게 만든 게임입니다. 일단 모드는 솔로,듀오,스쿼드가 있습니다. 솔로는 1명, 듀오는 2명, 스쿼드는 4명으로 구성되어 있죠. 이 게임은 다양한 총기와 메타가 있습니다. 이걸 활용해 치킨을 뜯어야 되죠. 특히나 이 게임은 사운드 플레이가 중요한데 솔로에서 발걸음을 듣고 어디있는지 알아내고 차소리도 들어야 되야되는 등 정말 많이 쓰입니다. 겉모습이 마음에 들지 않는다면 코인을 모아 상자를 까고 치장을 할 수 있죠. 이거 완전 모자 포트리스 ... 하지만 인기도 많다보니 문제점도 많습니다. 예를 들어 핵이라든지 서버 문제라든지 최적화 문제들 같은 것 말이죠. 이 게임은 한국에서 만들어진 게임으로 현질로 얼룩진 한국 게임 산업에 한 줄기 빛 같은 존재로 이 게임이 과연 다른 게임들과 다른 차별화로 즐겁게 즐길 수 있는 게임이 될지 다른 게임처럼 현질해야 즐겁게 즐길 수 있는 게임인지는 블루홀에게 달렸습니다. 뭐... 블루홀이 옳은 길을 가길 바랍니다.",4,22,True,Recommended,3074,1510569731
배틀 그라운드,이 시발 개좆같은 빨갱이 새끼들아 시불랄 탱탱불알 양불알에보톡스맞고 농구하다 자유투넣는 새끼 들아 서버를 시발 북쪽 아오지 탄광 지하굴에서 여나 왜 게임을 두판돌리면 니미 시발겜이 튕기는지좆도 모르겠다 사대부 새끼들아 재밌는 게임 서버로 폭파시키는 이승만 같은 서버좀 고쳐봐라 이거슨 경고여,4,1,True,Recommended,37334,1507898986
배틀 그라운드,인싸 게임이라며 찐따들이 처음으로 사람 때렸다면서 좋다고 좆질하자너,4,19,False,Not Recommended,4456,1502121804
배틀 그라운드,이번 패치 진짜 안계시네,4,43,False,Not Recommended,58630,1501758678
배틀 그라운드,갖가지 방법으로 죽게되는 게임,4,10,True,Recommended,42382,1499527664
배틀 그라운드,움직이는게 뭔가 딱딱하고 답답하네요,4,1,False,Not Recommended,12468,1498221329
배틀 그라운드,"얼리억세스인점을 감안해도 이 게임을 사서 플레이하기엔 시기상조인것같습니다. 게임의 재미를 판단하기 이전에 최적화, 서버의 문제가 매우 심각합니다. 5라운드를 플레이하면 그중 4라운드정도는 적과 조우후 공격시 1초이상의 프리징 반복으로 그 무엇도 할수 없습니다. 죽는것 외엔. 만약 많은 사람이 낙하한 주거밀집구역이라면 그야 말로 망한겁니다. 착지와 동시에 엄청난 프리징으로 내가 어떻게 움직이는지 어디로 가는지도 모르겠고 어느순간 죽어있는 자신을 발견하게 됩니다. 사양문제는 절대 아니라고 생각되며 4690,970,SSD 혹시 내 컴의 문제인가 싶어서 추가로 더 성능이 좋은 컴퓨터로 테스트해봤으나 심각한 프리징은 여전했습니다. 혹시나 싶어서 또 다른 컴퓨터에서 플레이 해봤지만 마찬가지. 현재로서는 노답입니다.",4,60,False,Not Recommended,154,1490641556
배틀 그라운드,"확실히 많은 분들이 h1z1 상위호환이라 할만큼 게임 자체는 좋습니다. 그러나 서버와 최적화가 발목을 잡습니다. 이제 막 얼리 시작한 게임이라는 것도 있지만, 베타를 거쳤음에도 불구하고 서버 문제가 있다는 것은 심각합니다. 적어도 서버 관련해서 공지 혹은 답변이라도 있으면 모르겠으나, 관련 피드백이 부재합니다. 거기에 그래픽카드가 풀로드 되는 것 같은데 관련된 조치 혹은 안내문 또한 없습니다. 지금 이 게임을 구매해서 하는 것에 대해서는 권유를 해 드리고 싶지 않습니다. 차후에 서버가 안정되고 최적화가 이루어 진다면 이 게임은 갓겜 그자체가 될 것입니다. 03 24",4,36,False,Not Recommended,2863,1490359695
배틀 그라운드,출시 후 초창기 때 구매해서 열심히 했었음. 그만큼 게임은 재밌음. 지금은 친구들 다 바빠서 손도 못댐. 혼자서 안하는 이유는 개 쫄려서임 내가 왜 총들고 쫄고있냐 싶어서 현타와서 그 이후로 접음.,3,12,True,Recommended,19026,1763275639
배틀 그라운드,뭐만하면 해킹 당하는게 스팀인데 어디 개병신 새끼가 해킹이라도 쳐해서 핵쓰고 지랄나면 결국 영구 정지. 풀어주지도 않음 1115시간 한 계정인데 그대로 박고 영정먹음 ...,3,30,False,Not Recommended,66932,1757242503
배틀 그라운드,7000시간하고 영정먹음 추카즘,3,4,False,Not Recommended,413663,1754664778
배틀 그라운드,아니 시발 내가 왜 씨발 진짜로 짱개 개 병신같은 새끼들한테 해킹당해서 2200시간 한거 피해 봐야됌? 그동안 배그 진심이라서 현질도 하고 핵을 한번도 쓴적이 없는데 개 좆같은 새끼들 떄문에 피해 본다는게 진짜제일 좆같음 계정 복구 찾아봐도 친절하게 되어 있지도 않고 뭐 어케 하라는거임???,3,6,True,Recommended,170987,1740146739
배틀 그라운드,뉴진스 콜라보는 못참찌,3,13,True,Recommended,74850,1718273031
배틀 그라운드,나는 과거에 친구들과 이게임을 열심히 했고 많은시간을 할애 했다 직장인이 되고 바쁘다 보니 컴퓨터를 하는시간도 줄어들었더니 어느세 컴퓨터를 켜보니 영구 정지를 당했더라 일시 휴먼 계정으로라도 해주시지 어떻게 이럴수가 있나모르겠다... 솔찍히 정지당해도 상관 없을정도로 게임을 못하는 상황이지만 ip관련 해킹을 못 막으면서 전부 유저탓으로 돌리는건 바람직하지 못하다 생각한다,3,45,False,Not Recommended,68795,1714152717
배틀 그라운드,핵쟁이 쫀나많음 막을생각 없음.,3,41,False,Not Recommended,179730,1713603606
배틀 그라운드,이거 개망겜입니다 하지마세요,3,24,True,Recommended,21427,1707912697
배틀 그라운드,"여전히 인기 있고, 여전히 잘하는 사람과 못하는 사람이 있지만 못하는 사람은 진짜 몇 없고, 핵쟁이와 핵잡는 고수들이 판을 침 나약한 늅늅이는 그냥 뒤져야 합니다. 근데 난 돈주고 샀는데 이걸 무료로 풀어? 따봉 절대 못주지",3,18,False,Not Recommended,40851,1694410749
배틀 그라운드,이 겜 4만 얼마주고 샀던거 같은데 무료로 바꾸고 현질시스템 만들었네 겜 3만원 언저리였네,3,28,False,Not Recommended,26760,1683619761
배틀 그라운드,고인물과 핵이 넘치는 현재 실력있으면 들어가,3,28,True,Recommended,92574,1673522686
배틀 그라운드,내가 알던 배틀그라운드가 아니야,3,46,False,Not Recommended,22302,1669949931
배틀 그라운드,내 인생게임 접었다 하더라도 다시 돌아오는 게임 핵만 잘 잡자!,3,7,True,Recommended,214691,1665924739
배틀 그라운드,그 나라 만 없으면 더 오래 갔을 게임.,3,59,True,Recommended,76686,1665333309
배틀 그라운드,핵좀 잡아라 개놈의 게임아,3,28,False,Not Recommended,80150,1652724841
배틀 그라운드,분명 게임은 재미있는데 난 못하네,3,20,True,Recommended,16137,1651780154
배틀 그라운드,그지같은 중국놈들덕분에 VAC 차단당했노 나는 천안문을 사랑한다 나는 민주주의를 좋아한다 중국은 빌어먹을 나라다.,3,1,True,Recommended,2969,1648793542
배틀 그라운드,아니 일안하냐? 핵이 무슨 매판있어 적당히 해야지 월급 왜 받냐,3,29,False,Not Recommended,181819,1648563312
배틀 그라운드,개새끼들,3,18,False,Not Recommended,533,1642244714
배틀 그라운드,You m0therfu ker idi0t Korean RNM,3,0,False,Not Recommended,1435,1642072976
배틀 그라운드,WINNIE THE POOH 곰돌이 푸 시 발 겜좀 그만 튕겨라 공중에서 튕기면 어카란거임,3,2,False,Not Recommended,7069,1642051791
배틀 그라운드,내 돈 돌려주셈,3,4,False,Not Recommended,1926,1641975623
배틀 그라운드,스레기 게임,3,32,False,Not Recommended,93435,1637201112
배틀 그라운드,"PUBG 좋은? 정말로 감탄하는! 서버가 좋지 않은, 그러나 게임의 performance는 기쁜?",3,5,True,Recommended,47490,1632955667
배틀 그라운드,핵만 없다면 진짜 갓게임입니다,3,67,True,Recommended,309266,1624388214
배틀 그라운드,옜날에 접고 100시간 정도 다시 플레이 해본 소감 여미새 병신들 or 여왕벌 노릇 즐기는 개찐따년들 존나 많아요 웬만해서 욕하는 평가 안쓰는데 이 게임은 처음부터 끝까지 욕 처먹어야 하는 게임인건 확실해요 무료화 된것도 개빡치는데 핵 하나 똑바로 못잡아서 경쟁전 하려면 이상한 인증을 하라고 하지 않나 에란겔 클래식 이지랄 해놓고 사실상 고인물들 놀이터고 단점만 이렇게 말했는데 장점? 없습니다 에펙이 컨픽을 막아버리는 바람에 빡쳐서 접고 넘어온건데 솔직히 저도 게임하고 있는데 왜 하는지 모르겠어요 저는 그냥 접속해서 아케이드 3판하고 종료 박습니다 할 짓 거리 없어서 그렇다고 지인 껴서 스쿼드해도 감흥없구요 에란겔 클래식 뭐 그거 별거없고 하게되면 마음에 상처만입으니깐 그냥 이 게임은 추억에 게임이라고 생각하고 지나가는게 어떨까 싶네요,3,27,False,Not Recommended,29714,1622358778
배틀 그라운드,난 영원한 배린이,3,5,True,Recommended,207366,1622125908
배틀 그라운드,REGION LOCK CHINA REGION LOCK CHINA REGION LOCK CHINA REGION LOCK CHINA REGION LOCK CHINA REGION LOCK CHINA REGION LOCK CHINA REGION LOCK CHINA REGION LOCK CHINA REGION LOCK CHINA REGION LOCK CHINA,3,113,False,Not Recommended,319,1617514957
배틀 그라운드,개같은 핵 못잡는 운영진 병신 같아요 다른 게임은 핵 다 잡았는데 이게임은 하나도 못잡네 무능력한 운영질들 너네가 그러고도 사람이냐? 나였으면 핵 무조건 잡았다 들아 너네 핵도 안잡고 그냥 앉아서 돈만 벌어 가잖아 내말 인정하지?,3,4,True,Recommended,5315,1617466829
배틀 그라운드,알수없는 사람에게 해킹 당해서 배틀그라운드 차단 당하고 차단풀려고 문의하니깐 증거 수집할 시간이없어 증거 없다니깐 차단 풀어주지도않고 너무 쓰레기같은 배틀그라운드 !,3,34,False,Not Recommended,9224,1616779233
배틀 그라운드,"나에게 맞지 않는 장르여서 구매 후 쓰질 않던 계정이 지난 21년 2월 11일 잦은 비매너사유로 게임정지 먹었어요 해킹당한거죠 뭐, 핵도 판쳐, 해킹도 판쳐..... 플레이 하지도 않았지만 정나미가 뚝뚝 떨어집니다. 아이피 보니 짱깨국이고, 유튜브 보니까 공식대회에서 핵까지 썼다면서요? 예, 참 잘 관리 하시네요 와중에 이 평가를 쓰는 이유는 이와중에 로그인 시도가 와서 빡쳐서 씁니다",3,10,False,Not Recommended,443,1613227382
배틀 그라운드,똥겜,3,29,False,Not Recommended,94089,1613188509
배틀 그라운드,판마다 핵 2명은 항상 껴있음 핵잡을 실력안되면 하면 안되는 게임,3,22,False,Not Recommended,126380,1605429385
배틀 그라운드,조금 밖에 안해봤는데 재미가 없네요,3,2,False,Not Recommended,53278,1602411279
배틀 그라운드,핵,3,21,False,Not Recommended,507950,1594659700
배틀 그라운드,배그좀 최적화 시켜주세요,3,51,False,Not Recommended,30544,1593658658
배틀 그라운드,처음하는 사람들이 진입하기에 장벽이 너무높음.,3,41,False,Not Recommended,21179,1593393684
배틀 그라운드,핵 하나 못 잡는 망겜,3,26,False,Not Recommended,14992,1591429190
배틀 그라운드,고양이 키우고싶다,3,1,False,Not Recommended,3711,1590473123
배틀 그라운드,핵이 너무 많음 오랜만에 켜보니까 기간제 아이템 같은것도 생기고 더 하기 싫어짐,3,87,False,Not Recommended,137382,1586266117
배틀 그라운드,sac,3,3,True,Recommended,37639,1583289083
배틀 그라운드,치킨각에서 배그하다가 서버문제로 컴터 멈추네요....하..빡쳐서 껐습니다.,3,29,False,Not Recommended,414064,1582118948
배틀 그라운드,"핵쟁이가 너무 많아 스트레스받고, 초보자에게 진입장벽이 있음.",3,87,False,Not Recommended,189882,1582034004
배틀 그라운드,정말 재밌는겜인데.. 핵이참.. 핵좀 잡아줘요.,3,22,True,Recommended,98085,1581625259
배틀 그라운드,핵좀 잡아라 !!!!!!!,3,71,True,Recommended,153765,1578989225
배틀 그라운드,봇이 나보다 더 잘해서 접었음....,3,1,False,Not Recommended,280110,1574976122
배틀 그라운드,tlqkf 미라마업데이트후에 렉걸리는거 나만그렇냐? 배틀 렉그라운드 그리고 핵좀잡아..,3,18,False,Not Recommended,139625,1572158766
배틀 그라운드,핑 고쳐 개 새끼야,3,22,False,Not Recommended,217778,1572149013
배틀 그라운드,핵만 잡으면 꿀잼게임,3,36,True,Recommended,47051,1571246471
배틀 그라운드,핵만 잡으면 진짜 갓겜,3,49,True,Recommended,214510,1570566921
배틀 그라운드,아직 조금 밖에 못해봤지만 갓겜은 맞는듯,3,0,True,Recommended,120416,1568370650
배틀 그라운드,오늘 처음해봤는데 어렵네요,3,1,True,Recommended,194155,1567756706
배틀 그라운드,3,3,33,False,Not Recommended,223979,1566361214
배틀 그라운드,내가 댓글은 잘 안다는데 니들 시팔 핵 안잡냐? 일하기 싫어하네 노답년들이,3,35,False,Not Recommended,24831,1565159795
배틀 그라운드,나도 한 발 나 또 한 발,3,11,False,Not Recommended,8519,1562385791
배틀 그라운드,최적화 언제하냐 할때마다 돌겠네 진짜,3,90,False,Not Recommended,55637,1562153211
배틀 그라운드,진짜 못 해먹겠네요 자기장이 어딜가든 완전히 반대로 잡히네요 이게임 진짜 하지마세요,3,0,False,Not Recommended,24766,1552568386
배틀 그라운드,"플레이어 캐주얼 하드코어 수위 높음 현실적인 출혈 묘사 등 있음 성적인 흉부, 둔부의 묘사 경미함 없음 스토리 스토리 없음 스토리는 있으나 아무도 신경안씀 괜찮음 좋음 환상적임 분명히 소설이나 영화로 있을거임 그래픽 감자 나쁨 괜찮음 좋음 아름다움 거의 현실 사운드트랙 없음 있긴한데 중요하지 않음 혹은 없어야함 나쁨 괜찮음 좋음 환상적임 난이도 시키는대로만 하면 됨 순함 입문하기는 쉽지만 고인물이 되기는 어려움 매움 다크 소울 플레이 타임 다하고 환불가능 0 2 시간 하루잡고하면 됨 2 8 시간 몇 시간 정도 8 12 시간 좀 오래걸릴거임 12 시간 무한 개인차가 매우심하거나 오픈월드 등이여서 니가 어떻게 하는거에 따라 다름 사양 90년대 컴퓨터 가정용 컴퓨터 intel HD graphic 옛날 게이밍 컴퓨터 gtx760 정도면 되지않을까 높음 gtx1060 하이 엔드 gtx1070 9984억광년 떨어진 곳에서있는 외계 행성의 어느 금수저 게이머의 pc가 필요함 RTX999080ti 현지화 안한글 한글지원 지원은 하나 구글 번역기보다 못함 지원하지 않으나 필요없음 혹은 유저패치에 의존 가격 무료 이거 볼시간에 바로 사라 세일할때 사라 니가 돈이 많다는것을 과시하고싶으면 사라 버그 테스터들은 도대체 뭘한거지 유저가 디버깅을 해야함 버그 조금 없음 시스템 서비스 관리 무정부주의 월급 뺐어야함 만족스럽지못함 괜찮은거같음 운영자를 대통령으로! 플랫폼 PC 모바일 PS4 XBOX Nintendo Switch 코멘트 작성 날짜 2019 02 08 코멘트 작성 당시 플레이타임 약 400시간 코멘트 이게임이 스팀에 올라온것이 2017년 3월즈음이였습니다. 한국입장으로는 너무 물러빠진 슈팅게임들에 질리고 오버워치가 비인가프로그램으로 인해 망해 흥미가떨어져 할 슈팅게임이 없었던 상황이였는데 배틀로얄 방식의 슈팅게임이 나왔다는것은 흥미를 끌수밖에없었습니다. 그리고 게임 내용도 상당히 재미있었습니다. 에란겔이라는 섬에서 100명의 생존자는 총기등을 구하여 최후의 1인이 되야한다. 라는 게임 방식은 매판매판을 새롭개 만들어주었고 여러가지 전략을 사용하게 해주었으며 에임이 안좋아도 슈팅게임을 즐길 수 있게 해주었습니다. 그러나 문제점도 많았습니다. 첫번째로 발적화, 표기된 권장사양으로는 어림도 없을 만큼의 고사양이 필요합니다. i5 8세대에 1060은 기본적으로 필요했죠. 그래서 pubg를 할려고 게이밍pc를 사는 경우도 많아졌습니다. 두번째로, 비인가 프로그램의 문제, 대중적인 게임의 고질적인 문제인 비인가 프로그램의 사용이 급격하게 늘어나면서 게임사들의 대처가 중요해졌는데 대처는 무슨 방치를 넘어서 해결 못 하고있어요 의 태도를 보이고 있는 pubg입니다. 시스템상으로도 문제가 많습니다. 버그도 꽤나 있을뿐더러 서버는 무슨 기념일만 되면 터지고 불편한 ui에다가 프로그래머들의 자격증 상태가 궁금해지는 엔진까지 그외에도 말할 것들은 많지만 이하는 생략하겠습니다 요약 그래도 지금까지 400시간 하면서 아주 재밌었던것 같습니다만 지금 사는것을 추천하지 않습니도 다른 대체게임들이 많아요. 살거면 할인할때 사던가 친구랑 같이 사세요 추천을 주고싶지만 이 리뷰를 보는사람은 이제 이걸 살까 고민하는 사람들이기에 비추드립니다",3,2,False,Not Recommended,35799,1549605713
배틀 그라운드,"처음 출시후 진짜 매판 즐겁고, 재미있고, 친구들과 같이하는 팀플레이 또 한가지의 재미였습니다. 하지만 정식출시후 게임 운영에 대한 의구심이 마구마구 들면서, 점점 실망감만 더해졌습니다. 핵유저에 대한 너무너무 허술한 관리로 많은 팬 유저들을 떠나보낸 게임. 차후 캐쉬템들 스킨 등장으로 이전의 안좋은 이미지에 더해서 더 보기 싫어진 느낌 개인적으로 을 받았습니다. 현재는 기존에 하던 유저들과 핵쟁이들만 남아, 플레이할때 고인물, 핵쟁이들을 만날수있는 절망 매치를 할수있습니다. 서버라도 분리 시켜주던가 한국 핵유저들도 많고... ... 어후",3,102,False,Not Recommended,47876,1545419763
배틀 그라운드,적어도 최적화는 좀 해주시면 좋을텐데,3,93,False,Not Recommended,23947,1544706692
배틀 그라운드,서버관리안하고 핵좆나안잡더니 망해가니 이제야고칠려고하네 소잃고 외양간고치기라는말의 좋은 예시인겜,3,42,False,Not Recommended,43767,1542771228
배틀 그라운드,진짜 정신건강에 안좋습니다.,3,3,False,Not Recommended,81066,1541860421
배틀 그라운드,망겜입니다,3,3,True,Recommended,48802,1540784975
배틀 그라운드,핵만 없으면..,3,74,True,Recommended,92386,1540361985
배틀 그라운드,랄라라 오늘은 어떤 핵을 만날까? 너무 기대되는 걸? 0,3,10,False,Not Recommended,214738,1536791440
배틀 그라운드,친일그라운드,3,11,False,Not Recommended,29754,1532206001
배틀 그라운드,시발놈들아 과금유도하고 지랄 옘병했으면 서버관리좀해라 뻑하면 팅기고 주말만 되면 서버터지고 이게 시발 정식지원게임이냐 얼리때만도 못하고 최적화도 지랄이고 맵만 존나찍어내면 다냐,3,47,False,Not Recommended,61822,1530360806
배틀 그라운드,내가 뭘했는데 영구정지야! 겜에서 핵커들이 얼마나 많은데 나한테 정지를 시켜! 겜한지 3시간 박에 안되고 친구들이랑 즐겜 하는것 뿐인데 짜증나네 망할겜 망할 pubg,3,0,False,Not Recommended,233,1530226980
배틀 그라운드,나는 한다 포트나이트,3,2,False,Not Recommended,16925,1530086068
배틀 그라운드,다망하고 나서 세일,3,4,False,Not Recommended,40340,1529476177
배틀 그라운드,2017년 8월달로 다시 돌아가주세요,3,3,False,Not Recommended,48045,1529474768
배틀 그라운드,이게 그 포트나이트 고소한 졸렬한 회사겜 맞죠?!,3,5,False,Not Recommended,12301,1529468185
배틀 그라운드,하하 재밌네요,3,2,False,Not Recommended,108891,1528098859
배틀 그라운드,니가 제일 먼저 출시해놓고 왜 후배들을 따라해..,3,2,False,Not Recommended,170042,1528030214
배틀 그라운드,핵이 없을시 스쿼드 아시아 32위 스팀에 핵이 생기면서 카배로 넘어가 랭커진입 30위 하다하다 이 게임 망하기를 기다린다 처음에는 핵이없을땐 그래도 게임이 개적화여도 게임성이 좋고 그러니 그냥 웃으면서 게임을했다 초반에 유저들과 소통하는 모습을 보여주며 세계로 뻗어나갈 자질이있어보이는 이미지를 보여주었으나 이제는 지들 마음대로 유저들 피드백 좆까라 하고 지들 마음대로 각자의 말도안되는 생각을 패치로 옮기는일을진행중 핵쟁이들을 잡았으나 게임자체의 기본 프레임이 너무나도 조잡해 핵을만드는것이 너무 쉽다못해 디스코드만 잘찾아봐도 핵을 바로 구매가능한 사태가 발생함 가격또한 저렴하다 시발 게임의 본질적인 조잡한 프레임을 개선이 아닌 새로 만들어야 할 사태 최적화 부분또한 게임이 조잡해서그런지 조잡하게 꼼수를쓰며 최적화를함 여러분들은 그것을 알으셔야합니다 PUBG에서는 분명 핵들을 잡기위해 열심히 일하는것은 분명 사실입니다 하지만 게임자체를 조잡하고 허술하게 만들었기에 핵쟁이들이 이렇게 많다는것을 알고계셔야하는 사실입니다 빗대어 표현하자면 건물을 세울떄당시 철근을 심어야하는데 시발 그철근을 갖고오기도 귀찮고 돈도 많이드니깐 쇠젓가락으로 철근을 삼아 만든것이죠 그런데 이 건물이 디자인이 좆나 이쁜겁니다 씨발 들어와봤더니 내부또한 훌륭합니다 시간이 지나서 건물이 흔들리기 시작합니다 건설 회사는 다급하게 다시 인기가 하늘을 치솟는 건물로돌아와 건물을 살리기위해 좆나 노력합니다 그리고 생각하겠죠 아 씨발 그냥 철근 심을걸 회사에 노숙자 핵쟁이 들도 존나 많네요 그래서 급하게 경비원 안티치트 을 섭외합니다 하지만 경비원이 말하기를 시발 뭐 근무할 환경이 되어야지 내가 지켜주지 네 그렇습니다 건물이 좆나 쇠젓가락뿐만이 아니라 알고보니 좆나 허졉한거에요 그 회사에서 근무하는 사람들 플레이어 이 그 실태를 알고나서 퇴사를합니다 그리고 이제 곧 있으면 쇠젓가락이 아닌 철근을 심고 좆나 짱짱맨 튼튼한 다른 회사가 언젠가는 세워지겠죠 그게 외국기업이든 국산 기업이든 좆또 신경안씁니다 플레이어들은 재미진게임과 쾌적환 환경을 원하니깐요 PUBG 물론 당신들이 이글을 읽지는 않겠지만 지금 배그를 하는 플레이어들은 내 글을 읽겠지 조금이나마 실태를 알고 도움이 되기를 바라며 글을 올려봅니다,3,8,False,Not Recommended,44445,1527240130
배틀 그라운드,더럽고 추악한 블루홀 버그좀 빨리좀 고쳐라,3,1,False,Not Recommended,20593,1526932127
배틀 그라운드,"정말 오래한 유저로서부탁좀 드립시다 인터페이스 업데이트, 신맵추가, 총기추가 등 아직 업데이트가 많이 필요한건 알겠는데 그전에 최적화부터 좀 부탁드립니다. 무슨 패치만 했다하면 프레임이 점점 떨어지고 렉이 심해지니 참다참다 도저히 안되겠네요 패치전에 좀 최적화부분에 더 많이 신경좀 써 주셨으면 좋겠네요 초기에는 사양 높음으로 돌려도 렉없이 플레이 잘 되었는데 이제는 가장낮음으로 해도 렉이 걸리고 프레임이 뚝뚝 떨어지니... 이거는 김밥 만들때 김 한장에 30가지가 넘는 재료를 넣는다고 무리하다가 옆구리 걍 터져버리는 각이라 생각합니다.",3,49,True,Recommended,141408,1526548402
배틀 그라운드,"h1 왜싸우는지 모르겠지만 일단 총이 있으니 적을 죽이세요. h1 전 이게임을 즐겨하는 사람이지만 아직까지 왜 저희가 섬에 있구 싸워야 하는지를 잘 모릅니다. 그냥 내가 치킨 한마리 사줄테니깐 그만 싸우고 저 대신 편의점 대타로 넣고 싶은 충동이 엄청나지만 일단 이게임은 상당히 재미있습니다. 여러가지 총기 부착물과 방어구들 을 파밍하고 한명만 남을때까지 적을 죽이세요. 지속적인 총기 업데이트와 맵추가,등 은 유저들이 흥미를 유지할 수 있으며 또 최근에는 중국 핵에 강력 대응하기 시작하여 지금은 핵이 잘 안보입니다.!!! 주관적일 수 있지만 지금 약 10판째 연속으로 돌리는데 한번도 안보입니다. 우리나라 게임이 세계적으로 히트를 칠 수 있다는 희망을 보여준 예시인 것 같네요. h1 그럼 전 이만 포나 하러 가겠습니다. h1",3,2,True,Recommended,26778,1525787252
배틀 그라운드,룩딸게임,3,0,True,Recommended,17917,1522554984
배틀 그라운드,"온갖 버그와 중국인핵들이 당신을 고통받게 할것이고 거부하는 적토마와, 총이 뜨지않는 서러움 괜찮아질려고하면 터지는 서버와, 언제나 과거로 회귀하려는 트레이서 상상이상의 엿을 쳐맥여주는 갓겜 배그입니다. 어서 지갑을 열어 32,000원을 변기통으로 집어던져보세요.",3,2,False,Not Recommended,58860,1522043147
배틀 그라운드,"영화 짝패 , 강한 놈이 오래가는 게 아니라 오래가는 놈이 강한 거더라?",3,4,True,Recommended,16938,1520654918
배틀 그라운드,"처음에는 친구들하고 스쿼드 듀오로 해서 재미있었으나, 요즘은 파밍이 길고 파밍이 잘 되었다고 해도 툭하고 죽어버리니 허무함이 많습니다. 물론 제가 못하는 점도 있으나, 시간이 지날수록 재미를 못느끼게 되었습니다. 그냥 친구들하고 노가리 하면서 노는 시간이 더 많은 느낌이라 게임면으로는 시간낭비라는 느낌이 많습니다. 무엇보다도 가장 시간낭비라고 느껴질때는 스쿼드를 하다보면 처음에 한명이 죽는 경우가 있는데,내가 죽었을때는 괜히 나때문에 다른사람들 게임 끝내게 하는것도 미안하고, 내가 안죽었때는 기다리게 해서 괜히 미안해집니다. 이때 죽은 사람은 기다리면서 시간낭비를 하고있는 경우가 많습니다. 이래서 자연스럽게 저랑 주변 친구들도 배틀그라운드르 꺼려하게 되었습니다. 최근에 가장 마음에 안드는게 열쇠를 따로 구매해야 한다는 점이였습니다. 무료 게임이라면 이해하는데 내가 번 게임머니로 산 상자를 꼭 현질로만 구매해서 열어야 한다는 점이 이해가 안갔습니다. 게임머니로 열쇠를 살 수 있게라도 해놨으면 몰라도, 그런 옵션 조차 주질 않는점이 화가 나더군요. 아예 그런 상자들이 게임머니로 안나오게 한후 따로 상점 탭을 만들어서 따로 현질로 구매 할 수 있게 한다면 이해합니다. 내가 게임머니로 산 돈을 열지도 못하게 한다는 점에 아주 큰 실망을 했습니다. 핵은 다른 분들이 이미 많이 잘 말해주셨으니 핵 관련해서는 생락 하겠습니다. Region Lock China 렉도 가끔 있구요",3,43,False,Not Recommended,8832,1520346534
배틀 그라운드,정말 최적화 극혐인 게임이긴 하고 슬슬 질리고 업데이트도 총기만 계속 나오고 맵도 딱하나 더 나온게 다고 그마저도 랜덤 강제픽인데다가 핵은 오지게 많고 잡히는것 같지도 않고 불만은 많긴한데 H1Z1 할래? 라고 물어보면... 아.... 아뇨.... DAYZ 스얼 할래? 라고 물어보면.... 아.... 아뇨..... 러스트 할래? 라고 물어보면.... 내! 할례요! 가 아니라... 리얼계 배틀로얄 장르에서는 이거밖에 할게 없는듯.. 그냥 생존게임이라면 러스트가 더 재밌지만 배틀로얄 자체는 포트나이트가 대세기는 한데... H1Z1보다 더 캐주얼한 느낌이라 손이 안감. 팀포하던 사람이라면 포트나이트 하시고... 워지 할래? 난 죽음을 택하겠다!,3,4,True,Recommended,51869,1519847549
배틀 그라운드,걍 시발 안할래요,3,2,False,Not Recommended,18750,1519297043
배틀 그라운드,업데이트 하고 게임 안돌아가잖아,3,1,False,Not Recommended,39521,1517926005
배틀 그라운드,윽엑,3,0,False,Not Recommended,31206,1517202555
배틀 그라운드,불법 프로그램 사용자를 강력하게 처벌하면 좋겠습니다.,3,89,True,Recommended,154786,1516048468
배틀 그라운드,아직 배린이라 모르는게 많지만 재밌을 것 같네요,3,1,True,Recommended,87520,1515644016
배틀 그라운드,"생존경쟁에 있어서는 넘버 원을 달리는 대한민국답게 배틀로얄계 게임의 정수를 완성했다고 볼 수 있는 게임입니다. 헬조선의 사회와도 같이 각자도생하며 서로를 어떻게든 경쟁에서 배제하기 위해 분투하고, 어찌보면 의미없는 한 줌의 보상 치킨 만이 유일한 세계에서 상처 가득한 승리를 쟁취하기 위한 모습.. 어쩌면 우리 사회의 축소판이 아닐까 생각해 봅니다. 물론 각자도생하는 금수들의 삶 속에서도 의인들, 선한 이들이 존재한다는 점도 공통점이지요. p.s. 금수저건 은수저건 한방에 죽이는 게 총입니다. 대한민국에 적극 도입되었으면 좋겠습니다.",3,1,True,Recommended,851,1514581203
배틀 그라운드,살고자 하면 죽고 죽고자 하면 죽는다,3,4,True,Recommended,8288,1512900090
배틀 그라운드,"개 병신 쓰레기겜 다시 리뷰쓴다 아니 개 미친겜아 켜지지도 않았는데 켜져있다고 우겨서 꺼지지도않는건 뭔 개 병신같은논리냐 시발 처녀비치냐 그리고 도대체 왜 팅기는거냐 아니 버그 못고칠거면 팅기지 말던가 아니면 핵이라도 좀 잘잡던가, 아니무슨 문재앙이 1일 n재앙인거마냥 이미친 배그는 1패치 n버그임 뭔 패치를 하면 버그가 더생김 사실 이거 버그찾는게임 아니냐, 배그 제작진들이 짜잔 사실 이건 버그찾는 게임이였습니다라고 하면 배그를 욕한 내 부라리를 찢고 울부짖으면서 비추천한거 따봉으로 바꾸고 도게자 오지게한다",3,1,False,Not Recommended,64673,1508576134
배틀 그라운드,타이완 남바 완,3,0,True,Recommended,84732,1508166797
배틀 그라운드,h1 존버충새끼들 특징 h1 spoiler FPP로 하면 개털림 spoiler,3,4,True,Recommended,74046,1507565329
배틀 그라운드,1등하기 넘쉬운게임,3,4,True,Recommended,12361,1507220929
배틀 그라운드,개씨빨놈들아 관리좀해라 유비보다 더한 개똥서버,3,26,False,Not Recommended,42260,1506872402
배틀 그라운드,닥치고 그냥 사세요,3,4,True,Recommended,16983,1506321301
배틀 그라운드,"뚝배기, 존버, 다시아... 그리고 브스스, 스카스, 근로자, 카구팔... 당신은 556과 762앞에서 자본주의와 사회주의 사이에서 선택의 기로에 놓이게 될 것이고 우지 개머리판과 전술 개머리판을 왜 줍지 않았는지 자책하게 될 것입니다 에어드랍의 붉은 연기는 에어드랍 먹기에 실패한 유저들의 피를 상징하며 때로는 조선낫에 영혼이 수확되는 장면을, 때로는 고든 프리맨이나 파크라이 유저를 볼 수도 있습니다. 아니면 고든 램지일수도 있죠. 엠이사, 엠이사구, 에땁, 근로자는 상상도 하지 마십시오. 당신이 아무리 고군분투해도 벡터맨이나 풀강엠포를 넘을 수 없습니다. 브스스를 믿지 마십시오... 브스스의 고정소음기는 비비탄을 발사하는 위치를 감추기 위함이고 고정스코프는 적들끼리 싸우는거나 실컷 보라는 의미입니다. 당신에게 대용량탄창이 없다면 미군이 M1911을 베레타로 바꾼 이유를 알게 될 수도 있습니다. 아...당신은 맥크리라구요? 뒤를 보세요. 한조가 대기중일 겁니다. 그리고 한조가 숨은 그 방 문이 열리며... 초크장착 쌍열총구가 들이닥칠겁니다. 아, 맞다. 날개를 펼친 자 또는 약쟁이나 의무병만이 최후에 웃을 수 있다는 걸 잊지 마십시오...",3,3,True,Recommended,19249,1505281292
배틀 그라운드,PUBG SUCKS FIX UR SEVER ASSHOLES,3,0,False,Not Recommended,35911,1505089974
배틀 그라운드,이게임 레알 핵꿀잼,3,17,True,Recommended,35949,1503995296
배틀 그라운드,야 블루홀 보고있냐? 아니 게임을 만들고 흥행시켰으면 서버관리를 재대로 해야지 이건뭐 100만년전에 살던 시조새가해도 서버관리는 이것보다 잘하겟네 야 카카오랑 계약하니까 돈좀버니까 서버관리 으로 해도 된다는거임? 진짜 답도없다 돈좀 벌었으면 서버관리좀 재대로해라,3,0,False,Not Recommended,35790,1503672012
배틀 그라운드,"차이나 그라운드 핵 넘버원, 플레이어 빠큐 친구 초대하고 싶은데 인게임에서 안떠서 초대도 잘 안되고 인기믿고 조치 못취하면 옵치꼴 나고 작살나고 오지고 지린다 쉬팔게임 옴닉과의 전투를 펼치고 싶은 용사들은 와서 배그합시다 300미터 거리에서 견착으로 갈기는데 전부 대가리에 박히는 마법총알 맞을 수 있음",3,14,False,Not Recommended,33209,1500641123
배틀 그라운드,........,3,1,False,Not Recommended,98,1500459599
배틀 그라운드,Not just a game. This is lag battle... A sshole,3,5,False,Not Recommended,38847,1500072942
배틀 그라운드,2017년은 배그가 스팀을 장악했다고 생각한다. 하지만 대한민국 배그 흥행덕분에 많은 유저가 스팀에 유입이 되었는데. 물론 과거 레포데2 스팀 한정무료배포 사건도 있고 등등 많았지만... 확실히 몇년전에 비해 Clean했던 스팀커뮤니티와 게임서버들이 쪼 끔 dirty해진것도 없지않아 있는거같다. 평점 9.2 10,3,2,True,Recommended,36557,1497349514
배틀 그라운드,나도 실력 개빡이고싶다,3,0,True,Recommended,207887,1497117572
배틀 그라운드,후라이팬만 있으면 이미 당신은 풀템입니다.,3,15,True,Recommended,19197,1492244563
배틀 그라운드,재밌음,3,13,True,Recommended,19307,1491830670
배틀 그라운드,잔렉도 많고 최적화도 부족해서 32000원을 주고 사기엔 아직은 뭔가 아까운 같은 게임이지만 환불할정도는 아니다.,3,9,True,Recommended,28620,1490713175
배틀 그라운드,재밌긴한데 최적화가 시급함,3,6,True,Recommended,7980,1490444272
배틀 그라운드,그냥 이중 가챠 시스템이 이 게임을 망치는 길로 보내는거 같음,2,29,False,Not Recommended,66983,1763915957
배틀 그라운드,뉴비는 빡세긴 함. 조금만 참고 하면 뒤지게 재밌음.,2,4,True,Recommended,67649,1763910655
배틀 그라운드,이게임을 하는사람들은 시각을 포기하고 청각이 극도로 발달한 박쥐 새퀴들같다. 근대 사실 시각도 드릅게 좋다 발자국 소리 하나로 적위치를 때려 맞추며 나는 보이지않는 티끌같은 모습을 바로 포착하여 쏘는 모습은 특수부대원들이 따로없다. 예전에는 블루존 칩으로 위치 파악하며 싸우는 기능이 잠시는 있었지만 그런 티끌같은 희망조차도 이번에 해보니까 없고 오직 육감에 의존하여 싸우기만해야한다. 뉴비입장에서는 밥똥배 하는 놈들을 이길수는없고 결국 내가 상위권에 입성할려면 20분정도 도망만 다니거나 제발 안걸리길 기도하며 에너지드링크를 벌벌떨며 마시는것 뿐 할수있는건 아무것도없다. 빨리 죽든 늦게 죽든 고인물 눈에 먼저 나는가 안나는가 그 차이일 뿐이다. 그럼 파티하면되지않나? 싶어서 쑥스럽게 스쿼드를 들어가봤지만 나에게 들려오는말은 중국어뿐 안타깝게도 제1국어로 한국어 말고 아무것도 모르는 나에게 있어 중국인의 쏼라쏼라는 먼개소리인가 모르겠다.,2,1,False,Not Recommended,28915,1752663579
배틀 그라운드,중국인이 먼저 제 친구 팀킬하고 중국인 두명이 저 팀킬하려 해서 결론은 제가 둘다 이겼는데 팀킬이라고 정지를 주네요 완전 비추천입니다 유도리가 없네요,2,36,False,Not Recommended,146394,1740706378
배틀 그라운드,중국몽한테 스팀계정 털리면 가장 먼저 털리는 게임이라고 보시면 돼요,2,4,False,Not Recommended,53505,1739981008
배틀 그라운드,발로란트보다 더 재미있고 아무리 잘해도 팀운 안좋으면 끝인데 이 게임은 팀운 따위 생각 안해서 좋아요 발로 망겜,2,11,True,Recommended,57402,1732683798
배틀 그라운드,개 망겜,2,0,True,Recommended,135913,1731087423
배틀 그라운드,재밌...었나..? 아닌가? 재미있는건가? 뭐지? 재미없는건 아니지만 재미있지...어? 재미있는건가? 아닌가? 맞나? 그런건가? 왜지? 왜 그런것이지? 아닌가? 왜 재미있는것같지? 그건 또 아닌가? 재미...있..다는게 맞나?,2,4,True,Recommended,3941,1724396857
배틀 그라운드,"재미있지만,고인물 파티. 초짜는 그냥 밥",2,16,True,Recommended,7988,1718957953
배틀 그라운드,핵도 못잡고 상품설명이 잘못돼도 대처하나 없는 겜,2,44,False,Not Recommended,30883,1718446545
배틀 그라운드,이 게임은 아직 어렵다. 좀 더 해보고 다시 쓰는 게 좋을 듯 하다.,2,3,True,Recommended,250636,1715789225
배틀 그라운드,핵도안쳐잡고 실력매칭 안함,2,16,False,Not Recommended,63773,1714841738
배틀 그라운드,개추,2,7,True,Recommended,26712,1713632788
배틀 그라운드,멋쟁이게임,2,1,True,Recommended,21576,1707626781
배틀 그라운드,핵쟁이들이 너무 많음 솔직히,2,10,False,Not Recommended,136748,1702478930
배틀 그라운드,왕년엔 잘나갔음,2,8,True,Recommended,23850,1698564708
배틀 그라운드,점검시간 공지좀 띄워라 발,2,21,True,Recommended,16790,1695172595
배틀 그라운드,재미있어요!,2,8,True,Recommended,86322,1694325621
배틀 그라운드,소짱개 새끼들이랑 짱개새끼들이 판치는 게임 누구는 1인칭으로 벽딸하고 sr로 초탄 무조건 헤드 그냥 씨발 하지마셈,2,13,False,Not Recommended,4326,1685535050
배틀 그라운드,5년 정도 게임을 한 적이 없음에도 불구하고 1년 6개월 전에 차단을 당했습니다.,2,1,False,Not Recommended,4899,1685093476
배틀 그라운드,"배그야 눈 좀 떠봐..,",2,16,True,Recommended,128365,1684698700
배틀 그라운드,슬슬 뇌절에 시동을 거는 듯한 병쉰 게임,2,24,False,Not Recommended,1796,1680969848
배틀 그라운드,몇시간을 했는데 튜토디얼 해라고 지랄함,2,15,False,Not Recommended,6279,1671975649
배틀 그라운드,옛날이 좋았다,2,64,False,Not Recommended,38643,1671725905
배틀 그라운드,친구가 있어야 할만한 게임... 친구가 없어서 어려운 게임..... 매판 핵을 만나니까 열심히 파밍하고 핵만나면 진짜 화남 !!! 그나마 친구들이랑 하니까 수다떨면서 하지 그거 아니면 핵때문에 엄두가 안나는 게임 그렇지만 게임이 너무 어려워서 주변 친구들에게 새로 추천을 하려해도 굉장히 꺼려함 친구들이 같이 해줬으면 조케따,2,6,True,Recommended,93596,1670906014
배틀 그라운드,배 배그는 그 망했다,2,2,False,Not Recommended,78662,1664462369
배틀 그라운드,핵쟁이 잡아줘요. 다 좋아요 제발요 여긴 대놓고 쏘잖아요.. 차타면서 바로 하늘 보면서 내 머리 맞추는 놈 뭔데 아니면 카스 글옵 처럼 프레임을 맞춰서 해주세요.,2,1,False,Not Recommended,9305,1663981190
배틀 그라운드,.,2,16,True,Recommended,147121,1662364582
배틀 그라운드,장점 재미있다 단점 핵이 많다,2,11,True,Recommended,81014,1659632411
배틀 그라운드,국산 명작 배틀로얄,2,4,True,Recommended,1332,1655956965
배틀 그라운드,색다른 플레이 시스템이 마음에 들었다,2,6,True,Recommended,38290,1653142840
배틀 그라운드,에엒다,2,1,False,Not Recommended,47370,1649460886
배틀 그라운드,배그 약 3년전쯤 4천시간 찍고 접은 유저였고 다시 돌아와 1천시간 찍었는데요 3년전이나 지금이나 변한게 딱하나 있는거같아요 유저의 숫자요. 이건 뭘 의미하는지 솔직히 떠나간 유저들은 잘 알겁니다 웃긴게 이 게임 본인들은 몰라요 진짜 몰라요 3년전 4천시간이면 거의 기록상 뜨뜨님이나 킴성태님이랑 비슷한 기록입니다 엄청 열의를 가지고 했었어요 근데 예나 지금이나 운영도 별로고 핵도 잡는듯 마는듯 잡긴해 근데 마는거같아 핵이야 누가봐도 핵이야 근데 좋아요만떠 다음날도 좋아요야 그다음날도 좋아욘데 그다음날은 없어 아니 대체 뭘보고 핵을 잡는거에요 ? 앞서 말했지만 진짜 떠나간 유저 대략 100만명은 이유를 알겁니다 진짜로 그래도 게임성은 최고임 아마 내가 여태 해본 게임중 메 서든 제외 진짜 최고의 게임이고 너무 잘만들어짐 핵을 너무 늦게 잡은게 문제였어 이건 지금 남아있는 유저들도 떠나간 유저들도 알고있을거라 생각함,2,2,True,Recommended,520465,1647165643
배틀 그라운드,배그말고 대체할게임 나오기만 해봐라 때려친다,2,12,False,Not Recommended,325486,1645709085
배틀 그라운드,발로 재미없을때 하기 좋은 게임,2,1,True,Recommended,26849,1642250461
배틀 그라운드,너 이게 무슨 뜻이야? 너는 지난번에 천안문도 잊지 않고 민주주의도 반드시 되찾겠다고 말했잖아.,2,0,False,Not Recommended,8257,1641983304
배틀 그라운드,"어...어라...하핳...유...유로,....어디갔지?... .,.. ...무...무료...가 됬...내?.....tlqkf 무료게임은 경쟁전 안된다 함 근데 그걸 어떻게 구별하노",2,0,True,Recommended,10125,1641970815
배틀 그라운드,애미 뒤진겜,2,3,True,Recommended,42947,1641865508
배틀 그라운드,병신같은게임,2,0,False,Not Recommended,45399,1641018276
배틀 그라운드,안녕하세요 배그 산지 2주된 9.9시간한 뉴비입니다 개빡치는게요 제가 32000원을 주고 샀거든요 ? 근데 갑자기 무료로 풀린데요 그래놓고 주는것도 별로 없어요 이게 무슨 말입니까 아직 경쟁할 레벨도 아니고 그냥 일반 돌리면서 하고있는데 갑자기 무료라뇨 무슨 지금 산사람은 엿먹으라는 겁니까 ? 이 시 볼럼아 ? 그냥 까세요 왜 이걸 무료로 돌려요 사람들 왜샀는데요 그러면 개 스발럼아 사람 같이 만드네 진짜로 그럼 뭐 환불이라도 해주던가 난 경쟁같은거 안돌린다고 그냥 돈 내놔 내 32000원 이럴꺼면 안샀지 왜 지금 갑자기 무료로 돌려 이 펍지 이 쉽볼럼아 적당히 해야지,2,2,False,Not Recommended,10716,1639415857
배틀 그라운드,핵좀잡아줘,2,3,False,Not Recommended,506600,1639317517
배틀 그라운드,개좆망겜 섭종했으면 좋겠으면 개추,2,44,False,Not Recommended,148170,1634902579
배틀 그라운드,오픈부터지금까지 핵을 제대로잡지를못함,2,23,False,Not Recommended,232030,1633957139
배틀 그라운드,운영자년들아 잘들어라 특히 김창한 씹새련아 니들 그만좀 앵겨라 개씨불알 새끼야 니좇지져버린다. 개새끼야 니 한번만 앵기고 내앞에서 앵기면 니모가지를 잘라 버린다음 변기에 처넣은 다음 니 좇까버릴줄 알아라 씹쌔끼야 그리고 싸움못하면 그냥 짜져있어 니 좇짤라서 게이 만들어줘? 씹창새야 니가 그러니까 애들사이에서 욕이나 드럽게 처먹지 미친 또라이 년아 그리고 고치라는 건 좆도 듣지도 않고 무슨 니 하고싶은대로 패치하냐 넌 그게 재밌는지 알지? 이 찐따련아. 진짜 어머니가 없는가라는 궁금증을 유발하네 니 애미 나이를 개밥으로 처먹었나 횟집에 있는 고기마냥 눈 하얗게 만들어 버릴라 시발라먹을 운영자색꺄 그니까 니가 교욕을 그따구로 당하잖아 그리고 니 다리랑 팔이랑 대가리 밟아 버린다음 장애인을 만들줄알아라 좇 작은넘아 시발 니얼굴은 소새끼닮고 몸은 쥐새씨 같은넘이 앵기냐? 하이어튼 그래가지고는 니 회사 망한다 김창한개색끼야,2,0,False,Not Recommended,55670,1632137434
배틀 그라운드,사지마세요. 망했습니다. 이 회사는 유저의 말을 듣지 않습니다.,2,58,False,Not Recommended,1174,1631362076
배틀 그라운드,게임을하고싶어도 게임을못하게막네요,2,20,False,Not Recommended,24208,1631100711
배틀 그라운드,재미없음,2,0,True,Recommended,105993,1630154087
배틀 그라운드,900시간 플레이한 후기 1.점점 더 발전하지만 핵을잡거나 중국서버를 분리하지 않는이상 미래가 없음. 2.유저 수준에 맞춰 매칭시스템이 발전해야하는데 태이고나 신맵말고는 사람이없어서 고인물이고 뉴비고 봇이 판쳐서 다른맵은 재미가 현저히 떨어짐 3.서버연결 문제나 돈주고 구매한 이용자들이 개발진쪽의 실수로 게임을 정상적으로 플레이하지 못하는 상황이 생겼을때 유저가 떠나가지않게 보상시스템을 마련해야함. 서버문제 때문에 접은사람이 지금의 배그가 망해가는 원인임. 4. 이렇게 유저들이 지속적으로 말하는 문제를 고치지 못하면 이 유명했던 게임도 역사의 뒤안길로 사라지는건 한순간이라는것을 머리가있다면 알아차리길 바란다. 1000시간 넘게 플레이한 후기 너네 진짜 별로다 피파랑 똑같은길을 걷네 접는다 안녕 블루홀 극혐 운영 잘봤다,2,52,False,Not Recommended,112628,1629558345
배틀 그라운드,실험실에 나오는 다양한 모드들이 재밌습니다,2,0,True,Recommended,32571,1628770582
배틀 그라운드,비정상적으로 많은 핵 유져,2,39,False,Not Recommended,15991,1628563257
배틀 그라운드,롤하다 팀운에 질려 넘어온 배틀그라운드 친구랑하면 개꿀잼 친구없으면 안하는게,2,0,True,Recommended,42625,1628084793
배틀 그라운드,장점 게임 잘만들었다 단점 99프로의 장점을 못살리는 1프로의 단점은 핵이다 개발진들이 차이나 머니에 미쳐서 핵을 못잡는게 아니라 안잡는다 5판중에 3 4판은 핵을 만날수있다. 핵이 싫으면 떠나라,2,51,False,Not Recommended,250063,1628004814
배틀 그라운드,조금 해봣는데 재미.없어요 사지.마세요.,2,3,False,Not Recommended,266329,1627837868
배틀 그라운드,"이겜도 고인물 갬 다 됏누 , 뭔 차타고 가다가 뒤지면 데스캠보면 몇 백 M거리에서 저격으로 대가리 한번에 끝나네 ...",2,0,True,Recommended,42743,1626339417
배틀 그라운드,그냥 건희가 너무 싫음.,2,2,False,Not Recommended,42943,1624679883
배틀 그라운드,핵이 너무 많음,2,48,False,Not Recommended,54205,1623857431
배틀 그라운드,지려써,2,8,True,Recommended,28942,1623801139
배틀 그라운드,af,2,0,True,Recommended,54025,1619767352
배틀 그라운드,잦망겜인기라,2,0,False,Not Recommended,25627,1618590130
배틀 그라운드,"인생 최대의 실수 이런겜에 8000원주고 장터판매,거래 불가 여름특집 비키니 사버림",2,10,False,Not Recommended,9962,1618402750
배틀 그라운드,아 개같은놈들아 총좀 줍자고,2,0,True,Recommended,5961,1616550797
배틀 그라운드,좆같음,2,0,False,Not Recommended,138021,1616333762
배틀 그라운드,핵 좀 잡아라 시벌래미,2,33,False,Not Recommended,132152,1615717246
배틀 그라운드,재밌네,2,0,True,Recommended,23686,1614405970
배틀 그라운드,잠깐 해봤는데 나쁘지는 않네요.,2,3,True,Recommended,98474,1613960425
배틀 그라운드,좋아여,2,20,True,Recommended,115466,1612037243
배틀 그라운드,uuuuuuuuuuuuuuuuuuuuuuuuuuuuuuuuuuuuuuuuuuuuuuuuuuuuuuuuuuuuuuuuuuuuuuuuuuuuuuuuuuuuuuuuuuuuuuuuuuuuuuuuuuuuuuuuuuuuuuuuuuuuuuuuuuuuuuuuuuuuuuuuuuuuuuuuuuuuuuuuuuuuuuuuuuuuuuuuuuuuuuuuuuuuuuuuuuuuuuuuuuuuuuuuuuuuuuuuuuuuuuuuuuuuuuuuuuuuuuuuuuuuuuuuuuuuuuuuuuuuuuuuuuuuuuuuuuuuuuuuuuuuuuuuuuuuuuuuuuuuuuuuuuuuuuuuuuuuuuuuuuuuuuuuuuuunuuuuuuuuuuuuuuuuuuuuuuuuuuuuuuuuuuuuuuuuuuuuuuuuuuuuuuuuuuuuuuuuuuuuuuuuuuuuuuuuuuuuuuuuuuuuuuuuuuuuuuuuuuuuuuuuuuuuuuuuuuuuuuuuuuuuuuuuuuuuuuuuuuuuuuuuuuuuuuuuuuuuuuuuuuuuuuuuuuuuuuuuuuuuuuuuuuuuuuuuuuuuuuuuuuuuuuuuuuuuuuuuuuuuuuuuuuuuuuuuuuuuuuuuuuuuuuuuuuuuuuuuuuuuuuuuuuuuuuuuuuuuuuuuuuuuuuuuuuuuuuuuuuuuuuuuuuuuuuuuuuuuuuuuuuuuuuuuuuuuuuuuuuuuuuuuuuuuuuuuuuuuuuuuuuuuuuuuuuuuuuuuuuuuuuuuuuuuuuuuuuuuuuuuuuuuuuuuuuuuuuuuuuuuuuuuuuuuuuuuuuuuuuuuuuuuuuuuuuuuuuuuuuuuuuuuuuuuuuuuuuuuuuuuuuuuuuuuuuuuuuuuuuuuuuuuuuuuuuuuuuuuuuuuuuuuuuuuuuuuuuuuuuuuu,2,3,True,Recommended,31028,1610450978
배틀 그라운드,핵게임,2,48,False,Not Recommended,13990,1610442956
배틀 그라운드,정지먹었다고 개새 기야 겜 좆같이만들었네 그래도 내일 정지 풀리니까 사랑해,2,0,True,Recommended,49544,1610357404
배틀 그라운드,고인물시끼들,2,1,False,Not Recommended,45213,1609415429
배틀 그라운드,엄마없음,2,0,False,Not Recommended,60058,1609028332
배틀 그라운드,하 애미뒤진게임 재밌게 했다,2,0,True,Recommended,31911,1608883837
배틀 그라운드,테섭에 얼리액세스때 bgm넣어준거 너무 고맙다,2,7,True,Recommended,77194,1607857495
배틀 그라운드,랭겜 나오고 별로,2,41,True,Recommended,30408,1606753610
배틀 그라운드,게임이 조금 어렵긴 한데 재밌습니다,2,0,True,Recommended,65641,1606379342
배틀 그라운드,핵만 잡으면 개갓겜,2,39,True,Recommended,80166,1603352246
배틀 그라운드,?,2,0,True,Recommended,93040,1602896093
배틀 그라운드,어려워료,2,0,False,Not Recommended,164619,1602248242
배틀 그라운드,시발 아무것도 안했는데 정지먹었어요 시발,2,0,False,Not Recommended,7997,1599460129
배틀 그라운드,"too many cheater ESP, Aim Bot etc in game.",2,33,False,Not Recommended,189493,1599403164
배틀 그라운드,1년 뚝딱한 게임,2,6,True,Recommended,35716,1597516089
배틀 그라운드,왜 우리집 컴퓨터는 게임 안깔림 신고,2,0,False,Not Recommended,90324,1597193808
배틀 그라운드,시발 이거 두개 산 내인생이 시발 이걸 왜 두개나 샀지 나 개 씹 호구새끼네 시발 펍지 망해라 개래끼들,2,2,False,Not Recommended,42250,1595428011
배틀 그라운드,넘모 재밌고,2,13,True,Recommended,196495,1594898138
배틀 그라운드,재미있어요 근데 버그가 좀 심해요 이상해요 아드레날린을 빨다가 그냥 취소했는데 보트에서 내려져서 티어가 깍여서요... 근데 장점은 너무재미 있는데 이런것들이 좀 짜증나서요..,2,0,True,Recommended,115926,1591411679
배틀 그라운드,응 옵치가 더꿀장,2,0,False,Not Recommended,8982,1591016370
배틀 그라운드,1년 내내 접속 안하다가 VAC 벤 당했길래 뭔가했더니 좆같은 짱깨련들이 업적따줬네 씨 발련들,2,0,False,Not Recommended,4435,1590713838
배틀 그라운드,노무현 자지 빨고 싶다,2,0,True,Recommended,29557,1588593704
배틀 그라운드,최소사양 쳐올리지마라,2,4,False,Not Recommended,147765,1587612975
배틀 그라운드,고증x 1인칭은 아무도 안하고 그래픽 구짐 최적화 발 핵은 10판에 1번 만나는수준 너무 눈에 보이는 유명게임들 총 출시 베타때부터 하다 질려서 접고 오랫만에 좀 하니까 무슨 이상한것만 추가되고 ui 시인성은 더 안좋아짐 클래식 배그가 그립다.,2,1,False,Not Recommended,20238,1587226707
배틀 그라운드,핵쟁이 개샛기들,2,1,True,Recommended,40482,1586874031
배틀 그라운드,짱,2,0,True,Recommended,9138,1586180256
배틀 그라운드,스팀에서 직접 구매하여 사용중 갑자기 왜 플레이가 안되는거죠?? 혹시 해킹을 당한건가요? 아님 정지를 먹은건가요? 저는 게임을 잘 하지도 못하는데 만약 정지되었다면 왜 정지되었는지 이유라도 알려주세요 갑자기 플에이가 안되는 너무 황당하네요,2,1,True,Recommended,6089,1585965181
배틀 그라운드,not new player friendly at all obviously graphics are not good gameplay barely decent not worth price,2,12,False,Not Recommended,98,1585526469
배틀 그라운드,게임의 숙명은 핵쟁이들과의 전쟁이다. 특히 이렇게 인기많은 게임은 반드시 핵쟁이들이 나오길마련이다. 대부분 짱깨들이고 한국인들도 많다. 이 핵관련부분을 대처를 잘해야 오래 장수할수있다. 하지만 일을 안하는건지 대충하는건지 막을방법이 아직 없는건지 핵은 뭐 매판 만날정도이고 이제는 대세에맞춰 다른게임들도 배틀로얄 서바이벌 생존게임 장르들이 많이 쏟아져나옴에따라 배그로 집중되어있던 관심들도 하나둘 떨어져간다. 이것이 단순히 다른게임에 대한 흥미보단 핵으로 인해 지쳐가는 민심이 다른곳으로 돌아가는것이다. 짱깨들이 머릿수가 많으니 돈이되는것은 알겠다만 그러다가 망해버리고 짱깨들이 배그 인수할것같다. 판마다 핵쟁이들 신고때리면 다음날 메세지 몇개는뜨고 그중에 영정도 몇개있고...,2,40,True,Recommended,64447,1585472051
배틀 그라운드,너히들은이거사서나처럼1000시간하지마라,2,1,False,Not Recommended,80369,1584422616
배틀 그라운드,산지 이틀만에 정지냐 비정상적인 플래이라고 밴을 먹이네 겨우1킬했는데 이건 좀 너무한거 아닙니까?? 핵도 안썻는데 이유없이 밴을... 실망입니다 펍지,2,0,False,Not Recommended,25766,1584329059
배틀 그라운드,헬멧을 장터에서 샀는데 돈만나가고 않사짐,2,0,False,Not Recommended,29719,1581851269
배틀 그라운드,그래서 140도 나무 뒤가 어딘데 이 새끼야,2,3,True,Recommended,37181,1581348795
배틀 그라운드,해킹에 핵으로 신고먹어서 게임 하지도 못하게 만들었네 결국 짱께 중국 새퀴덜안테 게임 팔아먹고 싶어서 핵은 일부러 안막나? 원래 핵같은거 때문에 망겜이라서 안하고 있었는데 고맙게도 계정 털려서 정지 먹었네 그동안 배그 즐거웠음 근데 이제 할일 없을듯,2,1,False,Not Recommended,3591,1581052945
배틀 그라운드,후후,2,1,False,Not Recommended,28539,1580802405
배틀 그라운드,뭔 게임을 실행한 적이없는데 핵 사용으로 차단을 당하냐,2,1,False,Not Recommended,17232,1579650970
배틀 그라운드,.......... ....................................... ............ ... .......................................... ... .......... .... ............................................ .. ..... .... ....................................... .... .. . .. .... .... . .... .. .... .... .... . . .... .... .... . .. ........................... .. . .... ..... ...... . . ................ ... ............................. ... ................. .. ................... ................................ ................... ... ................. .................................. ................,2,0,False,Not Recommended,10989,1577531435
배틀 그라운드,핵좀 잡아라,2,34,False,Not Recommended,65916,1577229160
배틀 그라운드,"후라이드 치킨은 1984년 KFC가 한국에 상륙하고 얼마 지나지 않아서 겉은 바삭하며 속은 촉촉한 식감에, 치킨은 거의 모든 한국인에게 사랑받았다. 현재는 한국에서 외식 및 배달 음식의 분야에서 부동의 1위를 차지하는 음식이며, 당신에게 포만감과 행복을 안겨줄 음식이다. 32000원의 바삭하고 촉촉한 치킨 두 마리 혹은 32000원의 핵쟁이 장려겜 선택은 당신의 위장에 달렸다.",2,0,False,Not Recommended,25963,1576566709
배틀 그라운드,노잼 족망갬,2,1,False,Not Recommended,60649,1576316898
배틀 그라운드,핵이 너무많음,2,0,False,Not Recommended,217043,1575654759
배틀 그라운드,사실상 4d 게임 몸이같이움직임,2,0,True,Recommended,29979,1574913100
배틀 그라운드,사설방 하기만하면 튕기고 튕기면 다시 못들어가고 크러쉬 떄메 결과 보내둬 뭐 고쳐지는게 없는 이런 망겜이 잇을까,2,0,False,Not Recommended,96074,1573890822
배틀 그라운드,프로지망임,2,0,True,Recommended,49968,1573884831
배틀 그라운드,아 일단 이 배틀그라운드라는 게임은 정말 좋습니다,2,1,True,Recommended,82971,1573717981
배틀 그라운드,치킨 먹기 존내 힘드네,2,1,False,Not Recommended,9802,1573276397
배틀 그라운드,아니 무슨 해킹당해서 중국에 아이피가 넘어가서 핵을쓴건데 정지를 먹이면 나는 어떻게하라고 진짜 줏같이 만들어놨네 아이피 다르면 조사를 먼저 하든지 해야지 그냥 무조건 벤을 먹이면 내 돈은 니가 환불해줄거야? 줏망겜 안하고말지 발,2,3,False,Not Recommended,73255,1572055076
배틀 그라운드,서버 하나 제대로 구비 못하는 개 망겜,2,0,False,Not Recommended,21182,1570078270
배틀 그라운드,3만 2천원으로 할 수 있는게 얼마나 많은데...이런 게임에 돈 부은게 너무 아깝습니다. 이 게임에 비해 제 손이 따라가질 못하네요,2,43,False,Not Recommended,2327,1569772898
배틀 그라운드,이게 총게임이지 시벙방 역시 총게임은 수류탄이 제일 센거지 음 그렇지 뭐가 그렇지야 슈방 FPS면 총으로 정정당당히 에임으로 승부를 봐야지 마주치면 바로 수류탄 핌뽑냐 슈 바라,2,0,False,Not Recommended,40937,1569727424
배틀 그라운드,앙 재미져,2,9,True,Recommended,25880,1568692185
배틀 그라운드,핵쟁이아직도있냐?,2,81,False,Not Recommended,17744,1567092811
배틀 그라운드,핵많아서 게임하기 힘들어요,2,41,False,Not Recommended,132673,1566924158
배틀 그라운드,하지마셈,2,10,True,Recommended,121250,1566922120
배틀 그라운드,이번에 어이없는 일을 당했네요 오랜만에 배그할려고하는데 비번을까먹어서 찾았는데 갑자기 정지라고 하네요 아무것도 한게없는데 정지라니요 사유도 안알려주고 화가나서 환불할려고 하는데 환불도 안된다고 하고 번호도 안써있고 설명도 없고 황당하네요,2,0,True,Recommended,3842,1566383611
배틀 그라운드,서버 사용량이 많아 들어가지지 않는다 패치좀부탁합니다.,2,28,True,Recommended,128058,1566353935
배틀 그라운드,환불 가능한가요?,2,0,False,Not Recommended,113330,1565515924
배틀 그라운드,whdk,2,0,True,Recommended,127985,1565237587
배틀 그라운드,히히 잼믰당,2,1,True,Recommended,11680,1564687322
배틀 그라운드,아니 핵쓴적이 없는데 왜정지에요 수발넘아 아 개빢치네요 진짜 핵쓴적이없다고요 손가락 인증해드려요? 아 너무화나 진짜로 아니 핵쓴적이없는데 왜 신고당해요 돋애체 2달만에 게임할라하는데 왜그러세요,2,0,True,Recommended,33546,1564240747
배틀 그라운드,핵만없음 다조아,2,23,True,Recommended,414123,1564002681
배틀 그라운드,또 서버 터졌냐.....,2,42,False,Not Recommended,17867,1563943561
배틀 그라운드,별로안했는데 할만은 하네요.,2,1,True,Recommended,126321,1563799620
배틀 그라운드,게임 자체는 조낸 어렵다. 고일 대로 고인물인 것도 한몫. 반값에 구입한 이유는 단 하나. 블루홀 현재 크래프톤 이 플레이어언노운과 함께 이 정도 수준의 배틀로얄을 만들어 냈다는 것에 대한 애증? 혹은 국뽕?,2,0,False,Not Recommended,521,1562768244
배틀 그라운드,"배틀그라운드라는 게임 자체를 되게 재미있게 게임하는 플레이어로써 경험을 말해보자면, 매판마다 대부분이라는 생각이 확실히 들지는 않으나, 하늘을 날아다니는 자동차가 존재한다던가, 보이지 않아도 모든 것을 보고 적의 존재여부를 안다던가, 사물에서 제3의 공간을 발견한 것인지 해리포터마냥 벽을 뚫고 지나다닌다던가, 몇백미터 저 멀리서 연사를 갈겨 내 머리를 정확히 맞춘다던가, 남들은 한발 걸을 때 본인은 유유히 우사인볼트마냥 빠르게 뛰어다닌다거나, 피가 닳아도 1초만에 회복하는 회복력을 보여준다거나, 공중계단을 걸어 올라간다거나, 다 터져서 누구도 있지않은 유령자동차가 돌아다닌다거나, 자동차만 타면 바퀴가 터져 사라진다거나 등등,,.. 많은 일들이 발생하여 사람들을 끝까지 실망시키고, 때로는 허탈해서 웃음밖에 안나오는 상황을 만들기도 한다. 자기장은 항상 날 도와주지 않고, 첫싸움 때 총은 항상 근접무기뿐이며, 사람이 있어서는 안되는 곳에서 나타나기도하지만, 배틀그라운드 재미있게 하고있다.",2,0,True,Recommended,69801,1562581686
배틀 그라운드,공포게임 치고는 편안함,2,0,True,Recommended,126381,1562264373
배틀 그라운드,게임은 잘만듬 근데 관리를 못함,2,2,False,Not Recommended,94047,1559474009
배틀 그라운드,예전에 비해 재미가없네요 왜인진 몰라도 고인물들이 너무많고 뉴비분들도 저같은 복귀사람들이 요즘한다면 지칩니다 너무 실력차이가나서 죽고 죽고 오래좀하고싶네요 예전엔 다 비등비등해서 재밋엇는데 ..배그할 생각 1도 안나네요 수고하세요 배그 언제망해요?,2,64,False,Not Recommended,28669,1557925307
배틀 그라운드,아직도 배그하는 흑우 없제?,2,17,False,Not Recommended,7525,1557538413
배틀 그라운드,배그 도와주세욤,2,4,True,Recommended,20497,1557438376
배틀 그라운드,여기다가 27만원을 현질한 학생입니다 레알 앰생 시불짝좆망겜이니 절대 사지마세요 애미애비 와꾸에 시가피고 가래뱄는 행위입니다,2,0,True,Recommended,94225,1556978254
배틀 그라운드,별로 재미없네요,2,0,False,Not Recommended,93564,1556462734
배틀 그라운드,"시발 좆망겜 계속튕겨 최적화할 생각은 안하고 용량을늘려서 랙걸리게하고 지랄이야 시발 이건 gta 가 사양더 높고 드런데 랙드릅게 안 걸리는데 이건 gta 보다 사양도 낮으면서 최적화 안하니까 존나 랙걸리고내가 그랙픽카드 1060 3gb 이고 cpu i5 7500 인데도 랙걸려 이게 게임이냐 최적화할생각을 해야지 용량늘려서 저사양 컴퓨터들 못하게하고있어 이러니까 망하는거지 최적화할생각부터 해야지 블루홀 녀석들아 유튜브에도 문제가 얼마나 심각한지 적혀있는데 너네들은 유저의 피드백도 안받냐? 그러니까 게임이 망하는거야 게임은 유저의 피드백을받고 만들어야지 너네들은 유저를 동물로보냐? 유저의 피드백부터 받고시작해 박대가리 녀석들아Fuck you I do not intend to optimize it. This is not the case with gta. I am not optimizing because the specification is lower than gta, so I get a rack of racks. I have a graphic card 1060 3gb and a cpu i5 7500 I think this is a game or an optimization. It s going to ruin it. We should start with optimizing it. BlueHol guys. It says on YouTube how serious the problem is. You guys do not get user feedback? So the game is ruined. The game needs to be created with user feedback. Do you see the user as an animal? Start with feedback from the users.",2,6,False,Not Recommended,40247,1556285717
배틀 그라운드,할만함,2,1,True,Recommended,218599,1556109341
배틀 그라운드,아 핵좀잡아 이이이이바발,2,1,False,Not Recommended,55774,1556067211
배틀 그라운드,야 군대갔다왔는데 해킹되서 정지먹었어.. 구라아니고 한국겜인데 군대일경우 정지 해주는거 없냐 군대갈애들 우짜냐,2,2,False,Not Recommended,10773,1555899543
배틀 그라운드,아니 내가 핵을 쓴적도 없는데 국가의 부름에 응하는사이에 왜 정지가 먹여져있는데 왜 왜 왜 뭔데 풀어줘,2,0,False,Not Recommended,27967,1555754605
배틀 그라운드,아닛 발 미쳤나 아니 맨날 겜을 튕기게 하고 미친 시발년드 아 장난치나 시발 제대로 만 어라 다시 만들어 개썌기 야 뜨 ?qazwsx 135 카배는 이지랋 아닌야 시발 스배가 지랄인 시발운영 똑발 해라 시발 새끼야 앰뒤 짐 나 까 시발 년아,2,2,False,Not Recommended,174564,1554018583
배틀 그라운드,안락사 시킬때가 된 게임,2,3,True,Recommended,7128,1553774133
배틀 그라운드,좆같은 개씨발게임.,2,3,False,Not Recommended,10086,1553770211
배틀 그라운드,조금해봤는데 재밌네요,2,0,True,Recommended,91296,1553330980
배틀 그라운드,아니 시 발련들아 추가좀 작작하든지 최적하를 쳐하든지 게임을 존나 돈많은사람들만 하라는거야 뭐야 시 발 원래 중옵도 돌아가던컴이 플레어건이랑 패치들 하면서 같이 시 발 매우낮음해도 게 렉걸리네 병 신들이 추가만 쳐하고 렉은 안줄이고 핵도 못쳐잡고 그러니깐 니네가 그정도밖에안되는거야 병 신들,2,0,False,Not Recommended,137592,1552310753
배틀 그라운드,현자온다.. 이걸왜산건지,2,0,False,Not Recommended,84441,1551921181
배틀 그라운드,핵보다 더 싫은건 중국인이다 노구,2,96,False,Not Recommended,39739,1551161470
배틀 그라운드,제작자들 100 포트나이트 하는걸거야 그게 아니고선 이렇게 관리를 할 수가 없어,2,0,False,Not Recommended,50692,1551114446
배틀 그라운드,운빨 존망겜이지만 재미있는게임 입니다!!,2,7,True,Recommended,83343,1551073928
배틀 그라운드,"제발 최적화좀 해주세요 사람들이 렉이걸려서 막 순간이동하고 막하는데 답답해서 못하겠어요 3,2000원을 주고 게임을 샀는데 준다는 보상이 겨우 스킨하나랑 얼마안되는 1,300원 이걸 어따쓰라고 주는거임?",2,2,False,Not Recommended,67264,1550802247
배틀 그라운드,아직 조금밖에 안했는데.. 핵쟁이가 너무 많아요,2,1,False,Not Recommended,83060,1550689704
배틀 그라운드,잠간 해봤는데 재밌는지 잘모르겠네요 더 해봐야알것같아요.,2,0,True,Recommended,121348,1550301873
배틀 그라운드,쪼금만했는데재미없네요,2,1,False,Not Recommended,111595,1550217547
배틀 그라운드,3만 2천원주고 왜샀을까 씨빠거,2,3,False,Not Recommended,9490,1549734394
배틀 그라운드,와우! 중국인! 와우! 썩은물! 와우! 핵! 우와! 말이 안통해 ! 완죤 갓겜인걸?,2,2,False,Not Recommended,14182,1549610144
배틀 그라운드,아니 씨 총을 쏴도 맞지를 않네,2,0,False,Not Recommended,8081,1549432755
배틀 그라운드,"배틀그라운드 세계의 생존은 굉장히 어렵다 고인물,짱깨,서버랙,핵쟁이 들 사이에서 살아남아야 하기 때문이다 당신은 열심히 폐지를 주워서 황금고블린이 될수있다 열심히 주운 물건들을 나누어준뒤 그리고 다시 매칭을 시작한뒤 10분동안 폐지를 주워서 나눠주고 이것을 반복하고있다면 배틀그라운드를 제대로 즐기고있는것이다! 그러다보면 운좋게 순위권에 들수있다 그렇지만 치킨은 당신것이 아니다 그것은 바로 고귀하신 핵쟁이 중국인의 것이니 넘보지 말자",2,0,False,Not Recommended,7125,1548682372
배틀 그라운드,말할거 뭐있누 사지말자. 지금보니. 이게임 추천 평가 도 다 좀 고쳐라 거리네 리얼 배그 왜 하는지 이해가 안감.,2,2,False,Not Recommended,32645,1548459572
배틀 그라운드,분명 저는 어제까지 재미있게 플래이를했습니다 근데 팀킬러 너무 열받네요 기것 파밍 다하고 기분좋게 하는데 팀킬당하면 안당해 보면 모릅니다 그리고 핵 그 프리미엄 패스 그거 스킨만들시간에 제발 팀킬러 핵쟁이 좀 잡아주세요 그리고 중간에 게임 튕기는거 진짜 심각하다고 생각합니다 제발 스킨 작작작만들고 서버 관리좀 하세요,2,10,True,Recommended,72412,1548049492
배틀 그라운드,음 견학겸 쪼끔 해봤는데 너무 어려운게임이네요 저랑은 잘 안맞는것같아요,2,1,False,Not Recommended,117352,1546603637
배틀 그라운드,환불규정 잘못눌렀다가 뉴진스 다사라져서 배그만 보면 그냥 화가남 그걸 카페 공지에만 쓰면 어쩌냐 이새끼들아 게임알람에 뜨게해야지,2,0,False,Not Recommended,49252,1546271429
배틀 그라운드,"유저들은 고일만큼 고였다, 하지만 더 고여 썩을 거다. 서버는 여전히 이다. 한마디로 망겜이다. 비꼬는 인간을 위한 한마디 400시간은 이겜 오픈된 순간부터다, 400시간 어디서 고인물 운운한다는 그런 댓글 달거면 그냥 안보는건 어때?",2,52,False,Not Recommended,28542,1546222146
배틀 그라운드,GOOD GOOD,2,0,True,Recommended,84896,1545539067
배틀 그라운드,1 비행기에서 내린다 대도시를 간다 고인물한테 죽는다. 2 비행기에서 내린다 대도시를 간다 핵한테 죽는다. 3 비행기에서 내린다 짤파밍을 간다 고인물한테 죽는다. 4 비행기에서 내린다 짤파밍을 간다 핵한테 죽는다. 5 비행기에서 내린다 짤파밍을 간다 자기장 망겜으로 죽는다.,2,6,False,Not Recommended,95399,1545320312
배틀 그라운드,오랜만에 들어갔는데 핵 많고 고인물은 넘쳐나서 하기 힘들었다. 그들만의 리그가 되어버림 시간이 좀더 걸려도 상관없으니 mmr 비슷한 수준끼리 매칭됬으면 좋겠다,2,83,True,Recommended,17030,1545285485
배틀 그라운드,좆망겜,2,1,False,Not Recommended,74675,1545255441
배틀 그라운드,"이 게임은 저로 하여금 삶에 대한 활력을 가져다 줍니다. 이 게임을 구매하는데 사용한 돈이 게임에 아무런 발전도 가져다주지 못하고 회사 직원들의 예상치 못한 돈잔치와 회식, 그리고 중화인민공화국의 신형 전투기 개발 및 교도소 설립에 사용되었다고 생각하니 돈이 아까워서 천불이 납니다. 블루홀이 돈을 벌 바에는 판문점 경계선 너머로 500원짜리 동전 던지고 대북송금으로 국정원에 잡혀가는게 더 보람찰 것 같습니다. 핵 잡으십시오. 아님 자살이라도 해주십시오.",2,4,False,Not Recommended,31833,1544972041
배틀 그라운드,앙 핵쟁띠 중국인과 대화하니 중국어를 원어민과 1 1로 배우니 너무좋아요 3만원정도로 중국원어민들의 말을 들으니 착한가격입나다,2,1,False,Not Recommended,71192,1543404685
배틀 그라운드,옛날엔 나름 재밌었던거 같음 근데 요즘엔... 쩝,2,0,True,Recommended,10694,1543045001
배틀 그라운드,아아아아아아아아아 아아아아아아아아아아아아아아어 앙아 아아아,2,2,True,Recommended,17099,1543022315
배틀 그라운드,"시 발 망겜 수준 제발 핵 좀 잡아라 스킨 ? 안줘도돼 지금 배그 현시점으로 봐서는 배그보다 나중에 나오는 다른 것이 더 재미있겠따 제발 핵 , 서버 , 레이팅 시스템좀 재대로 해라 스쿼드가 브론즈 인사람 도 막상 매칭잡으면 골드 나오고 플레 나오고 개판이다 이게 게임이냐 ?? 디아블로 M 이 더 재미있겠다",2,9,False,Not Recommended,103174,1542431327
배틀 그라운드,시발겜,2,4,False,Not Recommended,121843,1541292128
배틀 그라운드,잼잼?,2,14,True,Recommended,65670,1541217814
배틀 그라운드,저기 저 무고밴 당했거든요 좀풀어주새요 닉 redhole209,2,0,True,Recommended,53044,1540708105
배틀 그라운드,P U b B b i spoiler ad spoiler i b G b i spoiler ame spoiler i,2,0,False,Not Recommended,2146,1540642407
배틀 그라운드,핵만 없으면 아주 좋은 게임,2,1,True,Recommended,10360,1540437890
배틀 그라운드,진짜조금밖에 안했는데 너무 어렵네요 배린이 때고싶어요!,2,1,True,Recommended,54554,1539784812
배틀 그라운드,잘만든 국산겜 운영으로 말아먹는 헬조센식 패치 콜옵하러 간다,2,1,False,Not Recommended,2707,1539721258
배틀 그라운드,이제는 놓아줄 게임,2,0,False,Not Recommended,97157,1539424661
배틀 그라운드,미친년들아 서버선택하는거 왜없앴어 랜덤스쿼드 돌리면 짱개새끼들 밖에 없잖아,2,1,False,Not Recommended,66406,1538817090
배틀 그라운드,오래된 클라이언트 업데이트를 하라고 하는데 업데이트 표시는 안뜨고 플레이만 뜨고 업데이트 제일 먼저 하게 해도 계속 오래된 클라이언트 업데이트 하라고 하네요 더군다나 이번이 첫번째가 아니라 이런점 신속히 처리해주셨으면 합니다,2,0,True,Recommended,177967,1538747156
배틀 그라운드,배그 진짜 개 망겜 아니 중국인들이랑 왜 해야함? 나라 서번는 우리가 정해서해야지 배치도 작작하삼 그러니까 사람들이 배그를 안하지,2,177,False,Not Recommended,67285,1538555165
배틀 그라운드,아니 씨발 무료로 풀더니 게임이 뒤졋네 씨발 아니 핑이 300 1000뜨는게 씨발 게임이냐 씨발 핑 꼬라지가 좃같네,2,0,False,Not Recommended,23102,1537780825
배틀 그라운드,"X신게임, 서버관리, 최적화 하나도 제대로 된건 없는데 할게임없어서 하는게임. 콜옵나오면 망할걸 알기에 미리 탈출한다. 탈출은 지능순, 이 게임 하는 의미라곤 친구들이 하재서 가끔해주는 그 수준의 게임",2,38,False,Not Recommended,55722,1537514202
배틀 그라운드,핵을못잡겟으면 중국을 차단해 병신 블루홀새끼야 오나홀마냥 생각없네,2,0,False,Not Recommended,77679,1536853872
배틀 그라운드,SO GOOD,2,11,True,Recommended,68070,1536306903
배틀 그라운드,무고밴 먹엿는데 풀어줘요,2,0,False,Not Recommended,36268,1536060051
배틀 그라운드,병!신,2,3,False,Not Recommended,43389,1535908131
배틀 그라운드,갓겜?,2,0,False,Not Recommended,20948,1535631501
배틀 그라운드,개 에미 뒤진 씨발 암모니아 말좀 갈매기 대가리 메기 같은씨발놈아 존번 30초 이상하면 영정시켜 존버충에미뒤진 갓건배걸레 미친에미뒤신쌍년아 뒤질래? 시발? 니에미 창년,2,2,False,Not Recommended,39227,1535102676
배틀 그라운드,아니 게임을 구매했는데 왜 시작하기나 다운로드가 안보이는거죠?,2,0,False,Not Recommended,9741,1535053266
배틀 그라운드,핵유저좀 잡어줘요,2,36,True,Recommended,19726,1534145036
배틀 그라운드,개같은 서버 어떻게좀 해봐 요즘따라 스팀과의 연결이 끊겼다고 그러잖어 블루홀이 일을 안하는거야 벨브가 일을 안하는거야 좀 말해봐 답답해죽기전에,2,0,False,Not Recommended,30245,1533564670
배틀 그라운드,망겜 시발람아 핵좀잡고 서버관리해라 김기현인가,2,0,False,Not Recommended,45382,1533174808
배틀 그라운드,배틀그라운드 산지 벌써 1년이 다돼는데 너무 재미있어요 친구들 한태도 추천 많이 해줫어요 감사합니다 !,2,0,True,Recommended,118944,1532591786
배틀 그라운드,재미쒀요 여럿이서 하면 더 재미쒀요 너모너모너모너모너모너모너모너모너모 재미쒀요,2,0,True,Recommended,199561,1531839962
배틀 그라운드,병신게임,2,1,False,Not Recommended,120776,1531696240
배틀 그라운드,제 스타일 기준으로는 추천드리고 싶지 않네요 워낙 스토리 있는 게임을 좋아해서 그런가 맹목적으로 배틀로얄처럼 죽이고 1등 먹는게임 제 스타일은 아닌것같아서 제 기준엔 비추천 드리지만 친구가 여럿있다 바로지르세요,2,4,False,Not Recommended,393,1531128416
배틀 그라운드,"게임자체는 다 좋은데 초보자들을 위한 훈련장, 튜토리얼, 인공지능 모드 이런것들이 생겨났으면 좋갰네요 그리고 가장 중요한 최적화 작업도...",2,28,True,Recommended,18679,1530979809
배틀 그라운드,봇전 추가해라 씨 발련들아 신규유저들 진입장벽 더럽게 높잖어 앰뒤년들이,2,3,False,Not Recommended,3228,1530941141
배틀 그라운드,넥슨 되어가는돗,2,0,False,Not Recommended,30166,1530714129
배틀 그라운드,정부는 한반도의 비핵화를 위해 엄청 노력하고있는데 블루홀도 한반도의 비핵화를 위해 노력하자,2,2,True,Recommended,22964,1530524827
배틀 그라운드,"쾌쾌한 담배연기가 시야를 맵게 만들고, 키보드와 마우스에 묻어난 정체를 알 수 없는 찌꺼기로 인해 매번 물티슈를 가지러 가는 것이 귀찮았다. 그나마 먹음직스러운 노오란 치즈를 얹은 참깨라면과 그 뜨거움을 식혀줄 청량한 콜라를 생각하며 즐겁게 갈 수 있었다. 언제부턴가 롤은 마음에서 멀어지고 배그만 찾는 내 자신을 발견했을 때, 핵을 사용하는 유저들이 다시 돌아가라고 나를 긁어 댔었다. 롤은 돌아온 나를 아무말 없이 받아주었다.",2,2,False,Not Recommended,6321,1530445355
배틀 그라운드,시발 제발 버그 좀 확인하고 패치를 하던가 뭔 놈에 버그 땜에 게임을 할 수가 없네,2,1,False,Not Recommended,21753,1530367131
배틀 그라운드,Drecksspiel,2,1,False,Not Recommended,6439,1530275249
배틀 그라운드,이 게임 덕분에 친구들과 많이 웃었습니다. 망겜과 갓겜을 사이를 달리는 모세같은 존재 파란똥꾸멍 회사를 존경합니다.,2,1,True,Recommended,55039,1530259864
배틀 그라운드,애매 시 발,2,0,False,Not Recommended,110293,1530009384
배틀 그라운드,탱크 나오면 다시 산다,2,0,False,Not Recommended,56,1529892605
배틀 그라운드,이벤트패스 장난하는것도 아니고 정도껏 해야지 구매하고나서 다 해금되고 보니 개 어렵네 진짜 양심이 있다면 난이도를 낮춰라 진짜 이게 뭐냐 이게,2,1,False,Not Recommended,23042,1529876858
배틀 그라운드,J O A T,2,1,True,Recommended,41121,1529834592
배틀 그라운드,aaa,2,1,False,Not Recommended,74417,1529831012
배틀 그라운드,핵좀 없애라,2,1,False,Not Recommended,29072,1529738318
배틀 그라운드,아니 업데이트가 안되네 슈벌 하지말라는건가 이거 산거 후회함 블루홀 개새키,2,0,False,Not Recommended,18699,1529683938
배틀 그라운드,노잼,2,0,False,Not Recommended,2309,1529599427
배틀 그라운드,1. 열쇠 필요한 상자는 왜 이렇게 많이 주는건가 2. 이 게임은 미완성 게임이다. 이정도 개적화가 정식 출시한지 얼마나 지났는데 아직도 이런건지 3. 이 정도 그래픽에 이 정도 사양을 요구한다는거 자체가 넘나 웃김. 4. 중국인 블락 안하냐? 한국섭이 왜 한국섭인지 모르겠네 5.,2,13,False,Not Recommended,12068,1529563529
배틀 그라운드,중국인들 차단했으면 갓겜이었음,2,2,False,Not Recommended,48502,1529556609
배틀 그라운드,개발을 외국인이 해서 게임 자체는 재밌는데 운영을 한국인들이해서 게임이 재미없음,2,5,False,Not Recommended,19752,1529475772
배틀 그라운드,트레이서는 옵치에도 존재하고 시공에도 존재하고 에란겔에도 존재한다 삭제해라,2,0,False,Not Recommended,42115,1529069703
배틀 그라운드,이겜 사면 짱깨년들이 해킹해서 프로필에 VAC차단 기록 마크 새겨준다 개멋지다,2,5,False,Not Recommended,44705,1528867609
배틀 그라운드,"캐쥬얼적인 H1Z1를 누르고 각종 디테일적인 부분을 강조하여 나온 배틀로얄게임 술먹고 친구들이랑 잠깐 하긴 좋으나 장기 플레이가능성은 없어 보인다. 출시한지 많은 시간이 지났는대도 불구하고 각종 버그 국산무료겜 블랙스쿼드 못한 서버상태, 10도 안되는 개 똥같은 티켓레이트 총쌈게임에 치명적인 단점을 48만가지나 갖고있으면서도 꾸준히 대회열고 하는거 보면 대단하다",2,0,False,Not Recommended,52046,1528467357
배틀 그라운드,아니 진짜 사양이 되는데 렉걸려서 총안갈아지고 순간이동하고 진짜 화납니다,2,1,False,Not Recommended,108686,1528299290
배틀 그라운드,"배그가 병!신 같은 게임인 이유 1. 병!신 같은 최적화 이게 양심적으로 GTX1080에서도 렉 먹을 그래픽인지 모르겠음. GTA5는 그 그래픽에 풀옵 돌아가는데 이 병!신 같은 게임은 엿같이도 최적화를 해놓음. 최적화 패치라고 하면 대부분 그래픽 다운그레이드고 최적화가 아님. 2. 병!신 같은 버그 뭔 18 버그가 지지리도 많은지 이해가 안됨. 패치할 때마다 별의 별 버그가 넘쳐흐름. 차가 지 혼자 춤추지를 않나, 몸은 투명해지지, 개 환장할 엿 같은 버그가 저어어어 멀리 있는 DDONG나무를 연상시킬 정도임. 3. 병!신 같은 핵쟁이 새!끼들 지금 배그는 총 들고 싸우는 게임이 아니라 무슨 시!발 무림 만화마냥 존!나 황당한 핵쟁이 새끼들이 넘쳐흐름. 이게 존!나 어이가 털리는 게 창과 방패의 싸움이 아닌 그냥 일방적인 창의 싸움임. 핵한테 맨날 탈탈 털려서는 보안이라는 게 있는지 없는지가 의심이 됨. 4. 병!신 같은 과금 방식 얼리엑세스 때를 생각해보면 지금의 배그는 얼마나 감회가 새로운지 모르겠음. 솔직히 인간적으로 뭔 시!발 게임머니로 상자를 사면 나오는 게 개 엿 같은 열쇠깡 해야 하는 싴발 같은 상자들임? 정도가 있지 씨!발 뭔 주구장창 유료상자나 처 나옴. 따로 살 수 있게 하던가 씌!발 총평 배그는 시!발 같은 게임이 맞음. 700시간이나 했으니 아직까지도 재미가 있기는 한데, 점점게임이 엿같아짐. 이 시!발 같은 게임은 유저랑 소통은 개뿔 방치플레이 중임. 자신이 M기질이 있다면 하셈. 나는 M기질이 없기는 한데, 고여버렸기 때문에 어쩔 수 없이 계속 고여있을 예정임.",2,3,False,Not Recommended,71828,1528115153
배틀 그라운드,l발 서버좀 고쳐라,2,1,False,Not Recommended,67758,1527918142
배틀 그라운드,별로,2,5,False,Not Recommended,91200,1527674845
배틀 그라운드,요새 너무 행복하신거 같다구요? 이 게임을 하셔야 합니다! 단 돈 32000원에 상상도 하지못할 엄청게 다양한 종류의 스트레스를 경험하실 수 있습니다. 온가지 돌연사를 당하고도 배그가 그렇지 뭐 하고 웃음이 나오는순간! 당신은 이 게임을 통달하였습니다. 하산하시면 됩니다,2,3,False,Not Recommended,183802,1527593172
배틀 그라운드,"...................... ...................., .. ................... .... ............. ... .......... ... .... ....... ........ ... ... .... ... ......... ................. ..... .......... ... .......... . ............ .............. .............. .............",2,3,False,Not Recommended,2930,1527240442
배틀 그라운드,"재미있는 갓겜. 하지만 모든 게임이 그렇듯이 혼자하면 재미 없습니다. 유럽에 사시는 여러분 혼자 게임 하기 지겨우시죠? 유럽 한인 디스코드, EU KR Gamers 디스코드로 여러분을 초대합니다. 본 디스코드는 리그 오브 레전드는 물론 배틀그라운드, 포트나이트, 오버워치, 히오스 등 게임의 종류를 가리지 않고 유럽에 거주중인 한인들이 외롭지 않게 모여서 게임을 할 수 있는 구심점이 되고자 개설 되었습니다. 게임 계속 혼자하면 재미 없습니다. 타지에서 하루종일 시달리다 쌓인 스트레스, 같이 수다도 떨고, 게임도 하며 떨쳐버리고 싶으신 분들께 항상 열려있습니다. 나이, 성별, 직업 등은 일체 상관없으며 현재 유럽에 거주중이시면 됩니다. 채널에서 뵙겠습니다.",2,6,True,Recommended,18051,1527074458
배틀 그라운드,메이플이랑 배그 같이했다고 정지먹음 문의까지해봤지만 게임이외의 프로그램을 실행하는도중 보안솔루션에걸리면 영구정지된다함 배그랑 메이플 두개켜놨었는뎈 젠장.....,2,0,False,Not Recommended,39805,1527071532
배틀 그라운드,배그 시발 존나 잘튕겨 탱탱볼인줄,2,1,False,Not Recommended,42645,1526824931
배틀 그라운드,건의하나 하고싶습니다 ! 친구들이랑 스쿼드로 같이 하다가 먼저 죽으면 관전만하는건 너무 심심합니다 죽은사람들 유령화할수있는 시스템을 만들어서 조금한 자기장을 만들어 죽은사람 유령 끼리 자기장안에서만 태어나고 싸울수있게 미니게임 형식으로 만들어주세요 관전할사람은 관전하고 심심한사람들은 유령화해서 놀고있고 패치 기대하겠습니다 !,2,0,False,Not Recommended,30475,1526717201
배틀 그라운드,사지마세요! 이게임은 차가 달리다가 작은 돌부리에 걸려서 터지는 엄청난 물리엔진을 보유하고있으니까요,2,8,False,Not Recommended,24180,1526460285
배틀 그라운드,씨발 배그일안하냐?? 툭하면 배그 접속 안되고 맵에 버그있네존나 답없네 환불요청한다,2,0,False,Not Recommended,46812,1526276400
배틀 그라운드,핵 안잡습니다,2,0,False,Not Recommended,121149,1525798151
배틀 그라운드,블루홀 일 열심히좀하자 이러다 망한다,2,1,True,Recommended,44910,1525593692
배틀 그라운드,게임이 재미가 없어지고 있음 점점 양산형게임으루 패치를 진행중,2,8,False,Not Recommended,40247,1525525361
배틀 그라운드,최적화망겜 핵망겜 그랙픽좋지도않은데 사양높은망겜 그냥 시벌거 망겜이네 곧망하는게 코앞이다,2,0,False,Not Recommended,19198,1525490234
배틀 그라운드,이 게임은 그냥 아이템 얻고 가다가 죽는 게임이다 그냥 레식이 더 좋네,2,8,False,Not Recommended,3171,1524659434
배틀 그라운드,아니 요즘들어 네트워크 지연 왜이리뜨냐 진짜 하기 싫어진다. 좀 서버관리좀 하던가 무슨 쓸때없는 패치나하고 서버관리는 뒷전이고 아무리 갓겜이여도 서버가 개판이면 하기 싫어지는게 게임이다. 초반엔 서버관리좀 하나햇더니 지금은 아예 손을 놓은것 처럼 보인다 제발 서버에 관심좀 갖고 문제 해결좀 해줘라 제발,2,0,False,Not Recommended,129864,1523529038
배틀 그라운드,very very Good,2,1,True,Recommended,52826,1523512034
배틀 그라운드,걍 개 망겜 사면 개흑우 색히 인정하는거임,2,1,False,Not Recommended,128452,1522558703
배틀 그라운드,팀킬 빨리 어떻게 해야된다 중국인 보다 더 심하네 한국 수준 중국인 욕 오지게 하더니 별 다를게 없는데,2,1,False,Not Recommended,143577,1522555585
배틀 그라운드,"긴장감 조지는 솔로 모드. 친구랑 하면 개꿀잼인 듀오, 스쿼드 모드. 뭐? 친구가 없다고? 그런 당신을 위해 준비했습니다! 랜 덤 듀오, 스쿼드. 인싸, 아싸를 모두 끌어들이기 위한 갓 게임 당신의 놀라운 능려크를 보여준다면 커플이 되는것은 시간문제! 지금 바로 구입하세요!",2,0,True,Recommended,80878,1522536865
배틀 그라운드,랜덤 스쿼드 매칭 hi ! ESC 게임종료 히어로즈오브더스톰 실행 편 안,2,0,True,Recommended,74098,1522155520
배틀 그라운드,그지같은 겜,2,0,False,Not Recommended,44945,1522124963
배틀 그라운드,탑텐 들어가면 기계들의 싸움,2,3,False,Not Recommended,30444,1521955576
배틀 그라운드,아직킹쁘지 않음,2,0,True,Recommended,32175,1521954110
배틀 그라운드,무고밴 먹이는 게임,2,1,False,Not Recommended,18463,1521861861
배틀 그라운드,아니갑자기겜하다가오류나 서봣더니다시사라고요?와...어이가없네 겜잘하고잇는데이게뭔 맞은거임?,2,2,True,Recommended,91864,1521857214
배틀 그라운드,게임 개선을 위해 노력하는것이 보인다.,2,0,True,Recommended,37349,1521464228
배틀 그라운드,오호... 이런 게임 만들고 그러면 앙대!,2,0,True,Recommended,8990,1520234756
배틀 그라운드,제발좀 서버렉 좀 고쳐라 그리고 중국인들하고는 왜 합침 이해를 못하겠네 핵을 못 쓰게 하던가,2,0,False,Not Recommended,88905,1520080953
배틀 그라운드,믿고 버리는 한국게임 서버는 항상 터지질않나한국여러분 절대로 하지마세요 초딩들의나라 믿고 거르세요.,2,0,False,Not Recommended,6641,1519893987
배틀 그라운드,h1 이용자를 알수없는의 전쟁터 h1 라는 오락. 배틀그라운드라는 게임입니다 비교적 상당히 생각보다 빠른 게임진행에 서바이벌 최초로 4개국 이상 서바이벌 프로게임대회가 개최 운영 되는 게임이며 김치의 아이디어라기엔 믿기지가 않는 게임이기도합니다 재밌습니다 그런데 서버가 개X같습니다 어떻게 평가를해야할지 솔직히 모르겠네요 재미는있는데 뭐랄까 짜증나고 제가 게임을 못하는것도있긴하지만 특정적으로 시간여행을하는 아주 엿같은상황이 오기도한데 근데또 생각해보면 적도 이런상황이와서 치킨뜯어먹을대도있었고 하... 좆까고 핵 시발 ........... 일단 추천입니다. PS.짱깨 좆선족 새키들이 조조마냥 더 월드란스킬을 사용하면서 핵커들의 전장이 되버린게임. 2019 01 12 새로운평가 포트나이트랑 양각대결을하고있는 자랑스러운 김치산 TPS 서바이벌게임 플논의 배그입니다 알아보니 아르마의 모드의 기반으로 수정과 개선하여 만든게 배틀그라운드인데 재밌습니다 정말 어려운게임이고 진입장벽이 높을수도있습니다 하지만 재밌습니다 그리고 그 어려운상황에 치킨을뜯어먹는다?? 상당히 노력했고 상당히 즐기고있는 유저입니다 모두가 침묵의 룰을 통해서 솔쿼드돌리는것도 나쁘진않지만 8 9명 이상 팀을구해서 사용자 모드하는것도 나쁘지 않습니다. 2019 0202 토 배그 망각 보이네요 일단 컴퓨터사양이 무조건 좋은 분들이라면 문제가 없겠지만 중사양 정도되는 컴퓨터라면 문제가되는 사양입니다 비켄디 최적화가 개 발입니다 배그의 고질적 문제점 최적화 하지만 늘 패치를 통해서 프레임 안정화를 시켰고 또 잠잠해졌지만 다시또패치 업데이트를 하면 프레임드랍이생긴다는겁니다 개적화인거죠 비켄디가 대표적입니다 비켄디 업뎃으로 또 개적화티내듯 프레임드랍오지더군요 사실 배그는 생존게임이라 센스 키보드 마우스 동시에 누르기 반응속도 등등 하나 하나 다중요하죠 그런데 배그 고인물이라던가 쫌해보신분들은 아시겠지만 프레임 드랍이 낮을수록 연사는 호구가되고 에임이 안정화되죠 ????? 그럼 과연 이 연사 한발로 인해서 승패가 결정되고 당시의 피지컬이 결정난다면 상당히 짜증나겠죠? 피지컬도 중요한데 그 피지컬이 컴퓨터를 못이겨서 게임에 질수가있겠죠 두번째 프레임드랍이 30유지되도 할만한데 특정지역에가면 비켄디 30아래로 떨어지는 플레이어가 있습니다 배그의 첫단추가 개적화였기때문에 이 개적화는 그 어느 누구도 바꿀수없죠 차라리 배그를 갈아엎거나 아니면 배그2를 기대할수밖에요 컴퓨터 모델 그대로 쭉가고 개량해서 업뎃을 하자나요? 그렇죠?? 하지만 개량할수록 문제는 남아있고 다시 업그레이드하고 새로운 부품이생기면 업그레이드하고 다시 문제 개선하고 지금 배그가딱그렇습니다. 점점 망겜각 보이네요. 창조경제 배틀그라운드 게임을구매한다 핵유저가 핵을사용한다 밴당한다 구매한다 핵을사용한다 밴당한다 핵유저가 구매한다 다시핵을사용한다 밴당한다 순환구조 창조경제 개꿀? SHI발 Zoz같은 짱깨 새키들 언어를 모르면 따라오기라도하던가 개같네 진짜. 그리고 무작정 무고밴 쳐때리는 같은겜 진짜 잡고 반성해라 2월 20일 Apex Legend 꼭대기 전설 로 떠나요. 리뷰끝. 하지마 호구새꺄. 접었습니다 하지마세요 레알 겜입니다. 아 그리고 감히충고하는데 중국인을 잡으세여 따른 뚱딴지같은 사람 쳐잡지말고요. 정나미떨어집니다,2,9,True,Recommended,60579,1519649941
배틀 그라운드,좆망겜 시바 버그존네많고 핵은안잡고 시바 이래서 국산은안됀단거임 시발 5 달만에들와와는데 버그가 하나도 안조쳐졑있네 시밥,2,1,False,Not Recommended,22021,1519573940
배틀 그라운드,"짱깨 띠발아 퉷 니가 서버에서 하라고 , 초딩 보이스가 들리는순간 나는 나가버리고 말았다",2,1,True,Recommended,3116,1519552931
배틀 그라운드,ESP 사러감,2,2,False,Not Recommended,150847,1519340132
배틀 그라운드,"돈맛빨더니 정신나간수준으로 열쇠필요한상자,스킨내놓음 최적화 병신임 총기반동패치,낙하산패치 이런거 할수록 힘들어짐 내가문제인지는 모르겠는데 마우스안보이고 낙하산내릴때 키 안먹힘 게임자체를못하겠음",2,1,False,Not Recommended,68925,1519209845
배틀 그라운드,짱깨좆망겜 씨벌 핵쟁새끼영상찍어서신고하면 관전버그라고 지랄염병 눈은 장식인가 니기미 안티치트는 니애 미 좆이나 까잡수시고 핵좀 쳐잡아 애미디진 병신 짱꺠 난징대학살떄 싸그리 죽여버렸어야했는데 짱깨대신 블루홀 애미애비가 뒤져버렸네,2,2,False,Not Recommended,74435,1518956206
배틀 그라운드,제발 좃같은 무한로딩좀 없애주세요 제발,2,7,False,Not Recommended,41081,1518953094
배틀 그라운드,배그 진짜 갓겜임 암튼 갓겜임 공중에서 보급타고 날아오면서 총쏘는 애들있어도 암튼 갓겜임 오토바이 타고가다가 바퀴에 내성발톱있나 갑자기 고꾸라져도 암튼 갓겜임 낙하산 지붕에 안착했는데 무슨 트레이서도 아니고 시간역행해서 바닥에 떨어져도 암튼 갓겜임 서버 접속하다 아름다운 배경 나오면서 님들 이거나 보고 있으셈 게임은 쳐 하지말고 b 이래도 암튼 갓겜임 서버 접속하다 갑자기 로딩창 사라져도 암튼 갓겜임,2,3,True,Recommended,22202,1518874780
배틀 그라운드,"게임 자체는 정말 대단하다 그 어떤 FPS, 배틀로얄 장르에서 배그만큼 재미와 흥분을 주는 게임은 없었다 지금도 남은 인원이 4명이 될 때마다 심장이 미친듯이 뛴다 하지만 펍지는 유저를 저버리고 수익을 선택했을뿐 그게 이 게임의 전부이다",2,0,False,Not Recommended,63137,1518754049
배틀 그라운드,"헬조선 기업답게 하는짓이 헬조선이다 도데체 무슨 생각으로 미라마를 만든지 나는 전혀 알수없지만, 왜 우리가 무작위로 게임을 해야하나?이게 무료게임도 아니고 내가 내돈내고 하는 게임인데 왜 내 의지와 상관없이 사막맵을 계속해야하는지 논리정연하게 설명해주시기 바랍니다. 혹시 문재앙이가 대통령이 되어서 하는짓이 공산주의 국가처럼 블루홀 니들 맘대로인가요??그리고 무작위 그래 좋다. 다만 니들 말대로 정말 5 5로 비율이 맞춰진건가?왜 나만 플레이 할떄는 사막맵만 계속하게 되는건지?그리고 핵은 왜 못잡는지?핵을 못잡는건지 아니면 핵쟁이들에게 프로그램소스를 넘겨줘서 니들 용돈벌이 하는것인지 의구심이 든다.난 어서 빨리 이 게임이 망했으면 좋겠다.다시 한번 말하지만, 어서 빨리 핵쟁이들 처리하고, 유저들에게 맵을 선택할수있는 자유를 달라.여기가 공산주의 국가인가?다음 패치때에도 맵을 선택할수있는 권리를 우리에게 주지않는다면, 꼭 블루홀 니들과 배그가 망하길 기원하겠다.",2,0,False,Not Recommended,19213,1518694121
배틀 그라운드,아무리 게임을 재미있게 만들어도 운영이 말아먹을수있다는것을 보여준 사레,2,1,False,Not Recommended,6209,1518633577
배틀 그라운드,핵쟁이들 좀 잡아라 제발,2,3,False,Not Recommended,69510,1518553510
배틀 그라운드,시바 개꿀잼인건 팩트지만 서버문제 파쿠르로인한 버그가있어 게임하기에 문제가있어서 그점에서 화가났음,2,0,True,Recommended,65067,1518235872
배틀 그라운드,핵좀 잡아라..,2,0,False,Not Recommended,86027,1517882794
배틀 그라운드,핵 존나많고 진짜씨발 게임 이름을 그냥 핵 vs 일반인으로 바꿔라 개새끼들아 판마다 핵만나는건 기본이고 짱개새끼들 존나많음 절대 사지마셈 그냥 인터넷 방송으로 즐겨보셈,2,0,False,Not Recommended,13900,1517645039
배틀 그라운드,"추천하고 싶은 게임이지만 업데이트를 할때마나 오류가 1,2개씩 생기네요 이런것좀 고치세요 제발",2,0,True,Recommended,63437,1517471816
배틀 그라운드,LEGION LOCK CHINA,2,1,False,Not Recommended,20975,1517171009
배틀 그라운드,"The delay in the process of raising the pump in S1897 is long, which is disadvantageous in the engagement situation. It takes time to pump the S1897 Please cut it down.",2,0,True,Recommended,54344,1517116766
배틀 그라운드,rbt,2,1,True,Recommended,39735,1517057228
배틀 그라운드,정식 발매게임이 아닌 얼리 액세스 게임을 하는 것 같다. 조금만 더 시간을 가지고 여러가지 버그 및 튕김 현상 방지 그리고 핵 방지책을 들고서 게임을 발매했으면 더 좋았을 게임. 춤이랑 옷만들시간에 게임 발적화랑 버그고치고 핵좀 막았으면... 어떻게 한발 한발 한탄창이 중요한겜이 내 시야에선 4발 맞고 상대입장에선 2발이 박힘? 이게 벌써 2 3년전부터 얘기나왔던걸로 아는데 언제 고칠지... fix pubg는 소리소문없이 없애버리더 니만... 킹갓무료화 선언에 큰 감동을 받고 개발사가 게임을 고칠의지가 완벽히 사라졌음을 확인했습니다. 감사합니다.,2,0,False,Not Recommended,31350,1517035027
배틀 그라운드,쭝궈 새끼들좀 갈아보라 핵때문에 모니터 불사지르고싶다 씨발,2,0,True,Recommended,136944,1516652176
배틀 그라운드,Region. Lock. China.짱깨 좀 막아라,2,2,True,Recommended,69157,1516192611
배틀 그라운드,병신같은짱깨새끼들제발전부죽이는것이지구를정화시키는올바른길인것같다 제발20국이상으로분열되서지들끼리마구죽였으면좋겠네병신같은인간조무사좆짱깨새끼들,2,1,False,Not Recommended,37535,1516030342
배틀 그라운드,배그는 고친다고 하면서 렉만 더 만들어낸다. 이거는 좀 심각한듯.. 지금 배그 살분들은 차라리 사지 마셈 지금 사면 렉땜에 하지도 못함...,2,0,False,Not Recommended,47340,1515765430
배틀 그라운드,케팡갓겜,2,0,False,Not Recommended,42580,1515682099
배틀 그라운드,시발 핵 좆망겜. 쭝꾹 클라스 맛 보고 싶으면 추천드림 CHINA KNOWN S HACK GROUND,2,3,False,Not Recommended,35794,1515430944
배틀 그라운드,재미있다,2,1,True,Recommended,47500,1515310768
배틀 그라운드,아니 바위 뒤 어 거기 아니 왼쪽 병신아 아니 잠깐 4배율 줘봐 아 시발 잠만 뒤 뒤 아 뚝 깨짐 아 나 다운 뒤 뒤에있다고 어 잡았네 앞에 아니 시발 바위에 있다니까 왜 처나가 바퀴터뜨려 빨리 아니 시발 바위 왼쪽 그래 거기 아오 시발 답답한 새끼,2,1,True,Recommended,29208,1515178546
배틀 그라운드,끊김 현상이 심하고 맵 비중이 너무 사막맵에 편중되어 있어요 최적화좀 잘 해주세요,2,10,False,Not Recommended,13489,1514709693
배틀 그라운드,시발 저새끼 핵임,2,3,True,Recommended,17762,1514639886
배틀 그라운드,아니 저는 핵안썼는데 갑자기 영정을 주시죠??,2,0,False,Not Recommended,13106,1514382696
배틀 그라운드,맵 선택할수있게 안하면 너희 어머니 박수호,2,0,False,Not Recommended,19012,1514366108
배틀 그라운드,하지마세요 재미없어요,2,0,False,Not Recommended,119219,1514343732
배틀 그라운드,노 잼,2,0,False,Not Recommended,10567,1514197402
배틀 그라운드,....신지성처럼 존나 개같네 와 네트워크지연개 십오지고 이동하는데 다시 뒤로가고 염병.제발 서버관리좀 지미 씨발것.,2,0,False,Not Recommended,36532,1514009317
배틀 그라운드,미라마좀 그만나오게 해라 애쓰홀 자식들아,2,1,True,Recommended,31151,1514008191
배틀 그라운드,서버가 초반 겜 시작부분에 핑이 정말 가관이다. 지혼자 앞뒤앞뒤무빙하다 적만나서 벽뒤에 숨어도 죽는다. 이것만 아니면 압도적 긍정적이나 매우 긍정적은 갔을꺼다.,2,0,False,Not Recommended,31027,1514007671
배틀 그라운드,할인할때 사세요! 그리고 두달있다 키세요 랙이 좆같거든요! 핵쟁이도 존나 많아요 10판에 8판은 만나네요 어쩐지 예전에는 하루 1치킨 가능했는데 이제는 불가능한 이유가 있음 어떻게 내가 핵에 당하는지 데스캠을 보세요 굿 존나 좋군요,2,0,True,Recommended,33394,1513965815
배틀 그라운드,엉덩이,2,0,True,Recommended,16682,1513955241
배틀 그라운드,야이 씨벌럼들아 게임을 재밌게 만들면뭐하냐서버가 너무 쓰레기잖아진짜 넥슨한테 운영을 맡겨도 이것보다는 서버 운영 잘하겠다 그래도 공식 출시래서 서버문제는 다 호전되서 나올줄 알았다 아니 믿었다 근데 너희들은 나의 믿음에 금을 그었다 근데 게임은 재밌다 그래서 이거 사야한다,2,1,False,Not Recommended,29865,1513944989
배틀 그라운드,지금 업데이트하고 렉이 너무 심하네요 이게임 할꺼면 그냥 다른게임을 하는게 좋아요 아님녀 지금 하지말고 다음 업데이트 하고 하는게 몇배는 좋아요 아니 인간적으로차 리스폰도 더럽게 안뜨고 운빨 망겜인데누가 합니까 진짜 더럽고 하기 싫은게임 1순위,2,2,False,Not Recommended,70552,1513859040
배틀 그라운드,아니 뭔 풀없애는 스크립트? 쓴 내친구는 정지안먹는데 왜 내가정지먹냐? 시발 이거뭔데 뭔 같이했다고 정지먹냐 시 발 뭐하자는건데 블루홀 시발아 정지대상좀 잘고르세요 개어이없네,2,0,False,Not Recommended,16964,1513832853
배틀 그라운드,!,2,0,True,Recommended,2184,1513783051
배틀 그라운드,내쪽으로 자기장 잡힐때 갓겜 나한테 먼 구석에 자기장 잡힐떄 좆망겜 겜 패치노트가 RegionLockChina으로 가득 찰정도로 짱깨핵쟁이한태 글로벌하게 털리는중인데 크리에이티브 디렉터 브랜든 그린은 외국인 혐오는 보기 불쾌하다 며 중국 서버는 분리시킬 생각 없다 이런말 하면 안되는거 아님? 그냥 외국인 혐오도 아니고 중국에서는 비행기 경로에 생존자 확인 및 들고있는 무기까지 확인시켜주는게 기본이라던데는데 그냥 서버를 따로 파주던 하지,2,3,True,Recommended,28138,1513761515
배틀 그라운드,괜히 샀다...,2,22,False,Not Recommended,1790,1513744779
배틀 그라운드,뒤치망할,2,0,True,Recommended,7398,1513423182
배틀 그라운드,"배틀그라운드는 많은 재능을 요구합니다. 그만큼 어렵기도하지만 이해하면 재밌는 게임이죠. 수많은 변수와 따라오는 재미들, 시야확인, 자기장, 총 등등 모든 요소들으 저룰 만족시킵니다. 감사합니다.",2,5,True,Recommended,14863,1513362969
배틀 그라운드,빠요엔 빠요엔 빠요엔 빠요엔 빠요엔 빠요엔 빠요엔 빠요엔 빠요엔 빠요엔 빠요엔 빠요엔 빠요엔 빠요엔 빠요엔 빠요엔 빠요엔 빠요엔 빠요엔 빠요엔 빠요엔 빠요엔 빠요엔 빠요엔 빠요엔 빠요엔 빠요엔 빠요엔 빠요엔 빠요엔 빠요엔 빠요엔 빠요엔 빠요엔 빠요엔 빠요엔 빠요엔 빠요엔 빠요엔 빠요엔 빠요엔 빠요엔 빠요엔 빠요엔 빠요엔 빠요엔 빠요엔 빠요엔 빠요엔 빠요엔 빠요엔 빠요엔 빠요엔 빠요엔 빠요엔 빠요엔 빠요엔 빠요엔 빠요엔 빠요엔 빠요엔 빠요엔 빠요엔 빠요엔 빠요엔 빠요엔 빠요엔 빠요엔 빠요엔 빠요엔 빠요엔 빠요엔 빠요엔 빠요엔 빠요엔 빠요엔 빠요엔 빠요엔 빠요엔 빠요엔 빠요엔 빠요엔 빠요엔 빠요엔 빠요엔 빠요엔 빠요엔 빠요엔 빠요엔 빠요엔 빠요엔 빠요엔 빠요엔 빠요엔 빠요엔 빠요엔 빠요엔 빠요엔 빠요엔 빠요엔 빠요엔 빠요엔 빠요엔 빠요엔 빠요엔 빠요엔 빠요엔 빠요엔 빠요엔 빠요엔 빠요엔 빠요엔 빠요엔 빠요엔 빠요엔 빠요엔 빠요엔 빠요엔 빠요엔 빠요엔 빠요엔 빠요엔 빠요엔 빠요엔 빠요엔 빠요엔 빠요엔 빠요엔 빠요엔 빠요엔 빠요엔 빠요엔 빠요엔 빠요엔 빠요엔 빠요엔 빠요엔 빠요엔 빠요엔 빠요엔 빠요엔 빠요엔 빠요엔 빠요엔 빠요엔 빠요엔 빠요엔 빠요엔 빠요엔 빠요엔 빠요엔 빠요엔 빠요엔 빠요엔 빠요엔 빠요엔 빠요엔,2,0,True,Recommended,2685,1513102421
배틀 그라운드,재미는 있는데 최소사양이 너무 터무니 없음 gtx960 쓰는데 램이 부족해서그런지 아주가끔 잡렉이있음 760에 8기가램은 껴야 겨우 돌릴듯,2,0,True,Recommended,33917,1512900503
배틀 그라운드,고인물겜 굿,2,0,True,Recommended,86965,1512753960
배틀 그라운드,대변의 일종,2,0,True,Recommended,26639,1512342544
배틀 그라운드,갓겜과 망겜사이를 오가는 이상한게임,2,1,True,Recommended,42859,1512335626
배틀 그라운드,애미 시발 섭렉좀 어케해라 김치섭이 무슨 아시아보다 렉이 더쳐걸리냐 느그들 엘린 팬티판돈으로 서버나 증설하면 될거아니야 씹것들아,2,1,False,Not Recommended,10998,1512150051
배틀 그라운드,10 10 10 10 10 10 10 10,2,1,True,Recommended,149106,1511689112
배틀 그라운드,발적화와 핵때문에 고통을 받더라도 첫 탑텐의 쫄깃함과 첫 치킨의 짜릿함 때문에라도 추천함,2,1,True,Recommended,17910,1511658206
배틀 그라운드,치킨은 옳다,2,1,True,Recommended,27680,1511604713
배틀 그라운드,왜 갑자기 딴 게임이 됐냐 뒤질려고,2,1,False,Not Recommended,71670,1511588142
배틀 그라운드,일못찐은 언제 탈출할수 있을까...,2,0,True,Recommended,5516,1511525955
배틀 그라운드,졸잼.,2,0,True,Recommended,266223,1511508255
배틀 그라운드,아 씨 발진짜 사막맵만 존 나나오네 개 줘엇 같이 진짜,2,1,False,Not Recommended,61886,1511507288
배틀 그라운드,? 왜 설명이 필요하죠?,2,6,True,Recommended,43579,1511507075
배틀 그라운드,이게임하면 심장이 너무 아프다 왜냐면 매번 놀라는요소가 너무 많음,2,1,True,Recommended,26162,1511434021
배틀 그라운드,Steam 계정의 보안은 귀하의 책임입니다. 짱깨한테 해킹 당한거 생각할수록 짜증나서 나 돌아버려,2,0,False,Not Recommended,23175,1511427098
배틀 그라운드,나는 이 게임을 위해 200을 받쳤다.,2,3,True,Recommended,67688,1511418790
배틀 그라운드,하응앗 너무좋아요,2,1,True,Recommended,43128,1511416812
배틀 그라운드,카카오가 아니라서 닥추,2,2,True,Recommended,15864,1511400622
배틀 그라운드,배지가 뭐라고,2,3,True,Recommended,53761,1511400514
배틀 그라운드,미래가 밝은 게임입니다. 지금 기반이 이정도로 시작해 관리자들도 열심히 게임개발에 충실한 한국인 이기에 미래가 밝은 게임입니다. by국뽕 제임스,2,4,True,Recommended,9143,1511374443
배틀 그라운드,카카오랑 엮으면서 게임 좆망했녜 뭐녜 하는 사람은 이퀄 1.아주 높은 확률로 찐따임 2.주변친구들이 스팀을 하며 카카오톡 프사는 애니프사임 3.오버워치 대란때도 친구없어서 집에서 혼자 돈주고 사서 하는데 피시방 무료라는 소식만 듣고 개거품 문 적 있음. 4.그냥 병신임 위의 소견들을 종합함으로서 평가해보아 학력이 낮고 할줄 아는거라곤 게임밖에 없는 씹덕또는 개병신찐따들 해당함을 증명해넨 공식이다.,2,4,True,Recommended,18344,1511003280
배틀 그라운드,그래서 바위 뒤에 누가 있던거죠?,2,0,True,Recommended,9014,1510988706
배틀 그라운드,유저 등쳐먹고 엿맥이고 속이니깐 좋다냐 Asshole아? 지들 꿀빤 만큼 빨았다고 이득본 걸로 출시일이나 컨텐츠및 약속한 업데이트는 하지도 않고 신작이나 발표해대고. 욕심 부리지말고 니들 먹여살려준 유저들돠 배그라는 게임 컨셉에 감사해해라 . 배그가 자식이면 블루홀은 부모. 자식이 부모새끼 잘못만난거지. 유료 상자는 안내놓는다더니 몇십일만에 발바꾸고 카카오랑 퍼블리싱 해버리지르않나 피시방 서비스에 무료는 없을거라더니 어정쩡하게 무료 도입해놓고 이번엔 핵 줄인다고 서버통합시킨다더니 이제는 그말 구라로까고 서버를 분할해? 양심 어따 팔았냐 블루홀. 아니 니들 이름은 이제 Asshole이다 개새끼들아,2,1,False,Not Recommended,18003,1510588718
배틀 그라운드,this game is verygood but hackers always wins.. plz catch hacker plz,2,0,True,Recommended,23073,1510374994
배틀 그라운드,재미있습니다 여러분들도 꼭한번 돈모아서 사서 해보세요 .,2,3,True,Recommended,94167,1510230629
배틀 그라운드,어1마이 Amy 좋뒤진 Bottle god 병1신 baby 새1끼 들아 핵좀 쳐 막아라 병신재앙이 후빨새끼들 아니랄까봐 자금 모아가지고 북한에 쳐 기부하려고 어떻게든 핵쟁이새끼들 돈 뜯어내가지고 시바랄창년 개좆보지 쓰레기새끼들이 역겹게 운영하네 막으라는 핵은 안쳐막고 병신 쓸데없는 업데이트만 뒤지게 잘하는 병신보지그라운드 씨발거 니들이 운영꼬라지 재앙이마냥 하니까 욕 뒤지게 오지게 십지리게 쳐먹고 사람들이 하나둘 떠나서 좋망겜 핵틀그라운드 되는거야 이 개새끼 소새끼 말새끼 닭새끼들아,2,1,False,Not Recommended,77543,1510141601
배틀 그라운드,존나 재밌군요,2,0,True,Recommended,19651,1510062766
배틀 그라운드,안녕하세요 배그를 재밌게 플레이하는 기용입니다. 오늘 11월 6일 배그하면서 아가리를 털고있는데 서버관리 안합니까? 예? 제가 지금 잠자고 싶은데 너무 화가나서 글을 올립니다. 아니 진짜 네트워크 지연 감지가 한 50번은 뜬거 같네요 진짜 블루홀 서버관리 안하냐 18 레알 그냥 블루홀아니까 블랙홀수준 그냥 은결이에다가 호신이에다가 양지성 땀에 이도현 겨털 이도현 여드름 그리고 김형종급으로 슈퍼 울트라 엠퍼럴 제너럴 재넌급 암걸리는 게임이네요 호신이 한조급으로 정말 극혐인 게임입니다. 이 똥망겜 서버관리나 쳐하세요 블루홀 따까리들아 망겜 똥겜 슈퍼 망겜 엠퍼럴 망겜 제너럴 망겜 울트라 망겜 슈퍼 망겜 그냥 기용이 똥급 사지마라 이제 곧 카카오 인수해가서 망겜 될텐데 이딴걸 왜하고 있냐 옵치나 쳐하자 애들아 진짜 개같은새끼들 중국년들 핵이나 잡아라 블루홀 회사가서 빵구껴서 기용이 친환경핵폭탄 맛보게해줄까? 지금 내가 친구들한테도 인정받은 공식 친환경 핵폭탄이여 개객기들아 니들 조심해 야그들아 이제는 게임을하다가 조작이 안되네? 키보드는 멀쩡한데 조작이안되버리는 블루홀 끌라쮸 봐라 병 신아 진짜 개빡치네 니들은 오류들 고칠 생각 안해? 이 거보다는 로스트사가가 더 관리 잘하겟다,2,1,False,Not Recommended,33775,1509973768
배틀 그라운드,"게임은 괜찮은데 소녀전선에 나오는 총을 그대로 가져다쓴건 좀 심한것같습니다 Vector, Kar98k, Groza 등등 철자하나도 안틀리고 똑같이 가져다 썼네요 strike 저작권은 맞고 쓰는건지 strike",2,2,False,Not Recommended,245,1509956567
배틀 그라운드,핵만 잘잡자고요 갓겜이자나요,2,39,True,Recommended,11611,1509601291
배틀 그라운드,이것은 내가 높이 평가.,2,0,True,Recommended,15563,1509025096
배틀 그라운드,핵핵핵핵핵핵핵핵핵핵핵핵핵핵핵핵핵핵핵핵핵핵핵핵핵핵핵핵핵핵핵핵핵핵핵핵핵핵핵핵핵핵핵핵핵핵핵핵핵핵핵핵핵핵핵핵핵핵핵핵핵핵핵핵핵핵핵핵핵핵핵핵핵핵핵핵핵핵핵핵핵핵핵핵핵핵핵핵핵핵핵핵핵핵핵핵핵핵핵핵핵핵핵핵핵핵핵핵핵핵핵핵핵핵핵핵핵핵핵핵핵핵핵핵핵핵핵핵핵핵핵핵핵핵핵핵핵핵핵핵핵핵핵핵핵핵핵핵핵핵핵핵핵핵핵핵핵핵핵핵핵핵핵핵핵핵핵핵핵핵핵핵핵핵핵핵핵핵핵핵핵핵핵핵핵핵핵핵핵핵핵핵핵핵핵핵핵핵핵핵핵핵핵핵핵핵핵핵핵핵핵핵핵핵핵핵핵핵핵핵핵핵핵핵핵핵핵핵핵핵핵핵핵핵핵핵핵핵핵핵핵핵핵핵핵핵핵핵핵핵핵핵핵핵핵핵핵핵핵핵핵핵핵핵핵핵핵핵핵핵핵핵핵핵핵핵핵핵핵핵핵핵핵핵핵핵핵핵핵핵핵핵핵핵핵핵핵핵핵핵핵핵핵핵핵핵핵핵핵핵핵핵핵핵핵핵핵핵핵핵핵핵핵핵핵핵핵핵핵핵핵핵핵핵핵핵핵핵핵핵핵핵핵핵핵핵핵핵핵핵핵핵핵핵핵핵핵핵핵핵핵핵핵핵핵핵핵핵핵핵핵핵핵핵핵핵핵핵핵핵핵핵핵핵핵핵핵핵핵핵핵핵핵핵핵핵핵핵핵핵핵핵핵핵핵핵핵핵핵핵핵핵핵핵핵핵핵핵핵핵핵핵핵핵핵핵핵핵핵핵핵핵핵핵핵핵핵핵핵핵핵핵핵핵핵핵핵핵핵핵핵핵핵핵핵핵핵핵핵핵핵핵핵핵핵핵핵핵핵핵핵핵핵핵핵핵핵핵핵핵핵핵핵핵핵핵핵핵핵핵핵핵핵핵핵핵핵핵핵핵핵핵핵핵핵핵핵핵핵핵핵핵핵핵핵핵핵핵핵핵핵핵핵핵핵핵핵핵핵핵핵핵핵핵핵핵핵핵핵핵핵핵핵핵핵핵핵핵핵핵핵핵핵핵핵핵핵핵핵핵핵핵핵핵핵핵핵,2,0,False,Not Recommended,100870,1508989464
배틀 그라운드,야 스팀 시발 배그 무료화 하지말라 구매한 사람은 뭐야 너의 신고 할꺼야,2,0,False,Not Recommended,14298,1508845003
배틀 그라운드,나무와 바위가 내게 총을 쏘는 게임,2,0,True,Recommended,25809,1508554223
배틀 그라운드,게임 젓 같네요,2,2,True,Recommended,20501,1508337490
배틀 그라운드,씨발 진짜 욕 안쓰고 싶어도 안 쓸수가 없네 맨날 튕기고 버그 걸리고 핵 만나고 서버 렉 걸리고 참 가지가지 한다. 진짜 하고 싶어도 하지 말라고 만드네,2,1,False,Not Recommended,92154,1508243808
배틀 그라운드,정말재밌습니다. 그런데 닉네임변경이 생겼으면 좋겠군요 닉네임을 잘못지었는데 닉네임변경좀 만들어주시면 감사하겠습니다!,2,1,True,Recommended,31365,1508073668
배틀 그라운드,지연씨 제발 저한테 그만와주실래요,2,0,True,Recommended,23253,1507992810
배틀 그라운드,에란겔 왜만든겨 나오지를 않는데,2,0,False,Not Recommended,45536,1507955154
배틀 그라운드,없애버리고싶다,2,3,True,Recommended,159007,1507074716
배틀 그라운드,"시발 개새끼들아 5조를 벌면 뭐하냐 시발 서버관리가 하나도 안되는데 언제까지 얼리엑세스라고 우리가 존나 넘어가줘야 되냐, 유저를 시발 빙다리 핫바지로 쳐보냐",2,11,False,Not Recommended,59545,1507040502
배틀 그라운드,틈만 나면 터지는 개복치급 서버!,2,14,False,Not Recommended,61066,1507040221
배틀 그라운드,지연떄문에 피씨방 돈날렸어요 8000춴 충전했는데 8200 환불좀,2,0,False,Not Recommended,17628,1507015260
배틀 그라운드,안녕하세요 플레이언노운배틀그라운드를 즐기는 일게 유저입니다. 저는 이 게임을 평가하기에 앞서 이 게임의 이름을 분석했는데요 플레이 언노운 배틀그라운드라는 이름은 낭만속 한편에 위치한 절벽위 허름한 절벽을 느낄수있었습니다. 감사합니다,2,1,False,Not Recommended,26422,1506927740
배틀 그라운드,서버만 안정화시켜놔도 부정적평가안뜸 서버랑 랙때문에 못해먹겠다 제작자놈들아 만들어서 게임을내놓을거면 원할하게 할수있게 운영을 해야할거아냐 매순간마다 랙걸리고 지랄맞아서 배틀로얄이라고 재밌다고 커버치는 감정조차도 이젠없다 시발 2022 05 20 중국발 핵이 판치네 막을 기미도없고 한국인도 핵연달아쓰고 난리났음 핵없으면 재밌더라 중국인은 온라인에서나 현실에서나 바퀴벌레네 진짜로,2,11,False,Not Recommended,49094,1506838670
배틀 그라운드,재밌는데 조준선이 너무 얇아서 보이지가 않아요...조준선설정도 만들어 주시면 감사하겠습니다.,2,0,True,Recommended,110260,1506775260
배틀 그라운드,"얼리가 끝나도 헤까닥하는 서버, 버그",2,7,False,Not Recommended,40814,1506689730
배틀 그라운드,세줄요약 파밍좆망겜 알박기좆망겜 운빨좆망겜 결론 좆망겜,2,3,False,Not Recommended,4961,1506677849
배틀 그라운드,인터넷에 나온 방법들이나 재설치 같은 단순한 방법도 취해 봤으나 배그는 아무 말도 하지 않았다.,2,0,False,Not Recommended,1377,1506597753
배틀 그라운드,게임이넘고였어,2,1,False,Not Recommended,10927,1506146930
배틀 그라운드,배그는갓겜입니다 솔직히 인정하죠??오버망겜하지말고 배그갓겜사자,2,1,True,Recommended,28688,1505115537
배틀 그라운드,쓰레기게임,2,6,False,Not Recommended,54871,1505103110
배틀 그라운드,개적화는 맞는데 너무 개적화임 권장사양인데 인티 엘리어싱 중간 에 택스처를 중간으로 해도 렉이 걸림 이 설정이라도 안하면 적이 픽셀처럼 보임 제발 블루홀 너희의 좋은컴으로 테스트 하지말고 똥컴으로 테스트좀 해봐라 근데 게임은 재미있음 최적화 플리즈,2,0,True,Recommended,97158,1505016974
배틀 그라운드,그래서 날 죽인애는 어딧죠,2,1,True,Recommended,18698,1504539103
배틀 그라운드,서버가 아야해요,2,8,False,Not Recommended,29570,1504530558
배틀 그라운드,"개인적으로 개 노잼입니다 왜 이게임이 이렇게 인기가 많은지 정말 이해가 안가네요 막말로 페이데이처럼 페이데이는 그냥 모여서 은행 털고 얘는 그냥 사람들 많은 곳에서 마지막 1인이 될 떄 까지 생존하는 게임 그 이상 그 이하도 아니잖아요? 데이즈, h1z1,뭐야 각종 아류작, 하루하루 수백개 찍어내는 우리나라 아이돌처럼 살짝 얼굴들만 바꿔놓은 것 같습니다 1등을 하면 고작 나오는 거라곤 이겼닭 오늘은 치킨이닭! 응 이게임은 노잼이닭! 누구 놀리는 것 마냥, 진짜 치킨을 주면 모를까요 아, 물론 저를 달라는게 아니고 그냥 말이 그렇다고요 차라리 생존하는 플레이 자체보다 돌아다니면서 중국인들에게 타이완 넘버원! 이라고 외치는게 더 유익할 것 같습니다 아무튼 이 게임을 즐기고 계신 수 많은 분들중에 저같은 유별난 놈도 있다고만 생각해주시면 될 것 같습니다.",2,2,False,Not Recommended,1146,1504362522
배틀 그라운드,군대가기전에 이게임으로 배우고갑니다,2,2,True,Recommended,32252,1504269461
배틀 그라운드,시발 존나 재밋어요,2,1,True,Recommended,48411,1503922841
배틀 그라운드,좋았던 점은 친구들이랑 같이하니까 좋다 싫었던 점은 우리집 컴퓨터가 사양이안돼서 친구들이랑 집에서 못하니까 짜증나고 싫었다,2,1,True,Recommended,41596,1503231524
사이버펑크 2077,고추를 늘였다 줄였다 할 수 있다 하지만... 별 도움도 안된다...,438,424,True,Recommended,2778,1607565727
사이버펑크 2077,아니 씨발 어제 66000원 주고 삿는데 오늘 50 세일 쳐하고 잇네 같은거 16시간 쳐해서 환불도 안되네 씨발,377,244,True,Recommended,22608,1667082156
사이버펑크 2077,이게임은 2077년이 배경이라서 오히려 다행이다 차가 붕떠있고 젓가락이 늘어나고 사람들이 텔포를 해도 아 여기 2077년도였지? 이지1랄 하고 넘어가니까,365,390,True,Recommended,870,1607834138
사이버펑크 2077,"빵빵, 씨발새끼야!",336,595,True,Recommended,8885,1608063784
사이버펑크 2077,패치 됐다고 해서 다시 찾아왔습니다. 안녕히 계세요,257,375,True,Recommended,3146,1645020291
사이버펑크 2077,"이런 V, 아직도 모르겠어? 이 조니 실버핸드께서 따듯한 조언 하나 해줄까? 넌 씨발 속은 거야. 네가 생각하는 CDPR은 없어, 생각해보니 이름도 좆같네. 무슨 콘돔 회사 이름 같잖아. 정신좀 차려라 제발.",217,232,False,Not Recommended,5160,1612542195
사이버펑크 2077,"사펑값으로 6.6만을 날렸지만, 글카값이 오르기전 사펑하려고 40만 싸게 샀으니 갓겜",209,466,True,Recommended,3667,1612496201
사이버펑크 2077,"이걸 출시하자마자 66,000원에 산 내가 병신이지",191,623,False,Not Recommended,24271,1643462477
사이버펑크 2077,스팀 버그떄메 플탐안찍혀서 엔딩보고 환불함 갓겜임,188,357,True,Recommended,401,1627962206
사이버펑크 2077,"나만 당할 순 없지, 추천!",167,344,True,Recommended,57365,1607561423
사이버펑크 2077,싼데비슷한,158,428,True,Recommended,2610,1668890498
사이버펑크 2077,"역대급으로 유저들의 기대감을 산산히 부숴버린 게임. 게임 내 시스템 중 하나인 현상수배 경찰 시스템만 다뤄도 한참 써내려가야하는 수준의 문제가 심각함. 난 분명 AV나 경찰차를 타고 간지나게 등장하는 경찰을 기대했는데 이 새1끼들은 AV는 고사하고 차도 안타고 그냥 눈앞에서 스폰되는 경찰을 만들었다. 진짜로 눈앞에서 스폰된다. 가장 심각한 문제는 바로 정말 아무도 없는 뒷골목에서 민간인을 조용히 처리해도 경찰이 바로 등뒤에서 튀어나온다는 것이다. 한두명도 아니고 10명 이상이. 이건 게임을 진짜 대충만든거다. 출시된지 10년이 넘은 게임들에서도 경찰이 붙으면 차를 타고 등장한다. 아니면 시야 밖 멀리서 스폰되어 뛰어오거나. 근데 이 새1끼들은 그냥 눈앞에서 파바밧하고 스폰된다. 몇몇 게임에서는 헬기도 등장한다. 이 게임에서는? 그딴거 없이 그냥 눈앞에서 뿅뿅하고 튀어나온다. 심지어 레데리2에서는 주인공이 npc를 죽이고 그자리에 대기하다가 보안관이 왔을때 보안관이 얘 누가 죽였는지 봤냐고 묻기까지 한다. 몰라요 라고 하고 존1나 튀는게 가능하다. 물론 레데리2는 이 게임과 비교했을때 넘사벽수준의 개발비를 사용했다. 아무리 심한 깽판을 쳐도 차타고 한 2블럭만 가면 경찰이 추적을 포기한다. 경찰차는 장식이냐? 사이퍼펑크 시대의 시민을 감시하는 시스템을 이용한 최첨단 추적을 원했더니 최첨단 포기를 보여줬다. 짜증나는 점들 1. 차량에 탄 npc를 위협해도 아무것도 안한다. gta에서는 으악샹이라고 하면서 급발진을 하는데, 이 겜에서는 그냥 쳐다보기만 한다. 2. 물건이 공중에 뜨는 버그가 존1나 많다. 프롤로그 6시간동안 5번을 봤다. 1시간 12분마다 같은 버그가 발생했다. 3. 그렇게 자신있게 말하던 립싱크 알고리즘은 버그를 일으켜서 npc들을 복화술사로 만들어준다. 4. 차량 그래픽 뭉개짐 이건 내 컴 문제인지 모르겠다 5. 삐까뻔쩍한 네온사인을 원했는데 우리가 보는건 그냥 미래식 디스토피아다. 아, 사창가에 가면 우리가 생각하는 사이버펑크를 볼 수 있다. 근데 시1발 그런 사창가는 현대에도 존1나 흔할거다. 특히 동남아쪽에. 6. BD를 못본다. 이건 진짜 개짓거리다. BD로 할 수 있는건 존1나 많다. 나이트시티의 부조리함을 보여주는 요소로 사용될 수도 있고, 어쩌면 단순히 야동일 수도 있으며, 이스터에그를 숨기는 곳으로 사용될 수도 있다. 근데 CDPR 이것들은 그저 추리요소로 잠깐 출연시켰을 뿐이다. 7. 조 같은 파랑빨강 인터페이스는 눈만 아프고 사이퍼펑크스러운 느낌을 주지 못한다. 차라리 노랑에 파랑이면 좀 더 나았을 것이다. 8. 덱스한테 머리에 총맞고나서 20분간 화면 꺼진채로 겜했다 씨새발끼들아 어이없는 점 1. 우리의 주인공 v는 침대에 상체만 올리고 옆으로 누워서 잔다. 게임을 확인은 하고 출시한건가 싶을 정도로 당황스러운 모션이다. 2. 모자쓰고 거울보니까 왜 대머리임 3. 적이 잘 안보임 4. 노마드로 시작했는데 초반 보안관을 차로 치려고 하니 보안관이 차를 통과하는거 보고 환불각 잡으려다 말았다. 할걸 그랬다 시1발... 5. 가끔 템 안먹어짐 6. 이 새1끼들은 차를 좌우 비대칭으로 만들기만 하면 사이퍼펑크스러운줄 아는지 온갖 차에 별 지1랄을 다 해놨다. 우리가 원한 사이버펑크스런 차는 오버워치에서 볼 수 있는 차들처럼 공중에 떠다니는 차들이었고, 공중에 홀로그램으로 표시되는 도로였다. 근데 시1발 도로는 여전히 아스팔트에 차들은 gta4에서 보던 차의 비대칭버전이다. 이게 미래냐? 혼돈의 카오스지. 심시티 미래도시 확장팩이 더 우리가 바라던 사이버펑크에 가까울 것이다. 7. 거의 모든 건물에 들어갈 수 있습니다! 거의 모든 건물같아 보이는건 그냥 그렇게 생긴 구조물입니다! 총평 2 10 사실 게임성만 놓고 본다면 아마 7점은 줬을거다. 근데 CDPR에서 되는 것처럼 해놓고 응 안돼 시전한게 너무 많으며, 개대충만든 게임이 결정타를 박아넣었다. 8년과 3500억을 락스타에 줬으면 락스타는 gta6에 투자했을 것이며, 출시가 조금 더 빨라지거나 더 방대한 세계관을 만들어냈을 것이다. 8년과 3500억을 베데스다에게 줬으면 엘더스크롤6는 이미 출시됐을 것이다. 8년과 3500억을 유비에게 줬으면 싸펑급 게임을 2년에 한번씩 출시하고 맨날 똑같은 겜 만든다는 소릴 들었을 것이다. CDPR 개1새1끼들",146,534,False,Not Recommended,4493,1607790978
사이버펑크 2077,"버스를 탔을 때, 기사는 의아한 표정으로 내게 물었다. 이 새끼야 넌 왜 1명인데 2명 찍냐? 내 대가리엔 씹새끼 하나가 살고 있어서 그래 이 새끼야 기사는 내 눈을 바라보며 내게 말했다. 씨발 그게 무슨 좆같은 소리야?",138,189,True,Recommended,8134,1711151420
사이버펑크 2077,남캐 여캐 상관없이 쥬지 뷰지 달림 쥬지종류 두개 깐거 안깐거 사이즈 조절도 됨 뷰지종류는 없음 쥬지뷰지 아예 안달수도 있음 꼭지대신 쥬지 달거나 그런건 못함 그리고 꼭지 없앨 수 있고 꼭지 세종류 눈깔 히토미마냥 하트로 바꿀 수 있음 쥬지뷰지털 종류 쥰내많고 염색도 됨,134,93,True,Recommended,5201,1607587708
사이버펑크 2077,스토리 초반에 머리에 총알 맞았을 때부터 앞이 잘 안 보이길래 이런 걸 구현했어? 갓겜이다 라고 생각하고 플레이했는데 알고 보니 버그 걸려서 앞이 안 보이는 거였어...,120,137,True,Recommended,2864,1637837270
사이버펑크 2077,계속된 업데이트로 2077년쯤엔 갓겜이 될 게임,118,114,True,Recommended,5572,1636516439
사이버펑크 2077,열심히 커마를 하고 멋진 모자를 쓴 후 거울을 봤을때. 거울에 비춰진 내 캐릭터의 풍성했던 머리가 텅 빈것을 보고 가슴이 웅장해졌다.,114,123,True,Recommended,3961,1607711082
사이버펑크 2077,사이버펑크맛 위쳐 그리고 스카이가 여자임. 그러니까 나 처럼 이름에 속지마세요 제발.,109,292,True,Recommended,10147,1607945832
사이버펑크 2077,씨이벌펑크 2077,109,194,True,Recommended,2926,1607563967
사이버펑크 2077,"도전과제 100 정말 비싸고 인테리어가 멋진 고급 뷔페에 왔는데 익숙한 음식들이 많고 음식에서 가끔 벌레 Bug 가 나옴. 근데 맛은 있어요. I came to a really fancy, beautifully decorated high end buffet, but most of the food feels oddly familiar. Every now and then, I even find a bug in the dishes. Still it tastes good.",107,255,True,Recommended,14221,1607668915
사이버펑크 2077,사이버버그2077개,104,117,False,Not Recommended,2836,1639330120
사이버펑크 2077,CDPR은 신이고 사펑은 갓이다 내가 사펑한다고 3080 99만에 사서 그런건 아님,100,121,True,Recommended,2384,1620538658
사이버펑크 2077,버그 걸려서 메인스토리 npc가 사라짐 스토리 진행 못해서 접음,98,183,False,Not Recommended,2104,1643702669
사이버펑크 2077,CDPR 덕분에 3080을 아주 싼 가격에 구매할 수 있었어요! 무려 지금 가격의 절반! 감사합니다 센세!,96,162,True,Recommended,1681,1614573501
사이버펑크 2077,평생 살면서 들은 욕보다 사펑 npc한테서 들은 욕이 더 많아요,91,117,True,Recommended,3525,1669130623
사이버펑크 2077,3년간 얼리엑세스를 테스터한 여러분들에게 감사드립니다. 곧 사이버펑크2077 정식출시입니다,84,192,True,Recommended,8459,1695229595
사이버펑크 2077,"이봐, 나이트시티에 처음 발을 들인것 같은데? 아니면 아직 망설이고 있는건가? 내가 너에게 충고하나 하지. 화려한 네온사인이 밤의 태양인 결코 잠들지 않는 도시를 찾나? 그게 아니라면 메가코프와 갱들 사이에 끼여 하루에도 수십명이 바스러지는 무법천지인 갱의 도시? 원하는건 뭐지? 도시의 전설들이 가진 명예와 돈? 아니면 저 커다란 아라사카의 왕좌? 어쩌면 그냥 비를 피할 안식처일수도 있겠지. 하나 확실한건 그건 이 도시안에, 나이트 시티안에서 얻을수 있다는 거야. 그래, 바로 너희 앞에 서있는 이 거대한 도시안에서 말이야. 하! 그렇다고 너같은 애송이들이 전설로 불리긴 한참멀었지만 말이야. 뭐? V를 아냐고? 그럼 잘 알고 있지. 나이트 시티의 몇안되는 살아있는 전설이자 저 아라사카의 콧대를 산산히 부숴버린 유명인이라고! 듣기로는 그 아담마저도 V가 직접 고철덩어리로 만들어 줬다더군. 또 아는 전설들이 있나? 허, 너같은 놈도 데이비드는 들어봤다 이거야? 그래 데이비드 마르티네즈. 밀리테크와 아라사카에 맞서 싸운 투사이자 지금은 무덤에서 푹쉬는 나이트시티의 전설이지. 푹쉬어 데이비드. 뭐 아무튼 충고하나 할게 있다 했지? 내 충고는 이거야. 뭘 망설이는거지? 기회는 무궁무진하고 가능성은 바다와 같아. 저 나이트 시티도 너를 기다리고 있다고. 시티에서 전설이 되어 이 도시를 네 발밑에 두라고. 당장. 66000원짜리 사이트 시티행기차표 정도는 그에 비하면 값싼거 아냐? 말이 너무 많았네. 반가워서 말이야. 그럼 다음엔 시티에서 보자고. 그때 술이나 사. 그 애프터라이프에서 말이야. 네가 들어올수 있을지는 너에게 달렸지만.",82,179,True,Recommended,6487,1670262436
사이버펑크 2077,담배가 날아다니고 젓가락이 분신술하고 주차된 차에 NPC 스폰 되서 끼어 죽긴 하지만 미래에는 충분히 그럴수있어,82,55,True,Recommended,8403,1607667936
사이버펑크 2077,4시간 넘어도 환불해줌 갓겜,79,143,True,Recommended,223,1670478972
사이버펑크 2077,나만 당할순 없지.,73,100,True,Recommended,17536,1611040648
사이버펑크 2077,야이 바보들아... 2077에 하라고 2077이라고 게임제목에까지 써놓으면서 자세하게 설명까지 해놨는데 왜 화를 내냐,72,23,True,Recommended,314,1621386174
사이버펑크 2077,아잇 씻팔 오프닝 끝나고 튕기는데 어떻게 겜하라고,72,225,False,Not Recommended,1961,1607561021
사이버펑크 2077,먹으면 안되는 폐기물에서 상한 삼각김밥급으로 올라감,69,145,True,Recommended,7745,1672506170
사이버펑크 2077,씨발,69,166,True,Recommended,9223,1607661062
사이버펑크 2077,사펑님이 인도하실때 그래픽카드를 살걸 ... 그게 막차였다...,67,202,True,Recommended,3588,1646261351
사이버펑크 2077,내가 좋아하는 애도 이정도로 안튕겼다 넝 댝 씨1111111111빠아랑라알알,66,22,False,Not Recommended,2965,1700933189
사이버펑크 2077,"아니 무슨, 게임이 술도아니고 숙성될때까지 기다려야함?",64,93,False,Not Recommended,7049,1645249093
사이버펑크 2077,". . . . . .. . . . . . . . . . . ,. . . . . . . . . . . ., . . . . . . . .. . . . . .,. . . . . . . . . . . . . . . . . . . ., . . . . .. . . . . . .., . . . . . . . . . . . . . . . . . . . . . . . , . . . . . . . .. .,?. . . . . . . . . . . . . . . . . . . . . . . . . . . , . . . . . . . . . . . . . . . . . . . . . . . . . . . . . . . . . . . . . , . . . . . . . . . . . . . . . . . . . . . . . . . . . . . . . . . . . , . . . . . . . . . . . . . . . . . . . . . . . . . . . . . . . . . . , . . . . . . . . . . .?. . . . . . . . . . . . . . . . . . . . . . . . . . . . . . . . . . . . . . , . . . . . . . . . . . . . . , . . . .. . . . . . . . . . , . . . .. , . . . . . . . . . ., . . . . . . . .. . .. . . . , . . . . , . . . ,. , , . . .. . . . .. . . . . . . . . . . . . . ,,. . . . . . . . .. .. . . . .. . . ,. . .. .,. . . . . . . . . .. . . . . . . . . . .. . . . . . . . .. ,,. . . . . . . . . . . . . . . .. . . . ,, . . . . . .. . ,. . .. .. . . . . . . . . . . . . . .. . . . . . . . . . ,. . . . . . . . . . . . . . . . . .. ,. ..... , ,, . . . . . . . . . . . . . . . . . . . . . . . . . . . . . . . .. , . .. , . . . ,. . . . . . . . . . . . . . . . . . . . . . . . . . . ,,. ,. . . . . . . . . . . . . . . . . . . . . . . . . . . . . . . . ,, . . . . . . . . . . . . . . . . . . . .. . . . . . . . . . . . . . . . . . . . ,. . . . . . . . . ., . . . . . . . . . . . . . . . . . . . . . . . . . . , . . . .. 시작부터 버그..",64,73,False,Not Recommended,8348,1620470282
사이버펑크 2077,Gta 하러 가야지,60,104,True,Recommended,2959,1608917658
사이버펑크 2077,"돈벌고 싶으면 넷플릭스 엣지러너 배경, 주인공 그대로 스토리 라인 적용해서 데이비드 시점으로 플레이 할 수 있게끔 DLC 내놓아라.",57,814,True,Recommended,4457,1667009268
사이버펑크 2077,덕분에 3070을 70에 살수 있었습니다. 두번 절합니다!!!,57,101,True,Recommended,3836,1620672008
사이버펑크 2077,개씨발 내 66000원 나온지 1년도 안대서 반값할인하냐 씨발새끼들,55,87,False,Not Recommended,13942,1640446251
사이버펑크 2077,사이버펑크야 다음작품은 유저들 속썩이지 말고 꼭 언리얼엔진5로 태어나렴,51,146,True,Recommended,3910,1669664678
사이버펑크 2077,조금 찍먹해봤는데 재밌는지는 잘 모르겠네요. 뉴비라 그런 것 같아서 조금 더 오래 플레이해봐야 알 것 같아요.,50,45,True,Recommended,98183,1704085735
사이버펑크 2077,고맙다 덕분에 3070 67만원에 샀었지..,50,124,True,Recommended,3626,1640254615
사이버펑크 2077,왜 삼?,50,268,False,Not Recommended,11665,1609320803
사이버펑크 2077,새로운 사이버웨어 사지도 않았는데 온갖식물들이 땅을 투시해서 보여요 V의 새로운 능력인가요?,48,57,False,Not Recommended,9543,1646226852
사이버펑크 2077,이겜할려고 x5600 rtx3070 155만에 사서 이득봄.,48,118,True,Recommended,2440,1635759708
사이버펑크 2077,야이 개새끼들아 DLC 무료로 해준다며,46,318,False,Not Recommended,26424,1688843321
사이버펑크 2077,"이런 망겜을 환불 하지않는 흑우는 대체 누구일까요? 네, 바로 저랍니다!",46,74,True,Recommended,1214,1607563807
사이버펑크 2077,아니 이 게임을 환불 받았다고?? 존나 부럽네,44,71,True,Recommended,8103,1623557447
사이버펑크 2077,시1발 괜히샀다,43,135,True,Recommended,6393,1619857863
사이버펑크 2077,씨발 씨발 씨발 씨발 씨발 씨발 씨발 씨발 씨발 씨발 씨발 씨발 씨발 씨발 씨발 씨발 씨발 씨발 씨발 씨발 씨발 씨발 씨발 씨발 씨발 씨발 씨발 씨발 씨발 씨발 씨발 씨발 씨발 씨발 씨발 씨발 씨발 씨발 씨발 씨발 씨발 씨발 씨발 씨발 씨발 씨발 씨발 씨발 씨발 씨발 씨발 씨발 씨발 씨발 씨발 씨발 씨발 씨발 씨발 씨발 씨발 씨발 씨발 씨발 씨발 씨발 씨발 씨발 씨발 씨발 씨발 씨발 씨발 씨발 씨발 씨발 씨발 씨발 씨발 씨발 씨발 씨발 씨발 씨발 씨발 씨발 씨발 씨발 씨발 씨발,43,92,True,Recommended,5202,1608205167
사이버펑크 2077,"이 게임의 의의는 내가 그래픽카드 가격이 오르기 전 컴터를 새로 맞추게 해줬다는데 의의가 있다.... 1060으로 엔딩을 보고 너무 답답해서 3070으로 업글을 했는데... 난 70만원에 산 3070 가격을 지금 생각해보면.... 하지만 업글하고 나서는 이게임을 한번도 플레이하지 않았다.... 난 6만원을 버렸지만 100만원을 벌었다... 추가 내일이면 2.0 업댓이고, 팬텀리버티 출시는 이제 일주일 남았다... 내게 그래픽카드 업그레이드외에 다른 의미는 없었던 이 게임은, 엣지러너 애니메이션 출시 이후로 들어온 물위에서 노를 제대로 저었고, 다소의 버그는 남았지만 그래도 꾸준한 업데이트를 해왔다... 원래부터 스토리는 어디가도 꿇리지 않는 게임이기에 이젠 취향만 맞는다면 누구에게나 추천할만한 게임 정도는 된것 같다... 게임자체는 욕은 많이 먹었지만, 본편도... 팬텀리버티도 예약구매로 샀던 나에게 이젠 별다른 후회는 없다... 혹시, 본편도 안해봤고 엣지러너 애니메이션도 안본 사람이... 게임을 먼저할지, 엣지러너 애니를 먼저볼지 고민중이라면... 1. 일단 게임을 켜고 기업출신으로 시작해서 프롤로그 챕터1 까지만 진행 2. 엣지러너 애니메이션을 본다. 3. 세계관이 더 잘 이해되고, 라디오에서 나오는 음악을 즐겨가면서 더 재미있게 게임을 할 수 있다. 4. 사족이지만 게임 스토리, 엣지러너 애니메이션을 보고나면, 내가 플레이하는 이놈의 주인공 V 이 나이트시티에서 얼마나 전설적인 인물인지를 느끼게 된다...",41,74,True,Recommended,31422,1620878840
사이버펑크 2077,파크라이2077 얼리엑세스 에 오신 걸 환영합니다,36,87,False,Not Recommended,2774,1607994273
사이버펑크 2077,"이 병신 게임은 아직도 튕기는 걸 못고쳤네 개웃긴 건 20시간을 멀쩡히 진행하다가 갑자기 이 지랄이 난다는 거임 모드도 안 깔아, 무결성 검사도 해, appdata 캐시도 다 지워, 재설치도 해 그래픽 드라이버도 최신, 윈도우 버전도 최신, 호환성도 윈8로 해줘, 관리자 권한까지 쥐어줘, 그래픽이 문제인가 싶어서 최하 설정으로 낮춰주고, 레이트레이싱도 꺼주고, 레이턴시도 꺼주고 근데 수시로 이런! 사이버펑크 2077이 뻗었습니다! 개발자 부모도 뻗게 해줄까? 이런 걸 제값주고 팔면 안되지 적어도 게임은 진행이 되어야 될 거 아니야 2.13이 됐든 2.2패치가 됐든 그때까지 기다려 본다 그때도 말 그대로 아무 이유 없이 튕기는 현상이 해결될 것 같지는 않지만 신화 무기 위치나 길 찾기에 도움 좀 받으려고 크롬 브라우저를 켜놨었는데 이것 때문에 무조건 튕긴 듯함 크롬 설정 시스템 그래픽 가속 끄기 하니까 튕기는 확률이 대폭 줄어들었음 그렇다고 안튕기는 건 아님. 특히 도그타운 구글하고 CDPR하고 무슨 원수라도 졌나? 게임은 참 재밌단 말이지.. 욕하면서도 100시간을 쳐박을 정도로 튕기는 건 여전하고 2.2 패치 하면서 뭘 건드렸나 도전과제가 안 깨짐 내 칼과 맨티스 블레이드에 나이트 시티에 거주하던 갱들 80퍼센트가 죄다 썰려서 뒤졌는데 100명의 적을 근접 무기로 죽이세요 도전과제가 안 깨지는 게 상식적으로 말이 되냐? 나는 유령을 벤 거임? 버서크 상태에서 슈퍼히어로 랜딩을 사용해서 적 죽이기라도 깨야겠다 싶어서 허겁지겁 리퍼닥에게 달려가서 크롬을 죄다 바꾼 후에 죄다 모아놓고 랜딩을 마구 갈겨서 남은 나이트 시티의 갱단의 씨를 말렸는데 이건 또 왜 달성이 안됨?? 위쳐 4 만들기 전에 이런 것 좀 고치자 있는 걸 고쳐놓고 새 게임을 만들어야지",35,40,False,Not Recommended,20820,1710335667
사이버펑크 2077,싸펑덕분에 3080 110만원에삼,35,107,True,Recommended,25050,1629563886
사이버펑크 2077,RTX3080을 미리 구매하게 해준 다크나이트,35,70,True,Recommended,9375,1615620125
사이버펑크 2077,2019년 6월 10일 5시 31분에 사이버펑크2077예구열리자마자 예구해서 2020년 12월 10일 9시 1년 6개월 기다리고 플레이할 수 있게되었다 이걸 할 좋은날이 오다니 꿈일거야,35,112,True,Recommended,10231,1607564297
사이버펑크 2077,훈련소 가기 일주일 전에 샀기에 강제타임리미트가 걸려 주디가 레즈인지도 몰르고 남케를 골라 꼬셔보려 별 지랄를 하다가 검색해보니 동성애자이기에 남캐로는 뒤졌다 깨어나도 사랑방에 입성조차 하실 수 없습니다 쿠쿠루삥뽕 이러더라..... 보이스캠프가기까지 남은 시간 3일 나는 다시해볼 엄두조차 내지못하고 위아래로 눈물을 흘리며 미친새끼마냥 앤딩까지 깨버렸다. 엣지러너를 봤었기에 그 씨 발 개같은 로봇미친새끼를 잡았을때 하늘을 바라보며 레베카짱 내가 좀 더 일찍왔었어야하는데 미안해 이지랄 하면서 보이스캠프에서 똑같이 했으면 정신병자로 의가사제대 할 수 있을것 마냥 혼자 중얼중얼거리면서 과몰입했던 게임이다 뭔가 얼떨덜하게 끝나서 아쉬웠지만 나름 나쁘지 않는 게임이라 생각했던 과거에 나에게 거츠를 입안에 넣어 방아쇠를 당기고싶다. 야이 씨발새끼들아 오랫만에 게임 해보려고 키는데 씨발 한달째 게임이 안켜진다 이 미친새끼야 내가 뭘 잘못했니 내가 우리동내특공대출신이라 무시하는건지 기만하는건지 제에발 게임좀하자 제에발 아직 팬엠이랑 차안에서 그것도 못하고 하기 일보직전에 빠르게 앤딩보고 현생살러 갔구만 제발 현실에서 못하는거 여기에서 하게 해 줘라 제에발 씨발 한달째다 한달째 싸펑이 퍼졌네요 이지랄 하는데 진짜 방망이로 V 대가리를 부숴서 내 컴퓨터에 연결 하고싶다. 게임이 같아도 버그가 아직까지 있어도 재미있게 했었는데 시발 시작을 못해버리면 나는 어떻게하라는거냐...... 너네는 이런거 사지말고 든든한 gta나 하러가라,34,11,False,Not Recommended,3073,1685120720
사이버펑크 2077,나는 승리했다. 2시간도 안되는 플레이로 알았다. 이것은 환불이라는걸,33,194,False,Not Recommended,114,1624806980
사이버펑크 2077,빵빵 씨빨쌔꺄,32,60,True,Recommended,20962,1692186615
사이버펑크 2077,"수많은 버그, 입털어놔서 기대했더니 까보니 영 부실함, 그냥 전체적으로 만들다가 만 느낌이 정말 심하게 남 직접 해보면 알거고 그럼에도 불구하고 게임 자체는 재밌게 즐겼다 짧은 플탐이지만 그래도 엔딩보고 파밍 좀 하면서 느낀점들이 몇가지 있는데 첫번째 엔딩을 보고 나서 마지막 저장한 곳으로 되돌아간다 파밍요소가 분명히 존재하는 게임임에도 엔딩을 보고 아무것도 할 수 없다... 뭐 이건 엔딩 안 보고 서브퀘 하고 파밍하면 되는 문제지만 내가 보더랜드 시리즈, 워프레임, 데스티니, 디비전 등등 루트슈터 게임들을 너무 좋아하고 그 게임들은 전부 엔딩을 봐도 되돌아 가거나 그런적이 없어서 더 그런걸수도 있다 두번째 강한 총, 강한 칼, 재밌는 빌드, 그것들을 얻기 위해 파밍을 하는 재미는 있다. 근데, 이렇게 파밍해서 얻은 총과 칼들을 마땅히 쓸 곳이 없다. 그냥 맵 돌아다니면서 지역제압이나 현상수배 걸린놈들 뚝배기 깨고, 심심하면 시민 머리 터트리고 경찰이랑 싸우거나 그게 전부다. 지금은.. 마치 아무도 범접할 수 없는 절대자의 고독함이 이런 것 이였을까 싱글겜이라 컨텐츠의 부재가 더 크게 다가오는데, 업데이트 해줄 부분일테니 참고 기다릴 수 있다. 세번째 편의성이나 Ui가 너무, 진짜 너무너무 부실하다 게임의 기본기라는 말을 그다지 신뢰하는 편은 아니였는데 정말 뼈저리게 느끼게 해준다 키배열도 뭔가 이상하고 총알 제작처럼 한번에 많이 만들어야 하는것들은 일괄 제작도 없다. 컨픽을 만져서 제작시간을 줄일순 있는데 왜 이게 기본 기능으로 없는가 Ui? 물론 사람마다 기준은 다르겠지만 나는 정말 난잡하고 복잡하게 느껴졌다. 그리고 피격당할때 내가 이만큼 아프게 맞는다 라는 느낌이 안 든다 쫄몹이 툭툭 치길래 귀엽노 새끼 하고 있는데 빈사상태가 돼 있고, 억하고 뒈질때도 있다. 커스터마이징 많은 사람들이 싸펑을 기다리며, 커마에 대한 기대 역시 적지 않았을거라 보는데 나도 그 중 하나였다. 뭐? 남캐에 뷰1지를? 여캐에 쥬1지를? 가슴에 쥬1지를 달고 윾두를 없애고 성별의 개념이 없다고? 까보니 그냥 그게 다였다. 그래, 그랬다.. 버그라던가, 몰입감 있지만 뭔가 이랬으면 어떨까 하는 아쉬움이 남는 메인 스토리 등등 문제점은 더 있겠지만 적어도 게임을 하며 내가 느낀 불편함들만 적어봤다 우리가 싸이버펑크를 기다리며 나왔던 많은 게임들 특히 라오어2 등등 경쟁작들이 줄줄이 운명하며 싸펑에 대한 기대치가 하늘 끝까지 치솟았던 것도 있지만 그런 부분을 감안하고 봐도 우리가 싸펑에서 기대했던 많은 요소들이 없다. 지금 기준으로는 정말 실망스러운 게임이 확실하며 추후 업데이트를 통해서 더 나은 게임이 될거라고 믿어 의심치 않으며, 그래야만 한다. 믿으니까 추천으로 해놓는다 갓겜 만들어놔라 cdpr 씹새끼들아",31,148,True,Recommended,7209,1608948041
사이버펑크 2077,그 누가 욕해도 저는 정말 감사합니다 사이버펑크.. 덕분에 3070을 정가에 산게 이렇게 굴러갈지 누가 어떻게 알았겠습니까..,30,88,True,Recommended,5597,1640354870
사이버펑크 2077,현실에서 조니가 나한테 쌍욕박고 사라지는 환청 들리는데 이거 맞음?,29,50,True,Recommended,4172,1703355825
사이버펑크 2077,"그래픽 현실과 구분이 어려움 높은 수준의 디테일 수준 높은 그래픽 아름다운 그래픽 독특한 그래픽 도트, 라이브 2D 등 준수한 그래픽 게임이 뭐 그렇지 처참함 조작감 우리 할머니도 할 수 있음 일반적임 적응하기 약간 어려움 핸드시뮬레이터 급 누가 내 손 뺏어감 난이도 힐링 우리 할머니도 할 수 있음 쉬움 적당히 즐김 어려움 소울류 빡침 PC사양 감자 콩순이 컴퓨터 일반적인 가정컴퓨터 게이밍 컴퓨터 최고사양 게이밍컴퓨터 나사 컴퓨터 양자 컴퓨터 게임용량 금붕어 뇌에도 설치가능 컴퓨터실 그냥저냥 용량 꽤 차지함 컴퓨터에 이 게임 하나 깔 수 있음 디스크 대량구매 후 분할 다운 가능 서버 싱글 전세계 인구 다 들어와도 렉 없음 한국에 서버가 있음 핑이 낮다 한국에 서버가 없음 핑이 높다, 안정적임 하루종일 디도스 쳐 맞음 불안정 감자서버 스토리 없음 거장 감독 시나리오 급 여운 남는 스토리 후유증 남음 메이플스토리 복잡함 신선한 스토리 크리셰 그냥저냥 없는 게 차라리... 노가다 요소 없음 할 순 있음 하면 좋음 해야함 당신은 이제 노예입니다. 버그 세스코 왔다감 귀엽네 몰입을 깨는 정도 버그를 샀는데 게임을 주네요 그냥 못 함 플레이타임 없음 출근길에도 깰 수 있음 점심먹고 저녁전까지 깸 날 잡고 깨야함 몇 일 걸림 방학동안 이것만 해야함 평생을 바쳐야함 접근성 누구나 해도 재밌게 할 수 있음 접대용 게임 재미없기 힘듦 호불호 갈림 극소수가 좋아함 재밌으면 정신병원 가보세요. 가격 무료 정가에 사도 후회 안 함 세일하면 사야함 돈이 많으면 사도 됨 계륵 추천 안 함 돈이 너무 많아서 거슬려서 버려야겠다. 총 점 8 10",28,152,True,Recommended,4967,1713519809
사이버펑크 2077,싸펑하려고 산 RTX 3080 슈프림X 구매 당시 가격 110만원 현재 210만원 CD PROJEKT RED 그들은 몇 수 앞을 본것인가...!,28,82,True,Recommended,14249,1616141242
사이버펑크 2077,이거 왜 알파 테스트 단계입니다 딱지 안붙었냐?,28,114,True,Recommended,11797,1607777516
사이버펑크 2077,기말고사 기간 1달 동안의 후회없는 선택..... 기초적인 임플란트 하다가 기초적인 점수도 못 받겠다.,26,35,True,Recommended,13886,1687866197
사이버펑크 2077,이걸 20 할인으로 쳐팔고 있네 양심이 있냐 씨발놈들아 아 없으니까 출시했구나,26,50,False,Not Recommended,3870,1622359621
사이버펑크 2077,3080을 구매하게 해준 이 게임에 감사합니다.,25,43,True,Recommended,13526,1635660603
사이버펑크 2077,RTX 3070 60만원에 잘 샀습니다,25,80,True,Recommended,1316,1627965367
사이버펑크 2077,아직 베타일뿐 207 7 정식 나옵니다!!!!,22,60,True,Recommended,4562,1646236023
사이버펑크 2077,딱 한마디만 하자면 시발 이겜 때문에 사기 당해서다른겜 예구 못하겠어,21,133,False,Not Recommended,3199,1633450882
사이버펑크 2077,2077년 전에는 죽어야겠다,21,8,True,Recommended,6728,1621953675
사이버펑크 2077,"h1 보1지랑 꼭1지를 보여주긴 보여주는데... 여기 진짜로 위쳐3 만든 회사 맞냐? h1 b 그래픽이랑 성우, 음악만 놓고보면 존1나게 좋은데 시스템적인 요소가 완전히 쓰레기입니다. b 진짜 그냥 보기엔, 눈 그래픽 도 즐겁고 귀 음향효과 도 즐거운데 제 뇌 시스템 은 이걸 좋게 보지를 못하겠어요. 제 눈을 의심하게 만드는 버그들. 제가 빡치게 만드는 동료들. 먹통이 되어버린 Ai와 원인불명의 튕김현상. 안됨. 이대로는 안되요. b C8 이 게임은 적어도 두달은 더 있다가 발매했어야 했어! b 눈에 보이고 귀로 들리는것은 매우 잘 만들어놓고, 안보이는건 만들다 만, 혹은 덜 만든 게임. u 보1지고 자시고 지금은 아무래도 안되겠다. u 주인공 선택화면의 기업쪽에 승자와 패자만 있다고 했죠? 이 게임에는 구입한자와 환불한 자만 있습니다. h1 저는 환불함. h1",21,54,False,Not Recommended,25,1607698631
사이버펑크 2077,사이버펑크2077이 뻗었습니다. 이 메세지가 자꾸 뜸 미치겠다!!! 오류보고서를 보내긴 했지만 그건 이 상황을 바꿔주질 못해 울트라급 컴인데!!!,21,288,True,Recommended,28755,1607562198
사이버펑크 2077,"한국어 더빙 스팀 라이브러리의 사이버펑크를 우클릭하여 속성을 열고, 언어 탭에서 한국어를 선택하여 한국어 더빙을 받으십시오.",21,1052,True,Recommended,17985,1607560369
사이버펑크 2077,"레베카, 데이비드! 내가 너희의 원수를 갚았어",20,64,True,Recommended,1004,1675596885
사이버펑크 2077,3090 209만원에 산거로 이겜은 할 일을 다함,20,90,True,Recommended,230,1633180801
사이버펑크 2077,"나는 1.2 패치가 되고 나면 게임을 플레이하려고 묵혀놓은 상태라서 게임플레이는 프레임 확인차 초반 아주 조금만 플레이해본, 다시 말하면 리뷰를 쓸 자격이 아직 없는 유저지만 내게 이 게임은 갓 게임이 분명하다는 점을 짚고 넘어가고 싶다. 오늘 다나와 사이트에 우연히 들렸다가 내가 60만원 중반에 구매했던 3070이 160만원에 올라와 있는 것을 보았다. 감사합니다 CDPR 고맙습니다 사이버펑크 패치를 거듭해서 게임성에 있어서 모두에게 갓겜으로 평가받는 게임이 되길 기원합니다.",20,36,True,Recommended,42881,1614573954
사이버펑크 2077,재키 그건 칩이 아니야 총이야 이악 미친놈아,20,26,True,Recommended,7477,1609368740
사이버펑크 2077,"h1 b 과대 광고, 마케팅 사기, 허울 뿐인 허상. Cyberpunk 2077. b h1 i 정말 버그만 없으면 된다고 생각합니까? i 2013년 E3에서 url 첫 공개 url 되어 많은 사람에게 새로운 세계관 의 RPG를 기대하게 만들고, 2018년 E3에서 세계관 및 게임 플레이 영상을 공개하면서 많은 사람들에게 본격적으로 b 사이버펑크 2077 b 라는 게임에 열정을 지피게된 계기가 되었죠. 당시까지만 해도 저는 폴아웃, 디비전 등과 같은 RPG 라는 장르에 그닥 관심이 없어 오... 느낌은 좋은데 게임 플레이가 내 취향은 아닐 것 같다... 라는 생각이었습니다. 하지만 고도로 발전되었음에도 떨칠 수 없는 디스토피아적인 도시 속에 부랑자로 태어났으나, 자신의 선택과 선택이 엮여 명성을 떨치고 도시의 전설이 될 수 있다. RPG 장르에 코어인 b 롤 플레잉 b 요소에 알게 모르게 점점 끌리기 시작했죠. 더불어 엘더스크롤 V 스카이림 , 폴아웃 4 , 아키에이지 , 파이널 판타지 XIV 등을 플레이하며, RPG 장르의 거부감을 점차 줄이게되었고. 특히나 파이널 판타지 14와 다른 장르긴 하지만 콜오브듀티 블랙옵스 콜드워 를 플레이하며 스토리가 일방 통행이어도, 선택에 대한 환상 뿐이어도 큰 만족감을 줄 수 있다는 것을 깨닫게 되었죠. 조금 쉽게 풀어서 설명 드리면 다음과 같습니다 i 진행하는 도중 내가 고를 수 있는 선택지와 부가적으로 할 수 있는 서브 퀘스트가 전체적인 스토리 흐름에는 큰 영향을 주지 않더라도, 그 선택을 하므로써 내가 한 선택으로 이 캐릭터가 이런 반응을 보이네? 하는 즉각적이거나 간접적인 피드백에서 오는 희열감 또는 만족감. i 하지만 본작에는 그런 요소가 전혀 없습니다. 심지어 분명이 큰 영향을 주어야 마땅할 라이프패스 또한 영향이 거의 미비하다시피 하죠. 당신이 빈민 지역의 전직 갱단 일원이었건, 원래부터 도시에서 자잘한 임무를 맡아 해오던 부랑아였건, 기업의 일원이었건 상관 없습니다. 당신은 그저 임무를 실패하고 누군가에 의해 처리당한 뒤 쓰레기장에 버려지고 다시금 도시에서 임무를 받아 해올 뿐인 용역 용병일 뿐입니다. 많은 분들이 이 게임이 버그 와 자유도 때문에 망했다고들 말씀하십니다. 물론 버그와 자유도의 부재가 큰 영향이 없다고 할 순 없습니다. 많은 분들이 분명 활력 넘치는 독특한 도시를, 이 행위 저 행위 다 해보며 자유를 만끽할 수 있을 것이라고 기대하셨을 겁니다. 유유자적 도시를 돌아다니다 시비를 거는 갱 멤버를 때려 눕히고, 바에 들어가 술 한잔 꺾고 임무를 받아 리퍼닥을 들러 신체 모딩을 개조해 용병일을 완벽하게 완수하고 스트립 바 또는 카지노에 들른 뒤 한탕 즐기고 나와 집에 돌아가 하루를 마치는 그런 걸 바랬다고 말이죠. 하지만 사실 스크립트에 짜여진 반강제적인 일회성 이벤트긴 해도 위 요소를 체험해볼 순 있습니다. 그리고 자유도만 따지고 보면 여타 유비식 오픈월드 게임과 그닥 큰 차이는 없죠. 제가 이 게임에서 가장 부족하다고 생각하는 것은 바로 b Illusion of Free Will 자유의지의 환상 b 입니다. 앞에서도 선택에 대한 환상 이란 말로 간단하게 설명은 드렸지만, 제가 생각하기에 RPG 에서 가장 중요한 요소는 자유의지의 환상 입니다. 내 선택이 의미가 있었구나! 라는 착시. 그런 의미에서 사이버펑크 2077은 그런 요소가 부족합니다. 아니, 그런 시도를 하려는 일말의 의지 조차 없습니다. 삶의 시작 지점을 결정하는 라이프패스 도, 대사 지문의 선택지도, 내가 지금 하고 있는 임무도 내 선택에 의해 하는 것이 아닙니다. 해야하기 때문에 하는 것 입니다. 물론 그것이 나쁘단 말은 아닙니다. 앞서 제가 말씀드렸던 파이널판타지 14, 블랙옵스 콜드워 등의 게임들 역시 해당 임무들을 해야하기 때문에 하는 것 이죠. 다른 점이라면 사이버펑크 2077은 그 선택의 환상을 숨기려고 하지 않고 적나라하게 드러냅니다. 어떤 임무에 대해 만약 내가 하기 싫다면? 이라는 지문을 선택한다고 바뀌는 것은 없습니다. 어쨋든 해야하는 것이니까요. 정 뭐하면 임무 체크리스트의 순서만 좀 바꿔드리겠습니다. 전투 역시 마찬가지 입니다. 전투는 암살 또는 대난투의 두가지만 고를 수 있습니다. 뭐... 고른다고 하기도 애매합니다. 솔직히 말하면 너가 암살을 못하면 그냥 한번 치고박고 싸워봐! 식이니까요. 한번 콜오브듀티로 돌아가보겠습니다. i 이번엔 2019년 모던워페어로 돌아가봅시다. i 한 시퀀스에서 여러분에게 암살과 전투 루트의 두가지 선택지가 주어집니다. 그때 여러분이 선택할 수 있는 것은 여러가지 입니다. 돌을 던져서 적군의 시선을 돌리고 한 명씩 칼로 암살하고 시신을 숨기고 나아가거나, 소음기가 달린 총을 이용해 헤드샷으로 빠르게 적들을 처치해 지나가거나, 불을 끄고 야간투시경을 장착해 일을 해결하거나, 그냥 총으로 무쌍을 찍어도 됩니다. 하지만 사이버펑크는 다릅니다. 시간을 들여서 근접에서 암살하거나, 엄폐물 뒤에서 한 탄창을 비워도 쓰러지지 않는 적군을 향해 계속 쏘는 짓을 수십번을 반복하는 것이죠. 디비전 시리즈를 플레이하신 분들은 대번에 이해하실 겁니다. 적군들이 총을 맞는다고 죽는 것이 아닌, 물에 젖는 스펀지 마냥 총알을 계속 흡수하고도 살아남죠. 또한 근접 암살도 레벨이 적절하지 않으면 바로 반격 당합니다. 해킹 이라는 기능이 있다고 해도, 전투 시스템이 이렇다보니 획일화되어 모는 전투에 엇 비슷한 경험을 하게 됩니다. 결국 금방 질리게 되죠. 뭐 그래도 사실 전투는 그닥 재미 없을 것 같다고 예상은 했었습니다. url 2018년 공개된 게임플레이 데모 url 에도 이와 비슷한 느낌을 받았거든요. 그럼에도 2018년 데모가 더 재밌을 것 같긴 하네요. 이외에도 일반 도시의 생활도 비슷합니다. GTA 급의 자유도를 바라진 않았지만, 가장 실망이었던 것은 명확한 신호 체계 조차도 없었다는 건데요. 오픈월드 게임에서 스토리에 몰입이 안되면 스토리는 안깨고 도시를 돌아다니는 걸 좋아해 GTA, 세인츠로우, 와치독스, 더 크루에서 제 플레이 타임의 2 3를 차지하는 행위가 차타고 도시 돌아다니는 행위 였는데도, 이 게임은 그 행위조차 제대로 할 수 없더라군요. 기본적인 신호등 체계가 있긴 하지만, 차량을 탄 플레이어가 신호등 근방 일정 거리에 다다르면 바로 파란불로 바뀐다는 것과, AI가 그것을 적응하지 못해 버그나서 신호 앞에서 아예 멈춰선다던지, 경찰이 쫒아오는 것도 아닌데 신호를 무시하고 달리는 AI, 경찰 앞에서 신호를 무시해도 그걸 이악물고 무시하는 경찰... 이런 다양한 요소로 인해서 결국 게임 자체에 몰입을 할 수 없게 되었습니다. 많은 분들이 버그 때문에 아쉽다 , 버그만 고치면 괜찮겠다 라고 하시는데, 아직 출시 직후라서 업데이트 및 버그 픽스에 희망을 가지고 있는 것 같습니다. 하지만 정말로 버그가 고쳐진다고 해도 근본적인 콘텐츠가 7 9년이라는 개발 기간에 비해 굉장히 빈약하고, 플레이어와의 약속을 어기고, 과대 및 허위 광고로 소비자를 기만한, 정말로 아쉬울 따름입니다. 이외에도 할말은 많은데 더이상 적으면 화만 더 나고 피곤하니 여기까지 적어야겠습니다. 그리고 이미 충분히 적은 것 같고요. 긴 글 봐주신 분들 감사하고, 혹시 광고를 보고 구매를 고민하시는 분들은 정말로 한번 재고해보시는 걸 추천드립니다.",20,525,False,Not Recommended,1975,1608292341
사이버펑크 2077,"그래픽과 스토리만 완성. 나머지는 전부 미완성인 사기 수준의 완성도. 내가 만약에 스토리만 즐기겠다, 그러면 오히려 나쁘지 않다. 그런데 스토리도 즐기면서 뭔가 사이버펑크 월드를 만끽하겠다? 그건 불가능에 가깝다. 왜냐하면 할 수 있는 게 없거든! 플레이어가 개별행동으로 즐길 수 있는게 거의 없다. 신기하고 해보고 싶은 건, 대부분 다 미션중에 잘 짜여져있는 스크립트에 불과하다. 밥도 못 먹고, 마약도 못 하고, npc는 술 먹는데 나는 말 걸면 90년대 JRPG마냥 템창만 떡 나온다. 그마저도 대부분 그냥 왜 파는지도 모를 똥템들. 보는 재미가 없는데 아이템 사서 뭐하나. 이런 자유도는 자유도가 아니다. 15시간이 넘는 플레이타임 동안 겪은 버그는 수없이 많고 대부분은 게임플레이 자체에는 영향을 미치지 않는 웃긴 버그들이지만 몇 가지는 아주 아주 치명적이고 세이브 로드를 해야만 정상으로 돌아온다. 심지어 몇 개는 그걸로도 해결 안 되어 아예 게임을 껐다... 중간에 화면이 나가서 검은배경에 빨간줄만 나오는 그 유명한 버그, 차량이 후진만 되고 전진하면 덜덜거리면서 고장난 차처럼 되는 버그, 특정 구간에서 사망 후 마지막 체크포인트로 로딩하면 로딩 완료 후 프로그램이 다운되는 버그 등 플레이 불가 수준의 버그들은 게임 삭제 버튼에 마우스 커서를 이동시켰다. 그리고 전화가 중복으로 걸려오는데 동시에 두명한테 대답하느라 뭔 대화를 하는지도 모르겠더라. 나만 겪은 버그인지 모르겠는데 그간 수많은 게임에서도 정말 듣도보도 못한 버그였다. 이 세계가 전혀 진짜처럼 안 느껴지게 만드는 요소들도 문제다. 사람 치고 나서 다른 차 타니까 시체가 사라지고, 차에 치이면 안 죽는데 총 맞으면 죽고, 총 쏘면 바로 차에서 도망가는데 나이프나 둔기로 차를 치면 가만히 있는다 그리고 불량배랑 싸우면서 경찰이 총 맞도록 일부러 유도해봤는데, 경찰 이놈들은 총을 맞아도 아무 행동도 안한다. GTA5에서도 되던 총싸움 이간질도 여기선 통하지 않는다. 왜냐? 이 게임의 npc에는 역할별 AI 자체가 적용이 안 되어있기 때문이겠지. 그냥 정해진 상황을 맞이하면 정해진 단순한 행동만 할 뿐이다. 이게 사이버펑크? 필요할때만 엄청난 기술인척 하는 눈속임에 불과할뿐 실제로 플레이하면서 느끼는 건 그냥 현재 기술의 재탕 수준. 미래 기술이나 사회에 대한 고찰은 없고, 겉핥기 수준이다. 성 관련 코드 말고는 미래사회에 대해 할 얘기가 없는 것 같다. 나도 야한거 좋아하지만, 이 게임에서는 뭔 애들이 죄다 발정나있거나 마약에 취해있고 심지어 어딜가나 그런 포스터와 전광판 뿐이다. 그러다보니 이 게임에서 그리는 사이버펑크 세계관이 매력적으로 느껴지지가 않음. 암울하거나, 익살스럽거나, 충격적이거나 이런 게 없다. 어쩌면 세계를 잘못 골랐다. 정말 이정도면 그냥 현시대 배경에 자유도에 집중해서 GTA5와 경쟁하는 게 나았을 것 같다. 마케팅 팀이 친 사기를 개발팀이 DLC와 패치로 극복한다면 어쩌면 지금보다는 나아지겠지만, 이 게임은 완전히 망가진 상태이거나, 얼리억세스보다도 한참 못미치는 수준에서 출시된 알파 버전이다. 할 수 있다고 한 건 할 수 없으며, 할 수 있을 것이라고 믿은 것은 눈속임이거나 구현되지 않은 듯 하다. 1년 반을 기다린 게임인 만큼 실망감도 크다. 이 게임을 위해 컴퓨터도 새로 맞췄는데 그냥 옛날에 하던 겜이나 하다가 겜이 완성되면 돌아오는게 정신건강에 이로울 듯 하다.",20,637,False,Not Recommended,4417,1607874006
사이버펑크 2077,"사펑 애니를 보고 갬동에 절어서 ost만 들어도 후유증 오다가 게임 그래픽도 좋고 나도 3080이겠다 해서 33000원 주고 산 게임은 애니에서 느낀 복합적인 미묘한 감정을 언럭키 버전으로 느끼게 하면서 수려한 그래픽과 다양한 버그로 과몰입을 하지 않도록 해주는 cdpr따거의 배려가 느껴졌다. 버그가 많이 수정됐다 했지만 이게 수정된거면 과거엔 얼마나 심했길래 싶을 정도로 간헐적인 npc나 동료 캐릭터가 가만히 있거나 T자세를 하거나 모션이 딱딱하게 움직이는 등의 아주 사소한 버그들이 간간하게 보이면서 몰입감을 말아 드시고, 길을 가다보면 광원 버그로 어두웠다 번쩍! 하는 버그도 있지만 사펑 애니에서 느꼈던 감정과 애니에서 본 것들을 게임에서 볼 수 있다는거 만으로 글카를 빡시게 갈구면서 감상하기 좋은 게임이다. 우리 함께 추운날 사펑과 함께 글카를 갈궈서 보일러로 써보는건 어떨까?",19,29,True,Recommended,4718,1671888256
사이버펑크 2077,이걸 2달동안 500시간 넘게했네 남들은 똥겜이라 하지만 나에겐 갓겜이다,19,42,True,Recommended,78274,1617096775
사이버펑크 2077,"h1 사이버펑크2077 h1 어느 의미로 라스트 오브 어스2 만큼의 임팩트를 준 게임 장점 list 게임 자체의 재미만 볼땐 재미있음 서브 주인공들의 이야기들이 잘 풀려져있음 list 단점 list 정말 많은 버그 곳곳에 구멍이 많은 게임 시스템 유사 오픈월드 게임 스토리의 세세한 부분까지 알고 싶다면 서브퀘스트는 사실상 필수불가결 list 개인적으로 사이버펑크2077은 다잉라이트2처럼 무기한 연기후 게임만 잘 다듬어 나왔으면 훌륭한 aaa급 게임이 되지 않았을까? 싶다. 게임의 장점들만 본다면 더할나위없이 재밌는 게임이지만, 단점들이 점수를 너무 많이 깎아먹었다. 캐릭터 T자버그부터 시작해서 게임 진행에 지장까지 생기는 버그들도 수 없이 봤다. 서브퀘스트 진행하는데 바다에 쳐박힌 npc떄문에 진행이 막혀 4트한건 아직도 잊을수가 없다. 메인퀘 진행중 로그의 총이 수류탄이 터져 날라가는데 그 총 날라가는 모습을 해당 인게임 영상에 안담아서 그냥 총이 사라진줄 알았더니 구석에 쳐박혀있다. 버그와 디테일 부족은 게임을 하면 할수록 더욱 눈에 많이 보이기 시작하고, 처음엔 그럴수 있지 라는 마인드도 수 많은 버그에 아.. 이건 아니지 않나요? 하면서 정색까지 하게 되버렸다. 오픈월드도 사실상 오픈월드라고 말할 수 없을 정도였다. 메인퀘스트엔 내가 궁금한 정보들이 모두 다 담겨 있지도 않다. u 하지만 이런 문제에도 불구하고 u 버그 이외에 순수한 게임의 요소만 본다면 재미는 있었다. 서브퀘를 진행해도 템포가 느리지도 않은 게임이기에 지루하지도않았고, 매력적인 서브 주인공들은 게임을 잘 채워주었다. 정말 게임 자체는 정말 재미있고, 매력적인 요소들이 게임에 충분히 녹아 들어있지만, 수많은 문제들이 발목을 잡은 게임이다. b 하지만 이런 안좋은 상황에도 추천을 누를수 밖에 없던건 b 이미 닐 드럭만이 휘두른 골프채에 대가리가 깨져서 수많은 버그가 있었음에도 불구하고 너무나도 재미가 있었다. 닐 드럭만이 쏘아올린 작은 골프채는 올해에 이렇게 버그 투성이인 aaa급 게임이 나왔어도 재미가 있게 해줬다. 사이버펑크는 최소한 골프채로 내 대가리를 깨진 않았기에, 그렇기에 추천을 할 수 밖에 없다.",19,49,True,Recommended,7435,1607855601
사이버펑크 2077,Is Lucy my wife yet?,18,47,True,Recommended,3972,1703193236
사이버펑크 2077,시발 재미있엇다 개새끼같은게임아,18,35,True,Recommended,3788,1645289704
사이버펑크 2077,시발,18,32,False,Not Recommended,2760,1626854197
사이버펑크 2077,파 크라이 노 맨스 와치독 디비전 얼리 엑세스 2077년 정식 출시,18,53,True,Recommended,5109,1612078800
사이버펑크 2077,애니보고 샀습니다,17,174,True,Recommended,492,1666283798
사이버펑크 2077,빈수레가 요란하다 재밌어서 900시간이나 한게 아닙니다. 제발 구매를 멈춰주세요.,17,41,False,Not Recommended,112679,1631273557
사이버펑크 2077,프레임21눈물난다,17,40,True,Recommended,2561,1607906018
사이버펑크 2077,사펑 안 한 뇌 삽니다,16,80,True,Recommended,6719,1702089490
사이버펑크 2077,이거 정식발매 언제함? 얼리엑세스 아직도안끝났음?,16,9,True,Recommended,6147,1640363442
사이버펑크 2077,66000원은 좀 아깝지만 그래도 재미있었다.... 아냐 아까워...아냐 재밌었어 아까워 재밌었어 아까우,16,25,True,Recommended,6536,1634883880
사이버펑크 2077,여기에 나오는 버그들은 버그가 아닙니다. 2077년에는 저런 현상이 흔한겁니다.,16,5,True,Recommended,23743,1609065788
사이버펑크 2077,"h1 군대를 갔는데 훈련소에서 만난 CDPR이라는 동기가 있어. h1 우연찮게 자대에도 같이 배치받고 온 군생활을 다 함께 보냈어. 근데 그 동기가 입을 정말 잘 털더란 말이야. 자기가 사회에서 먹어줬다고, 클럽가면 헌팅 100 기술에 동네 맛집 사장님들은 다 자기 삼촌 혹은 이모래. 전역하고 꼭 자기 고향에 놀러오면 끝내주는 체험을 시켜주겠다는거야. 근데 이자식이 훈련소 특등사수 위쳐2 에, 군생활도 아주 야무지게 잘했던 놈 위쳐3 이란 말이야. 참 신뢰가 갔어. 바로 옆에서 오랫동안 봐왔으니까! 그리고 전역한 당신은 그 동기의 고향을 방문해. 그리고 그 동기가 b 당신을 다단계 사무실로 데리고 간거야. b C8 내 기분이 딱 이렇다. C8놈들아. 차라리 스팀에서 파는 5000원짜리 싸구려 야겜도 니들보다 구라를 덜치면 덜쳤겠다. 2.0 패치 이후 감상입니다. 일에 치여 살며, 나도 결혼을 하고 아이도 태어나, 대출을 갚아가며 하루하루 열심히 살아가는 어느날, 전화가 온다. 모르는 번호다. 아니, 잊으려고 했던 번호다. 무심코 받아보니 나를 다단계 사무실에 데려갔던 동기가 아닌가. 신발샛길. 그냥 순수한 궁금증에 전화를 받아봤다. 만나자더라. 일단 다짜고짜 만나봐 츄라이츄라이를 외치기에, 속는 셈 치고 그 군대동기가 이야기한 장소로 나갔다. 다단계에 빠져 허우적 대고있을것 같던 새끼가, 멀끔한 양복을 차려입고, 깨끗하게 면도를 했고, 누가봐도 동네 미용실이 아니라 바버샵에 들려 머리를 멋지게 다듬고 수염까지 멋지게 깎고 오지 않았겠는가. 군대동기가 아이가 태어났다며 사진을 보여주며 자랑한다. 자기가 어리석었다고, 자기는 다시 태어났다고... 엣지러너라는 여자를 만나서 정신을 차렸고, 아이가 둘이라더라. 한 아이는 2.0패치고, 한 아이는 팬텀 리버티라는 이름을 지어주었단다. 우리는 군대 이야기 썰을 풀며 위쳐 시리즈 추억에 잠겼고, 연신 소주잔을 비웠다. 눈물이 났다. 셋째를 가지려고 준비하고 있단다. 이름은 오리온이라고 지을 거란다... 기대된다. 셋째가 태어나도 이 군대동기가 다단계에 손을 다시 대지 않기만을 바라며 택시를 타고 가는 것을 보았다. 택시 이름은 델라메인이더라... 몰라보게 달라진 동기의 모습에 눈끝에서 관자놀이를 타고 액체가 흐른다. 나도 나이를 먹었나보다. 눈물만 늘었다. 싸이버 싸이코가 되었나보다. 2.0패치 츄라이츄라이!",16,34,False,Not Recommended,15904,1608900824
사이버펑크 2077,지역 임무 올클리어 트로피 따려고 개같이 NCPD 똥 닦아주며 다녔는데 버그 때문에 마지막 한개 안깨져서 그 자리에서 똥 지리고 삭제한 게임.,15,7,False,Not Recommended,5805,1668988952
사이버펑크 2077,잠자는 자세가 이상해요,15,40,True,Recommended,837,1665190412
사이버펑크 2077,물리엔진 개씹좆병신 게임 물리라는게 없음. 씨발폴란드 문과새끼들 물리 공부 안했나봄. 버그보다 이게 더 좆같음.,15,40,True,Recommended,3872,1610535577
사이버펑크 2077,엣지러너 아니였음 안샀다,14,156,True,Recommended,2342,1670846852
사이버펑크 2077,게임때문에 돈벌어본적 한번도 없는데 싸펑덕에 3080 110에 사서 210에 팔았다.,14,27,True,Recommended,38296,1635350793
사이버펑크 2077,"이 게임은 구라로 가득찼다 광고랑 완전 반대다, 자유도도 없고 스토리는 한 줄로만 가고, 총기 커스텀은 시발 도 없고, 버그는 존나 심하고, 애들은 전부 빻았고, AI는 병신이고, 경찰 시스템도 병신이고, 스토리랑 분위기는 못 살렸고, 전투 시스템 밸런스도 개병신이고 콘텐츠도 별로 없고, 갱단 팩션 왜 만들었는지도 모르겠고 트라우마 팀도 왜 만들었는지 모르겠고, 맥스택은 왜 있는지 모르겠고, 출생도 왜 만들었는지 모르겠고, 그냥 총체적 난국 중에 진짜 멸망 5분전이다. 이 아래부터는 스포일러이니 뒤로 가기를 눌러라. 그리고 스토리 좋다고 하시는 분은 제대로 다시 생각해보시길 바란다. 스토리 느끼는 거야 사람마다 다르다지만 내가 진짜 평가 요소를 따져본다면 절대로 그렇지 않다고 생각된다. 첫번째로 대립구도가 없다 사이버펑크 세계관에서 와패니즈 당연하다, 아라사카 중심으로 나오든 뭐든 당연히 아라사카가 중요도가 높아야한다, 근데... 아라사카만 나오면 나머지 애들은 왜 만들었나? 설정집에는 분명 아라사카랑 탕파오랑 라이벌 관계고 밀리테크도 서로 견제 관계고 막 기업간의 대립구도와 갱단들 팩션 이야기들이 나올 것 처럼 꾸며넣었는데 까고보니 어떤가? 아라사카 가족들이 치고박고 싸우는 그냥 한국 드라마다 시발, 우리는 사이버펑크 특유의 음모와 술수가 판치는 게임을 보고 싶은 거지 옘병 근친상간하는 병신같은 재벌들만 중점적으로 처 나오는 한국 드라마가 보고 싶은 게 아니다. 기업, 갱단 전부 병풍이다. 게다가 주인공 간의 동기부여도 없다. 물론 V랑 재키가 먼저 잘못해서 총맞아 뒤졌다고는 하나 그렇다고 해서 아라사카의 개가 되버리는 이야기는 절대로 자연스럽지도 않고 옘병 개같다. 복수할 대상이라도 있어야 하는데 덱스터 드숀은 이미 뒤졌다. 시발 조니는 알트 납치되서 개빡쳐서 복수하려고 했다고는 하나 그래서 아라사카 빌딩을 핵폭탄으로 날리면서 다른 인명 피해까지 주는 개막장 행보를 펼치고 나서 이제와서는 이랬다 저랬다하는 설정 붕괴를 보여주기도 하고, 이블린은 자살하고 이게 어딜봐서 당위성이 있는지 모르겠다. 플레이하면서 진짜 김 빠졌다. 그래도 못 느끼겠다고? 차라리 폴아웃4를 해보고 이걸 해봐라, 그 망겜 폴아웃4에서도 꼭 조지고 싶은 새끼들을 만들고 목적을 만들고 동기부여를 줬다. 그리고 캐릭터성이 너무 희미하다. 애당초 지금까지 등장했던 애들 캐릭터성 말하고 하면 말할 수 있는가? 재키는 뭐가 떠오르는가? V 친구? 덱스터 드숀, 흑인 뚱땡이, 이블린 창녀 그 이상 그 이하도 아님, 쥬디 레즈비언, 이딴 식이다 도저히 뭔 매력적인 설정이 없다. 연출력, 이것도 똑같다. 파앗하고 머리에 박힐만한 것도 없고 그나마 뽑으라고 하면 재키 사망이랑 맥스텍 등장 씬 정도다. 그나마 말이다. 명장면 있었으면 좀 말 좀 해주길 바란다. 다시 돌려서 보게, 잠깐 생각해보니 생각이 바뀌었다. 얘네들은 애당초 광고에서 작정하고 만들어서 보여준 장면들이었다. 광고에서 안 보여준 장면들 중에서 뇌리 박히는 씬 있는가? 없다. 그렇다고 반전이 있었던 것도 아니고... 의미있는 이야기가 있는 것도 아니고 기승전결이 완벽하지도 않았다. 엔딩 전부 좆같고 사이버펑크가 광고했던 거랑 전혀 다르다. 이건 그냥 라오어2다 주인공이 거의 무조건 불행해지는데, 이게 문제는 아니다 문제는 그런 진행에서 재미나 즐거움이 있었냐는 거다. 솔직히 내가 못 느껴서인가? 난 솔직히 다른 게임 스토리는 재미있었는데 이것만 개노잼인데 이게 문제가 아닌가?",14,204,False,Not Recommended,2727,1607776600
사이버펑크 2077,내가 널 달에 데려다줄게,13,164,True,Recommended,2875,1679159672
사이버펑크 2077,하하 이 병신들 진짜 뭐하자는거지,13,31,True,Recommended,4344,1638957766
사이버펑크 2077,버그 씨발 선택지가 선택이안되면 그게 선택지냐 씨발진짜,13,20,True,Recommended,9405,1607941827
사이버펑크 2077,이 게임덕에 제가 3070을 70만원에 샀습니다.,12,51,True,Recommended,8123,1630970862
사이버펑크 2077,3000번대 그래픽카드의 구매의 메시아같은 게임 이게임은 6만원을 버리고 몇십 몇백만원을 벌게해준 갓겜이다 버그빼고,12,22,True,Recommended,102,1621409727
사이버펑크 2077,"2077년, V는 한 아파트 관리인의 무책임한 엘리베이터 동력 관리로 인해 그 안에서 말라죽었다. It s impossible to play the game because I cannot get out of the elevator.",12,17,False,Not Recommended,10556,1607705660
사이버펑크 2077,게임 언제나오냐.. . . . . 2023.09.26 내 생일에 게임이 나왔구나 고맙다,11,5,True,Recommended,6016,1625467315
사이버펑크 2077,"옥에 티, 흐지부지, 깊이 없는 완성도에 아연실색하는 버그들",11,216,False,Not Recommended,2865,1608796358
사이버펑크 2077,나는 삼선해물간짜장을 시켰는데 짜짜로니가 나왔어요. 춘장은 있는데 양파랑 단무지는 없어요. 젓가락은 한쪽이 짧아요. 주방장한테 물어보니깐 단무지는 내년쯤에 줄 수 있다는군요.,10,21,False,Not Recommended,3702,1645666753
사이버펑크 2077,게임은 망했지만 이 게임을 하려고 3080을 샀었다 게임은 추천하지 않지만 게임덕에 악재를 피했다,10,47,True,Recommended,7238,1641273349
사이버펑크 2077,"굿나잇 나이트시티, 2077년에 보자.",10,19,True,Recommended,9982,1630167045
사이버펑크 2077,RTX3080 110만원에 겟 하게 해준 개슈퍼 갓겜!,10,39,True,Recommended,1610,1629616968
사이버펑크 2077,친구가 추천하지 않음,10,16,True,Recommended,585,1617266942
사이버펑크 2077,버그를 고치면 또다른 버그가 생기는건 국룰이고 나만 당할수 없지,10,39,True,Recommended,1240,1616999657
사이버펑크 2077,수십년만에 클럽 나이트? 에 갔다. 노안이 들었는지 바닥도 잘안보이고 안에 있는 아낙네? 들이 전부 이뻐보인다. 나이트에서 이쁘다고 밖에 밝은곳에 데리고 나와서보면 할매라고 고등학교때 담임선생님이 그랬는데...T.T 내 나이가 이제 그럴나이인가보다...,10,12,True,Recommended,26149,1608908818
사이버펑크 2077,오픈월드 RPG 3시간 동안 플레이했지만 몰입을 못해서 포기하려던 순간 넷플 사이버펑크 엣지러너 시청 응급처치 받고 300시간 달림,9,90,True,Recommended,21139,1704970676
사이버펑크 2077,모두가 이 게임을 사이버버그2077이라고 욕할때 세상이 이 게임에 손가락질 할 때 저만 혼자 개재밌게 했어요 외로웠어요 하지만 호텔을 거슬러 올라가 헬기에서 치명500무기 줏어온 그 짜릿함이란... 아직도 꿈에 나와요 너무 재밌었어요,9,35,True,Recommended,15910,1676801698
사이버펑크 2077,dlc로 달에 가서 루시 만나게 해줘...,9,201,True,Recommended,4974,1667729248
사이버펑크 2077,엣지러너 봐서 봐준다,9,120,True,Recommended,6466,1666949671
사이버펑크 2077,"추천 안 함. 1. 아직 자잘한 버그가 많은듯. 2. 3인칭 안되는거 은근 불편. 3. 룩딸불가능. 옷 장비 라서 성능보고 쓰다보면 미래게이처럼 입고다니게 됨. 4. 스토리 좋다는 사람들은 있는데, 그 전개방식이 매우 안좋음. 인물들이 죄다 1회성이고, 끝도없이 새로운 용어 새로운 인물만 줄줄 나와서 어디 몰입할 수가 없음.",9,48,False,Not Recommended,7525,1646070352
사이버펑크 2077,이거 하려고 그래픽카드 미리산게 신의 한수였어,9,23,True,Recommended,5048,1635557164
사이버펑크 2077,"싸다만 똥같은 게임이긴 합니다만, 그럭저럭 재미는 있어요. 참 아이러니하게도 CD프로젝트레드가 아닌 배데스다제 샌드박스게임을 하는 기분이였습니다. 초코파이를 똥 모양으로 뭉친 맛이랄까요.",9,8,True,Recommended,18865,1626865424
사이버펑크 2077,"진짜 다른 식당가서는 절대 맛볼 수 없는 그들만의 맛이 존재하는 게임입니다. 비록 식당 의자가 위험한 초대용 의자여서 먹다가 가게 밖으로 사출당한다던가 옆테이블에서 먹은 음식이 내걸로 계산되는 등 사소한 버그들이 존재하지만 그게 뭐가 중요합니까. 존나 개쩌는 게임인걸요. 걍 사서 해보세요. 못해도 님 인생의 일주일 정도는 이 게임이 지배해줄겁니다. h3 아래부터는 사이버펑크 스토리 스포일러 및 개인적인 감상평이 있으니 주의 h3 옛날에는 나름 유니크하다면 유니크했지만, 이제는 어린애들도 다 안다는 사이버펑크의 세계관에서 크나큰 사건에 휘말리고, 배신당한 뒤 철저하게 나락의 구렁텅이로 떨어지는가 싶더니 왠 조니 실버핸드 라는 과거 전설의 밴드가수 겸 테러리스트의 인격이 내 몸에 흘러들어왔다는 내용이 이 게임의 시작입니다. 이 조니라는 놈은 내 몸의 안에서 신체와 기억을 공유하게 된 처지이기에, 처음엔 작정하고 나라는 인격을 죽이고 육체를 빼앗을 작정으로 덤벼드는 그야말로 미친 친구이지만 시간이 지나면 나름대로 사연도 있고, 그렇게까지 나쁜 놈은 아니었던 미친 친구입니다. 이야기의 후반부로 흘러가면, 나름대로 조니도 V 플레이어 를 존중하게 되고 친근한 모습도 보이지만 사실 전 그런건 모르겠고 어떻게하면 이 조니라는 친구가 나에게 건방지게 군 것에 대해 복수할 수 있을지만을 고민했습니다. 그래서 저는 그 이후로 쉬지않고 계속해서 남자들과 X스를 했습니다. 임무를 성공하면 기념으로 남자를 불러 X스를 하고 거리의 범죄자들을 실컷 학살한 뒤 남자를 찾아가 X스를 하고 사이버펑크 2077의 명곡이라 불리는 I Really Want to Stay At Your House 를 틀며 남자와 X스를 했습니다. 그리고 마침내, 조니가 한 번은 자신의 옛 동료인 로그라는 여자와 데이트를 즐기기 위해 제 몸을 빌린 후 드디어 그가 그토록 원했을 여자와의 X스를 하는가 싶더니, 로그가 불만을 표하며 떠나버리고 맙니다. 무엇이 문제였는지 조니는 이해하지 못하는 모습을 보였지만, 저는 눈치챌 수 있었습니다. 더 이상 조니는 여자를 만족시킬 수 없는 몸이 되어버리고 만 것입니다. V의 몸으로 기억을 공유하며 쌓여온 남자와의 무수한 경험들이 조니를 바꿔버리고 만 것입니다. 마침내 제 오랜 노력이 결실을 맺고, 마지막 단계만을 남겨두었습니다. 사실 아직까지 본편 스토리의 엔딩을 보지 않았지만, 만약 엔딩의 분기점에서 조니에게 육체를 넘겨줄 수 있는 선택지가 있다면 저는 기꺼이 조니에게 몸을 넘겨줄 생각입니다. 아마 조니는 처음엔 침을 뱉으며 드디어 남자와 X스를 할 일이 없게 되었다 좋아할테지만 시간이 흘러 그때의 감각을 잊지 못하고 제발로 남자를 찾아가게 되는 그 날까지 제 사이버펑크 2077의 V는 오늘도 남자와 X스를 하러갑니다.",8,11,True,Recommended,4689,1734016501
사이버펑크 2077,오늘부터 제 고향은 나이트 시티 입니다.,8,46,True,Recommended,4571,1718667263
사이버펑크 2077,3년 묵은 김치로 만든 김치찌개,8,24,True,Recommended,3378,1703580056
사이버펑크 2077,사람들이 하나같이 좆같이 생겼어요,8,14,True,Recommended,3253,1696163569
사이버펑크 2077,양심이라곤 좆도없는 새끼들 아니냐? 적어도 예구해서 통수 개쎄게 맞은 흑우들은 이번 DLC 무료로 푸는게 맞는거 아님? 왜 돈을 쳐 받고 팔아? 어차피 예구하고 플레이한 유저들은 니들이 이후에 패치를 어떻게 뭘 했던 그 전에 다 접어서 신경 안써 병신들아 미완성게임 졸라 비싸게 출시해놓고 DLC도 돈받고 파는 니네들은 진짜 기름붓고 불붙이는게 답인거같다,8,48,False,Not Recommended,3765,1692431486
사이버펑크 2077,sex 바리에이션좀 늘려줘용,8,32,True,Recommended,5181,1681512730
사이버펑크 2077,어휴 안할련다 2077년에나 함 켜볼듯,8,39,True,Recommended,2321,1676040589
사이버펑크 2077,지속적으로 패치를 해서 살리려는 모습은 인상적이다.하지만 용서할수 없는것은 사실이다.,8,103,False,Not Recommended,528,1645899166
사이버펑크 2077,싸펑도치덕에 3070을 65 주고 샀습니다 고마워 싸펑도치야!,8,25,True,Recommended,3755,1617797772
사이버펑크 2077,존버는 승리한다 1회차 끝내고 존버탄다. 와인은 익을 때 까지 기다려야해 와인인지 포도쥬스인지 아직 모름,8,22,True,Recommended,17902,1610724664
사이버펑크 2077,힘내시게..,8,40,False,Not Recommended,2832,1610471280
사이버펑크 2077,적 만나서 총 쏘자마자 디비전 생각나서 껐음 뭔 시발 런닝 하나 걸친 쫄따구 새끼 하나 죽이는데 몇방을 쏘는거?? 앞으로 계속 해야할 총질이 이지랄이니까 할맘 싹 사라짐 나중에 스킬포인트 올려서 쉽게 죽인다? 나중에 더 쌘놈 나오면 또 불렛스펀지 지랄날거 뻔함 npc 들도 엉성하고 뭔 틱장애임? 말걸때마다 인사했다가 욕했다가 금붕어새끼들 시발 8년동안 뭘 한거냐 그렇게 기대했던 싸펑스러운 도시 풍경도 네온사인 좆도 없고 최악임 1시간만 해놓고 지랄한다고 생각하지말고 1시간만에 좆같은게 존나게 많았다고 생각해주셈 업뎃 1시간타령 하지 말라니까 대깨펑 새끼들이 지랄해서 0.7 시간 더 하고 환불받음 좆이나 까잡숴,8,51,False,Not Recommended,3688,1607591639
사이버펑크 2077,본게임 시작하고 조니 실버핸드 시점으로 플레이하고 v가 기어가고 추격 같은걸하는데 검은화면에 빨간색 지지직거리는거만 뜨길래 눈이 안보이는 설정이건가 생각했다... 그런데 시발 갑자기 총주더니 아무것도 안보이는데 뭘쏘래 시발 버그였다 시바알 버그 좆망겜 시바아아 알 그외 발견한 진행에 영향을 미치지 않는 버그들 하의와 성기 실종 버그 거울을 본뒤 취소했는데 입고있던 바지와 팬티가 사라지고 크게 설정했던 성기는 사라지고 여성의 성기가 달려있었음 재키 대가리에 총이 박혀있는 버그 노마드로 시작하고 진행하다가 프롤로그 끝날때쯤 뒤져가는 재키한테서 조니 실버핸드 담겨있는?? 칩을 받는데 그칩이 권총으로 보임 갑자기 조니 머리에 권총이 박히더니 그걸 뽑아서 내 대가리에 넣음,8,69,False,Not Recommended,1526,1607582253
사이버펑크 2077,"소문난 잔치. 제값주고 샀으면 배 꽤나 아팠을듯, 마치 내가 디아를 85,000원주고 산것처럼말이지",7,8,True,Recommended,2315,1751264187
사이버펑크 2077,씨1발 존나게 팅기네,7,24,False,Not Recommended,11791,1713668493
사이버펑크 2077,묵은지 같은 게임인지 회사인지 숙성 될수록 점점 나아지는거 같긴한데 이럴거면 처음부터 잘 좀 하지.....,7,40,True,Recommended,8224,1681280870
사이버펑크 2077,산데비스탄은 기본적인 임플란트다,7,70,True,Recommended,3071,1679048823
사이버펑크 2077,"1.5 스타트입니다. 엔딩이 6개나 되더군요. 재밌습니다. 주관적으로 FPS의 광팬으로써 디비전1,2 아웃라이더 보더랜드 등을 다해봤지만 이렇게 심오하게 스토리라인끼고 하는것도 좋네요. 다만.. 내가 끌리는대로 퀘스트를 클리어했더니 많은 NPC가 저랑 말 상대를 안해줍니다. 예 .. 그렇게 됐습니다. 제가 진행하는것에 따라서 이 후에 결과가 이렇게 참혹해 질 줄 몰랐습니다. 선택에 따라서 NPC들한테 아싸가 될수도있다는 말입니다. 아시겠죠. 잘 고르세요. 메인퀘스트 주요 서브퀘스트만 클리어할시 여유롭게 50시간정도 걸리는것같습니다. 제가 하다가 잠들고 하다가 잠들고 해도 55시간인거 보면.. 그러나 이것만 했다고 이게임을 다한게 아닙니다. 서브퀘스트 이외에 부가 미션을 진행해야 열리는 요소가 존재합니다. 조이토이 ? 는 2명이 아닙니다. 아시겠죠. 게임 해보신분들은. 여기까지.",7,21,True,Recommended,24055,1645515767
사이버펑크 2077,곧 완벽한 게임이 될 예정 존버합니다,7,30,True,Recommended,926,1645069338
사이버펑크 2077,나는 이것을 게임계 희대의 사기극이라고 부름. 사기를 쳐도 팔린다는 최악의 전례를 남긴 게임.,7,141,False,Not Recommended,4598,1635719022
사이버펑크 2077,음머 개씹 정가 예약구매 무지성 현질 했는데 바로 50 활인 해버림 게임보다 애니가 더 유명함 애니만 보고 이 게임 하면 끄고 아마 애니 보러 다시 갈 듯,7,13,True,Recommended,353,1629781685
사이버펑크 2077,24기가나 패치하길래 DLC라도 나왔나 하고 기대했건만 오류 수정만 24기가를 했내? 그동안 내가했던겜은 오류프로그램이였냐?,7,7,True,Recommended,11710,1617085770
사이버펑크 2077,유주얼 서스펙트를 뛰어넘는 2020 최고의 사기극,7,46,False,Not Recommended,9193,1616221174
사이버펑크 2077,같이죽자,7,8,True,Recommended,2605,1608890414
사이버펑크 2077,여러 똥겜을맛봣지만 이런 최신 똥겜은 정말 오랜만입니다. 꼭 구매하시어 버그 2077개를 경험하십시오 물론 전 환불햇습니다,7,13,True,Recommended,5123,1608604273
사이버펑크 2077,"CDPR판 노 맨즈 스카이 시즌2 방영 시작 더빙, 분위기와 몰입감만은 좋아서 일단은 추천",7,32,True,Recommended,9458,1608382272
사이버펑크 2077,뭔가 이제 마지막 베타테스트의 단계에 돌입한것같은 게임 초기보다 훨씬 나아졌지만 아직도 2 부족한 게임..,7,18,False,Not Recommended,3803,1607564034
사이버펑크 2077,하루 죙일 사이버펑크가 뻗었대 겜좀 하자 그만 튕겨라 너 할려고 컴퓨터도 샀는데 개 새 야,6,9,False,Not Recommended,1034,1738945866
사이버펑크 2077,몰입하라고 만든 게임인데 버그가 몰입을 깸 컴퓨터 사양에 따라 버그에 정도차이가 좀 심하게 남 만약 본인이 게임 개발자 지망생이고 내가 풀3D게임을 만들었을 때 얼마나 더럽고 추악하며 잡스럽다 못해 상스러운 버그들이 나올 수 있을까 시뮬레이션 해보고 싶으면 구매추,6,2,False,Not Recommended,1929,1734621633
사이버펑크 2077,시발 기어코 압긍을 받는구나 시발 질질싼다 따흐앙,6,11,True,Recommended,7340,1715854964
사이버펑크 2077,총 플탐 132.4시간 지난 2주동안 98.2시간 정말 미치도록 빠졌다 이 게임을 알기전으로 돌아가고싶을정도다 재밌었다 조니 즐거웠다 주디 나중에 또하자 팬앰 안녕 V 절대 싸움을 멈추지마,6,41,True,Recommended,8392,1715340123
사이버펑크 2077,"h1 1. 넷플릭스에서 엣지러너 안본 사람에겐 그냥 평작. h1 기대를 적게 할수록 좋다는 당연한 소리는 접어두고 생각보다 좁은 오픈월드 곳곳에 생각보다 많은 요소들을 마구 뿌려놓음 보조퀘스트 픽서임무 사이버사이코 보스 NCPD수배 경찰임무 다 할거면 시간 넉넉히 준비해야됨 당연히 사람마다 다르긴 하겠지만 자잘한것들도 다 챙겨가는 스타일이면 100시간 넘게 때려박을 각오 필요 스토리 되게 잘짰음. 핍진성 개연성 문학성 그런 주관적인 차원의 얘기가 아님 사소한 선택으로 사소한 피드백이 오고, 중요한 선택으로 중요한 피드백이 옴. 무슨 흰소리냐 싶을텐데, 이런 종류의 b 피드백 b 자체를 신경써서 구현했다는 점에 주목해야함. 게임인 이상 당연히 모든 분기에서 이득을 보고 모든 퀘스트를 성공적으로 마무리 하고 싶겠지만 그 선택의 피드백이 존재함으로 게임에 더 몰입하게 되고, 역설적으로 손해를 보는 분기를 고르기도 함. b u 그러니까 아무리 궁금해도 나무위키는 2회차부터 u b 근데 왜 명작은 커녕 수작도 안되는 평작이냐? 빌드를 짜는 재미를 기대했다면 생각보다 밍밍할 것이고 전투에서 오는 도파민을 기대했다면 생각보다 허무할 것이고 잠입,암살,해킹 등에 로망이 있다면 생각보다 빡칠 것이고 스토리 자체에 기대가 크다면 생각보다 같을것임. 버그는 엄청 많이 잡았다고 하는데, 생각보다 가끔씩 걸림. 당연한 소리지만, 기대는 적게 할수록 좋음. h1 2. 엣지러너 본 사람에겐 맛있는 브레인댄스 h1 라디오 켜면 b i really want to stay at your house b 나옴. 꼭 모니터 옆에 손수건 구비하고 라디오 켤것. 근데 길거리 사람들이 라디오를 그냥 마구잡이로 틀고 다녀서 자꾸 눈물테러 당한다 아오 하여튼 데이비드 사건은 V 주인공 이 활동하기 1년 전에 일어났던 것으로 추정됨. spoiler 보조퀘로 데이비드 팀의 생존자인 팔코와 연락 가능함 spoiler 데이비드가 불꽃처럼 타올랐던 나이트시티, V가 되어 이 뻐1킹 도시로 기어들어온 플레이어는 무엇을 하는가. 우스갯소리로 엣지러너 애니메이션이 존재하지 않는 친구에 대한 기억으로 남아 버린 V가 뭘 하겠냐고 나이트 시티 곳곳에 데이비드 팀의 잔재가 남아있고, 납골당엔 그들의 무덤과 누군가 spoiler 루시 spoiler 가 남긴 헌사가 있음. 아담스매셔는 스토리상 경비대장1에 불과하지만, 시스템상 최종보스의 역할을 수행함. 내 손엔 strike 딜도 strike 레베카의 샷건이 있고, 어깨 위엔 데이비드의 외투가 걸쳐졌고, 등에는 산데비스탄이 박혀있음. 그럼 V가 할 일은 정해져 있잖아. 1에서 얘기했듯, 이 게임엔 다양한 피드백이 변태같은 수준으로 구비되어 있고 그건 다시말해서.. 데이비드 사후 1년, b 나이트시티의 운명을 내가 정할수 있게 된다는 것임. b 플레이어의 선택이 사이버펑크 IP의 차기작에 반영되진 않겠지만 적어도 개개인의 안에 남아있는 엣지러너의 이야기에 후일담을 붙여줄수 있다는 거. 그런 면에서, 사이버펑크2077은 브레인 댄스에 가까운 역할을 수행해줌. h1 3. 혹시.. 스카이림급 모딩 빵빵 자유도 만땅 오픈월드 생각하셨나요? h1 다음 문구를 세번 따라 읽고, 네번 복창하세요. b CDPR은! 베데스다가!! 아니다!!! 베데스다는! CDPR이!! 아니다!!! 사펑은! 스카이림이!! 아니다!!! b spoiler 근데 스카이림은 사펑이 될수 있을거 같아요.. 메타몽같은 게임.. spoiler 사펑의 모딩툴은 없는 수준이고, 자유도를 강조할 수단은 b 스카이림에 비해 b 빈약합니다. 가장 큰 예시로, 하층민들 그냥 아무렇게나 사서 보는 브레인 댄스를 V는 못봐요. spoiler 나도 쭉쭉빵빵 누나 셋이 달라붙어서 이챠이챠 하는 BD 재생시켜줘 제발 spoiler 이 부분을 기대했다면, 언젠가 모딩 툴이 제대로 나올때 돌아오시는걸 추천드립니다. 요약 1. 게임 자체는 그냥 할만한 수준, 기대치 적당하면 오히려 꿀잼 2. 엣지러너 보고 왔니? 행복한 BD 타임 가져! 3. 스카이림 하고 옴? 돌아가십쇼.",6,29,True,Recommended,11053,1708524101
사이버펑크 2077,개재밌어서 잠을 못자고있습니다. 우선 2.0이후 빌드도 다양하게 바꿔볼 수 있게되서 개꿀이고 확장팩은 액션감이 한층 더 발기된게 마음에들었습니다. 버그는 아직 좀 많이 있는데 진행에는 문제없고 가끔 웃긴버그가 많아 피식하며 넘어가는 수준입니다. 지금이 싸펑을 즐길때입니다. 저는 팬텀리버티를 미리 해 볼 수 있었기에 이틀 밤새고 2.0 팬텀리버티 리뷰까지 완성했습니다. 전과 달라진게 뭐가있나 체크해보시기 바라며 저는 다시 게임하러 2,6,93,True,Recommended,4378,1695684467
사이버펑크 2077,출시한지 꽤 지났는데.. 패치 많이 해서 버그 이제 많이 없다매.. 버그 존나 많아..,6,45,False,Not Recommended,2194,1679501248
사이버펑크 2077,그래픽 카드가 싸고 게임이 미완성이에요,6,2,True,Recommended,9563,1643268576
사이버펑크 2077,얼리 엑세스로 반값에 사서 재밌게 했습니다. 기대했던것 보다는 높은 완성도로 놀랐던 게임 당장은 얼리 엑세스라 버그가 좀 많고 몰입도 떨어지게 하는 부분이 많긴 한데 얼리 엑세스라 어쩔 수 없는 부분인것 같고 실제 2077년 정식 릴리즈에는 얼마나 대단한 게임이 될지 상상도 안됩니다.,6,0,True,Recommended,14012,1641052066
사이버펑크 2077,다른게임에서는 신선한 충격을 받았다면 여기에서는 싱싱한 버그가 물고기마냥 팔딱팔딱거린다.,6,15,True,Recommended,1817,1622281880
사이버펑크 2077,"단점 첫 번째, 일단 red 엔진이 나 구림 자기 회사 엔진 자랑할려고 만든 건지, meme만들려고 일부로 같이 만드는건지 모르겠는데 물리엔진 하나로 버그 무한 생성됨 1개를 고쳐도 3개 버그가 태어남 창조버그게임 그러니 차가 날라가고 npc가 없어지거나 하늘 위로 올라가지 단점 두번째 최적화문제 최고성능을 자랑하는 3000대 nvidia그래픽 카드로 돌려도 도심에서 프레임저하 보이는 차세대 게임 단점 세번째 죳같은 상호작용 적어도 음식점이나 바에서 음식먹는 상호작용은 만들어줄 수 있잖아 이상한거 디테일은 신경쓰고 이런건 신경안씀 차량 디테일에 개발진들 갈아넣을 때 차라리 npc옷들 뺏어 입을 수 있게 해주지 단점 네번째 낙사 발 개발진들이 얼마나 시간이 없었으면 특정 퀘스트, 장소에서 특정 고도로 떨어지면 무조건 낙사되게 프로그래밍해놈 귀찮아서 그런건가 이 말은 즉, 낙사 설정 고도 2m 위에서 뛰어내려도 죽는다는 거임 무적버그써도 죽음 그리고 가끔 경사면에서 이상하게 낙사하는 경우가 있는데 이건 그냥 엔진문제나 아니면 뭐 버그일듯 단점 다섯 번째 npc 그냥 ai가 븅신임 총쏘면 튀는 정상적인 npc들도 간혹 있긴한데 웅크리고 벌벌떠는 npc들이 대다수임 정상적인 사고를 가진 시민들이라면 대다수 튀는게 정상아니냐? 2단점프할 때는 잘도 다 도망감 한번 뒤 돌아보고 다시 보면 탈주닌자마냥 다 사라짐... 당하면 어이털림 그리고 경찰이 스폰될때 보통 멀리서 스폰되야되는데 얘들은 내 뒤에 바로 생성됨 고층 빌딩에서도 뒤에서 나오더라 차타고 오던가 경찰차 추격전이 개꿀잼인데 왜 이런건 안만들고 이상한 이스터에그나 쳐만들고 있음 장점 첫번째 스토리, 퀘스트 몰입성이 뒤진다 이렇게 단점이 드럽게 많은 게임을 130시간 넘게한 이유 중 하나가 바로 스토리 메인스토리가 짧다는 사람이 있는데 사이드퀘스트랑 같이 돌려보면 꽤 길음 그리고 이게임은 메인보다 사이드퀘스트가 진국이야 한글더빙이라 몰입되기도 하지만 스토리 작가분들이 꽤 노력한 게 느껴짐 장점 두번째 배경 배경 하나만큼은 다른 명작 뺨칠 정도로 지린다. 싼다 포토모드로 인물, 배경찍는 재미로 게임하기도 함 그래픽카드가 준수해서 그럴 수도 있는데 이게 sf도시구나 라는 느낌이 체감되더라 도심이랑 판자촌 그리고 황량한 배드랜드.. 이런 배경 하나만큼은 깔 수가 없을듯 장점 세번째 훌륭한 사운드 전투 음악 듣다보면 나도 모르게 긴장됨 더 몰입되게 만들어주는 듯 가끔가다 퐁퐁싯 같은 병맛노래도 나오는데 겜하다보면 이거 들을려고 바디히트라디오 돌릴 만큼 중독성 지림 장점 네 번째 준수한 전투액션 나름 전투가 꽤 재밌음 총사운드도 괜춘하고 다양하게 적들을 죽일 수 있으니깐 지루하지 않음 갱단들이 다양한데 이런 갱단마다 싸우는 전투방식도 다 달라서 인상깊었음 예를 들어 애니멀갱단들은 둔기들고 무작정 달려드는 스타일, 타이거클로는 카타나같은 근접무기류 or 신겐 그래서 서로 상대하는 스타일이 다 달라지니 재밌을 수 밖에 없음 총평 미완성 게임이지만 재밌긴 하다.",6,52,True,Recommended,17310,1608963881
사이버펑크 2077,팬앰 진히로인이다,6,61,True,Recommended,20252,1607944209
사이버펑크 2077,24시간 정도하니까 엔딩봄 근데 문제는 3일뒤 군대감,6,1,True,Recommended,3862,1607696983
사이버펑크 2077,이 게임 꽤... b 재밌잖아?? b h1 씨발 h1,5,27,True,Recommended,1510,1712012942
사이버펑크 2077,데이비드 좀만 기다려,5,33,True,Recommended,4335,1679092958
사이버펑크 2077,이 게임에 대해 엄청 기대하고 2020년 12월 RTX3080을 샀습니다. 고마워요 싸펑도치! 게임은 병신이지만 싸펑덕에 지금은 하늘간 그래픽카드 시세가 아닌 정상가로 구매할 수 있었습니다! 평가가 긍정적인 이유는 딱 하나. 그래픽카드 잘 사게 해줌. 이거뿐. 장점 하나도 없다. SF는 그냥 폴아웃4나 하자. 차라리 이쪽이 한참 더 낫겠다.,5,13,True,Recommended,29290,1638621904
사이버펑크 2077,"저는 이 게임을 재미있게 했습니다. 세계관은 멋졌고 이야기는 흥미로웠습니다. 처음 사고나서 신나게 플레이했고, 분명 사펑은 재미있는 게임이 맞았습니다. 그래서 만족했냐고 하면 전혀 그렇지 못했습니다. 왜 이 게임에 화가났는지 곰곰히 생각해보면 매우 우습고 슬픈 이유가 있습니다. 더 하고 싶은데 할게 없었던 겁니다. 세계는 넓고 멋졌으며, 미래적인 디자인의 차량과 총기들은 저를 흥분시켰습니다. 하지만 그 멋진 것들을 가지고 무엇을 할 수 있었냐 하면 생각보다 많은 것을 할 수 없었습니다. 100시간 플레이 했다면 본전은 뽑은 겁니다. 그러나 저는 이 멋진 세계를 더 모험하고 싶었고 이 끝내주는 미래적인 총들을 더 많은 적들에게 쏘고 싶었습니다. 하지만 플레이 타임이 끝나자 그들은 저에게 이곳에서 나가라고 했습니다. 더 놀고 싶었는데 말입니다. 그래서 저는 이 사펑이라는 게임에 매우 화가났고 마지막에는 싫어하게 되고 말았다고 생각합니다. 최근 사펑이 재평가 받기 시작하면서 내가 그때 왜 이 게임에 화가 났었나 다시 생각해보게 되었습니다. 그 이유가 이것이었습니다.",5,115,True,Recommended,13237,1637935057
사이버펑크 2077,이 게임 덕분에 RTX3070을 73만원에 구매할 수 있었습니다. 우리 모두 싸펑도치에게 X 키를 눌러 고마움을 표시하세요!,5,21,True,Recommended,5071,1626278380
사이버펑크 2077,"출시 3년 전부터 기대하면서 사이버펑크만 나오면 허전하고 지루한 삶도 뭔가 달라질거라 기대했었다. 사자마자 휴가내고 엔딩을 봤다. 연출은 좋지만 몰입감, 스토리, 재미가 개판이었다. 내 인생에서 가장 기대했던게 겨우 이런거였구나, 하고 몇달동안 우울증에 걸렸다. 잘 만들어주긴 했는데 내가 기대한 것과는 너무 달랐다. 게임으로서는 재미있다. 다들 기대보다 못하다고 욕을 하긴 하지만, 사실 가격에 비해서는 알찬 구성.",5,51,True,Recommended,17169,1620021720
사이버펑크 2077,"도전과제 100 달성일자인 12월말 기준으로 작성했습니다. 멍청한 ai 난이도를 올린다고 딱히 적들이 똑똑해지지 않음 그리고 도로에 차량들도 길거리에 npc들도 멍청함... 탈것이 자동차,바이크 그리고 미션으로 타는 그거 빼곤 없음 메인퀘스트 서브퀘스트의 완성도는 만족스러웠음 하지만 그외의 복붙한 듣한 퀘스트들은 지루하고 아라사카의 무언가를 훔쳤음에도 아무도 주인공이나 주변인을 찾는일이 없고 위협역시 없음... 너무나 평화로운 나이트 시티... 소소한 미니게임이라도 있었으면 하는 아쉬움 커마에 그것도 넣어놨으면서 뭐 할수 있는게 없음... 차라리 야겜을 하라고 하는데 엄연히 사펑도 성인겜 차라리 외형 커마에 더 신경을 써줬다면 어땠을까... 싶네요. 가장 문제는 출신에 따른 차이점이 초반 퀘스트 한정이라 중간중간 대사선택시 출신에 따른 대사가 나온다지만 전혀 중요하지 않음 한마디로 트레일러에서 출신에 따른 차이점이 있다고한건 전혀 없다고 봐도 됨 바램은 1월,2월 뭐 그 이후라도 개선되길 바라지만 큰 기대는 안하고 멍청한 인공지능 만... 고쳐줬으면 좋겠네요. 버그수정이야 당연한거고... 내가 주인공인줄 알았는데 결국 내귀에 조니..",5,38,False,Not Recommended,8867,1618651069
사이버펑크 2077,내눈에서 흐르는 피눈물,5,25,True,Recommended,258,1616486809
사이버펑크 2077,"총 220 시간 넘게 플레이 하고, 모든 엔딩, 모든 퀘스트들을 클리어 하고 쓰는 소감 입니다. 1.66000원 짜리 얼리억세스 게임 1.06 버전 기준으로도 여전히 버그가 많고, 특정 이벤트 장면은 여전히 스토리상 중요함에도 검은 화면이 나와서 자동 세이브 파일을 로드를 해야 한다는점. 상당한 발적화로 수시로 프레임이 끊기고 있는 상황을 자주 봅니다. 덕분에 락스타 게임 그리고 특히 유비 소프트 게임이 선녀로 보일정도 입니다. 2. 분기가 있는듯한 시작점으로 보였으나, 안습인 엔딩구조. 1회차 플레이시에 나온 엔딩 에필로그에 순간적으로 멘붕이 왔습니다. 그래서 오기가 붙어서 V의 행복을 위해 열심히 서브퀘까지 모두 클리어 하고... 그러기 위해 타로카드까지 모두 모은 결과의 V의 미래는 ...... 초반 선택도 이 세개의 진영이 엔딩에 영향을 주나? 했습니다. 그 결과 프롤로그만 다르고 스토리 진행을 같았습니다. 다만 일부 대사 분기만 다를뿐이었습니다. 디트로이트 비컴 휴먼같은 놀라운 분기는 전혀 없었습니다. 광고에도 자유로운 오픈 월드라고 했었으나 막상 해보면 전형적인 유비 소프트의 오픈월드 방식이었습니다. 그리고 V의 운명은 일단 조니에 관한 연결점도 있었기에... 나름 최선책으로 DLC 를 기대하면서 엔딩을 마무리 했습니다. 3. 엄청난 한국어 더빙 개인적으로 한국어판을 플레이 할때 한국어 더빙을 거의 하지 않습니다. 엑스박스360의 로스트 오딧세이 이후로 오랜만에 2회차부터 계속 한국어 더빙으로 즐기고 있습니다. 특히 여성V의 미친 욕드립 연기와 조니의 퀄리티가 매우 뛰어났습니다. 그리고 스피키의 미친 연기는 빵 터지면서 플레이 했습니다. 4. 버그에 의한 아쉬운 게임성 개발 기간에 의한 게임 완성도 개인적으로 스팀 게임중 총 플레이 시간이 200시간 넘은 게임이 거의 없습니다. 오래전에 나온 스카이림 정도지요 이것도 3번의 플레이를 몇년 주기로 플레이 하였습니다. 그런데 사이버펑크는 한달도 안되서 집중을 하고 몰입을 하고 플레이 하고 있습니다. 그만큼 재미가 있기 때문이죠. 그렇기에 게임내의 여러곳을 다니면서 분석을 해보면 게임내에 얼마나 정성을 들여서 만든것인지 알수 있는 부분이 많이 있습니다. 또한 예전 트레일러에 있던 지하철에 관한 부분을 보면 제작 기간중에 아쉽게 취소가 된 흔적들도 보입니다. 총 평 연이은 발매 연기에 의한 경영진의 의한 너무 빠른 발매 현시점에서 사이버 펑크의 적절한 발매 시기는 2021년 4 6월 정도로 보여 집니다. 물론 이정도로 연기를 또하면 거기에 따른 비판이 나오겠지만.... 현재의 상황처럼 비판이 나올수가 없었을 수도 있습니다. 현재 일부 게임 제작사들이 인터넷의 발달에 의해 일단 내놓고 수정을 한다라는 개념을 가지게 된듯 합니다. 이전에는 패키지만으로 판매를 하였기에 일부 게임들을 제외 하고는 버그까지 완전히 테스트해서 잡고 발매를 했었고 그 게임 하나만으로 플레이를 즐겼지만.. 어느순간부터 하나의 게임을 쪼개서 팔고 나중에 확장팩 팔고 또 그후에 완전판이라는 개념으로 다시 발매를 하고 원인은 제작비의 상승이기 때문이지만... 이번일을 계기로 아무리 그래도 66000원으로 얼리억세스 게임을 플레이 하는 느낌이 드는 게임이 다시는 나오지 말았으면 합니다. 이후에 이 게임을 구매를 하실 유저분들은 적어도 2021년 여름 할인때 구매를 하시는것을 추천 합니다. 일부 장면은 연출인줄 알았다가... 로드를 해서 버그였다는 사실을 알게 되면 왜인지 분노가 나올 수 있기 때문이죠 사이버 펑크 2077 업데이트 1.5 버전 리뷰 현재 총 플레이시간 300시간이 얼마 안남은 시점에서 1.5 버전이 업데이트가 되었습니다. 일단 이제서야 게임다워지고 있습니다... 일단 npc들의 반응이 좀 많이 개선이 되었습니다. 돈 파밍을 많이 하셨다면 이제서야 개인집 4곳을 더 얻을 수 가 있습니다. 이전보다 많은 버그가 개선이 되었습니다.... 다만 일부 퀘스트중 해당 npc가 사라져서 진행이 잘 안되서 게임을 로드 하는 부분이 좀 있습니다. 요즘은 농담으로 55년후에 사이버펑크 2077이 발매가 됩니다 라는 말이 있지만.. 현재로써 꾸준히 체크 하면서 플레이 하면서 느끼는 점은... 이제서야 게임 다워지고 있는것을 보면 완벽하게 게임 다워 질려면 1년정도가 될 듯 싶습니다. 그래도 2022년 2월 20일 현재로써 볼때에는... 반값 할인중에 있는데... 뭐 나름 버그가 여전히 있지만... 나쁘지 않은 가격이라고 보입니다... 그리고 회사 내부의 고위층들의 문제라고 판단이 되고 있습니다만.. 게임 개발자들의 고생과 노력에 박수를 보냅니다...",5,91,True,Recommended,29136,1609555016
사이버펑크 2077,"h1 출시 전엔 위쳐3같이 분기점이 있는 거대 분량 메인스토리와 GTA같이 다양한 놀거리와 상호작용이 있는 샌드박스요소가 합쳐진 게임이 나올거라 큰 기대를 모았지만 막상 결과물은 그냥 미.래.세.계. 위.쳐.3. h1 퀘받고 의뢰자 만나고 적때려잡고, 파밍하고, 선택지에 결과가 달라지고... 총만 들었을 뿐이지 완전 위쳐 3예요. 저야 이 게임이 RPG인걸 개발 때 부터 알고 있었고, 위쳐시리즈를 워낙 재밌게해서 이것도 별 불만없이 재밌게 했다지만, GTA시리즈를 좋아하는 분에겐 크게 실망할지도 모르겠습니다. 퀘스트 외 샌드박스 개념이 아예 없고 액션요소가 너무 적어요. 길거리를 돌아다니는 NPC들 반응도 시원찮고 퀘스트 다 깨면 관광 좀 하다가 버려질 게임 같습니다. 발매 전 등급 심의를 받을 때 왜 범죄등급이 무 지? 의아해했는데 플레이를 해보니까 알겠더군요. 버그도 심각해요. 기절한 적을 숨기려고 들어 땅에 내려놨는데 적이 갑자기 터지질 않나, 창문 넘어가려고 점프했는데 100여미터 날아가질 않나 버그덕분에 보스전도 쉽게 깼다니까요. 다른 유튜버 영상을 보니까 같은 보스전에서 똑같이 버그 걸렸더군요. AI결함도 심각한데 앉아서 은신한 채 적 앞에서 강강수월래 뺑뺑돌아도 적이 인식을 못 해요. 그렇게 광고했던 생기넘치는 길거리는 시리따라 워프타고 벨렌에 갔는지 길거리 돌아다니는 NPC도 앞에 장애물이 조금이라도 있으면 피해가기는 커녕 왔던길 되돌아가고 되돌아간 길도 장애물 있으면 또 왔던길 되돌아가고... 무한 반복. 차량들도 길막하면 비키라고 경적을 누르거나 피해가기는 커녕 차 안에서 자고 밥먹고 똥쌀기세로 그냥 가만히 있어요. 경찰도 문제인게 범죄를 일으키면 경찰이 사이렌을 켜고 현장에 도착하고, 차타고 도주하면 추격전도 하는 그런 상상을 했는데.. 현실은 등뒤로 경찰이 뿅하고 나타나 총을 냅다 갈기고 경찰차는 어디다가 팔아먹었는지 차타고 100여미터만 도주하면 수배풀리고 그냥 끝입니다. 이부분은 GTA3 아니 GTA1보다도 못해요. 위쳐3에 있던 경비병의 등장과 추적방식을 그대로 갖다 썼나봅니다. 더빙 퀄리티는 진짜 죽여줘요. 대사들도 콜옵 시리즈 더빙보다도 더한 필터링 없는 노빠꾸들이고, 4개월만에 이런 결과물이 나왔다는 점에서 진짜 대단하다는 생각이 드네요. 캐릭터가 가끔 복화술을 하거나 자막은 뜨는데 목소리가 안 나오는 버그가 있지만 다른 버그에 비해 그건 애교수준입니다. 더빙은 믿으셔도 돼요. 위쳐3를 재밌게하셨거나 방대한 대사량과 다양한 선택지를 가진 RPG나 데이어스 엑스를 좋아하시면 추천드리고, 와치독스나 GTA같은 액션을 좋아하시면 비추천합니다. 지금은 초기작이라 최적화 문제와 버그가 굉장히 많으니 아직은 구매 비추천합니다.",5,69,True,Recommended,19810,1608018447
사이버펑크 2077,앞으로 게임 예약 구매는 절대 안할 것 같네요,5,119,False,Not Recommended,15017,1607861500
사이버펑크 2077,"개인적으로 올해 최고의 게임은 The Last of Us Part II라고 생각했고, 과연 이걸 뛰어 넘는 작품이 또 나올까 싶었는데 CDPR이 해냈다 100점 만점에 100점을 줘도 모자란 게임 나이트 시티 부분만 따로 떼어내서 워킹 시뮬레이터로 팔아도 될 정도이다 전투는 더할 나위 없이 훌륭하며, 메인 스토리와 사이드 퀘스트는 말이 필요 없을 정도로 깊은 몰입감을 선사한다 2020년에 이런 게임을 경험할수 있다는 것이 축복이다",5,2,True,Recommended,4496,1607581639
사이버펑크 2077,자 6만원짜리 버그게임 를! 할거에요 전화 2개들고 입속에서 통화하는 NPC 목이 두개라 음성이 곂쳐서 나오는 NPC 젓가락 8개씩 들고 밥먹는 NPC등 여러가지 신기한 인간들이 많이 있다 버그조이고 눈에 띄는 버그만 없어도 A급정도 줄텐데 지금 이대로면 B 급! 에 해당한다 차라리 조금 더 연기해서 냈으면 오히려 만족감이 더 높았을거라고 생각함 토렌트 에디션 나온거는 이미 알고 있었지만 환불 할 생각이 없어서 계속 진행했는데 야발 NPC들 말고도 버그 너무 많이보여 그나마 개인적으로 와치독스 리젼이 너무 노잼이었어서 이게 좀 더 나은듯 하도 똥겜만 해서 진짜 똥을 더 재밌게 느끼는 것 일수도 있지 않을까 싶다,5,29,False,Not Recommended,5706,1607572337
사이버펑크 2077,솔직히 첨에 엣지러너 뽕 때문에 했다가 조금 지루했는데 계속 하다보니 재밌다고 생각함. 여기서 내가 산데비스탄을?,4,11,True,Recommended,593,1737141918
사이버펑크 2077,중간에 죄인 퀘스트 하는데 못 따라 잡았다고 npc가 개새끼야 썅 쓸모없는새끼 이지랄 하길래 걍 겜 지움 좆같은 게임 기분만 더럽노 씨발 욕처먹을려고 겜 하나,4,0,False,Not Recommended,2467,1736943381
사이버펑크 2077,가끔식 오줌을 눌때마다 제 그곳에 임플란트를 달고 싶다고 생각해요,4,3,True,Recommended,5763,1728095984
사이버펑크 2077,"재밌습니다. 제가 가끔씩 맛이 가서 플레이할 때 산데비스탄에 단검, 카타나로 돌아다니며, IM A ASIAN NINJA MAAASTER HOOOOOOOIIIIIIIIIIIIIIIYAAAAAAAAA 이러면서 애들을 잡고 돌아다닙니다. 그렇게 돌아다녀도 재밌으니, 한번 해보시는 것도 나쁘지 않을 듯 합니다.",4,9,True,Recommended,14298,1719126576
사이버펑크 2077,여기 욕설 더빙 개찰지네요,4,21,True,Recommended,1608,1699186068
사이버펑크 2077,"대부분의 버그를 고쳤다고 해서 좋은 게임은 아니다. 사이버펑크의 문제점은 낭만과 로망 넘치는 분위기를 만들어놓고 정작 이 로망과 낭만이 잠깐 설거지한 우리집 설거지통에 고인물 정도의 낮은 깊이를 자랑하는 거다. 도대체 버그를 고쳐지기 전 그 같던 민낯을 꿋꿋이 버텨낸 게이머들에게 찬사를 보낸다. 일단 오픈월드로 급하게 만들어놓고 기본적인 예외처리라곤 하나도 안한 세계와의 상호작용이 심각할 정도다. 동료랑 차를 타고 가는 중에도 사람을 치고가도 차를 혈중알콜농도를 치사량으로 들이킨 김여사 수준의 운전을 해도 아무런 반응을 보이지 않고 스크립트에 주어진 대사만 주구장창 읊어대니 몰입이 될 리가 없다. 사이버펑크 시리즈마다 심지어 가장 최근에 나온 엣지러너에서도 동료과의 유대감, 컨셉 등이 잘 나와있음에도 불구하고 게임 본편에는 그딴 거 하나 없다. 전투도 유튜브에서 간지나게 편집하고 연출한 영상이 있어서 뽕차는 걸 기대한 사람도 있겠으나 그런 거 전혀 없다. 어떤 새끼들 싸우든 느낌이 아니라 그냥 똑같고 사이버 스켈레톤을 입고 온 중장병, 안드로이드, 드론 보통의 개체와 다른 적도 존재하나 그 차이가 날아다니냐? 좀 더 아프게 때리냐, 좀 더 단단하냐의 차이 정도라 의미가 없다. 좀 더 극단적으로 설명하자면 엣지러너에서 괴물같던 위상을 보여주고 사이버 스켈레톤, 제트기급 성능을 가진 임플란트를 장착한 반 사이버 사이코를 줫발라버린, 모든게 상위호환 등급의 임플란트로 풀 무장한 아담 스매셔는 딜도 몇번 휘두르면 암컷타락하는 밥새끼로 나오고 레지나 존스가 잡아오라고 시킨 사이버 사이코 새끼들도 다를 게 없다. 심지어 아담 스매셔는 자기 몸에 둘둘 채워놓은 임플란트 하나 사용할 줄 모르고 할 줄 아는 건 미사일 쏘고 튀고 미사일 쏘고 튀고 밖에 없는 병신개머저리새끼니 길거리 사이버사이코 새끼들이 상황이 더 낫다 싶을 정도이다. 이게 얼마나 같냐면 레벨 높은 길거리 양아치한테도 쩔쩔 매던 내가 아담 스매셔는 딜도로 어떠한 임플란트도 갖추지 않은 상태 초반에 빅터가 준 키로시 안구, 손에 덧칠한 철판떼기들고도 잡는다는게 얼마나 우스운 일인지 모를 거다 전투가 이지랄이니 전투를 도와주는 다른 요소도 박아놨다. 총기는 파워, 테크, 스마트로 구성되어있는데 파워는 도탄을 이용하여 지형지물을 이용한 전략적인 사격이 가능하고 테크는 벽을 관통하여 벽 너머의 적을 공격할 수 있으며 스마트는 탄이 적을 추적하여 공격한다. 진짜 실망을 안 할수가 없는 세팅이다. 종류도 저 안에서 권총 샷건 라이플 서브머신건,라이트 머신건 정도의 그마저도 새롭다고 생각한 건 프리시전 라이플 정도이고 신화라고 만들어놓은 무기들도 모드를 나눠서 사용할 수 있는 스키피, 공격 시 상대에게 돌진하는 박코 정도니 개성이라곤 찾아볼 수가 없다. 진짜 구라가 아니라 모든 총기를 다른 겜에서도 생각해볼법 만나봤을 법한 무기들이라 진부하기 짝이 없다. 전투를 보조하는 임플란트들도 사실상 산데비스탄을 제외하면 볼게 없는 수준이다. 사실 산데비스탄도 언럭키 더 월드 수준이라 엣지러너 뽕이 아니라면 안 써도 무방할 수준의 개성이지만 말이다. 그리고 다 떠나서 스토리 솔직히 스토리는 좋다 나쁘다를 평가하기도 애매한 수준이다. 누구는 좋아하고 누구는 싫어할 스토리라는 건데 쓰는 이는 싫어할 스토리이다. 사실 로망이 없다고 생각한 건 스토리 때문이다. 자기 동료도 죽고 시한부 인생 스타트라는 것도 같은데 왠 같은 양아치가 그 같음을 거들어주고 있으니 중간까지 와서 자기 목숨을 위협하는 양아치랑 돈독해지는 것도 작위적인데 이쯤되면 죽음에 의연해질 필요가 있는 주인공을 항상 죽음을 두려워 하니 찌질 해보일 수가 있다. 물론 죽음이란 건 현실적으로 생각하면 무섭다고 생각할 수 밖에 없는 개념이긴 한데 씨발 이건 게임이라고 그것도 주인공이 어디 주워먹은 개뼈따구가 아니라 어디 심연에서 기어나온 새끼도 능지처참 시키고도 남을 미친 반 사이버사이코 새끼란 말이다. 그럼 주인공을 좀 비범하게 만들어도 되었을 문제란 말이란 거다. 초반에 찌질하지만 점점 사건사고를 겪고 죽음에도 의연한 모습을 보여주는 시니컬한 주인공을 보여줘도 되었을텐데 마지막까지 가서 시한부 6개월 판정 받고 찌질거리다가 조니 실버핸드한테 화풀이 하는 모습이란 진짜 그 개고생해서도 시한부 못 벗어난 것보다 주인공이 개찌질거리는게 더 빡쳤다. 그런 새끼가 엔딩 가서는 뒤지지 못해서 안달난 새끼 마냥 달에 있는 카지노 털러가는게 웃길 노릇이지만 별 엔딩이 그나마 희망찬 엔딩이고 그동안 못 벗어날 것처럼 보이는 나이트시티에서 벗어나는 엔딩이라지만 솔직히 만족감을 주진 않는다고 생각한다. 이번년도에 팬텀 리버티라는 DLC로 새로운 스토리, 팩션, 엔딩으로 찾아온다는데 게이머에게 같은 현타를 주는 엔딩과 스토리, 도 안되는 상호작용 등등 많은 점이 고쳐져서 나왔으면 한다. 솔직한 평으로는 지금은 무난한 게임 수준이며 재미도 꽤 있었지만 유튜브 쇼츠 돌려보다 가끔마다 같은게 튀어나와서 기분을 잡치는 것 처럼 주변에 산재하여 같음을 선사하는 요소는 최대한 거둬냈으면 좋겠다. 특히 이번 DLC를 내면서 사후지원을 빵빵하게 해준다는데 이런 점을 다 고쳐 나왔으면 좋겠다. 십여년 전에 나온 폴아웃 3 만도 못한 상호작용은 제발 어떻게 고쳐줬으면 한다. 새로운 시스템으로 보안하면 더 좋고",4,73,False,Not Recommended,3561,1683180725
사이버펑크 2077,그만 팅겨 시1발년아,4,28,True,Recommended,2601,1681623083
사이버펑크 2077,"사이버펑크 2077에 관한걸 아무것도 모르는 사람들을 위해 쓰는 글입니다. 1 초회차는 절대로 아무런 사전정보 없이 엔딩까지 보시길 추천합니다. 모든 게임이 그렇겠지만 이야기의 시작과 끝, 심지어 그 과정까지 알고 시작하면 재미가 반감됩니다. 육성방법부터, 이야기의 흐름까지 자신의 선택으로 만들어 나가시길 추천합니다. 2 초회차에 굳이 모든 서브퀘를 클리어 안 하셔도 됩니다. 이 게임은 메인스토리 서브스토리까지 합쳐져 나름 플탐이 긴 게임입니다. 물론 초회차에 모든걸 클리어 하고 엔딩을 보실 수 있지만, 되도록 초회차는 메인위주, 2회차는 서브위주로 하시기를 추천드립니다. 이 부분은 개인의 선택이니까요. 3 이건 절대 중요한 버그 해결법입니다. 전 이거 떔에 강제로 2회차 했어요. 특정 퀘스트를 하다보면 분명 타고올라온 엘레베이터가 안 내려가거나, 혹은 물건을 배달해야하는데 배달이 안 되거나 하는 경우가 있는데 안 되는걸 확인하자마자 세이브하고 메인매뉴 갔다가 다시 로드해서 시작하면 정상작동합니다. 전 이걸 몰라서 메인스토리가 진행 안 되서 새 캐릭으로 다시 시작했습니다. 아직도 안 고쳐졌어요. 4 배경을 즐기세요. 플레이 시간이 적은 분들은 클리어를 위해 빠른 이동을 하시겠지만, 차 혹은 오토바이를 타고 도심을 달림과 동시에 라디오를 들으면서 주변을 구경하는 재미가 쏠쏠합니다. 5 가능한 대사, 습득템의 설명은 스킵을 자제해 주세요. 주인공과 NPC들관의 대사 하나하나에 제작사가 꽤나 신경을 많이 썼습니다. 자세한 말은 안 하겠지만 여유를 가지고 하나하나 보고 읽다 보시면 세계관과 스토리 이해에 엄청난 도움을 줍니다. 6 이 게임은 갓 겜이 아닙니다. 마음을 내려놓고 하세요. 기대가 높으면 실망도 커진다고 하죠. 제가 플레이 해본 결과로는 수작은 맞지만 갓겜은 아니라고 생각합니다. 물론 앞으로의 행보에 따라 갓겜이 될 수도 있겠죠.",4,114,True,Recommended,13086,1680197204
사이버펑크 2077,엣지러너 뽕에 취해서 사지 마라 이거 아직도 망겜임,4,68,False,Not Recommended,2854,1674557887
사이버펑크 2077,아직은 잔 버그가 많지만 이정도면 많이 괜찮아짐 꼭 여캐한번 남캐한번해서 주드랑 팬앰이랑 친하게 지내기를,4,29,True,Recommended,4253,1646238406
사이버펑크 2077,이새긴 진짜 2077년에 해야함 1.5 패치하면서 고친게 많다면서 그대로인새끼,4,17,False,Not Recommended,1244,1646181957
사이버펑크 2077,내 친구가 결국 이 게임을 사버렸다. 너무나 놀란 나머지 나는 친구에게 환불을 하라며 말렸다. 친구는 내가 출시 초기에 보았던 버그를 1.6시간 동안 플레이하며 보았다. 하지만 친구는 환불을 하지 않고 버그가 고쳐지길 기다리고 있다. 친구를 말리지 못한 나에게 너무나도 큰 죄책감이 몰려든다.. 물론 그것은 내가 정할 것이 아니라는 걸 알고 있지만.. 이게임은... 정말 이게임은.. 그래도 된다고 생각한다 친구를 말리지 못한 내가 너무 밉다.. 내가 좀 더 빨리 말렸으면 친구는 이 게임을 환불 했을까?...하며 내 자신에게 한탄한다,4,4,False,Not Recommended,400,1645452002
사이버펑크 2077,사지마펑펑 2077,4,3,False,Not Recommended,32659,1640248896
사이버펑크 2077,아직도 버그가 많습니까?,4,114,True,Recommended,303,1638144825
사이버펑크 2077,한시간 동안 적어도 두세번 정도 재시작이나 세이브 로드를 함으로써 버그를 해결해야하는 게임,4,24,True,Recommended,10754,1637785032
사이버펑크 2077,일부러 다양하게 키워보고싶어서 자살루트하고 완전 루트 새로 해볼려고했는데 게임이 망해있음,4,1,True,Recommended,5968,1627008637
사이버펑크 2077,이 게임을 샀던 나는 V가 아니다. 브이융신이다. 근데 환불 받아서 추천,4,3,True,Recommended,171,1625540178
사이버펑크 2077,"h1 b 버그만 참으면 할만한 스토리 게임 사이버펑크 2077 b h1 h1 b 난이도 b h1 손이 있다면 깬다 순한맛 적의 AI자체가 하자가 있어서 난이도 설정에 관계없이 허술합니다 평범 다소 어려움 매운맛 다크소울급 기타 h1 b 컨텐츠,자유도 b h1 풍족함 적당함 부족함 기타 모드,창작마당 지원 여부 url 모드사이트에서 각종 모드가 공유되고 있습니다 기타 h1 b 버그 b h1 없다고 생각할 정도 약간 있으나 플레이에 지장 없음 각종 버그가 계속 목격됨, 큰 지장은 없음 큰 지장을 줄 정도로 심각함 미션을 클리어해도 완료 연락이 안온다거나 필수 오브젝트가 없어지는 등의 치명적 버그 발생 가능 ARK Survival Evolved 기타 h1 b 그래픽 b h1 유사 현실 사진 촬영감 우수함 보통 어딘가 부족함 DOS 기타 h1 b 최적화 b h1 90년대 수년된 PC로도 가능 매우 쾌적하게 가능 평범한 가정용 세팅도 무리 없음 어느정도 고사양 PC 필요 초고사양 PC 필요 NASA h1 b 사운드 b h1 우수함 보통 부족함 매우 부족함 기타 사운드트랙 판매처 있음 h1 b 스토리 b h1 매우 우수함 우수함 보통 어딘가 부족함 사이버펑크2020과의 연계 부족, 재키,조니와의 관계에 공감 할 배경 부족 등등 스토리 상의 여러 곳에서 크고작은 구멍이 있습니다 매우 부족함 스토리는 있으나 게임에 관여 X 스토리가 아예 없음 h1 b 공식 한글화 b h1 지원 자막, 음성 한국어화 지원 미지원 h1 b 가격 b h1 원가로도 가능 가급적이면 세일할 때 반드시 세일할 때 무료 게임 비싸게 주고 사는 듯한 게임 살 돈으로 밥이나 한끼 기타 h1 b DLC b h1 전부 구매해도 무방한 퀄리티 필수적 DLC 있음 없어도 충분하나 유용,매력적인 DLC 있음 딱히 필요하지 않다, 없어도 충분 DLC가 없다 EA h1 b 결론 b h1 평가가 거의 극단적으로 갈리지만 그렇게 망작도 대작도 아니지만 b 평작 수작 b 이라고는 볼 수 있습니다 GTA처럼 자유롭게 플레이하면 할게 없지만 영화처럼 스토리를 따라가는 선에서는 게임을 깰 때까지는 그럭저럭 재밌게 플레이할 수는 있습니다 그동안에 때때로 터지는 버그는 덤 물론 그 이후로 자유롭게 플레이할 때에는 딱히 즐길 것도 할 것도 없습니다 사려거든 세일 할 때 삽시다, 아니면 사지 말고 치킨이라도 드시죠",4,64,True,Recommended,12899,1625020638
사이버펑크 2077,"하다보니 좀 많이했는데...버그에 많이 시달린 편도 아니고 애초에 제가 버그를 크게 신경쓰는 사람이 아니라 재밌게 했네요. 게임이 뭐 걷다가 갑자기 옆 시민이 사라진다던지 차가 날아간다던지 엔피시가 벽을 뚫고 튀어나와서 몰입을 방해하거나 컷씬이 검은색이 돼서 목소리와 자막만 나온다던가 그런식의 버그가 수시로 날리가 없잖아요? 시민들한테 총구 들이밀면 벌벌 떨기만 한다던지, 차로 길 막으면 돌아가는 방법도 몰라서 수십미터넘게 차가 쌓일리도 없고요. 그런 게임이 정식 출시를 했을리도 없지 않을까요? ...어라?",4,2,True,Recommended,10376,1624808018
사이버펑크 2077,문제 투성이인데 해킹 핑계로 아직도 업데이트를 안하고 있다니 다시는 이 제작사 게임을 안 살 것이다. 사기꾼들,4,56,False,Not Recommended,2694,1615783641
사이버펑크 2077,나는 원래 컴퓨터를 사용한하던 사람임 공인인증서때문에 노트북한대 가끔 켜는거 빼고는 엑박으로 가끔 게임하는정도. 어느날 유튜브에서 사이버펑크 홍보영상을 보고 오직 이게임만큼은 최고사양으로 돌려야되며 그것이 세계관을 창조한 개발사들의 예의라는 망상에까지 사로잡힘. 결국 출시전에 컴퓨터와 오디세이g7모니터에 마우스도 안쓰던 사람이 레이저 게이밍 마우스에 헤드셋까지 구입함. 컴퓨터는 3090에 900k인가뭔가 하여간 램까지 추가해서 본체만 430인가 주고 최고비싼거 샀음. 출시날 스팀 사이버펑크 페이지 켜놓고 나도모르게 흐뭇함까지 느낌. 게임을 다운받고 오프닝보고 셀프오르가즘까지 느끼고 본게임 시작했는데 뭔가 아주 엿됬다는 제3의 감각이 느껴졌음. 그간 엑박x로 하던 게임들의 그느낌보다도 망겜인 느낌? 애써 이 모든 감각이 제작자가 설계하고 의도한거라고 스스로를 달래며 게임했는데 그냥 하기가 싫어지고 이게임 하다가 끄고난뒤 게임자체에 흥미를 잃어버림. 3090그래픽카드달린 컴퓨터 배틀넷 스타리마스터 컴퓨터랑 1 1 한판 가끔함. 그래도 성능이 아쉬워 어거지로 컴퓨터를 켜고 게임해보려 스팀 상점만 쳐다보고 있음. 이 제작사가 가장 악질적인 부분이 과대포장을 했다는 점에 있음.,4,5,False,Not Recommended,1153,1613216769
사이버펑크 2077,"삼촌이 강성돔 잡았다고 집으로 초대해서, 입에 침고이며 회 떠먹을 생각에 방문했는데, 형수님이 끓인 강성돔 매운탕을 맞이한 느낌.. 뒤에 말도 못 꺼내며 쭈뼛거리는 삼촌을 보며, 웃으며 삼킨 강성돔 매운탕이 은근히 맛있어서 놀란 느낌, 다 먹고 나와서 삼촌과 얘기 나눌때 언젠가, 다시 강성돔 잡아서 우리끼리 회 떠먹자고 다짐하는 느낌. 언젠가는 회로 먹을 강성돔을 기대하면 될, 딱 그 느낌. 시발 그나저나 아까 먹은 강성돔 매운탕 맛있긴 하다.. 또 먹고 싶다 이 느낌 시발련들아..",4,2,True,Recommended,24213,1609596011
사이버펑크 2077,2077년에는 오토바이를 서서 타도 균형을 유지하는 모습을 보면 기술력과 체력이 매우 뛰어난듯,4,3,True,Recommended,1339,1608983670
사이버펑크 2077,압긍 이길래 다시 했다 여전히 개 돼지를 위한 게임,4,1,False,Not Recommended,794,1607845653
사이버펑크 2077,병신,4,11,False,Not Recommended,835,1607597749
사이버펑크 2077,2060 기준 찰흙그래픽 계속나옴 아이클레이 하려고 산게 아닌데,4,4,False,Not Recommended,1168,1607592654
사이버펑크 2077,"제가 살다 살다 오픈월드에서 거유, 거근 MTF트랜스젠더로 게임을 하게 될 줄은 몰랐습니다. 위쳐 3에서도 몇몇 NPC들과의 쨲쓰신을 보여준 경험이 있는 CDPR인 만큼 너무 기대됩니다. 저는 이제 재키 웰즈의 엉덩이를 따러 갑니다.",4,11,True,Recommended,5827,1607590499
사이버펑크 2077,"문제점 1. 버그 좆나 많음 2. 2070으로도 RTX 중옵에서 3 50 왔다갔다함 상옵 권장이 1060이라며 CDPR 시123발련들아 3. 인벤토리가 무슨 키인지 정도는 알려줘야할거 아님? 키보드 옵션에도 안나오고 내가 키보드 하나하나 눌러서 M이 맵이고 I가 메뉴인걸 찾아야함? 4. 옷을 벗었는데도 시야를 아래로 내리면 옷을 제대로 입고있음. 5. 옷 벗고 사진모드 들어가면 없던 팬티가 뿅하고 나타남. 6. 커스터마이징은 차라리 세인츠로우가 더 다채롭지 않았을까 싶음. 7. 자유도는 GTA 뺨 칠 정도임. 아무것도 안했는데 NPC가 갑자기 지랄발광하더니 도망감. 8. M키 눌러서 지도 보자마자 숨이 턱 막힘. 윾비가 준 똥냄새가 올라옴 9. UI를 비롯해서 세계관 설정이나 아이템 설명같은 거 보면 현기증 나옴. 나름 디테일하게 만들었다고 어필하고싶은거같은데, 정신사납기만 함. 10. 월드 NPC한테 말 걸면 나오는 대사 자막이 너무 작음. 칭찬할 점. 1. 프레임을 떠나서 그래도 그래픽은 좋다. 2. 유저에게 어필하는 부분들이 좋음. 사진모드에서 세일러문, 죠죠포즈, YOU ARE BREATHTAKING, 조커포즈 같은거 할 수 있게 해준거. 자잘한 부분인데 좋았음. 3. 번역도 잘 되어있음. 4. 모션이나 타격감같은것도 유출된 것으로 봤을때보다는 많이 나은 상태였음. 현재까지는 일단 데이 제로인지 데이 원인지 패치는 모르겠고 데이 투 패치가 시급함. 그때까지는 그냥 접어놓고 다른 똥겜이나 하고있어야할 거 같음.",4,22,False,Not Recommended,169,1607578205
사이버펑크 2077,솔직히 풀아웃보다 더 뛰어난 자유도를 보고싶은 사람들에겐 이게임을 비추천함 초반 미션부터 자유도따위를 바라는건 너무하다고 생각할수있지만 깝치는놈 차로 밀어버릴려했더니 그대로 관통함 그리고 게임 물리엔진이 안정적이지 않음 단체로 T자세를 하거나 갑자기 하늘에서 귀신이 보이거나 테이블을 관통해서 서있거나 그럼 내가 꼬마아이들을 차로 밀생각은 안했는데 차를 탈때는 아이들이 사라짐 다시 내리면 생기지만 모습이랑 외형이 바뀜 초반 아이템표시가 뜨는곳에 가서 아이템을 먹고싶은데 종이같은건 안먹어짐 등등 이런것들로 인해 게임에 몰입이 잘안됨 이게임 구매의혹이 있으시면 다른 유튜브 게임플레이 영상은 한번 보시는게 좋을거라고 생각함 호불호가 심하게 갈림 연기날짜 치고 퀄리티가 아쉽긴하지만 그래픽이 좋아서 그럭저럭 하고있음 이 게임평가는 엔딩을 보고 다시 수정될수도있음 일단 비추천,4,25,False,Not Recommended,1018,1607571140
사이버펑크 2077,재미있고 그래픽은 말할것도 없음 근데 존나 불친절함 시발 공짜뭐받아가라고 말해놓고 어떡하지? 어떡하지? 이러고 있다가 찾아보니 문신해가라는 뜻이고 그냥 존나 불친절함 그래도 이만한게 없다 그래픽 쵝오,3,9,True,Recommended,5412,1753024462
사이버펑크 2077,출시 초기에 했을때 건물 텍스쳐랑 시민들 옷이 깨지고 광과민성 지렸는데 난 그게 주인공이 눈을 다쳐서 그렇게 보이는 연출인 줄 알았음 근데 시발 버그 였노 그러고 3년 동안 안했는데 지금은 꽤 할만 해진듯,3,0,True,Recommended,178,1734405459
사이버펑크 2077,애니메이션의 흥행과 물 들어올 때 노 젓는 느낌으로 낸 팬텀 리버티의 무단 독재 구역 도그 타운 설정이 유니크해서 엄청 고평가 받은 걸로도 모자라 이미지 세탁까지 한방에 끝마쳤지만 여전히 구조적으로 결함 투성이 게임임. CDPR 십년들아 약속했던 컨텐츠 사후 지원으로 다 구현 못할거면 줫 같은 패치라도 멈춰라 좀. 모더들이 애정 남아있을 때 고치게!,3,6,False,Not Recommended,5032,1715777955
사이버펑크 2077,씨발 이 제일 찰진 게임.,3,27,True,Recommended,8259,1711350363
사이버펑크 2077,내 인생 최고의 선택 두가지는 싸펑을 하기 위해 3070을 샀던 것과 그 싸펑을 이제서야 해본 것이다.,3,24,True,Recommended,5534,1705208649
사이버펑크 2077,디엘시 나온다고 할인을 10 깎는건또 뭐지,3,65,False,Not Recommended,854,1695340379
사이버펑크 2077,애니보고나서 구매한 케이스. 애니가 좋았다.,3,27,True,Recommended,4215,1692479730
사이버펑크 2077,게임 시작 안되는거 빼곤 재밌어요,3,1,True,Recommended,278,1682071878
사이버펑크 2077,처음 나왔을땐 평가가 나락이였지만 그땐 안해봐서 모르겠고 컴터 업그레이드 하고 엔딩까지 다했네요 스토리가 상당히 좋고 더빙이 너무 잘되있는게 많네요 특히 빵빵 씨발새끼야!!,3,14,True,Recommended,3661,1681480772
사이버펑크 2077,사펑에는 낭만이 있다..,3,1,True,Recommended,8848,1675358550
사이버펑크 2077,"존 재밌다! 이제 알아봐서 미안하다. 사이버 펑크! 내가 고3이었던 2019년, 그 해 말에 사이버펑크가 출시한다는 소식을 접하고 공부 뒤지게 하다가 수능 딱 끝나면 정가주고 구매해서 출시하자마자 플레이 할 계획을 가지고있었다. 수능이 끝나고 사이버 펑크를 검색해보니 출시 연기는 물론이었고, 한참 뒤 출시하고나서 유튜브에는 시이벌펑크를 까는 영상들로 가득했다. 나 역시도 실망감을 감추지 못했고, 결국 구매는 다음으로 미루었다. 그렇게 내 기억속에서 시이벌펑크는 잊혀져갔다. 3년 뒤인 2022년, 내가 공군 입대해서 개꿀빨다가 상병을 달았을 때 쯤 넷플릭스에서 사이버펑크 엣지러너 라는 포스터를 발견하고 이건 뭐지 싶었지만 잊고있던 시이벌펑크 생각이 나서 주변의 추천이나 유튜브 추천 영상도 보지 않고 바로 시청을 시작했었다. 단 며칠만에 다봤다. 너무 재미있었고, 너무 큰 여운이 남아서 2022년 연말에 휴가를 나왔을 때 할인하길래 바로 질렀다. 사놓고 한 번 시작하면 끝을 보기 전에는 게임을 접지 않는 특징을 가진 나는 그냥 전역하고 게임을 할 생각이었다. 그렇게 2023년이 되고 휴가 복귀 이틀 전, 갑자기 코로롱에 걸려버렸고, 집에서 또 개꿀빨던 나는 길어진 휴가가 지루해져서 시이벌펑크에 손을 대버렸다. 그렇게 시작된 것이다. 그리고 단 이틀만에 엔딩을 봤다. 이 게임이 재미있는 이유 1. 스토리가 흥미진진하다. 나는 보통 게임 스토리를 무조건 SKIP 하는 스타일인데 시이벌펑크는 달랐다! 스토리가 재미있기도하고 내 선택에 따라 달라지는 엔딩을 생각하니 손가락이 떨려서 대화 하나에도 신중해졌다. 2. 총기의 타격감이 생각보다 좋다. 권총이나 샷건을 쏠 때의 그 타격감은 타 FPS 게임 그 이상이었다. 총알 한발 두발 박힐 때의 그 쾌감을 잊을 수 없다! 3. 산데비스탄을 직접 사용할 수 있다. 엣지러너랑 똑같이 사용할수는 없지만 그래도 산데비스탄 키고 적을 줘패는 맛 하나는 끝내준다. 가끔 E 잘못 눌러서 끝날때까지 슬로우 모션이 되어버리는 경우엔 좀 난감하긴 하다. 4. 근접 무기가 엄청나다. 카타나로 적의 머리를 썰어보았는가? 레포데2 에서 좀비의 대가리를 썰던 그 느낌과는 차원이 다르다. 촥촥 소리와 함께 쓱 베어지는 그들의 머리를 보고있으니 키야 소리가 절로 나온다! 게다가 멘티스 블레이드를 사용하면 신나게 돌진해서 갈기갈기 찢어버리는 것도 흥미롭다. 루시의 무기도 사용이 가능한데, 이 또한 엄청난 데미지와 광범위한 공격을 사용하는 나를 보면 마치 채찍 마스터가 된 느낌이다. 이 게임의 단점 1. 아직도 고쳐지지 않은 버그가 꽤 존재한다. 똑같은 대화를 세 네번 반복해서 한다든지, 적이 자동차 같은 물체와 합쳐져서 때려지지 않는다든지, 차량 이동 중 갑자기 날아간다든지 등등. 그래도 이 버그들이 게임 플레이에 크게 영향을 주진 않았다. 약간 거슬릴 뿐 2. 모션이 적다. 근접 무기를 사용해서 강한 공격을 하게 되면 적을 죽일 때 특정 모션을 취해 죽이게 되어있는데 이게 딱 두가지 뿐인게 좀 아쉽다. 머리를 썰거나, 명치 부분을 찔러 죽이는 것 두가지. 그래도 카타나로 적을 써는 맛을 한 번 느껴본다면 이또한 크게 영향을 주지 않는다는 것을 깨달을 수 있다. 3. 구매 가능한 이동수단이 적다. GTA5 처럼 다양한 이동수단을 기대했으나 생각보다 이동수단이 다양하지 않다는 점에서 조금 아쉬웠다. 4. 2077년이 배경이다? 시이벌펑크 2077이니 당연히 2077년, 미래 지향적인 게임 플레이를 생각하는게 당연한게 아닌가 싶을테다. 나도 2077년도를 기대하며 플레이했으나, 기대한 것보다 미래 지향적인 이동수단이나 무기가 딱히 없었다. 사이버웨어를 제외하면 미래라고 칭할 수 있는 것들이 딱히 없다고 느꼈다. 따라서 미래의 사회는 어떤 느낌일지 탐색을 위한 목적으로 구매할 생각이라면 추천하지 않는다. 그래서 총평은? 할인하면 무조건 구매해라!",3,31,True,Recommended,3653,1673371944
사이버펑크 2077,"예약 구매를 했고 위쳐를 아주 만족하였기 때문에 CDPR을 믿었다. 위쳐를 하기 거의 10 년전 봤던 사펑의 첫 트레일러 또한 CDPR이라는 곳이 뭔가 대단한걸 만들고 있구나 싶었다. 온갖 게임들이 PC에 절여져서 사상을 담기 위한 프로파간다가 되던 중 개발되던 게임이었기에 마케팅으로 대표되던 온갖 설레발을 진심으로 믿었다. 물론 까고 보니 대환장 사기극이나 다름없는 컨텐츠와 버그들이 예약 구매자들을 분노케 하였다. 나도 좀 빡쳤다. 그러나 사펑은 사기친 것들을 떄놓고 보아도 사운드와 배경만큼은 도저히 뿌리칠 수 없는 매력을 가지고 있었기에 환불하지 않았다. 물론 사펑 망겜 아니냐는 물음에 반박할 수가 없었다. 다만 개인적으론 사기친 것을 빼고 본다면 명작은 아니더라도 수작은 될 것 같다고 생각했다. 그 후 사펑을 잊고 살던 중 엣지러너가 산데비스탄 붐을 일으켰고 나도 그 소식을 듣고 나이트 시티에 다시 돌아왔다. 버그들은 이제 좀 숨좀 쉴 수 있도록 많이 개선되었고, 엣지러너의 흔적을 담은 업데이트는 다시금 애니를 떠올리게 해줬다... 발매 전 컨텐츠 거품을 크게 부풀려 사기 친 것에 낙담하고 사실상 방치해뒀으나 이제 평가도 좋아지고 DLC 또한 제작중에 있으니 예전에는 고려조차 못했을 게임 추천의 예 버튼을 누를 수 있게 된 것 같다.",3,53,True,Recommended,2569,1670773145
사이버펑크 2077,소개 받은 여자 프사가 이뻐서 나갔더니 뒤틀린구울이 나온느낌 사기치지마라 뒤진다,3,2,False,Not Recommended,4020,1654908249
사이버펑크 2077,할만은 한데 아직 멀었다.....,3,25,True,Recommended,6201,1646225505
사이버펑크 2077,h1 세일하길래 샀는데 그 가격값은 했다! h1 b 단점 b 1. 마지막 체크포인트로 불러와도 이전에 발생한 어그로가 초기화 되지 않음 2. 차량부르기로 부른 차가 가끔 나를 치고 지나감 3. 엘레베이터에서 벽에 붙으면 가끔 즉사당함 4. 특성포인트의 한계가 있다는 점이 명확하게 표시되지 않았는데 특성을 초기화 할 방법이 없음 5. 아줌마 아저씨 전 당신과 하룻밤을 지내고 싶지 으아아아악 6. 레벨작이 쉬운 특전 ex. 인술 과 레벨작이 어려운 특전 ex. 운동신경 의 차이가 너무 심함 7. 의자에 앉아있는 상태로 돌아다니거나 T형태로 돌아다니는 물리엔진 버그들 아직도 존재함 8. 차에 타고 있는 이벤트 중에 차가 폭발하거나 NPC차들이 박치기 하더니 겹쳐서 날아가는 버그 존재함 근데 신기하게 이벤트는 정상 작동함 9. 탑승물로는 밀리는 구조물이 플레이어 캐릭터로는 밀리지 않아서 들어는 가지는데 나올수는 없게되는 경우가 있음. 10. 탄약 제작은 한번에 수만발이 되지만 용량을 초과한 탄은 사라짐 등등 지금 생각나는거만 적어도 많은 버그가 있고 아쉬운 점이 많지만 나름 재미있게 즐겼습니다. 다음 차기작이 나오면 세일 할 때까지 기다렸다가 사서 해볼게요!,3,12,True,Recommended,4302,1646041514
사이버펑크 2077,너에게 고마운건 단 한가지 3070을 67에 사게 만들었다는것이다,3,0,True,Recommended,7959,1644899650
사이버펑크 2077,마케팅을 잘못했다. 너무 기대를 하게 만든 게임. 사전 공개정보에 비해 부실한 느낌을 지울 수가 없다. 그리고 계속되는 버그. 그럼에도 불구하고 꽤 잘만든 수작 매력있는 캐릭터들에 기똥차게 잘 만든 설정. 싸이버펑크 장르를 좋아하는 사람이라면 충분히 만족할듯. 예구까지 한 나는 호구지만 반값 언저리로 나온다면 할만 하다.,3,80,True,Recommended,23715,1644859696
사이버펑크 2077,개좆씨발뒤질애미도없는병신만도못한개좆빨이새끼들이만든좆쓰래기겜 퀘스트해야되는데 뭔 씨발 별 좆도아닌새끼가 힘내라고 응원하는 스크립트떄문에 메인 npc클릭이 안되서 퀘스트를 못하는데 이게 씨빨 사람새끼가만든건가 싶다 아프리카에 널린 고릴라새끼들 세마리정도 잡아다가 일주일만 코딩교육시켜도 이딴 병신좆씨발겜보다 수천배는 게임다운 게임 나옴,3,2,False,Not Recommended,1996,1639565283
사이버펑크 2077,퀘좀깨자 시발람들아,3,1,False,Not Recommended,5186,1639230363
사이버펑크 2077,스팀 과제용 추천,3,10,True,Recommended,574,1637989166
사이버펑크 2077,메인퀘는 방문수령 미션 전까지만 깨고 돌아다니면서 엌 사람을 죽였는데 돈을주네 개꿀 이러고 처음 맵에서만 16시간을 파밍만 했더니 재키가 증발해있음.. 자기가 아끼던 오토바이만 남겨두고... 아니 전화로 늙어 죽기 전에는 오냐? 이러길래 난 그게 농담인 줄 알았지...,3,0,False,Not Recommended,7489,1628659592
사이버펑크 2077,버그 줄어드니까 어째 더 재미없네... 50퍼 이상 할인 들어가면 사세요,3,26,True,Recommended,25041,1623451904
사이버펑크 2077,윈도우8 사망,3,2,False,Not Recommended,3258,1619632060
사이버펑크 2077,씨 이 벌 펑 크,3,1,False,Not Recommended,13804,1619365463
사이버펑크 2077,덕분에 글카3080 100에 샀다 고맙다잉,3,5,True,Recommended,3243,1617695544
사이버펑크 2077,환불해줘잉..별로안했서,3,0,False,Not Recommended,24697,1615053661
사이버펑크 2077,"아직 엔딩도 못 보고 적당히 하다가 묻어둔 게임 이 게임은 얼리억세스 입니다. 지금 당장 플레이를 하시겠다면 말리진 않겠습니다만, 아직 하실 게임이 밀려 있다면 다른 것 부터 플레이 하시길 권장합니다.",3,13,True,Recommended,3310,1614175646
사이버펑크 2077,씨 이발 펑크게임 씨 이이발 좆같아서 2021 스팀어워드 내가못하는게임 추천함 씨발,3,4,False,Not Recommended,4643,1613154076
사이버펑크 2077,환불 받았어야 했는데 찌찌 더 볼려다 타이밍 놓침 시부래,3,1,False,Not Recommended,9085,1612937717
사이버펑크 2077,내가알던 CDPR은 죽었다,3,21,False,Not Recommended,4885,1612244859
사이버펑크 2077,GOTY Gag Of The Year,3,1,True,Recommended,925,1611532609
사이버펑크 2077,24.1.22 미친듯이 튕긴다. 이유를 모르겠음. 윈11이 문제인가? 나만 그런건지 모르겠지만 꽤 많은 사람들이 튕긴다고하는데 별다른 패치가 없어서 짜증난다.,3,21,True,Recommended,4040,1611365250
사이버펑크 2077,Tlqkf 1회차 메인스토리 진행안되서 2회차로 겨우 엔딩봄 게임은 재밌는데 버그가 다망쳐놓는다 미완성겜은 질렷어 이제 그래도 나름 붙잡고 할만한가치는있엇다,3,6,True,Recommended,10854,1609654724
사이버펑크 2077,"h1 단 20시간만에 겪은 수많은 버그들 h1 CDPR의 명성은 익히 알고있기에 기대하고 구매, 즐겼으나 즐기기도 전에 터져나오는 버그들, 그리고 유저들이 원하는 부분에서의 자유도가 심히 낮은것을 알 수 있다. 머리좀 자르고싶고 턱수염좀 다듬고싶은데 미래 세계엔 미용실조차 없는 것인가? 자극적인 요소만 부각시킨것을 느낄 수 있고 소소한 재미에는 전혀 신경쓰지 않은 것을 알 수 있다. 장르가 GTA나 폴아웃과 비교되는건 어쩔 수 없고 그 작품들에 비해 자유도가 상당히 제한적이라는것은 모두가 인정하는 사실일 것이고 제작사도 그것을 느끼고 있을 것이다. 한마디로 만들다가 급하게 내놓은 느낌이 심각하게 드는 게임. 게임 기획자라면 충분히 생각 할 수 있는 요소들은 다 빠져있는 나사 하나 풀린 게임이다. 하지만 스토리 자체는 괜찮고 메인퀘스트만 진행한다면 딱히 흠잡을 곳은 없다. 다만, 사펑을 기다린 유저들은 스토리만 따라가는 게임이 아닌 나이트 시티 속의 내가 할 수 있는 모든것을 누릴 수 있는 자유도가 높은 게임을 원했기에 평가가 안좋을 뿐이다.",3,56,True,Recommended,2424,1609607127
사이버펑크 2077,델라메인이랑 러브라인도 만들어줘,3,2,True,Recommended,16489,1608577133
사이버펑크 2077,재밌긴한데 완성도가 발목을 잡네 3인칭 마렵게 하는 게임,3,22,True,Recommended,1302,1608564195
사이버펑크 2077,8년동안 만든 얼리억세스. 폴란드 변기 청소부들이 증말 대단하구만. 할 게임이 없어서 계속 하고 있다만 후속지원으로 나아질 수 있을지나 모르겠다.,3,9,True,Recommended,8397,1608464893
사이버펑크 2077,"h1 사이버펑크 2077 후기 h1 CDPR이 광고한 것에 비해 기대이하로 떨어지는 실망스러운 오픈월드 게임입니다. 현재 상태로는 2013년에 출시한 GTA5가 훨씬 우수합니다. 기본적인 최적화문제와 버그를 잡고 좀더 다듬어서 게임플레이가 매끄럽게 돌아가도록 만들어서 출시 했어야 했습니다. 버그가 아예 없고 정상적으로 출시 했어도 게임 시스템 내의 문제가 많다고 봅니다. PC판으로 플레이하며 직접 목격하고 느꼈던 점을 솔직하게 말씀드리겠습니다. 제가 플레이 했던 다른 오픈월드 게임들과 비교하며 우선 단점들을 먼저 짚고 가겠습니다. 출시전만 해도 많은 잠재력과 다양한 선택지가 있을 줄 알았지만 많은 양이 잘려나간 듯한 느낌을 받았습니다. 스토리에 관한 스포일러는 없습니다. b b 1. NPC들의 AI가 수준이하로 멍청합니다. 그 옛날 GTA 산안드레스에서 조차 자신의 차량으로 NPC 차량을 길막하면 경적을 울리며 화를 내며 우회해서 돌아갔습니다. 사펑에선 그런게 없습니다. 퀘스트를 위해 잠시 정차해놓은 저의 차량뒤로 수많은 줄행렬이 영원히 저의 차가 빠지길 기다려줍니다. 2077년엔 인내심을 극도로 올려주는 사이버웨어가 개발되었나 봅니다. 총질을 해도 모두 수구리고 앉아 쫄아있기 바쁩니다. GTA나 레드데드리뎀션에선 누군가는 맞서 싸우거나 경찰에 신고를 하거나 도망가거나 하는등 다양한 반응을 가진 NPC들이 존재했습니다. 그런데 사펑은 도망가기 or 앉아서 쫄아있기 밖에 없습니다. 중립적이거나 적대적 NPC나 저에게 사격을 하지 길거리 시민들은 모두 하나같이 착하고 바보같습니다. 고속도로에서 총을 갈겼는데 모두 다같이 정확한 시간에 차문을 열고 일렬로 나와 수구리고 앉아있는걸 보니 라라랜드인줄 알았습니다. 그토록 선전하던 NPC와의 상호작용이 매우 부실합니다. 천명이 넘는 NPC들이 독특한 일상을 보낼것이라 말했는데 전부 일정한 방향으로 걸어다니거나 길거리에서 어슬렁 대는게 끝이였습니다. 말을 걸어도 쌍욕을 박거나 인사해주는게 끝이며 제갈길 가기 바쁩니다. 뒤쪽에서 말을 걸어도 돌아보며 서서 말을 하거나 하는등의 디테일이 부족합니다. 부패한 경찰들이 있다고 하는데 경찰들에게 말거는 상호작용 조차 뜨지가 않습니다. 심지어 길에 경찰차를 대고 2명이서 대기하는 인원이 있는곳에 가서 경찰차를 훔쳐타도 아무런 제지없이 가만히 정면만 주시하고 있었습니다. 일반 시민이 자신들의 경찰차를 훔쳐타도 눈 감아주는게 그들이 말한 부패한 경찰이였나 봅니다. 현상수배가 되면 경찰들도 어디선가 출동하는게 아니라 제 바로 앞에서 실시간으로 스폰됩니다. 2. 인벤토리나 맵 유저 인터페이스 UI 가 매우 불편하게 설계되어 있습니다. 아이템을 제작하면 내가 현재 몇개를 제작했는지, 수량이 얼마나 남아있는지 실시간으로 확인을 할 수가 없어 일일이 인벤토리로 가서 확인을 해야 합니다. 총알같은 경우는 한번에 여러개 제작 버튼 조차 없어 일일이 한번씩 제작하기를 눌러줘야 합니다.심지어 아이템을 제작했을 때 나오는 사운드조차 없습니다. 수류탄 같은 투척물의 종류가 꽤 있는데 전투 상황마다 인벤토리로 가서 수류탄 종류를 바꿔줘야 해서 전투의 흐름을 끊기게 만듭니다. 교전 중에 수류탄 카테고릭 클릭 사용할 수류탄 클릭 ESC로 인벤토리 끄기를 하면 상당히 귀찮습니다. 그냥 하나만 써야 합니다. 인벤토리는 조잡하고 총기 제작시스템은 왜 있는지 의구심이 듭니다. 총기를 제작하여 얻을 수 있는 이득이 전설 종류를 제외하면 거의 없다고 봅니다. 어차피 맵에서 드랍되는 다른 좋은 총기를 먹으면 끝입니다. 맵을 스크롤 할때도 왼쪽의 아이콘 설명 범례와 맵의 축소확대가 동시에 이루어져 현재 보고 있는 맵에서 이것이 무슨 아이콘을 의미하는지만 확인하고 싶어 스크롤을 내리면 맵도 함께 축소되는 문제가 있습니다. 그리고 빠른이동 포인트를 확인하고 싶어 맵을 드래그 하는 도중에 다른 빠른이동 포인트를 실수를 클릭해버리면 아무런 메시지 없이 바로 그 곳으로 빠른이동 해버립니다. 어쌔신크리드는 동기화 포인트에 빠른이동 아이콘을 5초간 누르고 있으면 빠른이동 되기 때문에 실수로 다른곳에 빠른이동을 할 일이 없습니다. 3. 외모, 총기, 차량 커스터마이징이 부실합니다. 이 게임에는 성형외과나 미용실이 존재하지 않습니다. 그러므로 처음에 생성한 그 캐릭터로 엔딩까지 달려야합니다. 성기 커스터마이징은 자극적인 마케팅에 불과했습니다. 성별과 성기 커마가 게임내에 미치는 영향은 단 하나도 없습니다. 외모에 따라 NPC간의 상호작용도 변한다 하는데 외모가 달라도 다 똑같은 대사를 치고 별 다를게 없습니다. 다양한 총기 종류가 있는데 총도 스코프나 소음기 같은 부착물을 장착하냐 마냐 차이 밖에 없습니다. 업그레이드는 총기 외형이 바뀌지 않고 데미지의 작은 수치변화만 있을 뿐입니다. 차량 커스터마이징은 아예 존재하지가 않습니다. 그냥 차량을 구입해서 그 차량에 만족하고 타고 다녀야합니다. 차도둑 게임인 GTA랑 비교하기는 너무하긴 하지만 아무리 그래도 이용가능한 차량 정비소 하나쯤은 있을줄 알았습니다. 내부 부품까진 바라지도 않는데 색깔 변경도 안돼는 줄은 몰랐습니다. 4. 세력시스템이 의미가 없습니다. 홍보에선 다양한 세력들간의 갈등과 플레이어의 선택이 큰 의미를 지닐것 같았지만 처음에 뜨는 팩션 어딜 골라도 다 비슷합니다. 첫 시작부분이 살짝 다를 뿐 게임플레이에 큰 지장을 주는 경우가 없습니다. 길거리 갱들도 그냥 총들고 있는 일반 NPC에 불과 합니다. 대화시 내가 만약 노마드라면 노마드의 관한 대화 선택지가 뜰 뿐 스토리에 관여하는 비중이 현저히 낮습니다. 5. 최적화와 몰입감을 해치는 버그가 굉장히 심각합니다. 모두가 잘 아시겠지만 구세대 콘솔에서는 아예 구동조차 하지 못한다며 환불대란이 일어나고 있습니다. 그문제에 약간 묻힌 경향이 있지만 PC버전도 굉장히 문제 많습니다. 4시간 플레이 후 1080ti를 3080으로 교체해서 20시간을 더 플레이 해본 결과 3080 울트라 옵션으로 rtx 울트라 셋팅을 키고 도로에서 질주를 하면 처음엔 50 60프레임을 유지하는가 싶더니 30시간 가량 다돼가니 게임내 메모리가 누적되서 그런지 점점 40 50프레임으로 떨어져 버려서 옵션을 한단계 낮추고 플레이 해야 했습니다. 버그는 일일이 나열하기 힘들정도로 많이 목격했습니다. 제가 눈으로 직접 본 버그들을 메모해가며 플레이 하였으니 참고하세요. 현재 리뷰는 2020년 12월 출시된지 1주일 된 기점으로 작성되었기 때문에 아직 개선여지는 있을거라 봅니다. 위쳐3도 초반에 버그가 많았으나 추후 업데이트로 많은 버그를 잡아냈었기 때문에 지켜봐야 할것 같습니다. 버그의 종류도 그래픽, 사운드, 게임플레이 등 다양하게 분포 되어있었습니다. 아래는 버그 목록입니다. olist 재키가 국수를 먹는데 들고있던 젓가락이 복사되어 한쪽에서 공중부양을 함 조니 실버핸드가 담배를 피는데 들고 있던 담배가 복사되어 한쪽에서 공중부양을 함 유리창이 있는 건물을 타넘어 가려는데 플레이가 200m 뒤쪽으로 튕겨져 날아감 데미지는 받지 않았음 저랑 같은 장소에서 같은 경험을 한 다른 유저도 봐서 저만 걸린게 아닌것 같습니다. 무한로딩. 팬앰 npc 차량 조수석에 탑승하고 차고를 빠져나가는데 화면이 블랙아웃 되고 빨간 로딩게이지만 무한으로 출력되어 게임 진행 불가, 다른 퀘스트를 하고 오니 해결됨 팬앰 npc 차량 조수석에 탑승했음에도 불구하고 자기 할말함과 동시에 자꾸 타라고 재촉함 말을 겹쳐서 두개씩 함 모든 npc 차량들이 특정 기둥을 한번씩 박고 지나감 전투중에 tab키로 해킹ui를 띄우고 tab키를 떼고 전투에 돌입하려는데 해킹 ui가 안꺼짐 찾아보니까 caps락 키가 해킹 고정키라고 하는군요. 이부분은 버그가 아니라 caps락 키를 실수로 누른듯함 npc끼리 겹쳐서 팔짱끼고 기둥에 기대에 서있음 npc가 핸드폰 없이 빈손으로 카메라 찍는 모션을 취함 자동차 둘이 박았는데 하늘로 높이 솟구쳐올라 뒤집어짐 난 분명 머리카락이 있는 캐릭터인데 거울을 보면 머머리가 되어있음 저격총 든 npc가 양손으로 들고있다가 전투가 끝나고 차로 뛰어와서 타는데 한손에 총이 고정되서 운전하면서도 저격총이 손에 낀채로 운전함 npc가 대신 운전해주는 미션이였는데 도로위에 있는 경찰을 무덤덤하게 밀어버리고 그냥 지나감 나만 지명수배 됨 맨티스 블레이드 끼고 있는 상태에서 권총으로 바꿔들었는데 둘다 착용된 상태가 되서 손이 4개가 되버림 잠입 미션이여서 멀리서 적들을 스캔하는데 모두 T포즈로 서있음 메인 미션중 일본 축제가 일어나는 장소가 있는데 공중에서 퍼레이드 차량이 지나가는 곳에 npc가 발판도 없이 공중에 서있음 체력바 UI가 뜨지 않아 내가 얼마나 맞았는지 확인 불가 발자국 사운드가 사라짐 뛰거나 걸어도 매우 조용함 길거리에 쓰레기 봉투 오브젝트들이 서로 겹쳐있다가 가까이 다가가니 폭발하듯이 튀어오름 박스들도 동일함 적이 수류탄을 던지는데 바닥 아래쪽 아무것도 없는 공간으로 추락함 잠입도중 발각되어 공중차량을 타고온 경찰3명 땅에 도착했음에도 내리지 않고 멍하니 앉아있음 죽였더니 차량 내부에 쓰러지는게 아니라 챠량을 뚫고 바닥쪽으로 떨어짐 특정 총기는 총알이 분명 남았음에도 발사가 되지 않음 조준, 지향사격 모두 안됌 다른 총기는 발사가 가능했음 차 문이 이미 닫혔는데 타는 모션이 늦게 나와 차문을 뚫고 탐 도로 위의 자동차가 눈앞에서 갑자기 증발 사거리에서 npc차가 부드럽게 코너링 하는게 아니라 90도로 직각회전해서 전진함 조니 실버핸드 등장부분을 지나서 쓰레기장에서 깨어나는 구간이 있는데 처음에 연출인줄 알았으나 계속 검은 화면에 깨지는 효과만 나와서 나중에 알아봤더니 버그라고 함. 껏다 키세요 저는 그냥 연출인줄 알고 안보이는 채로 전투했습니다. 개인차량인 오토바이가 다른 npc 차량에 끼어있다가 나왔는데 혼자 미친듯이 회전하며 땅속 어딘가로 사라져버림 번역문제 클럽에 오전 6시에서 오후 6시에 찾아가라고 자막에 뜨는데 가면 그 시간에 맞춰가도 자꾸 나중에 오라고 함. 사실 오후 6시에서 오전 6시 사이임. 자막 번역오류임 상식적으로 클럽을 아침부터 열고 저녁에 닫는걸 이상하게 여겼기에 타임스킵으로 시간 넘겨서 입장했음 olist 6. 자유도가 생각보다 많이 적습니다. 스토리도 굉장히 선형적으로 느껴지고 나의 선택에 따른 다른 결과가 존재하지 않습니다. 엔딩부분에 가서야 몇가지 선택이 다른 결과를 줄뿐 그전까진 모두 아무의미 없는 선택입니다. 뭘 고르든 그저 설계된대로 흘러가야 합니다. 많은 건물들과 문이 있는데 생각보다 입장가능한 건물의 수는 많지 않습니다. 좀 허탈할 정도로 빈껍데기에 불과한 건물들이 많습니다. 들어가더라도 할 수있는 상호작용은 거의 없다고 보면 됩니다. 아이템 파밍정도가 있습니다. 대중교통을 이용한다거나 플레이어 소유의 집을 구매한다던가 하는게 없어서 아쉬웠습니다. 도시를 돌아다니다 보면 가끔 트루먼쇼 영화가 생각납니다. 이 모든게 세트장이고 나 하나를 위해 npc들이 연기를 하고 있다는 느낌을 강하게 받았습니다. 대표적으로 멀리있던 애들이 단체로 가만히 서있다가 가까이 가니 소리 치며 다른 갱들과 교전을 시작하는 것을 보면 그런 것이 느껴집니다. 7. npc와 상호작용하는 모션이 생각보다 많이 부족하다고 느꼇습니다. 레데리 같은 경우도 바에서 주문하면 술을 마시는 모션이 나옵니다. 퀘스트를 진행할 때 외에는 상점에서 무언가 주문하기를 하면 바로 아이템창 ui가 뜨고 구매하기를 누르면 아이템만 구매될 뿐 아무런 행동도 볼 수 없습니다. 바테이블에 기댄다던가 길거리 음식점 의자에 앉는다던가 하는게 업습니다. 리퍼닥한테 가서 사이버웨어를 교체할 때도 그저 클릭 몇변으로 수술이 끝납니다. 너무 간단해서 오히려 빠른 진행에는 도움을 주지만 살짝 아쉬운 느낌이 있었습니다. 8. 브레인댄스 BD 는 그냥 있어보이려고 넣은겁니다. 메인퀘를 진행하기위해 있는 브레인댄스는 퀘스트 이외에는 전혀 볼 수가 없습니다. 그마저도 5번정도 밖에 안하기 때문에 그냥 무의미한 컨텐츠 인것 같습니다. 디트로이트 비컴 휴먼에 나온 수사를 위해 시뮬레이션 돌리는 시스템을 따라한것 같습니다. 분명 트레일러에선 V의 집 창문에 브레인댄스 기능 선택이 있었는데 실제로 게임을 진행해보면 삭제된것을 확인할 수 있습니다. 9. 차량은 먼곳을 이동하기 위한 수단 그뿐입니다. 오토바이를 타며 한손에 총을 들고 운전을 하며 전투를 하는 시스템은 없습니다. 차도 마찬가지입니다. 그냥 이동수단 일뿐이며 하늘을 보면 날아다니는 이동수단들을 볼 수가 있는데 그저 배경일뿐 실제로 공중차량은 운전할 수 없습니다. 퀘스트를 위해 컷신에서 타는 공중 이동수단이 전부입니다. 10.엔젤은 근육질 남자입니다. 스카이가 여자입니다. b b 1. 울트라 기준 RTX 그래픽은 정말 끝내줍니다. 스샷을 찍기 좋은 게임이고 빛의 반사나 광원효과가 뛰어나고 네온사인과 어우러진 도시의 밤의 풍경이 아주 인상 깊었습니다. 포즈를 취하고 다양한 각도에서 필터를 적용해 사진을 찍게 해주는 포토모드는 도시 이곳 저곳에서 사진 찍는 맛을 느끼기 좋게 해줍니다. 2. 사이버펑크 세계관에 어울리는 도시의 구현을 잘했습니다. 좁은 골목에 화려한 네온사인, 사이버웨어가 일상화된 인간들을 보면 실제로 이 세계에 있는듯한 느낌을 강하게 줬습니다. 트레일러에서 보여준 멋진 도시광경은 허위는 아니였습니다. 걸어다니며 구경하면 정말 멋있습니다. 입장가능한 건물과 상호작용만 더 있었으면 좋았을 것 같습니다. 3. 한국어 더빙, 자막을 현지화 잘 해놓았습니다. 다른 게임에서 느낄 수 없었던 필터링 없는 K 쌍욕을 게임에서 보니 반가웠습니다. 빈도수가 너무 많고 한정된 욕만 사용하긴 하지만 이 많은 양의 대사량을 일일이 녹음해주신 것 만으로 감사할 따름입니다. 자막시스템도 좋았습니다. 저와 대화하는 npc는 바로아래에 큰자막으로, 길거리에 대화하는 npc는 바로 위에 말풍선처럼 대사가 뜨고 하니 읽는데 불편한 점은 없었습니다. 그리고 다른 나라 언어로 말하는 npc의 경우는 해당 나라 언어로 먼저 자막이 뜬후 바로 한글로 번역되는 시스템은 정말 잘 만든것 같습니다. 해당 npc가 세계관 내의 주언어가 아닌 다른 나라 언어로 이야기 하고 있다는걸 확실하게 보여줍니다. 설정상 임플란트가 다른나라의 언어를 자동번역을 해준다는 시스템인데 세계관이랑 잘 어울리는 좋은 시스템인것 같습니다. 근데 대화할때 C키로 스킵하는 버튼은 스페이스바로 설계 했어야 했습니다. 간혹 은신을 위해 C키로 앉은 상태에서 npc와 대화중이면 일어나려고 C키를 누른순간 대화가 스킵되버리는 경우가 종종 있습니다. 4. 사운드와 음악은 좋습니다. 기본적으로 들어있는 음악과 사운드들은 좋습니다. 좀더 사이버펑크 세계관스러운 음악이 많이 들어갔으면 좋겠습니다. 팝송과 잔잔한음악, 락 이정도만 있는거 같아 좀 아쉬운데 EDM종류가 더 많은 라디오 스테이션이 있으면 좋겠다는 생각이 드네요. 끝으로 아직까지는 패치할게 너무 많아 추천할 수 없는 게임입니다. 수많은 버그와 몰입감을 해치는 요소가 너무 많습니다. 사실 분들은 좀더 묵혀놨다가 패치를 여러번 거듭해서 할만해 졌다는 소리가 나오면 하시는게 좋습니다.",3,15,False,Not Recommended,3564,1608273014
사이버펑크 2077,"사람들이 원한건 사이버펑크 커마인데, CDPR이 만든건 퀴어 커마 뿐이다. NPC들 볼때마다 커마 너무 부럽다. 커마 외에는 사이버펑크 냄새 물신나서 좋고, 그냥저냥 할만한 게임이다. 나중에 DLC 묶음으로 3 4만원 가격대 형성되면 그때 해보는걸 추천한다. 발적화 버그 때문에 정말 해보고 싶어도 3개월쯤 뒤에 버그패치 다 끝나면 해보는게 좋다고 생각한다.",3,25,True,Recommended,1792,1607960130
사이버펑크 2077,"깡패가 나한테 총을 쏘길래 경찰 앞으로 도망쳤는데요, 앞에서 알짱대지 말라고 경찰도 저한테 총을 쏘네요.",3,3,False,Not Recommended,3302,1607859226
사이버펑크 2077,진짜 참고 8시간동안 재밌는척했는데 버그때문에 집중도 못하겠고 버그때문에 흥미 개떨어짐 버그고치면 다시옴 그리고 씨발 좀 그만해라 씨발펑크 씨발밖에 생각이안남 진짜 성우들도 평생한 씨발보다 이게임 더빙하면서 한 씨발이 많을걸? 씨발?,3,15,False,Not Recommended,451,1607788990
사이버펑크 2077,"h1 행복한 꿈을 꾸다가 눈을 뜨고 침대에 누워 기억날듯말듯한 꿈을 되내이는 공허한 느낌을 느끼게 해준 게임. h1 b 사람들은 왜 그렇게 기대를 했는가? b 본론에 들어가기 앞서 사람들이 이 게임에 대한 기대감이 왜그렇게 높았는지 개인적으로 생각해보았다. u 첫번째로 u 사이버 펑크 란 장르 자체에 대한 기대감이다. 사람들이 선호하는 대표적인 장르 세계관 를 크게 다섯가지 정도로 분류할수있는데 1. 스팀펑크 2. 판타지 3. 포스트 아포칼립스 4. 공상과학 마지막으로 사이버펑크이다. 이들의 특징은 현실과 동떨어져 있지만 오히려 그덕분에 상상력을 자극한다. 그 상상력 덕분에 기대감을 심어준다. 심지어 게임쪽에서 오픈월드 사이버펑크는 더욱 드물기때문에 그런요소 또한 무시하지 못할것이다. u 두번째론 u 문제점이자, 기대감에 상당히 기여한 CDPR의 광고이다. 사이버펑크를 산 대부분의 사람들이 광고,트레일러를 보고 게임을 샀을것인데, 아마 광고에서 나온 컨텐츠중 80 90 정도는 게임내에서 찾아볼수 없을것이다. 이 내용은 나중에 자세하게 열거해 보겠다. u 마지막으론 u CDPR의 업적이다. 이때까지 CDPR은 거의 완벽한 게임을 만들어왔기에 유저들도 그만큼 기대감을 가질수 밖에 없었을것이다. 이는 2번째 내용과 연관되어 기대감을 더욱 증폭 시켜줬을것이다. 유비소프트가 사이버펑크 그대로 광고했으면 사람들의 기대감이 같았을까? 나는 아니라고 본다. b 사이버 펑크는 왜이렇게 욕을 먹는가? b 제목의 내용처럼 애인이 생긴다던가 하는 행복한 꿈을 꾸다가 잠을 깨본적이 있는가? 마음 한켠에 중요한 무언가가 뻥 뚫린 공허한 느낌을 느껴본적이 있는가? 우리는 트레일러를 통해 꿈을 꾸었다. 광대하고 자유로운 오픈월드, 내 입맛대로 꾸밀수 있는 외모,차량,총기,스킬 등등의 커스터 마이징, 생동감있는 도시 속에서 마치내가 그 세계를 살아가는듯한 체험, 나 의 선택에 따른 스토리 및 진행의 나비 효과. 우린 트레일러는 본후 행복한 꿈을 꿨던 것이다. 하지만 실상을 까보니 아무것도 없었다. 공허함만 있었다. 물론 상상으로 기대를 하는것은 개개인의 자유이며 그로인한 실망도 개개인이 안고가야한다. 하지만 이번경우는 다르다고 생각한다. CDPR의 과대광고 로 사람들을 그에따른 합당한 기대를 했다고 생각한다. 그럼 여기서 CDPR의 광고와 실제게임을 비교해보겠다. 또한 이와 관련된 실제로 내가 게임을 하면서 느꼈던 관련된 문제점 또한 설명해보겠다. olist 과대광고 8년전 티저의 마지막 문구 COMING WHEN IT S READY url 해당영상 url 딱 봤을때도 매우 자신감이 느껴지는 문구이다. 하지만 이게 준비된 게임이라고 볼수있는가? 버그는 난무하고 최적화는 개판이며 게임내 컨텐츠는 너무 얕다. 권장사양이 1060이라고 하는데 실제 1060으로 벤치마킹 한 자료를 보면 30fps 내외가 나온다. 나이트시티에서는 외모가 전부입니다 url 해당영상 url 게임 시작할때 조금 외모 바꿀수있는게 전부, 게임시작후에는 어떠한 요소도 다시 설정을 할수가 없다. 15년된 gta 산안드레스도 머리스타일은 바꿀수있다. 광고에선 4가지로 스타일을 분류하면서까지 중요한 설정인마냥 떠들어대는데 실제로 게임내에선 관련된 언급이나 설정을 알려주는 요소를 볼수 없다. 물론 저런 스타일을한 NPC를 볼수는있지만 플레이어 입장에서는 의미없음. 그냥 방어력 높고 옵션좋은 옷 입는게 장땡임. 생동감 있는 도시 NPC 루틴관련 , NPC들에게 1000가지가 넘는 각자만의 이동경로나 행동 스타일 등을 하나하나 부여했다고 한다. url 해당자료 url 그런거 없다. NPC는 그냥 이리저리 걸어다닐뿐이며 이또한 카메라 잠깐 돌렸다가 다시보면 이미 NPC 사라지고 다른 NPC가 리스폰되어 걸어다니는데 몰입감도 깨질뿐더러 행동또한 AI가 병신이다. 총을 쏘면 100 모든 NPC가 병신같이 웅크릴뿐 어떤 리액션 조차 없다. 차를 뺏어도 어떤 리액션조차 없으며 스카이림 같은 랜덤 인카운터는 1도 존재하지 않는다. 이런점들 때문에 NPC는 어딜가나 존재하나 모순적이게도 큰 공간에 나홀로 있는 외로움,공허함을 느낄수있다. 구세대 콘솔에서 또한 매우 잘 구동된다. url 해당자료 url 1번과 관련된 내용으로, PC유저들에겐 덜하지만 플스와 엑박원에서 찰흙같은 그래픽으로 15프레임까지 내려 간다고한다. 하지만 높은 메타크리틱 점수를 위해 콘솔유저들의 평가를 막았다. 이는 콘솔유저를 기만했다고 생각한다. 차량 관련 디테일 url 해당영상 url 차량종류는 트레일러에서 보여준게 전부다. 진짜로. 그중에서도 80 는 차량조작감 병신이라 타기도 싫은 것들이 대부분이다. 또한 차를 탔을때 미니맵이 작은것도 병신같은 차량조작감을 더욱 풍부하게 느껴주게 하는데, 특정 위치에 핑을 찍어서 가다가 좌,우회전 해야되는 부분을 늦게 인지를 해서 코너를 돌지만 이런 차량조작감덕분에 사람치고 경찰 뜬적이 한두번이 아니다. 게다가 영상에선 exchangable parts make them perfect for tuning 을 언급하는데 차량관련 개조는 존재하지않는다, 이미 개조된 차량을 구매하는것 뿐이다. 추가적으로 차량NPC의 AI도 가관인데, 도로에 내가 차를 대놓으면 그뒤로 줄이 존나게 쌓인다. 아무행동도 하지 않는체로. 인생경로 url 해당영상 url 출신에 따른 메리트나, 특정 요소들이 없다. 물론 맨처음 도입부는 다른긴하다. 이또한 부량아만 도입부에 힘좀 썼고 나머지 두개의 인생, 노마드나 기업인은 부실한 느낌을 받는건 어쩔수 없었다. 결국 엔딩이나 스토리자체에 유의미한 영향은 끼칠수 없고 대화 선택지또한 스토리 진행에 아무 영향이없는 부가 설명등에만 출신 배경이 영향을 끼친다. 이런 무의미한 영향 덕분에 다회차 플레이는 꺼려지게된다. 또한 부량아 말고 나머지 두개의 인생은 스토리상 뭔가 그냥 끼워맞춘 어색한 진행을 느꼈다. 비교 대상이 알맞을지는 모르겠지만, 스카이림의 경우 출신배경에 따른 특성이 다 달라서 엔딩자체에 큰 영향을 끼치진 못하지만 플레이스타일에 확연한 차이를 만들어내 다회차플레이를 유저가 직접 하고싶게 만든다. 특성 따른 다양한 플레이스타일 url 해당영상 url 특성분배에 따른 다양한 플레이 스타일이 있는거 처럼 말했는데 실제로 플레이해보면 저기서 말한 해킹기술은 독립적으로 플레이해 나가긴 거의 불가능하고 그냥 조미료 정도일뿐 2가지 밖에 선택지가 없다 개돌 해킹 , 암살 해킹 . 이또한 암살만으로 플레이하기엔 무리가 있고 결국 개돌플레이가 강요된다. 보스전의 경우 무조건 1 1 정면 싸움이다. 해킹 쪽이나 암살쪽을 선택하면 캐릭터 자체가 싸움을 못따라가서 암살,해킹관련해서 적은 특성분배를 할 수 밖에없고 총질 관련이나 강력한 무기 제작관련특성에 많은 분배를 할수 밖에없는 느낌을 받았다. 무기 관련 url 해당영상 url 이 부분에 대해선 과대광고를 느낄수 없을수도 있는데, 개인적으로 무슨 무기를 갑자기 파츠 하나하나 분해하는 연출을 쓰더니 사이트를 다양하게 바꾸는 연출을 쓴다. 충분히 유저들로 하여금 다양한 커스터마이징 요소를 기대하게 할수 있다고 생각한다. 타르코프 정도의 커스터마이징은 바라지도 않는데 어느정도 다양한 요소는 있을거라고 생각했지만, 정작 인게임에선 무기외형 개조로 영향을 끼치는건 사이트 , 소음기 딱 두개 뿐이다. 이중에서도 소음기는 암살용으로만 쓰이며 달리는 총도 있고 안달리는 총도있다. 나머지 사이트도 가시성이 지랄맞다. olist 그렇다면 개인적인 게임 자체의 문제점을 열거해보겠다. 좆같은 차 라디오 중 일본노래 olist 게임 자체의 문제점 버그 버그가 정말 많다. 실제로 내가 게임을 하면서 겪었던 버그를 말해보자면 갑자기 NPC나 플레이어 캐릭터가 디폴트 자세로 있는거 부터 시작해서 차량이 바닥으로 들어간다거나 캐릭터가 들고있는 총이나 담배가 캐릭터를 떠나 공중부양하는 버그등 그리고 그 유명한 그 버그 , 나는 이게 다른사람들과 마찬가지로 진짜 연출인줄 알았다. 기억을 회상하는데 데이터속 깊숙한 기억이 데이터 손실의 이유로 화면이 깨진줄 알았고 내 캐릭터가 눈을 떴을때도 눈에 총을 맞아서 시력이 부서진줄 알았다. 얼마나 이 버그의 빈도가 높았으면 이게 정석루트고 정상 화면이 버그란 말이 나왔겠는가. 또한 스토리상 분위기가 고조되는 컷신에서도 내캐릭터가 대머리가 되질않나 입을 벌리고 닫질않나 등등 버그가 많다. AI npc의 ai는 이미 말했었고 경찰의 AI를 말해보자면 정말 심각하다. 범죄를 저질렀을때 바로 신고가 들어가며 내 캐릭터가 어디에 있던지 바로 뒤통수에서 스폰된다. 지하 깊은곳에서도 마찬가지다. 뛰어서 어딜 도망가도 갑자기 스폰되는데 차를타서 조금만 도망가면 귀찮아서 안잡는건지 귀신같이 별이 내려간다. 또한 내가 운전하는게 아닌 다른 npc가 운전하는 차를 타면 장난감 자동차 손으로 움직이는 느낌으로 물리엔진 그런거없이 차가 매우 부자연스럽게 움직인다. rpg 특성상 문제 그렇게 큰 문제는 아닐수있다. 분명 옆동네에선 깡패 담당일진 이였던 내 캐릭터가 이동네에선 씹찐따? 맵을 돌아다니면서 마침 있던 미션을 하러 갔는데 일개 좆밥한테 샷건 스쳐도 눈감는 캐릭을 보면서 갑자기 괴리감이 느껴지면서 몰입감이 깨진적이있다. 이는 개인적인 생각이며 위쳐3또한 이런 느낌을 받았으며 어쩔수 없는 부분이라고는 생각한다. 스킬 시스템의 문제점 사이버펑크2077에선 레벨업을 하면 특성, 특전 두가지 포인트를 얻을수있다. 특성과 특전은 별개인데 만약 예를들어 전설무기제작을 위해 공학 특성에다 올인을 했다면 블레이드 특전을 찍을수 없을 뿐더러 아무리 써도 해당 숙련도는 오르지 않는다. 블레이드특전은 반사신경 특성과 관련되어있고 공학 특성은 테크무기,스마트무기 특전과 관련되어있기 때문이다. 반강제적인 특성으로는 개인적으로 느끼기에 공학 이 좋은 무기도 직접 만들수도있고 무기 업그레이드를 할수있으며 특정 숏컷을 뚫을수있기 때문에 반필수라고 생각한다. 또한 피통을 늘려주고 숏컷을 열수있는 신체능력또한 중요하다. 그렇기때문에 내가 원하는 무기와 진행상 반강제적으로 찍어야하는 특성이 안맞으면 꽤나 답답할수도 있다. 대화 선택지의 무의미함 최후반부 엔딩 분기점을 제외한 모든 선택지는 의미가 거의없다. 결국 엔딩은 동일하니까. 디트로이트 비컴휴먼의 경우 반대로 극초반부를 제외한 모든 선택지는 의미가 있어 많은 엔딩중 나만의 선택으로 인한 엔딩을 볼수있다. 따라서 그 엔딩의 여운또한 깊게 남으며, 이 선택때 다른 선택을 했으면 결과는 어땠을까 하는 마음에 다회차를 했었다. 물론 디트로이트는 그런 다중 선택 나비효과를 노린 엔딩을 위한 게임이므로 그 정도의 수준까지는 바라지는 않으나 적어도 선택지의 유의미한 영향은 있어야 한다고 생각한다. 거진 미연시 보다 적은 영향력을 보여준다. 심지어 파란 대화 선택지는 의미가 없고 중요한 노란 대화 선택지도 다음 스크립트 한두줄만 바뀔뿐 그 다음내용은 결국 같아진다. 또한 다른 엔딩을 보려면 특정 사이드 퀘스트를 밀어야 해당 선택지가 나온다. 잘몰라서 대충 엔딩 보러 갔다가 spoiler 주인공 자살하더라. spoiler 스토리의 급전개 극초반 재키와 만나는 장면이후 대충 그동안 이런저런일이있었고 그만큼 재키랑 유대감이 생겼다. 를 영상하나로 6개월을 바로 스킾해버리면서 당황스러웠고, 또한 프롤로그 액트1 를 이후의 스토리도 너무나 빠른 전개라고 생각한다. 무엇인가 생략된 부분도 느낄수 있었다. 평가중에 프롤로그가 메인스토리의 절반이라고 한 평가가 공감이 되었었다. 의미 없는 수집요소 및 부실한 컨텐츠 맵 곳곳에 배경이나 이런저런 정보를 알수있는 메모 샤드 를 발견 할수 있는데 결국 의미 없는 내용들 뿐이며 잡동사니를 주워봤자 죄다 제작재료행이다 특전중에 자동으로 분해해주는 특전이있음 . 메인스토리, 사이드 퀘스트 이외에 즐길수있는 컨텐츠가 거의 없다. 레이싱이 있긴한데 조작감과 그AI의 조합으로 할맛 뚞떨어진다. 그나마 있다면 차량 수집정도? 메인스토리를 끝날때 쯤이면 레벨이 보통 20중후반 정도 될텐데 만렙이 50인걸 생각하면 추가적으로 진행해볼 컨텐츠나 이유가 없음. olist b 장점은 없나? b olist 장점 그래픽 좋음 오히려 그래픽 자체는 트레일러에비해 업그레이드 됬다고 할만큼 좋다. 그래픽카드가 버텨준다면. 준수한 더빙 좀 어색한 연기톤이긴하지만 게임을 한국어 더빙으로 해볼 기회가 별로 없는것을 감안하면 좋은 시도인것같다. 시선이 자막에 꽃혀있는거랑 귀로 듣고 시선은 화면 아무대나 갈수있는거랑 차이가 있다고 생각한다. 괜찮은 스토리 명작급 스토리는 아니지만 충분히 반전있고 여운도 있는 스토리라고 생각함. 중간중간 보이는 디테일 그래픽적인 디테일 요소도 있지만 괜찮은 게임내 요소도 있음. 예를 들면 전화중에 경찰이 붙거나 어떤 이벤트가 생기면 잠깐 전화 끊고 이벤트가 다끝나면 다시 어디까지 이야기 했더라? 이런식으로 대화를 이어나감. 나름 신선한 연출이였다. 이외에도 여러 괜찮은 연출이있긴했지만 기억이 안난다. olist h1 결론 h1 버그는 심각하고 게임은 미완성이며 컨텐츠는 빈약하고 플레이스타일의 개성은 없고 무의미한 선택지와 선형적 스토리를 가진 유비식 오픈월드 게임이다, 아직은. 과장한다면 CDPR의 제2의 노맨즈 스카이라고 생각한다. 아직 100 게임을 이해하고 해보진 못했다. 그냥 일개 일반인으로서 개인적인 의견일뿐이며 다양한 사람들의 의견을 존중한다.",3,81,True,Recommended,3938,1607773440
사이버펑크 2077,3시간정도 해봤는데 하는내내 너무 지루했음. 대부분 위쳐3평가가 좋았지만 저는 위쳐3를 재밌게하진 못했습니다. 그래서일까요 인터페이스도 대부분 너무 불편한 느낌이 강했고 캐릭터 움직임도 너무 불편했습니다. 스토리자체나 분위기는 뭐 색다른 도시를 온 느낌이긴 합니다만 성우도 나쁘지 않았구요. 근데 게임자체가 너무 노잼이였습니다. 뭔가 시도한 느낌은 있는데 그게 처음엔 신기하다 였지만. 즐겁다 재밌다 라는 느낌은 더더욱 못받았습니다. 그리고 로드하고 거울봤을때 탈모가 된 제 캐릭터를 보니 눈물이 나서 차마 게임을 더진행할수도 없었습니다.,3,4,False,Not Recommended,955,1607747759
사이버펑크 2077,7,3,1,True,Recommended,2655,1607704752
사이버펑크 2077,"나는 나이트시티에서의 삶을 살고 싶었는데, V의 어깨 너머로 구경하는 나이트시티다. 나의 분신 같은 캐릭터를 만들어 내 입맛대로 사이버 펑크 스럽게 육성하고 나이트시티를 탐험하는 것을 기대했다. 그런데 7시간 동안 트레일러에서 본 거와 같은 사이버 펑크 스럽게 게임을 한 건 10분도 채 안 될 것 같다. 전형적인 오픈월드식 마커 쫓기 게임이다. 마커를 쫓았으면 컷신을 본다. 7시간의 플레이 중 메인퀘 따라다니면서 컷신만 6시간은 본 것 같다. 아닐 수도 있지만, 그 정도로 컷신의 비중이 크게 느껴진다. 샌드박스 게임이 아닌 스토리 쫓기 게임이다. 미래를 배경으로 한 영상물을 보고 싶으면 넷플릭스에서 블랙미러를 보는 게 더 나을 것 같다. 위쳐를 만든 회사답게 스토리를 이어주는 장면에 힘을 썼다는 느낌은 드나, 플레이어가 게임의 세계관에 녹기도 전에 많은 정보들을 던져주면서 게임이 진행된다. 정확한 이해 없이 게임이 진행되니, 전형적인 오픈월드 게임의 마커 따라가기 게임이 되어버린다. 주인공인 V가 용병인 이유는 마커를 따라가는 데에 당위성을 조금 더 주기 위해라는 생각마저 든다. 이렇게 마커를 쫓아가면 간단한 전투 후에 컷신을 본다. 이 전투는 정말로 간단하다. 7시간 정도 플레이했지만, 아직도 권총이나 라이플을 쏘고 있다. 아니면 방망이를 휘두르거나 말이다. 배경은 사이버 펑크 2077인데, 전투 방식은 GTA다. 내가 트레일러에서 본 강철 팔로 문을 뜯고, 팔뚝에서 칼이 나오는 건 언제 경험할 수 있는 건지 모르겠다. 그렇다면 전투는 재미있는가? 재미있는 전투라고 말하기는 어렵다. 인형에 총알을 꽂는 기분이다. 여기 나이트시티는 조무래기들도 몸을 사이버 웨어로 강화한 것인지, 대가리에 총알을 세 발 박아도 안 뒤진다. 몸을 호도도도 쏴도 안 뒤진다. MMORPG에서 몬스터 사냥하는 것 같은 느낌이다. 사람에게 총을 쏘는데 옆에 데미지 숫자가 뜨고 피가 다 달면 죽는다. 위쳐3의 휘리릭 팡 휘리릭 팡 전투가 차라리 더 재미있다. 그렇다면 근접 전투는? 야구방망이로 애들을 줘패도 애들 때리는 감은 별로 안 든다. 스카이림을 수백 시간 했는데, 스카이림의 전투랑 비슷한 느낌이다. 버튼을 연타하면 앞에 애가 죽어있다. 더 놀라운 것은 패드로 플레이를 해도 그렇다는 것이다. 패드의 진동이 오질 않는다. 처음엔 PC의 패드를 연결해서 진동이 안 오나? 생각이 들었다. 콘솔로도 나온 게임이고, 컨트롤러 완벽지원이라고 적혀있으니 버그인가? 라는 생각이 들었다. 패드의 진동을 느낀 건 프롤로그 실버핸드씬이 지나고 나서였는데, 버그 때문에 인제야 진동이 켜진 건가? 라는 생각이 들었다. 하지만 그 생각이 무색할 정도로 나이트시티로 돌아오니 여전히 무진동이다. 이게 버그인지 아닌지는 모르겠다. 버그는 많다. 나의 경우, 조니의 기억 장면 초반부와 그 뒤 V가 깨어난 구간을 지지직거리는 모습으로 플레이했다. 나는 주인공이 다쳤기에 고의적인 연출인 줄 알았다. 주인공의 프로그램이 망가졌구나 그렇게 생각했다. 20분 정도 그렇게 플레이한 것 같다. 지지직거리는 화면에서 총을 쏴 적을 죽이라고 할 때까지도 눈치를 못 챘다. 적 위에 마커를 쫓아 총을 쐈다. 깨달은 것은 내가 트레일러에서 본 장면이 실루엣으로만 나올 때였다. 아, 이거 버그구나. 허탈함을 느끼고 다시 불러오기를 하니 정상적으로 진행이 되긴 했다. 몰입감을 가장 크게 깬 버그였다. 이외의 자잘한 버그들도 있으나 뭐 귀여운 정도였다. 튕김의 경우, 나는 7시간 반 만에 처음 튕겼다. 지금 이 리뷰도 튕기고 어이가 없어서 작성하는 중이다. 육성 방식에 따라 게임의 플레이가 달라지는지도 잘은 모르겠다. 지금 7시간 메인퀘 달려서 레벨이 8? 9? 정도 되는 거 같은데, 스킬을 찍는다고 몽둥이와 총의 재미가 크게 달라지는 것 같지는 않다. 나는 나이트시티에서 스트릿 키드가 고릴라암을 장착하고 대가리들을 찢고 다니는 플레이를 꿈꿨으나, 아직도 권총을 쏘고 야구방망이만 휘두르며 메인퀘스트 꽁무니를 쫓고 있다. GTA인가? 개인적으로 가장 큰 단점은 사이드 퀘스트와 메인케스트의 유기적인 연결성이다. 내가 가장 재밌게 한 오픈월드식 게임인 스카이림과 위쳐3 그리고 야생의 숨결에서는 메인퀘스트를 따라가면 사이드퀘스트들을 발견 하는 구조였다. 그러면 메인퀘를 쫓는 길 위에서 사이드퀘스트를 해결할 수 있었다. 하지만 사이버펑크는 그렇지 않다. 그냥 전화로 사이드 퀘스트들이 추가가 되는데, 아직 실버핸드도 보지 못했고 사이버웨어도 장착하지 못한 나로서는 사이드퀘스트에 눈이 가지 않는다. 아직 플레이어인 나는 나이트시티에 적응을 하지 못했으니, 메인퀘를 쫓아가며 게임을 이해나 해보자는 마음이 컸다. 그리고 그냥 전화로 사이드퀘가 추가되니, 순전히 마커 쫓기이다. 전화가 와서 이곳으로 가라. 가면 저곳으로 가라. 그 중간중간의 빵야빵야... 어쌔신 크리드인가 싶다. 또한 메인퀘스트와 사이드퀘스트의 흐름 역시 딱 들어맞지 않는다. 예를 들면, 메인퀘스트에서의 실버핸드 등장 직후, 주인공과 조니의 사이는 좋지 않다. 그런데 그 상황에서 사이드퀘를 진행하면 갑자기 주인공이 조니에게 살갑게 군다. 1분 전까지 꺼지라 했는데... 그러고 메인퀘 진행하면 또 V는 조니에게 화를 낸다... 여기서 몰입감이 깨지면서 사이드퀘는 언제쯤 돌려야 흐름이 맞지? 생각이 든다. 물론 장점도 있다. 게임의 때깔과 컨셉은 기가 막히게 잡은 것 같다. 게임의 주 무대인 나이트시티는 꽤 매력적이다. 형형색색의 건물들과 빛은 미래 도시적인 느낌이 강하게 든다. 고사양의 컴퓨터라면 아 이게 2020년의 게임이구나 라는 생각이 들법하다. 미술팀을 갈아 넣었다는 생각이 든다. 이런 비주얼을 보는 건 굉장히 흥미롭고 재밌었다. 캐릭터 디자인도 잘 뽑혔고, 몇몇 캐릭터들은 매력적이다. 세계관 역시 그렇다. 이미 수많은 사이버펑크를 소재로 한 창작물들이 나와 있지만, 사이버펑크 2077의 세계는 흥미롭다. 이런 세계관과 캐릭터를 소재로 2차 창작물이 쏟아질 수도 있겠다는 생각이 든다. 그리고 초반부는 나름 흥미진진하고 재밌다. 나의 기대감이 워낙 커서 그랬을 수도 있지만, 이렇게 삐까뻔쩍한 도시에서 기계 몸뚱아리 장착하고 뛰어다닐 생각에 신났다. 그 신남에 속아 환불 플탐을 넘겨버렸지만 말이다... 더빙에서의 다양한 의견들이 있지만, 나는 일단 더빙이 되었다는 것에 큰 호감을 느낀다. 한국어로 더빙이 된 게임을 하프라이프 이후로 처음 한 것 같다. 더빙되니 확실히 몰입감이 올라가긴 한다. 그 몰입감에 속아 두시간을 넘겨버린 것이기도 하다. 한국어로 더빙을 해주었단 것만으로도 살 가치가 있지 않나 싶은 생각도 든다. 물론 캐릭터들의 목소리들이 비슷비슷하게 들리기는 한다. 그리고 궂은일을 하는 깡패들답지 않게 목소리가 너무 좋은 것 같기도 하고... 물론, 이건 내가 한국어 더빙에 익숙하지 않아서 그런 것일 수도 있다. 누가 지금 게임을 사서 한다고 하면, 나는 잠깐 기다리라고 말하고 싶다. 일단은 아직 버그가 너무 많다. 하다가 튕기는 게임을 사라고 하기에는 좀 그렇지 않은가. 그리고 이 게임에 무엇을 원하는지도 중요한 것 같다. 나는 나이트 시티에서 살아가는 내 맘대로 만들고 키우는 게임을 생각했지만, 그냥 V를 키우는 게임이다. 즉 컨셉질 같은 건 불가능하다. 컨셉질을 하기에는 스토리의 비중이 너무 크고, 컷신의 비중이 너무 크다. 그리고 무조건적인 1인칭... 내가 커마를 얼마나 공들이든, 얼마나 간지나는 옷을 입든, 난 그걸 못 본다... 시발... 야구방망이 휘두르는 모습도 풀로 못 보고 . 6만6천 원으로 사이버펑크2077 비난 비판 티켓을 끊고 싶다면 사는 걸 추천한다. 나는 찍먹하고 환불할라 했지만 실패했다. 그러니 그 후 콘텐츠인 남들 욕할 때 같이 욕하는 콘텐츠를 해야 하지 않을까 해서 리뷰를 적는다. 이 재미 하나 만큼은 끝내준다. 다들 사펑2077만 이야기하고 있는데, 나도 한마디 하고 싶지 않은가? 지금 아니면 이 놀이에 참여 못 한다.",3,61,True,Recommended,608,1607693289
사이버펑크 2077,이쁜이라고 부르지마 개새끼야,3,1,True,Recommended,15014,1607684151
사이버펑크 2077,엑트 1 끝나고 조니가 나오는 클럽씬부터 검은화면에 실루엣만 희끗희끗 보인다면 연출이 아니라 버그입니다. 게임 껏다 키면 정상적으로 보여요! 전 이걸 모르고 한참을 연출 쩌네...하면서 검은화면으로 게임했습니다.,3,0,True,Recommended,15929,1607642804
사이버펑크 2077,내가 딱 모드 하나만 깔아야한다면 주인공 시벌놈 침대에서 똑바로 자는 모드 깔꺼다 존나 거슬려,3,3,True,Recommended,2986,1607621640
사이버펑크 2077,처음부터 끝가지 가장 기억에 남는 대사가 있습니다 Tlqkf!,3,3,True,Recommended,18103,1607607054
사이버펑크 2077,이런! 사이버펑크 2077이 뻗었습니다. 나도 겜 해보고 싶어 제발 그만 퍼지지마봐 저장도 못해서 커마 계속 날라가고 시작 장면만 몇번을 본지 모르겠네 계속 크래시터지고 별의 별짓을 해도 안되서 환불한다 개똥겜 갑자기 잘되서 환불안했는데 버그 때문에 집중이 안돼 이 개 똥 겜,3,9,False,Not Recommended,2322,1607573837
사이버펑크 2077,"버그는 2025년 기준으로도 많고 타게임인 레데리2 보다 더 퀄리티나 디테일이 안좋지만 스토리나 세계관등등을 보면 66,000원... 합리적인 가격이라 생각합니다",2,5,True,Recommended,2137,1758360283
사이버펑크 2077,"인생 게임 top3 말해보라고 하면 스카이림, 레데리2, 사펑2077임 세계관에 캐릭터들 너무 잘 녹여내고 각 엔딩들도 많은 생각을 하게 만들어줌 모든 엔딩을 보았지만 어느게 최선의 선택인지 난 아직도 모르겠음 애니도 그렇고 게임도 그렇고 과몰입 너무 많은 여운을 남겨 후유증이 씨게옴 그리고 개인적으로 사펑 엣지러너를 먼저 보고 게임을 플레이 하는걸 추천 세계관이나 사용하는 용어들이 익숙해서 몰입하는데 더 나을거임 아직도 안해본 사람이 있다면 꼭 dlc까지 구매 후 플레이 바람",2,5,True,Recommended,24259,1754391002
사이버펑크 2077,컴터 맞추고 다시 오겠음,2,0,True,Recommended,100,1747657765
사이버펑크 2077,h1 순간 거울 보고 아줌마 나와서 모니터 박살낼 뻔함 h1,2,2,True,Recommended,124,1747451731
사이버펑크 2077,빵빵 씨발새꺄,2,6,True,Recommended,6574,1737797427
사이버펑크 2077,DLC 출시전 와! 제작진 애12me 달나라로 날아간다! 출시후 어머니 달나라 여행 보내드리는 킹갓효자CD프로젝트 레드 직원분들이 니 친구냐?,2,0,True,Recommended,4798,1731510266
사이버펑크 2077,남자 v로 주디랑 연에 마려움,2,0,True,Recommended,12633,1729787695
사이버펑크 2077,"약 2년 전에 접었었는데 엣지러너 보고 감동 먹고 다시 복귀했습니다! 역시나 복귀하길 정말 잘했다고 생각이 들어요 걷잡을 수 없는 맵 퀄리티랑 마치 역사에 길이 남을 법한 스토리 땜에 말을 잊지 못할 정도로 세계관에 매력을 느껴버렸어요 버그도 예전에 비해 거의 찾아볼 수가 없었을 정도로 완성도가 정말 깊었습니다 그리구 싸펑 시작, 복귀 예정이신 분들은 엣지러너는 꼭 보시고 플레이하시는 걸 강력 추천드립니다! 뽕맛과 여운으로 싸펑을 2배로 즐기실 수 있다는 사실..! . 내가 아는 버그 많기로 유명한 그 찐다 같던 사펑이 맞나?! 진짜 웅장이 가슴해진다!!",2,51,True,Recommended,7397,1728922109
사이버펑크 2077,고등학교 가기전 최고의 게임,2,2,True,Recommended,3887,1723661278
사이버펑크 2077,이건 초보적인 임플란트다.,2,17,True,Recommended,18296,1720355408
사이버펑크 2077,400시간동안 즐거웠다 나이트 시티 고생 많았다 V 보고 싶을 거다 조니 큰물에서 보자 재키 잘 가라 V.. 절대 싸움을 멈추지 마,2,79,True,Recommended,31091,1719774638
사이버펑크 2077,생돈주고 9만원넘게주고 구매함 후회없음 아닌가? 스팀지갑에 3만원있었고 네이버페이로 결제했는데 네이버페이 5천원 있었으니깐 5만5천원에 구입한거나 다름없다 5월2일에 사서 6월2일 끝 삭제다 200시간쯤했네 하루에 6시간은 했다는건가 출근퇴근 한달내내 피곤해서 죽을뻔했네,2,4,True,Recommended,15050,1715680719
사이버펑크 2077,"X발, 나 조니 형이다. 니가 지금 헤비메탈 밴드를 안한다면, 이 게임이라도 해라. 그게 니 앰창 인생을 조금이라도 낫게 하는 방법이다. 싫다고? 너네 집에 핵폭탄 들고 갈테니 기다려.",2,0,True,Recommended,14841,1708498449
사이버펑크 2077,플레이 하다가 무슨 버그인지는 모르겠는데 집에 경찰이 죽어있어요 사라지지도 않고..그래서 그냥 내 룸메이트로 같이 지내기로 했습니다. 누워서 저를 반겨주는 모습이 정말 귀엽네요 외롭지않아요 이것이 사이버 펑크다,2,0,True,Recommended,7943,1708184830
사이버펑크 2077,2.11 받은뒤론 계속 팅겨서 게임을 할수가 없음,2,50,False,Not Recommended,4031,1707566168
사이버펑크 2077,사이버펑크 2077 500 즐기는 법! 1. V 가 된다. 과몰입 중요 2. 조니와 동거동락하며 나이트시티를 즐긴다. DLC랑 본편 둘다 엔딩 전까지만 즐겨주면 더 좋음 3. 각각 DLC 컵의왕 엔딩 후에 본편의 히든루트 절제 엔딩을 본다. 4. 뒤는 조니에게 맡기고 조용히 게임 종료를 누르고 잠을 잔다. 다음 날 1. 엣지러너 애니 를 정주행 한다. 2. 인게임에 들어왔어 데이비드의 재킷을 얻는다. 3. I Really Want to Stay at Your House 브금을 킨다. 4. 아라사카에 쳐 들어간다. 5. 아담 스매셔를 박살내고 동서남북으로 루시를 부르면 울부짖는다.,2,0,True,Recommended,10656,1706596734
사이버펑크 2077,진짜 갓겜.. 정가주고 사도 안아까움 근데 난 반값에 삼 2회차하고 있는데 3회차도 할 예정,2,7,True,Recommended,17668,1706519903
사이버펑크 2077,만약에 자신의 컴 사양이 최소 RTX4080 이고 모니터를 최소 QHD를 쓴다. 그럼 이게임이 취향에 맞건 안맞건 구매해서 해보기를 권장한다. RT켜고안켜고 아예다른겜이되기 때문 앞으로 최소 10년동안은 이정도게임은 나오지 않을거고 우리생에 안나올수도있다. GOAT 게임이맞고 스토리 연출 그래픽 모든게 완벽하다. 내가 게임하면서 진심으로 행복을 느껴본적은 8살때부터 게임을 해왔지만 5개밖에없는데 이게 그중 하나. 단점이라면 아직 엿같은버그들이 몇개 남아있다는거긴한데 플레이하는데 거슬리는수준은 아님. 하 특히 도그타운은 그냥 개발사가 리미트 헤제하고만든느낌....,2,37,True,Recommended,12191,1705030600
사이버펑크 2077,우리 아이가 달라졌어요.,2,10,True,Recommended,12477,1702570534
사이버펑크 2077,7800X3D에 4090으로 돌리는데 진짜 존나 튕기네 CDPR 아직도 정신 못차렸냐??? 최고사양 컴에서 뻗었다고하면 돌아가는 컴이 있긴하냐 십새끼들아?? 이새키들 아직도 최적화 제대로 못한거보면 위쳐3때도 글코 걍 이게 야네 수준인듯 개같은것들 진짜 미션보다 더 긴장되는게 겜튕기는거다 개쉐이들아 진짜 괜히샀다 개시발년들,2,7,False,Not Recommended,8171,1702098385
사이버펑크 2077,갠적으로 총 평점 9.5 점 특히 DLC 는 완벽 10점급 인생겜이었음. 위쳐3 발더스3 보다 재밌게함. 첫 출시때 버전으로 했다면 진심 6 7 점대 였을텐데 2.0 패치때 입문해서 인생 갓겜 즐기고감. DLC 는 정가도 개씹 혜자임. 컨탠츠가 걍 본편보다 좋음.,2,20,True,Recommended,16250,1700851690
사이버펑크 2077,"이 게임을 사기 전에... 똥겜이라길래, 그리고 나한텐 안맞는 게임일까봐 몇번이고 고민했었고 지금은 500시간 유저다. 나를 이 게임에 입문하게 한 글이 있었는데, 외국으로 놀러가는 열차표가 3만원3천원 세일가 이라면, 낼만하지 않겠느냐 그런데 왜 사이버펑크 세계로 가는 비용은 지불하지 못하냐는 글이었다. 게임을 해보면 애매하지 않고, 2시간 안에 감이 올 것이다 이 게임이 어떤 게임이고 나를 얼마나 즐겁게 해줄지. 그러니 일단 구매하고 사이버펑크 세계를 겪으며 더 즐길지를 환불이 가능한 시간동안 고민해라. 일단 구매한 뒤, 환불까지를 결정하는 2시간은 절대 아깝지 않을 게임이다.",2,37,True,Recommended,43806,1698848061
사이버펑크 2077,넷플릭스 사이버펑크 엣지러너 시청후 플레이시 몰입도 4조배상승.,2,2,True,Recommended,5084,1696803425
사이버펑크 2077,아니 또 업뎃하더니 실행이 안 되네 이번엔 세이브 로딩이 끝나면 바로 팅겨 무결성 돌려보고 완전삭제 후 재설치 해봐도 이모양인데 진짜 뭐하자는거냐,2,63,False,Not Recommended,16467,1696603361
사이버펑크 2077,"헤헿.. 아담 스매셔 내가 혼내줫어 루시야 1회차 늅늅 35시간 엔딩 봄. 아무것도 모르고 이 더럽고 비열한 도시에서 낭만을 찾으며, 온갖 권모술수와 배신, 음모가 넘치는 이 도시에서 순진무구하게 눈누난나 플레이를 했다. 그렇다 하도 뒤통수를 쳐맞아서 그런지 엔딩을 봣을때 쯤 난 인간의 말을 믿지 않게 되고있었다. 2회차 늅늅 30시간 정도 걸린듯. 루시 레베카 놀이한다며 샷건과 모노와이어, 넷러너로 이상한 컨셉잡고 플레이. 2회차라 그런지 불신이 생기기 시작. 닥치고 좋은 대화수단인 샷건을 들이밀며 펑펑 쏴대니 이상한 쾌감에 찌들기 시작. 3회라기는 그렇고 팬텀리버티로 돌입 20시간 정도 걸린듯. 그렇다 또 당했다. 한가지 조언한다. 닥치고 의심부터 해라. 가스라이팅에 당하지마라. 여긴 어디라고?? 나이트 시티다 1발",2,7,True,Recommended,8760,1695970271
사이버펑크 2077,DLC도 나오고 엣지러너도 봤겠다 이제 좀 게임다워졌겠거니 사서 해봤는데 첫 인트로 끝나자마자 T포즈 컷씬나오고 유리창에 머리 박더니 그대로 튕겨서 연출인 줄 알았는데 오류보고서 뜨고 건물 안에 숨어서 쏘는 불량배 못 잡아 분해 울며 도망치고 맵 로딩 중에 알탭으로 유튜브 보다가 가끔 튕기고 타이거클로 아이템 회수미션하다가 카타나 휘두르면 게임이 계속 뻗길래 대화 시도조차 안하고 얼굴에 총알 박아주니 안 튕기고 잘 됨 그래서 스킬 빌드 바꿨음 혹시라도 버그를 만난다면 클리어 방식을 바꿔서 해보셈 ... 개조부품 빼니까 안 튕김 어이가 없네,2,4,True,Recommended,1494,1695516736
사이버펑크 2077,끝까지 나르는 차는 안만들어 줄꺼야?,2,31,True,Recommended,7112,1692857599
사이버펑크 2077,사이버 펑크 엔딩을 본 순간 내 세상이 멈췄다 더이상 내친구들은 나에게 말을걸어주지않고 거리에 잔당들도 이젠없다 정처없이 도시를 떠돈다 지나가는 사람들은 바쁘다 의미없이 돌아다닌다 스쳐지나온 시간들이 그립다 난이제 사이버 펑크에 존재하지않는다 그러니까 사이버펑크는 당장 하루에 하나씩 임무를추가하고 직업시스템을 갖추고 건물내부를 확장하라,2,4,True,Recommended,27975,1692211211
사이버펑크 2077,갓겜 성우분들 욕 개 찰짐,2,22,True,Recommended,2356,1687353787
사이버펑크 2077,말이 많았지만 결국 최고의 게임이 되긴했다.,2,1,True,Recommended,8005,1681439926
사이버펑크 2077,왜재밌지?,2,11,True,Recommended,3623,1680438756
사이버펑크 2077,루시가 없어요,2,3,False,Not Recommended,2279,1679083344
사이버펑크 2077,기초적인 임플란트도 안 끼냐면서 비틱하는 최종보스를 기초적인 임플란트만도 못한 기계덩어리 수준의 임플란트로 때려잡는 게임,2,18,True,Recommended,11391,1679063529
사이버펑크 2077,예전에 플레이 안해봐서 모르겠지만 버그가 상당히 줄어듦 스토리 진행하면서 본 버그는 2 3번 정도임 하지만 오픈월드라고 하기에는 주변 ai들이 너무너무 멍청하고 순간이동되는 경찰 등등 고질적인 문제는 해결되지않음 gta만큼 디테일이 좋진 않지만 모드를 깔면 충분히 해결 가능성 보임,2,0,True,Recommended,6003,1676377524
사이버펑크 2077,렐릭1.1.0.최신버전드롭박스링크설치다운방법,2,0,True,Recommended,8175,1675878484
사이버펑크 2077,스토리가 약간 뒤에 아쉽다고 해야하나 좀 이상하다. 스포랑 별개로 이거 스토리가 결말도 여러개 이긴 하지만 어째든 주인공은 죽어야 한다는 결론에 이르는 건데 좀 이상하다. 뭐 앞에 서론 본론 결론 모두 살려줄 듯 해놓고 딱 끝날때 그냥 뒤져 라고 하는 거랑 뭐가 다른가 싶음. 추가 이 게임은 내가 끈 적이 손에 꼽는다. 튕기는 게 일상인 게임. 스토리 1회차 튕긴 횟수 20회 내가 끈 횟수 5회 참고 하시고 게임 하세요,2,0,False,Not Recommended,3302,1675590090
사이버펑크 2077,GTA 하세요,2,1,False,Not Recommended,1417,1674465404
사이버펑크 2077,2023년이 되자마자 한 일 주디랑 야쓰하기,2,4,True,Recommended,11015,1672556972
사이버펑크 2077,엣지러너 보고나서 트레일러 보고 못참음,2,47,True,Recommended,2075,1672322254
사이버펑크 2077,생각보다 버그 없고 있어도 게임진행에 방해 안될정도임,2,0,True,Recommended,7478,1672219473
사이버펑크 2077,거의 8시간 게임했고 챕터1 깨고 챕터2 진행중임 컴터 스펙 RTX 4090에 12600KF인데 CPU가 구데기여서 그런지 옵션중에서 사이코 2개 있는데 이거 두개 사이코하니까 프레임 30따리 나와서 얼탱이없어서 걍 울트라 풀옵션으로 하는 중임. 근데 그래픽이 와 개쩐다 이런거는 못느끼는 중. 레데리2 챕터2까지 했는데 GTA하고 나서 2번째로 맞는 오픈월드라서 그런가 게임속도가 답답해서 때려침. 물런 훌륭한 서부 그래픽은 지금생각해도 지만 그거만으로는 만족못했음. 그래서 이참에 사펑 50 할인하길래 샀는데 난 차라리 사펑이 더 나은거 같음. 현대 미래 사회속에서 총 사고 돈모아서 플렉스질하고 내 이맛에는 이게 더 맞는거 같음. 솔직히 뭐 종종 최적화 이상한 부분이라곤 아직까진 그 초창기에 t 버그? 그 흑누나 트레이닝실 로봇이 잠시 멀리 떨어지면 양팔벌려 자세 나와서 원래 이런건가 싶었는데 그게 버그였던거임 그거말곤 아직까진 없었음. GTA가 최적화도 그렇고 유저친화적으로 만들어놔서 그런가 사펑할때 이만저만 불편한 부분이 없지 않았음. 예를 들면 오토드라이빙 모드같은거. 말도 많고 탈도 많은 게임은 맞긴한데 솔직히 정가 주기엔 아깝고 지금처럼 50 할인할때 뇌빼고 오픈월드 겜하고 싶은사람한테는 난 추천해주고 싶음.,2,0,True,Recommended,2953,1671887407
사이버펑크 2077,비싼데다른,2,1,True,Recommended,5233,1671026160
사이버펑크 2077,이 게임은 엣지러너를 낳았기 때문에 가치가 있다.,2,2,True,Recommended,1947,1670249847
사이버펑크 2077,이게게임이냐????????? 2시간넘어서 환불이안되네 커마 고1추크기 정하는데 한시간반걸렸는데 환불해주지그냥 에휴 특히 자동차조작감은 카트라이더보다도 구림,2,0,False,Not Recommended,498,1669481878
사이버펑크 2077,"여전히 버그가 존재하지만 게임을 하면서 지장을 받을 정도로 문제가 되지 않는다. 또한 게임 스토리가 게임을 이해하기 쉽도록 잘 구성되어 있으며, 대화 선택에 따른 엔딩 분기도 어떻게 될지 궁금하게 하는 묘미이다. 2회차까지는 할 생각이 없지만, 1회차로도 충분히 재미있는 게임 넷플릭스 엣지러너도 보고오면 더욱 재미있어지는 게임",2,38,True,Recommended,4912,1669475207
사이버펑크 2077,하지마 버그야 전부 버그,2,1,False,Not Recommended,405,1669430312
사이버펑크 2077,재밌긴 한데... 재밌긴 한데... 뭐랄까 내가 생각한거랑 뭔가 다른데?? 짜장면 먹으러 온 중국집이 치킨집이였던거임 23.03.07 추가 그리고 생각해보니까 왜 재키와의 시간을 텍스트로 퉁침? 시발 빨리 DLC 안가져와? 큰물에서 보자 재키,2,1,True,Recommended,12544,1668771482
사이버펑크 2077,"내가 생각했을때 할인해도 33000원은 너무.. 비싸다 대략 2 3만원대면은 오., 가격대비에 좋네 그래픽 좋고 하는데 솔직히.. 원가 66000원은.. 오바아니냐.. 솔직히 66000원으로 건담을 사서 조립하는게 더 성취감과 재미가 더 있을듯..",2,1,False,Not Recommended,876,1667320538
사이버펑크 2077,"시작하자마자 스킵되는 스토리 와 여긴 뭐하는곳이지 싶으면 죄다 잠겨서 안열리는 반픈월드 어딘가 이곳저곳 구멍뚫린듯한 엉성한 서브퀘스트 엄청 짧은 메인스토리 그걸 다 뒤엎는 사펑 특유의 더럽고 칙칙하고 우울하지만 특유의 화려한 분위기 상황에 맞아떨어지는 브금들이 진국이며 전투가 엄청 재밌어서 돌아다니며 파밍하는 맛이있다 풀더빙으로 인해 기업국가가 되어버린 땅덩어리의 비루한 인간들의 삶이 더욱 적절하게 다가왔으며 게임 내에서 얻을수있는 메세지, 샤드 일지 는 이 게임의 몰입감을 살려주는데 이바지했다 팔수록 매력적으로 다가오는 세계관이라 될거 같은데 왜 안되지? 싶은 부분들이 정말 아쉬울 따름이다 잘려나간 부분이 다 살아났다면 제값도 안아까울텐데 아직까지 눈에 띄는 버그 및 가끔 보이는 튕김현상 특정구간에선 최적화가 덜됐는지 렉이 걸리는걸 봤을때 할인할때 사는걸 추천 솔직히 게임 인트로인 스탠리의 나이트시티 소개부분은 정말 잘 만들었다고 본다",2,30,True,Recommended,12569,1667101388
사이버펑크 2077,아담 스매셔 씨1발련아 데이비드 몫이다,2,1,True,Recommended,5374,1666695158
사이버펑크 2077,엣지러너 보고 아담 스매셔 죽이려고 다시 깐다 시발련들아 레베카 살려내,2,22,True,Recommended,1670,1663859736
사이버펑크 2077,1.5패치부터 처음 접했는데 재미있습니다. 욕이 찰집니다.,2,3,True,Recommended,3384,1646150074
사이버펑크 2077,아껴먹을걸.........,2,0,True,Recommended,5167,1645707420
사이버펑크 2077,"1. 버그 개발팀이 게임을 포기했나 ? 느낄 만큼 버그가 많습니다. 출시 초반엔 더 많았다는데 그 때 구입 하신 분들은 지금 환불 요청해도 해줘야 하는게 아닐까하네요.. 탈 것을 불렀는데 나를 쳐 박아 죽이고 도망간다던지 NPC가 갑자기 땅에 쳐 박혀서 게임 진행이 안된다던지 퀘스트 중 NPC에게 전화가 와서 강제로 퀘스트가 선택되어 두 퀘스트가 곂쳐 게임 진행이 안된다던지 대화씬에서 옆에 일반 NPC 대화 하는 것과 겹쳐서 두 개의 자막과 음성이 합쳐져 뭔 퀘스트를 하는지도 모른다던지 퀘스트 자리에 차를 세워놨더니 차를 타고 오는 NPC가 정차 되어 있는 차와 부딪혀서 차가 폭발하여 다 죽는다던지 살면서 이렇게 버그가 많은 게임은 처음 이네요 그래도 게임 자체는 재밌어서 아니 이건 또 뭐야 하면서 넘어갈 수 있긴 합니다.. 사람 마다 다르겠지만요.. 2. UI 편의성 확실히 게임사에서 이 게임을 포기 했다고 느끼는 순간입니다. 개발팀에 대충 이런 느낌으로 만들어주세요 라고 누군가 던지고 개발팀이 귀찮아서 진짜 그렇게만 만든 느낌입니다. 기본적인 이런 게임의 규칙 사격, 이동 등 을 제외하고 총기류, 아이템, 스킬, 이동, 단축키 싸펑만의 특유한 그 어떤 것도 개엉망 입니다. 같은 총기, 의류가 엄 청 열 받을 정도로 많이 드랍되어 이딴게 무슨 소용이지 ? 하는 생각으로 파밍하며 아이템을 비교 하는 시간이 아까울 정도 였고 옵션을 알아보지도 못할 정도로 가독성이 엉망입니다. 게임 초반 이후로 드랍 된 무기와 현재 장착된 무기를 비교하며 플레이 한적이 없습니다. 진짜 개불편합니다. 어차피 리볼버로 뚝배기 원콤이기도 하구요 스킬도 마찬가지 입니다. 치명타 7 올려준다는데 아니 그래서 내 치명타가 지금 몇 인데? 하고 찾아보다가 포기했고 네비게이션이 진짜 개엉망입니다. 엄청나게 뺑뺑이 돌려 대려간다던지, 터널 들어간 마냥 위치를 못 찾는다던지 등 이런 류의 게임 중 가장 최악의 네비게이션이였습니다. 아이템 설명도 최악입니다. 투명화 되는 아이템이 있어 싸펑은 유사 침투게임 이기 때문에 전재산 써서 개꿀 하면서 샀는데 사용 대기 쿨타임이 표시되지도 않고 전투 중에 개꿀 하면서 썼다 그대로 총 맞아서 사망 했습니다. 파밍은 시체가 차 밑으로라도 들어갈 경우 못 먹고 템을 인식하는 시스템 자체가 개 엉망입니다. 템 인식이 엄청 안되서 주위를 맴돌면서 F를 졸라 연타하게 되어 나중엔 파밍 안하게 되는 이유가 되었네요 특히 진짜 제일 열받는 부분................ 대화씬에 들어가기전에 앉아 있었을 경우 대화씬 들어간 이후로 대화 끝날 때 까지 다시 일어나지 못합니다. 대화스킵 버튼도 C고 앉기 일어나기 키도 C입니다. 키아누형 동양인 처럼 나오는건 얼굴 다 뭉개져서 나오는건 진짜 또 개열받는 부분중 하나구요. 3. 사양 3070 ti 최고사양으로 돌릴 경우 쾌적하게 할 수 있었으나 특정 구간에서 프레임이 심하게 드랍됩니다. 정말 뜬금없는 특정구간이라 이게 사양이 딸려서가 아니라 게임 자체 문제라고 생각 되긴하네요 4. 평가 급하게 출시하고, 싸펑 개발진 위쳐개발진 들이 대부분 중도 퇴사하거나 현재 대다수 남아있지 않다고 들었는데 게임성과 편의성은 네임드에 비해 이미 고칠 수 없을 정도로 나락간 게임이라 버그 몇개 고친다고 나아질 수 없는 게임입니다. 리뷰들 보면 예전에 비하면 나아졌다 , 존버하면 승리 할거다 하는 말들이 많은데 위 나열한 것들은 모두 기본적인 기능과 버그들이고 출시한지 2년이 지났습니다. 이런 문제점들이 아직 개선 수정이 아직도 안됬다라는건 개발사에서 게임 포기했다고 보면 될 것 같습니다. 그럼에도 위 문제들을 포함하여 몇 가지 더 개열받는 부분을 참고 견딜 자신이 있다면 반값 이상 할인 할 때 충분히 해볼만한 게임입니다. 그래서 더 아쉽기도하네요 서브퀘 간간히 하면서 설렁설렁 엔딩 보니까 24시간 정도 걸렸네요. 정가주고 사는 호갱은 없길 기원하며 리뷰 씁니다.",2,5,True,Recommended,1481,1645626116
사이버펑크 2077,"50 할인하고 패치도 된겸 플레이해봤습니다. 총이 멈추지 않고 자동으로 발사되거나, 벽 에서 적이 튀어나온다거나, 달리기가 안되거나, 차 안에서 갇혀서 못나오거나 하는 등 사소한 버그말곤 정말 재밌씁니다 구매 추천합니다",2,0,True,Recommended,3841,1645362791
사이버펑크 2077,조금 해봤는데 별로 재미 없네요.,2,2,True,Recommended,13232,1645274096
사이버펑크 2077,Absolute Cinema.,2,1,True,Recommended,6133,1643423078
사이버펑크 2077,"총평 전범급 마케팅을 뒷전으로 여기고 하면, 상당한 고퀄리티의 타임 킬러. 하지만 남는 것은 없는. 6 10 22년 2 21일 1.50패치 기준 정말 아이러니하게 뛰어난 몰입감과 수십시간을 손에 땀을 쥐며 플레이하게 만들지만 왠지 모르게 끝내고 나면 별로 생각 안나고 다시 손이 잘 안가는 게임. 해당 리뷰는 몹시 주관적입니다. 1.5패치 후 추가 평 개선일 뿐 게임 체인저는 될 수 없었다. 여러 유틸리티, 이펙트, 버그 픽스 등이 있었지만 게임의 기반이 바뀐 패치는 아님. 다만 처음 접하는 사람이라면 확실히 기존 플레이어들과 달리 훨씬 쾌적하게 플레이할 수 있을 것. 추가된 컨텐츠들은 2시간 정도 오 이제 이런 것도되네. 하고 말 수준이기에 아직 올드유저들이 돌아와 다시할 이유는 그닥 없어보임. 회사가 회사인 만큼 아직 개선의 여지가 없다고 볼 수는 없으나 이번 패치를 기준으로 확실히 앞으로 어느 정도 새로운 컨텐츠들은 생길 지 모르나 DLC가 나오지 않는 한 게임의 기반이 바뀔 일은 없어 보인다. 1. 스토리 7 10 정말 몰입감이 높고, 연출, 음악, 모든 요소들이 찰떡같이 잘 버무려져 높은 몰입감을 선사함. 그런데 군데군데 빠져있는 나사들이 괜히 거슬림. 그 중 가장 눈에 띄는 요소는 캐릭터성의 붕괴. 메인 케릭터의 또 다른 인격이라고 볼 수 있는 조니 실버핸드와의 상호작용은 게임의 진행도와 별개로 이루어지는 것 처럼 느껴져 몰입감을 간혹 저하시킴. 각 퀘스트간의 상호 유기성은 기대하지 말 것을 권장함. 폴아웃 뉴베가스처럼 하나의 퀘스트가 전혀 다른 퀘스트에 영향을 주고 각 인물들과의 관계에 어떠한 영향을 주는 것과 같은 요소들은 엔딩 크레딧을 제외하곤 거의 없다. 전개도 엥? 갑자기? 라는 생각이드는 부분이 여러 부분도 존재. 2. 전투 5 10 슈팅 게임으로서 사펑 2077은 솔직히 크게 유별난 요소가 없다. 리얼한 슈팅 전투는 당연히 기대하는 사람은 없겠지만, RPG적으로만 봐도 그닥 특별하지 않다. 스킬트리는 크게 5가지로 나뉜다. 체력, 스테미나, 샷건 및 둔기같은 돌격형 빌드를 위한 신체 트리. 여러 원거리 총기 및 근거리 칼과 같은 무기를 위한 반사 신경 트리. 아이템 제작 스카이림의 스미싱같은 혹은 특정 기술 자동 조준, 관통, 폭파물등 을 튀한 테크 트리. 원거리 메이지 마냥 적을 해킹하고 데미지를 주거나 내성 저하 및 여러 유틸리티에 좋은 지능 트리. 어느 빌드에도 적용시키기 좋은 냉혈 스킬이나 은신을 위한 냉정 트리. 각 트리 별로 개성이 뚜렷하고, 대체 불가능한 기능을 가진 경우가 잦고, 만렙이 50레벨으로 꽤나 낮은 편이라 빌드를 만들 때 신중하여야 함. 세부 스킬은 재분배가 가능하나 스킬트리 자체에 적용된 레벨은 재분배가 불가능하니 본인처럼 만렙이 50인줄도 모르고, 스팩업 시키다가 겁나 애매한 빌드가 나올 수도 있음. 그리고 난이도에 따라 특정빌드는 거의 불가능함. 쉬움에서 어려움까지의 난이도는 어느 정도 빌드의 자유도가 높으나 매우 어려움 난이도에서 근접 빌드는 그냥 불가능. 물론 난이도 관련 도전과제는 없어서 크게 신경은 안써도됨. 여기서 나사가 좀 많이 풀린게 퀵핵 지능 트리 랑 일부 테크 빌드인데, 전투 도중에 갑자기 되도안는 퍼즐을 해야되서 좀 피곤한데 이 퍼즐의 난이도도 랜덤 물론 그리 어렵지는 않음 . 퀵핵은 그냥 조준하고 시전하면 실행되는 일종의 다른 게임의 메이지 마법 스킬과 유사한데, 별다른 이펙트도 없고, 그냥 조준, 선택, 적용하면 갑자기 적이 데미지를 입거나 특정 효과를 주는데, 전투의 재미를 오히려 떨어뜨리고 흐름이 깨지기가 쉬움. 물론 일부 유틸리티 퀵핵은 재미있긴하지만 딱 이런 것도 있나보다 정도. 3.레벨디자인 및 오픈월드 3 10 이것 저것 할 것이 많기는 하지만 결국 반복형, 양산형 퀘스트로 가득 차 있고 샌드박스 요소는 거의 없다고 보아도 무방. 마커로 맵에 모든 것들이 표시되어 있고, 처음 발견하는 것들도 다 이미 어디서 본 듯한 것이라 성취감보다는 실망감밖에 주지못함. 뉴베가스나 젤다의 전설 야생의 숨결처럼 유저의 관찰력과 호기심이 강력한 동기로 작용하여 게임을 이어가게 하는 것과 정반대로 이 게임은 거의 모든 것들을 얘 여기 있어요! 하며 표시하고 유저가 무엇을 보고 능동적으로 무언가를 접근할 수 있도록하는 요소들은 전혀 없음. 즉, 이 게임은 플레이어를 바보로 알고 레벨을 디자인했다고 보아도 무방함. 길거리를 활보하는 수 많은 NPC간의 상호작용들과 플레이어와 NPC의 상호작용은 거의 없다고 보아도 무방하며 환경적 요소들도 마찬가지. 무언가 멋진 것이 보인다면, 그저 보기 좋은 떡일 뿐, 씹어보면 플라스틱임. 4. 세계관 7 10 흔히 로어라고 부르는 세계관 설정 및 백스토리들은 흥미로운 것들이 가득함. 처음엔 도대체 이 세상은 왜 이런가 하지만, 자세히 파고들면 납득할만한 세계관과 현사회의 시스템을 비판하는 면도 없지 않다. 물론 다소 정치적으로 느껴질 수 있지만, 우리 너무 진지빨지는 말자. 그냥 얘네는 그렇게 생각하나보지. 아무튼 이러한 요소들은 텍스트를 읽는 것을 좋아하는 사람이라면, 꽤나 흥미롭게 읽을 수 있을 것. 하지만 그 깊이는 다크소울, 스카이림, 폴아웃, 니어에 비빌 것은 전혀 못된다. 5. 미술 및 사운드 9 10 이 부분은 아마 대부분 동의할 것. 아마 플레이를 전혀 해보지 않고 트레일러만 보아도 상당함을 느낄 수 있다. 특히나 스토리 연출 부분에 있어, 미술과 사운드 음악 에서 오는 몰입감이 무시무시함. 이 한 부분만큼은 분명 그 어떤 게임도 보여주지 못하는 압도적인 위치에 있다. 6. 최적화 및 버그 AMD 5800X, RTX 3070기준 4 10 이게 출시 1년된 게임의 최적화 수준이라는게 놀라울 따름. 출시 후 정확히 1년만에 구매하여 플래이 하였는데, 도대체 1.31 패치 전에는 어느 수준이였을지 감도 안잡힐 수준으로 처참함. 특정 버그들은 연출과 구분이 잘 안되서 지금 이게 버근지 아닌지, 다시 깨보거나, 다른 플레이 영상이랑 비교해봐야 알 수 있음 ??? . T포즈 버그, NPC 걸림 버그, 갑자기 하늘에서 헬기 추락하는 버그, 간혹 발생하는 CTD등등. 1.31패치 기준으로 플레이하기 불가능하다라고 판단될 만큼 버그는 거의 없지만, 몰입도는 충분히 망칠만 하며, 70시간의 플탐동안 CTD는 총 5번 정도 발생함. 그리고 불특정하게 프레임 드랍현상이 있는데, 원인을 모르겠음. 주변에 폭탄 펑펑 터지거나 슈퍼카로 비오는 날에 길거리에 사람도 많은 상황에 도시에서 드라이브를 해도 60프레임 이상이 나오다가도, 갑자기 좁은 방에서 15 20으로 떨어지기도 함. 혹시나해서 중하옵으로도 돌려봤는 똑같았음. 도무지 원인을 모르겠음.",2,59,True,Recommended,13239,1642943691
사이버펑크 2077,2077년이나 2042년이나 왜 미래는 죄다 이지경인겁니까?,2,1,False,Not Recommended,30848,1642894096
사이버펑크 2077,더빙때문이라도 50 할인할때 사면 괜찮다고 생각,2,19,True,Recommended,13189,1642240516
사이버펑크 2077,또 DLC 주세요 진짜 잼씀!,2,1,True,Recommended,7774,1641295277
사이버펑크 2077,하지마 그냥 하지마 시발 할인한다고 버그덩어리 냅다 사지 말고 비비큐 황올 2마리 시켜먹으셈,2,0,False,Not Recommended,2138,1639257777
사이버펑크 2077,내 돈 돌려내 인줄 알았는데 사실 엄청난 갓겜,2,3,False,Not Recommended,4062,1639205165
사이버펑크 2077,이 겜 덕분에 3080 싸게 샀어요! 근데 버그땜에 게임은 제대로 못했어요! 어쨌든 고마워요 사이버펑크! 내지갑에 덜 펑크 내줬내요,2,0,False,Not Recommended,822,1639144566
사이버펑크 2077,엔딩보고 적는 후기. 버그 좃망 AI는 2000년대 초반보다 못하는 수준 이거 할시간에 다른게임,2,3,False,Not Recommended,2045,1638995572
사이버펑크 2077,2077년에 완성되는 게임,2,0,False,Not Recommended,8908,1638258616
사이버펑크 2077,할인하네 씨2발새2끼들,2,1,False,Not Recommended,5517,1637779154
사이버펑크 2077,야 난 싸펑덕에 3080 백마넌에 주섯다 이시키들아 갓겜이다 추천눌러라,2,1,True,Recommended,11021,1634983582
사이버펑크 2077,월드와 상호작용이 거의 없는 그냥 유비식 오픈월드라고 생각하면 납득할 수준의 게임. 물론 나는 유비 게임들이 싫다,2,3,True,Recommended,4564,1634788856
사이버펑크 2077,"전 이 겜을 출시 하루전에 산 흑우 새끼고 대가리가 심하게 깨지고 말았습니다 그 처참한 평가의 광풍이 지나가면서 전 이 겜을 사놓고 플레이 하지도 못했죠 그리고 최근에야 할 수 있었습니다 솔직히 초반엔 정말 재미있었습니다 진짜 초반 멜스트롬 뚝베기 깨러갈때 까지만 하더라도 이게 이정도로 욕먹을 게임인가 싶었죠 지리는 분위기, 매력넘쳐보이는 캐릭터들 그리고 그건 V가 덱스터에게 대가리가 깨지면서 다 허상인게 들어납니다 어디에나 보이는 버그들 형편없는 npc들과 거슬릴 수준의 낮은 예외처리 너무나도 덜 만들어졌다는게 보이는 디테일들 거대한 나이트시티는 너무나도 공허한 곳이였습니다 그럼에도 게임은 나름 재미있었습니다 예정된 파멸을 거부하며 빌악하는 V와 그가 발악을 하면서 만나는 수많은 인간군상들 그 인간군상들과 만나며 V는 자신이 마주할 최후를 정하게 됩니다 V의 최후는 결코 바꿀 수 없습니다 단지 추하게 갈지 그가 그토록 원하던 전설이 될지의 차이죠 개인적으론 스토리는 호불호 갈리겠지만 전 스토리 만큼은 대단히 만족했습니다 한 3만원 정도로 떨어지면 스토리 한번 찍먹하기에 부담없을거 같습니다",2,29,True,Recommended,17044,1634631603
사이버펑크 2077,유명한 호텔에서 뷔페를 오픈하여 가보았다. 인테리어도 죽이고 밖으로 보이는 풍경은 햇살도 반사 되면서 가히 절경이다. 그런데 이상하다. 직원들은 멍청하기 짝이없고 음식은 전투 외에 모두 노맛이다. 뷔페에서 한 음식만 조지는 사람에겐 추천,2,15,True,Recommended,13720,1634129716
사이버펑크 2077,키아누 리브스 미션도중 화면이 검게 보이며 한치 앞도 안보였다. 오... 이것이 차세대 연출인가??? 하며 심봉사 마냥 겨우겨우 미션을 깨고 보니 버그라더라,2,1,False,Not Recommended,916,1633347306
사이버펑크 2077,쓰레기 게임,2,1,False,Not Recommended,2452,1630058858
사이버펑크 2077,하지 마세요,2,49,True,Recommended,8070,1629654706
사이버펑크 2077,버그가 왜 안괜찮아지는거지?,2,1,False,Not Recommended,1912,1628346357
사이버펑크 2077,개인적으로 이런 류의 게임을 너무 좋아하다보니 나이 먹고도 틈틈이 하고 있다. 음. 이 게임은 뭐랄까. 바탕 화면의 아이콘을 보고 있으면 다시 도전하고 싶어서 더블 클릭을 했다가... 실행 화면이 나오면 게임 종료를 누르게 되는.. 뭐 그런 게임.. 배가 고파서 라면 끓이는 도중에 주섬주섬 주워먹은 다른 주전부리 때문에 몇 젓가락 안 뜨고.. 그냥 냄비에 불리고 있는 라면이라고 할까..?? 버리기는 아깝고.. 또 먹고 싶을지도.... ... 먹자니...........................뭐한... 나름 신선한 면이 있어서 세일 때 구매해서 즐겨보는 것도 나쁘진 않을 것 같다... 쓰다보니... GTV는 정말 잘 만들었네.......... 그거 DLC나 좀 만들지.... 락스타놈들.. 나쁜놈들...,2,29,False,Not Recommended,1919,1627127840
사이버펑크 2077,아직도 버그많음,2,2,False,Not Recommended,17481,1626852759
사이버펑크 2077,한국어 더빙때문에 추천준다. 한국어 더빙 없었으면 아굴창행,2,20,True,Recommended,4029,1625574311
사이버펑크 2077,3070 69만원에 샀습니다. 추가 1.3패치되고 다시 조금씩 해보고 있는데 은근 재밌네요? NPC AI 이상한거랑 가끔 버그 걸리는것만 좀 어떻게 해주면 좋겠네요.,2,3,True,Recommended,10761,1625572775
사이버펑크 2077,2시간 40분 정도 플레이 하고 환불 받았습니다... 락스타의 오픈월드를 사랑하는 한 사람으로써 이건 무조건 환불해야한다는 위협신호가 아주 강하게 왔습니다. 나중에 만원하면 그떄 다시 사겠습니다,2,3,False,Not Recommended,869,1625138297
사이버펑크 2077,"약간 쓰레기를 고급 포장지로 감싼느낌. 한마디로 예쁜 똥겜. 내가 배틀필드5하고 부정적은 이번이 2번째. 지금 여름세일해서 33 할인하고 있어서 흑우인 난 사보았지만 비추천한다. 그레도 CDPR이니 패치는 기대해본다. 나아아중에 75 할인하면 그때 사보도록 하자. 엔딩본 후 평가 확실히 스토리하나는 좋다. 하지만 중간중간 버그와 생동감이 없어 나만 세상에 있는 느낌이 게임 내내 가시지 않았다 상황에 맞지않는 NPC들의 발언, 똑같은 루트대로 움직이는 NPC들, 뭔가...공허하다. 나만 전투하는것같고, 나만 돌아다니고, 물론 이를 보완할려고 노력한건 보였다 퀘스트 깨러 가는 길에 깡패들과 싸우는 경찰들, 시민들 괴롭히는 깡패들 이처럼 노력은 보였다. 하지만 이 게임의 배경이 되는 나이트시티의 분위기를 보면 부족하다. 싸우는 경찰들도 그냥 총쏘는게다다. 내가 원했던 사이버시티는....막....길가다가도 하늘에서 로봇 전투기?같은게 떨어지고 그걸 보고 아무렇지 않는듯 자연스럽게 갈길가는 시민들을 원했다. 너무 크게 기대했나.. 사이버시티의 이미지가 이거 아닌가? 도심 곳곳에서 살인이 일어나고, 도심 한복판에서 성관계를 하는 시민들, 범죄자들을 탑스타처럼 반기는 시민들.....난 이런걸 원했다. 하지만 현실은 달랐다. 너무 달랐다. 자연스러운 시민들? 낮,밤이 바껴도 똑같다. 아 그리고 엘더스크롤과 같이 내가 무엇을 결정하느냐에 따라 선택지가 바뀌고...이벤트가 열리고...이런걸 기대하셨다면 환불하길 바란다. 씨1발 내가 무엇을 고르든 똑같다. 엔딩부분만 뻬면 선택지를 만들어논 의미가 있는가 어쨌든 엔딩을 봐도 똑같다. 사지마라",2,1,False,Not Recommended,3075,1624668423
사이버펑크 2077,재밌음. 더빙도 좋고. DLC는 연출도 좋음 재밌게했다!,2,14,True,Recommended,64276,1623521837
사이버펑크 2077,미완성 게임을 풀프라이스로 샀다니! 돈아까워서 한번씩 하는데 그 xx겜 아직도 하냐고 친구들이 놀려요,2,3,False,Not Recommended,4940,1621502471
사이버펑크 2077,포브스 선정 최고의 그래픽카드 벤치 테스트 프로그램. 게임은 아님,2,7,False,Not Recommended,3085,1621493712
사이버펑크 2077,"예약구매를 하면서 6만원을 썼지만, 발매일에 맞춰 플레이 하기 위해 3080을 사도록 해준, 100만원을 절약하게 해준 게임. 갓 겜입니다.",2,6,True,Recommended,5919,1621446371
사이버펑크 2077,이 게임은 지금 갓 만든 와인과 같습니다. 병만 럭셔리하고 내용물은 최상의 맛을 내기까지 기달려야됩니다. 주의 발효 과정에서 식초가 될 수 있음 최상의 맛이 나기까지 몇년이 걸릴지는 아무도 모릅니다.,2,3,False,Not Recommended,6743,1621319293
사이버펑크 2077,이거 왜만들었녀 슈발 이거 내가 몇년을 기다렸어 슈바알 왜만들었어 에휴 슈발,2,2,False,Not Recommended,1823,1619769952
사이버펑크 2077,기대만큼 안나온게아니라 완성도안되고 나온것 패치후 할만하겠다하는데 기본적으로 재미가없기때문에 아예 처음부터 만들지않는이상 70퍼 할인할때 잠깐하다 끄고 다시는 안키는 그런게임 지금도 패치때 잠깐떠들고 언급도없다 비평보다 무서운게 무관심이다,2,58,False,Not Recommended,4574,1619602612
사이버펑크 2077,.. ... .. .. . . . . . .. . .. .. . ..... . .. .. .,2,3,False,Not Recommended,3479,1619579399
사이버펑크 2077,이걸 예상하고 2080Ti 를 산 저는 호구가 되었습니다,2,2,False,Not Recommended,953,1618112039
사이버펑크 2077,재평가 다시하자면 픽스를 많이해놔서 할만해짐 근데 아직도 버그가 존재한다만... Dic 와 애니때문에 떡상되서 넘나좋다,2,6,False,Not Recommended,49049,1617445538
사이버펑크 2077,이것때문에 RTX 3080을 100만원대에 살수 있었다니... 그것만으로도 갓갓게임입니다,2,0,True,Recommended,3212,1617354684
사이버펑크 2077,RTX3070을 저렴하게 구입 할 수 있게 해주어 고마운 게임.,2,2,True,Recommended,4858,1617209442
사이버펑크 2077,사지없이 탄생한 신생아,2,6,False,Not Recommended,13426,1616409149
사이버펑크 2077,아담 젠슨의 엉덩이만큼도 못한 게임,2,3,False,Not Recommended,3550,1614243662
사이버펑크 2077,버그때문에 플레이다시해서 시간지난건대 환불하게 해줘 씨벨럼들아,2,5,False,Not Recommended,465,1613669972
사이버펑크 2077,저는 병신입니다. 재밌을 뻔한 요소들 때문에 미련이 남아 계속 붙잡아 보았지만 마음 한편이 허해질 뿐이었습니다. 언젠가 문득 생각이 난다면 그 때 다시 한번 해 보도록 하겠습니다.,2,4,False,Not Recommended,13510,1613128567
사이버펑크 2077,"여러모로 안타까운 작품 사이버펑크 2077 제작사가 처음 이 계획을 했을떄 큰그림을 그리고 방대하게 짰을텐데 결과가 이 상태로 나왔다는것은 제작사의 역량파악 부족과 프로젝트 관리 실패 , 유능한 직원의 지속적인 유출 그리고 게임상태를 고려하지 못한 과대광고와 허위광고, 주먹구구식 개발방식, 유저들의 과도한 기대를 설득할 생각을 하지 못한 제작진, 무리한 개발 일정을 강요한 경영진 이 게임이 실패한 이유를 더 들수도 있지만 대표적으로 보면 이렇게 나누어볼수 있다. 그렇다 이 게임은 미완성이다. 개발진들은 알고 있었다 게임이 적어도 2022년 이후에 나와야 한다는 것을 아마 위쳐3도 허위광고 과대광고는 없다 치더라도 비슷한 개발환경 이었을텐데 크나큰 대박을낸 사례가 있기에 경영진들은 사이버펑크 2077도 위쳐3처럼 갈아버리면 더 대박을 치겠지? 라는 경영진의 안일한 생각이 반영 되었을 가능성이 크다. 하지만 위쳐3때와 사이버펑크 2077의 상황은 달리한다. 위쳐3때 나오기전에 당시에는 위쳐 시리즈는 초대박 보다는 중에서 소소한 대박을 치는 시리즈였지만 위쳐3에서 크게 흥행가도를 써내려 간다. 그로인해 제작사의 규모도 커지고 전세계적으로 유명해지게 된다. 사이버펑크 2077의 기대는 위쳐3 그 이상 아니 그 몇배였기에 역풍을 쎄게 맞고 있다. 많은 사람들이 사이버펑크 2077이 명작이 될거라는 믿음의 근거는 위쳐3였고 게임이 워낙 잘뽑히는 바람에 사이버펑크 2077도 그 이상을 바랄것이었다. 그러나 결과는 여러모로 나사 빠진 모습과 버그가 산재히 하고 오픈월드라는 말도 무색하게도 생기있게 보여준 모습이 하나도 없었다는 것이다. 난 이 게임에서 기대했던것은 위쳐3와 비슷한 서사 선택의 결과물을 기대했지 GTA같은 샌드박스식 게임을 기대하지는 않았다. 그럼에도 이 게임을 재밌게 즐겼다는 사실이다. 게임의 문제점과 모자른 부분을 예기 하자면 끝도 없이 써내려갈수도 있지만 단점이 많아도 장점은 있지 않은가? 그 점에 대해 말해 보겠다. 1.개선된 전투 적어도 전투부분에서 위쳐3의 개선된 점이 보인다. 나는 위쳐3의 전투도 재밌게 즐겼지만 어떤 사람들은 위쳐 특유의 전투방식을 지루해한 사람들이 있다. 게임을 하다보면 전투는 꽤 신경쓴 부분들이 있다 해킹,근접무기,다양한 총기,은신,테크,사이버웨어가 있는데 어느 트리를 타든 적당하고 상당한 재미를 보여준다. 어느 조합을 할것인지 유저 스스로가 계획하게 되어 상대를 어떤식으로 잡을지 또 어떤식으로 진입해 치고 빠질지를 생각하게되어 다양한 플레이를 유도한다는것이다. 난 그런점에서 맘에 들었고 재밌게 즐겼다 타격감도 나쁘지 않았다. 다른 1인칭 게임에 비해 크게 부족 하다는 생각은 못느껴봤다. 2.쉽게 빠져 들어가는 세계관 전작에서는 세계관을 이해하는데 진입장벽이 있는데 위쳐가 소설기반으로 한 게임이기에 세계가 탄탄하고 완성된 인물을 보여주고 스토리도 탁월하지만 처음 위쳐3를 하다보면 내가 개입하는 게임 세계지만 뭔가 소외감이 들어 따로 논다는 느낌이 종종 들때가 있다. 게임 시리즈를 모르고 하다보면 아무리 게임을 잘만들고 해봐도 처음 접하는 사람에겐 아리송 하다는 것이다. 사이버펑크 2077은 그점에 비해 덜하다 이 게임도 탄탄한 세계관을 바탕을 두고 있지만 위쳐3에 비해 덜한 느낌을 보여준다. 고유명사를 남발하고 있어보여도 살짝 거치고 보면 빠져들수있고 매력적이게 느껴진다. 정감가는 인물들도 있었고 그 반대의 경우도 있었다 나는 세계관에 대해 잘알지못한 상태에서 시작했는데 그럼에도 이 게임세계에 푹빠져들었다. 3.생각할 거리를 던져주는 퀘스트 어떤 사람들은 퀘스트 구조가 전작에 비해 퇴보했다고 하지만 단순화 시켰다고 보는게 좋을것 같다. 그럼에도 충분히 몰입할수 있었다. 페랄레즈 부부. 회개하고 용서를 구하는 흉악 살인범,음모론자 개리, 델라메인 택시,말하는 자판기,사이버웨어를 잘못 이식한 사람,브레인 댄스 상인 붉은 예언자,유명한 연예인 리지위지,전설의 락밴드 사무라이등 다양하게 포진해 있다. 퀘스트를 하다보면 묘하게 여윤이 남고 기억에 남는다 나는 그점에서 좋은 점수를 주고 싶다. 만약 게임이 완벽하게 나왔다면 위에서 말한것 같은 퀘스트가 많아서 더욱 몰입할수 있었을것이지만... 참으로 아쉬운 부분이다. 4. 완벽한 현지화와 더빙,번역 나는 이 게임이 더빙이 되어 나온다는 사실에 매우 기대했던 사람이었다. 한번 도중에 더빙 계획을 엎었다는 말을 듣고 그럴수도 있지 라고 납득했지만 시간이 흘러 다시 더빙한다는 소식을 듣고 매우 반가워했다. 들은 정보에 의하면 더빙시간이 다른 나라들보다 촉박했을텐데 상상이상의 퀄리티를 선보이니 나는 더욱 게임을 몰입하며 할수있었던것 같다. 인터페이스나 메뉴 간판 특정 샤드를 꽂으면 나오는 연출등 등 좋게 번역 되어있다. 오픈월드 게임을 많이 해본건 아니지만 주인공,조연,엑스트라,게임내 방송,광고를 한국어로 들으니 신선한 경험이고 매우 좋은 경험이었다. 만약 더빙 되어 있지 않았다면 이 게임을 그럭저럭 즐겼을것 같다 5.사이버펑크에 맞는 특유의 사운드 웬만해서는 게임들의 사운드가 구리게 나오는 경우는 적다. 그래도 이 게임의 사운드는 매우 훌륭하다. 탈것을 타면 나오는 라디오 음악 게임의 특정 상황에 맞는 사운드 그리고 특정 구역을 지나가면 들리는 음악등 다양하게 적절히 배치해 주었다. 어떻게든 개성을 부여해보려는 각 갱들과 의 전투 사운드까지 모자람이 없이 어우러져 있다. 내가 느꼈던 장점은 이정도 이다. 적어도 많이 뒤져보면 이것보다 장점이 더 많을것이지만 안타깝게도 장점보다는 단점이 더욱 크게 돋보인다는 것이다. 난 엄청 재밌고 즐거운 게임 경험을 하였지만 남에게 추천한다면 적어도 발매일 기준 6개월 길게는 1 2년 지나고 해보라고 추천하고 싶다. 그리고 컴퓨터 사양이 권장보다 조금 더 높아야 할만하다는 것을 참고 바란다. 마지막으로 할말은 난 아직도 이 게임에 기대를 하고 있다. 아직 마무리 하지못한 이야기들 그리고 하려던 이야기들이 많이 남아있기에 나는 그점에서 추천을 주고 싶다.",2,46,True,Recommended,69613,1613028070
사이버펑크 2077,이런! 사이버펑크 2077이 뻗었습니다. 이런! 사이버펑크 2077이 이런! 사이버 이런! 이,2,3,False,Not Recommended,6683,1611578313
사이버펑크 2077,많은 사람들이 버그와 완성되지 않은 게임성 때문에 부정적인 평가를 하지만 사실은 이 모든것은 CDPR의 계획이였다. 인간들이 많은것을 기계와 발전된 문명에만 의존한다면 끔찍한 일을 겪을수 있다는것을 게임 내에서 보여준다. 우리는 게임을 하고 욕을 하거나 무시하는것보단 이 게임을 계기로 곧 다가올 미래에 대해 먼저 경험해보고 많은 무수한 부작용들을 보며 우리 인류에 대해 편리하다고만 느꼈던 기계들의 어두운 일면을 보며 경각심을 일깨워 어두운 미래에 대해 대비해야한다.,2,1,True,Recommended,13843,1610456057
사이버펑크 2077,씨이벌펑크,2,3,False,Not Recommended,4228,1610174225
사이버펑크 2077,뭣 같은 완성도와 뭣 같은 운영.. 안타깝다,2,5,False,Not Recommended,3025,1609946470
사이버펑크 2077,내가 이걸 왜 샀을까 내가 이걸 왜 샀을까 내가 이걸 왜 샀을까 내가 이걸 왜 샀을까 내가 이걸 왜 샀을까 내가 이걸 왜 샀을까 내가 이걸 왜 샀을까 내가 이걸 왜 샀을까 내가 이걸 왜 샀을까 내가 이걸 왜 샀을까 내가 이걸 왜 샀을까 내가 이걸 왜 샀을까 내가 이걸 왜 샀을까 내가 이걸 왜 샀을까 내가 이걸 왜 샀을까 내가 이걸 왜 샀을까 내가 이걸 왜 샀을까 내가 이걸 왜 샀을까 내가 이걸 왜 샀을까 내가 이걸 왜 샀을까 내가 이걸 왜 샀을까 내가 이걸 왜 샀을까 내가 이걸 왜 샀을까 내가 이걸 왜 샀을까 내가 이걸 왜 샀을까 내가 이걸 왜 샀을까 내가 이걸 왜 샀을까 내가 이걸 왜 샀을까 내가 이걸 왜 샀을까 내가 이걸 왜 샀을까 내가 이걸 왜 샀을까 내가 이걸 왜 샀을까 내가 이걸 왜 샀을까 내가 이걸 왜 샀을까 내가 이걸 왜 샀을까 내가 이걸 왜 샀을까 내가 이걸 왜 샀을까 내가 이걸 왜 샀을까 내가 이걸 왜 샀을까,2,5,False,Not Recommended,1575,1609566132
사이버펑크 2077,"장점 주디 이쁨 단점 가. 등신같은 버그 나. NCPD 병풍 다. 오픈월드가 아닌 선형식 구조 라. 상호작용 병 신 마. 뒤통수에서 스폰되는 NPC, 경찰, 차량 바. 공중에서 바라본 자동차 껌딱지임 자세히 보면 눈알 썩음 사. 주디랑 플래그 세우는데 대화 존나 스킵하다가 떠남 아. 다 똑같은 총 숫자놀이 조짐 유일하게 생각나는 총 스키피, 오버워치 자. 전설템 존재 이유를 모르겠음. 특히 조니 총 간지만 나고 성능 장 임 차. 스토리 존나 노잼임 카. 영장발부 병신인게 사람 3명치고 영장 별3개 받고 그대로 200m 달리면 사라짐 타. 발매연기 조져놓고는 발매까지 버그 못잡은건 쪽팔린거임 파. 자동차 운전 조작감 그냥 맵 전체가 빙판임. 걍 오토바이 말고는 돈낭비 슈퍼카 왜 있는지 모르겠음 하. 모으기 같았던 델라메인 타로카드 다 모으니 삼천원씩 주던데 개빡침 코풀면 사라짐 흥이다 발넘아 버그 리스트 1. 차량 날아감 2. 대화할 NPC가 지하에 박힘 잠수하는 구간이라 스킵도 안되서 분노 500 3. 죽인적이 벽에 끼이거나 몸이 돌아감 4. 차량 소환 시 끼임 5. 지하로 들어감 6. 전투 배경음 안꺼짐 7. 대화박스 사라지지 않음 8. 지도에 표시한 마커가 화면에 따라 회전함 9. 조니 썬글라스 두개 겹쳐서 씀 10. 배경음 간혈적으로 끊김 11. 죽은놈이 말함 12. 시민 구해줬더니 쭈구려서 나한테 쌍욕박음 13. 경찰하고 눈마주치면 총 갈김 14. 영장발부상태에서 100m 떨어지면 영장발부 취소됨 15. 바로 옆에있는 친구 소음저격해도 모름 16. 권투하다가 모서리 올라가서 끼임 17. 차량 문이 안열림 18. 화면 까매지는데 연출인줄알고 10분간 감탄함 19. 빠따로 때려눕힌 적의 손이 돌아감 20. 누가 뒤통수 침. 뒤돌아 보면 아무도 없음 21. 점프하다가 가시망 닿으면 공중에서 앉음 22. NPC가 공중에서 계단밟고 내려옴 23. 차량 탈취미션에서 주차고에 차량 박아도 인식 못함 24. 탐지해야 퀘스트 진행이 되는데 탐지가 안됨 25. 빠따로 두피마사지 해준놈들 전부 살았다고 인식함 빠따 두번쳐서 확인사살 했는데도 생존으로 인식 26. 차량 소환 안됨 도로에서도 소환 안됨 27. 오토바이 갑자기 승천함 28. 자동차 레이스 미션에서 내차로 한다고 아갈털고 개 똥차가 내차라고 우김 29. 똥차 몰고 1위로 달리다 결승에서 쳐박아서 5등 되니까 NPC가 똥꼬만 쫓았다고 개소리 시전함 30. 가까이 있는 적 빠따로 치면 300m 바깥의 애들까지 다 알고 쫒아옴 31. 할인중인 리퍼닥 미션 진행 불가능 32. 적이 죽으면 요가함 33. 차량 두대 동시에 부르면 공중에 자꾸 쳐 날라감 34. 빠따로 애들 패다보면 DPS 0 무기로 변해서 애들 때릴까말까 때릴까말까 지랄 쳐하고있음 35. 가로등 차로 치면 차에 꽂힌채로 운전 가능 36. 죽인 적이 벽에 껴서 등신같은 포즈를 자꾸함 37. 최종보스 가기 전 따까리 앞에 투명벽 있어서 공격이 안됨 38. 최종보스는 천장에 껴서 필수템 루팅이 안되서 다시 깸 39. 빠따 증발하고 허공 잡고있음. 무기 스왑하면 정상화 40. 중요 NPC 절대 안죽고 통과되는 버그 있음 41. NPC 아가리 털때 기어들어가서 스샷 누르면 브레멘 음악대 쌉가능 42. 레이싱때 뒤에보면 차량 순간이동 존나 함 43. 레이싱때 내차 절때 안터짐 45. 대화 스킵하려고 C 존나 갈기다 보면 바닥에 앉아서 이야기 끝날때까지 쪼그려 있어야 함",2,1,False,Not Recommended,4712,1609526285
사이버펑크 2077,"90시간까지 플레이하고 엔딩까지 본 뒤 느낀점. 1. 스토리 메인, 사이드에서 만나는 인물들이 사펑이라는 세계관에 잘 녹아듬. 이건 위쳐 3 때도 그랬지만 cdpr의 가장 큰 강점. 다만 메인 스토리가 크게 흥미롭지는 않았음. 2.전반적인 비주얼과 사운드 나이트 시티의 모습, 미래느낌 물씬 나는 총기들과 차량. 단순한 sf 느낌만 나는게 아니라 사펑 특유의 개성까지 어우러져 사이버펑크라는 아이덴티티가 확 느껴짐. ost는 언급할 필요도 없음. 3.전투와 성장 사펑의 예상치 못한 가장 큰 장점. 퀵핵이라는 신선한 소재. 유도, 관통, 도탄이 가능한 총기들 등 전투 자체가 엄청 재미있음. 특히 퀵핵 시스템을 개인적으로 크게 호평하고 싶은 부분. 또한 본인이 원하는 방향으로 갈 수 있는 특화 시스템과 여러 부품들로 자신을 강화하는 사이버웨어 시스템 덕분에 성장하는 재미도 강함. 다만 멍청한 적 ai와 많지 않은 사이버웨어, 무기 숫자들로 인해 깊게 파고들기 힘들다는 단점이 있음. 4. 뒤떨어진 시스템 및 편의성 부재 게임시작후 커스터마이징 불가, 차량 커스터마이징의 부재, 걷기 기능 없음, 뉴게임 플러스 없음, 한번 올리면 초기화가 불가능한 특성 시스템, 너무나 답답한 제작 속도. 차 시속은 180이 넘어가는데 미니맵은 작아서 길 잘못 들면 매번 유턴해야 되는 불편함 등 자기들이 직접 플레이 해본적은 있는지 궁금할 정도로 불편하고 시대에 뒤떨어진 요소가 많이 산재해 있음 5.너무나 개같은 운전 조작감 도무지 적응하기 힘든 핸들링 덕분에 매번 부딪히는게 일상. 더군다나 나이트 시티 내부는 지나다니는 차가 많고 길이 복잡해 이리저리 치일 수 밖에 없는 구조로 되어 있음. 이거 때문에 사람 쳐서 경찰에 쫓긴게 한 두번이 아님. 6.몰입하기 힘든 나이트 시티 개인적으로 가장 실망했던 부분. 세계관이 살아있음을 보여주는 디테일의 부재, 퀵핵을 제외하곤 어떤 게임에 써도 상관없는 전투 시스템과 몰입을 떨어트리는 수치적 성장, 나이트 시티의 전설이 되려는 v의 목표는 잘 전달하면서 막상 돈을 쓸 곳은 차밖에 없고 명성 시스템은 퀘스트 및 상호작용에 큰 영향을 주지 못함. 특히 명확한 색채를 보여준 위쳐 3에 비해 사펑의 나이트 시티는 여러가지 색채가 산재해 있으나 전혀 어우러지질 못해 굉장히 어색하게 느껴짐. 7.이해하기 힘든 조니 실버핸드 사펑에서 본 등장인물들 중 가장 별로인 인물. 처음에는 언뜻 기업에 대항하는 투사인 줄 알았으나 가만보면 개똥철학을 설파하는 양아치. 더군다나 존나 이기적이서 주변 인물이 진저리 치는거 보면 오히려 기업이 선역으로 보일지경. 덕분에 가장 매력적이어야 할 캐릭터가 가장 꼴보기 싫은 캐릭터가 됨 사펑을 하다보면 위쳐 3와 매치되는 순간이 여럿 있었음. 주인공이 용병이라는 점, 각자의 내러티브가 있는 인물들, 메인퀘, 부가퀘, 보물찾기로 나누어지는 퀘스트 시스템. 마찬가지로 위쳐 3의 단점또한 사펑에서 잘 드러남. 그때와 다른게 있다면 위쳐 3와 달리 부정적인 여론이 강한 사펑에서는 단점이 더욱 부각 될 수 밖에 없는 상황. 허나 그런걸 떠나서 위쳐3에서 보여주었던 cdpr의 강점이 퇴색되었다는 느낌을 받음. 물론 위쳐 3에 비해 더 나은 부분이 있지만 본인의 생각으론 위쳐 3보다 퇴보하지 않았나 싶음. 지금 부정적인 여론이 너무 강해 쓰레기 게임으로 전락해버렸지만 그렇게까지 답없는 게임은 아님 물론버그픽스 및 업데이트를 거친 이후에 . 세일하지 않으면 살가치가 없는 게임은 아니지만 그렇다고 갓겜의 반열에 오른 것은 아닌 그 중간 어딘가가 이 게임의 위치라고 생각함",2,7,True,Recommended,14956,1609044512
사이버펑크 2077,씨1발아,2,1,False,Not Recommended,1471,1609002469
사이버펑크 2077,"현재 이 게임에 대한 논란이 과열되면서 장점마저 가려지는 경향이 있다. 분명 이 게임이 가지고 있는 가치는 시간이 지나면 재평가될 여지가 충분하다고 본다. 얄팍한 RPG 요소를 근간으로, 엉성한 게임 시스템 위에 위태롭게 올라탄 내러티브는 게임 내내 불안하게 흘러가며, 때때론 온갖 버그들로 인하여 몰입마저 해친다. 충분한 고민 없이 구성한 퀘스트 UI 및 저널 배치로 인하여 퀘스트 디자이너가 의도한 바를 플레이어에게 전달하지 못하는 경우도 많다. 실제로 몇몇 사이드 퀘스트는 샤드나 이벤트 트리거를 플레이어 동선에 자연스럽게 배치하지 않아, 일일히 직접 쏘다니며 샤드를 읽어봐야 퀘스트 내막을 알 수 있었던 부분도 있다. 이야기가 가지고 있는 주제의식도 명확하지 않다. 분명 사이버 사이코나 사이버 임플란트와 같은 내용을 보면 기계화로 인한 인간성의 상실과도 같은 내용을 다루려고 하는 듯한 모습이 있었으나, 결과적으로 이는 게임 내내 진지하게 다뤄지지 않는다. 동사의 전작 위쳐 시리즈를 보면, 하플링이나 드워프, 트롤 등의 비 인간 종족과 인간 종족간의 차별이 게임 내내 언급되고, 사이드 퀘스트들을 통하여 플레이어에게 이러한 차별이 만연한 세계관을 자연스럽게 받아들이게 만든다. 더하여, 각 구역간의 특색이 분명하게 구분되어있지 않다. 아트워크는 매우 훌륭하다. 휘황찬란한 도심지역과, 그와는 대조적으로 쓰레기가 넘쳐 흐르는 배드랜드의 쓰레기산, 고급 휴양지로 계획되었으나 결국 투자가 취소되며 슬럼화가 진행되어버린 퍼시피카 등 매력적인 구역과 아트웍은 분명 넘쳐나나 이를 채울 이야기가 굉장히 부족하다. 전작 위쳐 3의 스켈리게만 해도 모든 NPC가 Northern Irish 억양의 영어를 구사하고, 섬 지역 특유의 퀘스트나 북유럽 신화 기반의 퀘스트, 크리쳐들 등이 있었음을 생각해보면 그 볼륨 자체가 매우 작고 어설프다. 그럼에도 불구하고 이 게임이 갖고 있는 가치는 명확하다. 내러티브다. 등장인물들의 성격이 입체적이고, 이야기를 위한 장기말로 희생되어지지 않는다. 플롯도 설득력 있게 짜여져 있다. 등장인물들과 엮이는 매력적인 사이드 퀘스트들은 조연들에 대한 애착을 갖게 하며, 흥미로운 서브 퀘스트들은 세계관의 매력에 흠뻑 빠지게 해준다. 또한 이야기가 진행되는 장소들은 대체로 제작진이 신경 쓴 장소들이다. 즉, 사이버펑크 뽕을 맞을 수 있는 훌륭한 아트워크로 점철된 지역이라, 플레이 내내 이러한 장르에 목마른 팬들에겐 미치도록 즐거운 경험을 제공한다. 덧붙여 선택에 대한 부분도, 실제로 중대한 스토리 분기에 영향을 미치는 선택지는 그리 많지 않다. 그렇다고 해서 그 많은 선택지가 의미가 없지도 않다. 말 그대로 Role Play, 내가 주인공 V의 인격을 만들어 나가기 때문이고 또한 대부분의 선택지에 대하여 소소하지만 조금씩 달라지는 부분도 존재한다. 나의 스탯과 출신에 따라 세부적인 진행 방식이 달라지며, 내가 알 수 있는 내막도 제한적이거나 바뀌게 되는 경우가 많다. 하지만, 역시 내러티브를 빼면 과연 괜찮은 게임인가라는 질문에 대해선 여전히 의문부호가 남는 것이 사실이고, 어설픈 게임 마감을 미루어보면 당분간은 구매를 지양해야하지 않나 싶다. 그러나 해볼 만한 게임인 것은 분명하다. 특히 사이버펑크 장르를 좋아하는 게이머라면 더더욱. hr 2025년이 끝나가는 무렵임에도, 내 기준에선 2020년대 최고의 게임이다. 엘든 링, 발더스 게이트 3, 33 원정대를 정말 재밌게 했지만 이 게임이 주는 유니크한 경험은 대체불가능하다.",2,35,True,Recommended,42399,1608999754
사이버펑크 2077,"h1 백남준 이래 최고의 비디오 아트 h1 사이버펑크 2077은 TRPG 사이버펑크 2020의 세계관을 바탕으로 만든 오픈 월드 RPG입니다. 발매 전부터 엄청난 뽕을 주입하였기 때문에 온갖 예상과 기대가 있었고, 저 또한 대체 뭐 하는 게임인가 하고 발매 하루 전 구입을 했습니다. 결과는 우리의 예상을 송두리째 저세상으로 날려버린 복합예술이었습니다. h2 사이버펑크를 뛰어넘는 뇌절 h2 대기업이 주도하는 질서, 그 아래서 일어나는 혼돈, 쾌락주의와 도덕적 해이, 어설픈 일뽕, 첨단기술과 자본주의의 뇌절. 사이버펑크 장르 관점에서 보자면, 예측 가능할 정도로 클리셰를 충분히 따랐습니다. 그러나 사이버펑크 2077의 뇌절은 클리셰를 뛰어넘습니다. 핍진성, 아무리 가상의 것이라고 하더라도 현실의 상식을 고려했을 때 그럴듯한가를 가리키는 용어입니다. 나이트시티의 사이버펑크 총기는 핍진성이 없습니다. 아니, 의도적으로 제거되었습니다. 탄창과 노리쇠가 멀리 떨어져 있다든가, 전혀 총알이 나갈 수 없는 곳에 총구가 있다든가 하는 식입니다. 어느 정도 총기 지식이 있는 사람이라면 불같이 화를 내겠지만, 제 생각은 다릅니다. 사이버펑크 2077은 고정관념을 깨고 기존 게임에서 보여줄 수 없는 새로운 것을 보여줍니다. 앞서 말했듯 뇌절은 사이버펑크의 핵심 테마입니다. 이런 디자인 또한 사이버펑크의 키치함을 수십 배로 뻥튀기한 뇌절 그 자체입니다. h2 삼자택일 h2 3, 두 번째 소수 prime 이며, 동양에서는 예로부터 길한 숫자로 여겼고 서양에서는 4와 더불어 세상의 근간을 상징하는 숫자로 많이 쓰였습니다. 삼위일체, 삼짓날, 삼종신기, 세 마리 스타팅 포켓몬, 트라이포스... 캐릭터 생성부터 메인 스토리까지, 게임에서는 크게 세 가지 길을 제시하면서 플레이어가 중요하게 여기는 가치를 계속 묻습니다. 무법천지 나이트 시티에서 중요한 것은 무엇일까요? 서로 통수를 치지 않으리라는 신뢰? 확실한 대화수단인 무력? 비장의 카드로 아껴 둔 지식과 정보? 그와 더불어 플레이어 또한 이 아트를 감상하면서 크게 세 가지 반응을 보입니다. 직접 보고 듣고 느끼는 감각을 왜곡해서라도 즐거움을 찾을지, 바로 분노하고 삭제하며 환불을 요청할지, 김치처럼 묻어두었다 푹 익었을 때 꺼내 먹을지 말입니다. 사이버펑크란 참 여러모로 철학적입니다. h2 초현실적 환각 h2 초대 플레이스테이션 게임 중 LSD 드림 시뮬레이터 라는 게 있습니다. 뒤틀린 꿈 세계를 거닐며 온갖 이상한 것들을 보고 듣고 경험하다 어딘가에 부딪혀 꿈에서 깨고, 다시 꿈 속으로 들어가는, 제목처럼 환각이 가득한 작품이었습니다. 착한 어른이라면 주식 대박나는 꿈을 꾸고 있어야 할 밤, 밤의 세계 나이트시티에서 몽환을 헤매는 당신은 전혀 예상치 못한 초현실, 초자연적 현상을 경험하게 됩니다. 도로를 달리는 모든 차량이 당연한 듯 가드레일을 긁고 범퍼를 작살내고 지나가며, 따돌렸다고 생각한 경찰이 바로 내 차 조수석에 앉는 등, 상식과 섭리에서 벗어난 온갖 괴현상들이 예기치 못한 곳에서 튀어나옵니다. h2 진정한 메타게임 h2 사이버펑크 하면 빠질 수 없는 것이 사이버워리어입니다. 방구석여포나 해커들을 말하죠. 나이트시티에서 숱한 사이버워리어들을 보고 난 뒤 현실세계로 돌아와도, 이 작품을 다루는 온갖 커뮤니티에서 나이트시티와 똑같은 광경이 펼쳐집니다. 해킹을 빙자한 숫자퍼즐에 자신이 있으신가요? 그렇다면 작품 자체에 숨겨진 버그를 찾아보는 건 어떨까요? 지금은 패치되긴 했지만 악성코드를 심을 수 있는 취약점까지 있었습니다. 개인적으로 메타 요소를 좋아해서 관련 게임을 여럿 찾아서 해봤지만, 이만한 메타게임은 본 적이 없습니다. 손목에서 뽑을 케이블이 없다는 것만 빼면, 나이트시티 밖에서도 변함없이 사이버워리어가 될 수 있습니다. 혹시 모릅니까, CDPR에서 빡빡이 아저씨가 찾아와 빨간약과 파란약을 내밀지도요. h2 시이벌펑크 2077 h2 로컬라이징은 상당히 만족스러웠습니다. 비속어도 여과 없이 꽉꽉 채워넣어, 마치 중고등학생 통학시간에 버스를 탄 기분이었습니다. 더빙은 군데군데 어설픈 부분도 있긴 했지만 전체적으로 연기가 좋았고, 세계관에 몰입하는 데 도움이 됐습니다. 임플란트 기술 덕에 외국어도 자막으로 번역된다는 그럴듯한 설정도 붙어있긴 한데, 스페인어는 잘 번역이 되지 않는 모양입니다. 2020년부터 새삼 대두되는 인종차별 문제에 대한 메시지일 것입니다. h2 총평 h2 혼돈의 도시 나이트시티는 변화무쌍합니다. 나이트시티를 품은 이 비디오 아트 또한 그렇습니다. 개인적으로 가장 기억에 남는 비디오 아트라면, 역시 국립현대미술관 나선계단 가운데에 자리잡은 백남준 작 다다익선 입니다. 이야깃거리는 많으면 많을수록 좋은 걸까요? 까도 까도 새로운 게 튀어나오는 사이버펑크 2077의 진면목을, 이 얕은 안목과 겨우 수십 시간의 플레이로는 아직 다 확인하지 못했습니다.",2,12,True,Recommended,18149,1608974699
사이버펑크 2077,"한줄평 기대감을 전부 내려놓고 봐도 최고의 게임이 될 수 없는 아쉬운 게임. 최고 난이도에서 퀵핵을 주로 사용하여 플레이함. 발견한 모든 퀘스트, 모든 NCPD파일을 클리어함. 이동수단 임무는 모두 클리어하지 않음. 솔직히 어디서부터 시작을 해야될지 모르겠다. 개인적으로 CDPR이 걸어온 이때까지의 행보를 되게 좋아했던 내가 이 게임을 기대하지 않았다고 하면 거짓말이다. 하지만 11월 연기 이후로 게임이 어떻게 나올지는 대충 예상 되었다. 애초에 11월에 게임이 나올 것 같지 않았다. 광고를 그렇게 많이 때리던 게임이 발매 직전에 더 공격적인 마케팅을 안한다? 오히려 발매 이전보다 광고를 더 적게 했다. 나올 준비가 안되었으니 당연한 것이다. 안좋았던 점을 나열하는 것이 더 빠를 것 같다. 1. 버그 솔직히 뭐 길게 쓸 것도 없긴 하다. 너무 많다. 오픈월드 게임이 원래 버그를 잡기 힘든 게임인 것도 맞다. 하지만 많아도 너무 많다. 뭐 어떤 버그가 있고 이건 이렇고 저건 저렇다 이렇게 말할 것도 없지만, 적어도 메인스토리만 따라가도 만날 수 밖에 없는 버그들의 존재는 최소한의 QA테스트도 거치지 않았음을 방증한다. 그냥 껐다 키면 해결되는 버그들은 전혀 고치지 않고, 정말로 치명적인 버그들만 잡아냈다는 것이 플레이 내내 보였다. 커피 블렌더를 만들고 테스트를 해봤는데 원두가 잘 안갈려서 말해보니 그래도 블렌더가 터지지는 않았죠? 그럼 괜찮네요 라며 판매를 시작한 셈이다. 시간이 지나면 해결될 수도 있는 문제이지만, 웃어넘길 수 있는 수준이 절대 아니였다. 2. AI 뒤떨어지거나 AI자체가 없는 수준이다. 튜링테스트를 하면 이새끼 이거 사람 아니다라고 바로 튀어나올 정도이다. Artificial Intelligence에서 Artificial만 남아있는 경우다. 적들의 AI는 가까이에서 대놓고 돌아다녀도 못찾는 경우가 허다하고, 오히려 또 절대 볼 수가 없는 위치에서는 바로 느낌표를 띄우며 전투가 시작되는 경우도 있다. 시민들도 무슨 일이 터지면 도망치지도 않고 그냥 그 자리에서 영원히 벌벌 떨고만 있는다. 경찰들의 AI도 아무리 범죄를 저지르더라도 두 발로 뛰어서 쫓아오기만 하며 차를 타고 잠깐만 도망가도 추적을 뿌리칠 수 있다. 우호적인 NPC의 경우에도 최소한의 이동 검증도 하지 않은 채 주어진 경로로만 가게 설정되어있어 내가 어떠한 이유로든, 어떠한 방법으로든 간에 그 경로를 막고있다고 해도 무조건 치고 가버린다. 반대로, 일반 NPC의 차는 위의 어떠한 이유 방식으로든 경로가 막혀있으면 영원히 그 경로가 풀릴때까지 멈춘다. 최근에 해본 풀프라이스 게임 중, AI가 존재하는 게임 중에서 가장 한심한 수준이었다. 3. 오픈월드 오픈월드 자유도라는 식은 성립하지 않으니 따로 적을 것이다. 오픈월드의 구현도를 말할 때 보통 그 세계가 살아숨쉬고 있다는 느낌을 받을 수 있는지를 보는데 정말 전혀 받을 수 없었다. 위의 AI문제와 결합해 살아 움직이는 세계가 아닌 억지로 살고있는 죽여줘... 라고 말하고 있는 세계의 느낌을 강하게 받았다. 하지만 나이트 시티에 여럿 존재하는 특수 상호작용이 가능한 인물들과 각 지역마다 조금씩 다른 분위기를 풍기는 건물 지형들의 조화로 그래 내가 확실히 다른 지역에 있구나 라는 느낌을 받을 수 있다. 다시 말해, 오픈월드가 구현되어는 있고, 각각의 지역이 다른 느낌을 주긴 하지만 그 구현도가 낮다. 하지만 광고판 하나만큼은 못까겠다. 듣기로는 게임 내 광고만 만드는 팀이 있었다고 하던데, 이 정도면 괜찮았지 않나라고 생각이 든다. 4. 자유도 솔직히 이 평가에 자유도를 쓰는게 맞을지 잘 모르겠다. 나는 게임을 살 때 트레일러를 절대로 안본다. 정말 일말의 스포일러도 당하기 싫기 때문이다. 완전히 백지인 상태에서 게임을 즐기는 걸 좋아한다. 근데 내 기억에는 나이트 시티에서는 뭐든지 할 수 있다? 라는 식의 말을 본 것 같다. 만약에 아니라면 자유도를 논하는 것이 옳은 일인지 잘 모르겠다. 자유도는 거의 없다. 퀘스트를 클리어 할 때나 A에서 B로 이동할 때 여러가지 방법을 사용할 수 있다는 것 빼고 그냥 퀘스트 없이 나이트 시티에서 노는 것은 불가능하다. 이 평가를 쓰기 전 트레일러를 처음으로 봤는데 트레일러에 나오는 모든 행동들이 퀘스트를 위해 단 한번만 볼 수 있는 컷신이고 그 컷신이 끝나면 절대로 다시 볼 수가 없다. 술을 따로 마실 수도 없고, 음식도 따로 먹을 수도 없고, 어디 가서 춤추면서 논다거나 할 수도 없다. 솔직히 자유도에 대해서 말하려면 이 것 하나만으로 충분하다. 게임을 시작할 때 헤어스타일을 정하는데, 게임이 시작되면 헤어스타일 조차도 절대로 바꿀 수 없다. 5. 장르 그래서 다 미루어보고 장르로서는? 루터슈터의 대표격인 보더랜드3와 비교를 하진 않을테지만, 무기의 종류가 여러 개가 있고, 그 종류가 같으면 표기되는 숫자만 다른 완전히 같은 총이다. 그리고 제작으로 얻는 총이 꽤 좋고, 몇 몇 퀘스트 보상으로 얻는 총도 꽤 좋다. 그래서 사실 이 게임의 Looter Shooter에서 Loot을 하는 이유는 단 하나, 팔아서 돈을 벌기 위함밖에 없다. 그럼 Looter는 별로였고 Shooter로서는? 꽤 괜찮았다. 무기마다 각자 다른 모션들이 존재했고 그 무기의 특색 또한 괜찮았다. 6. 난이도 CDPR은 난이도 책정을 잘 못하는 회사다 라고 이젠 단언할 수 있을 것 같다. 이전 위쳐3에서도 최고난이도로 플레이했는데 할 만 했었던 것이 기억나서 이번에도 최고난이도로 플레이했는데 또 공격력 체력만 늘어난 적을 볼 수 있었다. 차라리 이 멍청한 AI가 높은 난이도에서는 시야가 더 좋아져서 좀 더 멀리 있는 적도 인식할 수 있게 했다면 더 좋았을텐데. 아니면 혹시 그러고 있는건가? 최고난이도라서 이 정도 거리에서라도 인식을 하는건가? 솔직히 잘 모르겠다. 멍청한 AI 때문에 난이도가 어땠는지 말하기가 어렵다. 7. 스토리 전체적인 스토리와 그 흐름은 괜찮았다. 하지만 어떤 흑막이 공개되었고, 그 흑막이 공개가 되면 그 이야기를 나도 이제 따라가고 싶은데 너무 빨리 퇴장하는 경향이 좀 짙다. 실제로 당황한 부분이 너무 많다. 퀘스트를 진행하면서 뒤통수를 친 사람이 나와서 야 씨 너넨 이제 다 뒤졌다 를 기대했지만 잠시 뒤 내가 죽인 것도 아니고 그냥 죽어있었다. 게임 중반부터 내내 언급되는 최종보스는 그저 이름이 언급만 되고 마지막에 등장하고 죽이면 또 끝이다. 반대로 별로 알기도 싫은 2077년들의 기술들이 어떻게 가능한가와 같은 설정놀음은 뒤지게 자세하게 설명해준다. 정리하면 전체적인 스토리는 괜찮았지만, 침대 밑 정도에서 발견되는 읽을 거리 정도가 되어야 할 이야기는 컷신을 할애해서 설명하고, 정작 컷신을 할애해서 설명해야 할 것은 침대 밑에서 발견되는 읽을 거리에 있다. 정리 전체적으로 보면 꽤 괜찮은 게임이다. 이 게임이 진짜로 좆같기만 했다면 다 깨지도 못했다. 스토리의 전체적인 흐름도 나쁘지 않았고, 등장인물들도 세계관에 잘 녹아들어있다. 이런저런 연출도 괜찮았고, 컷신도 수려했고, 세세한 표정, 그래픽, 직 간접적 묘사도 괜찮았다. 하지만 이 등장인물들을 제외하면 죽여달라고 조용히 외치는 NPC들과 배경들이 존재하고 버그들도 너무 많다. 심각하게 멍청한 AI, 없는 자유도, 느끼기 힘들었던 난이도 차이. 너무 일찍 냈다. 아직 한참 모자라다. 아직 보완할 점이 필요하다. 그럼에도 즐길 수는 있다. CDPR은 이 게임으로 세 개의 타이틀을 획득했다. 이동수단을 드럽게 구현 못하는 회사, 난이도 책정을 드럽게 못하는 회사, 이상성욕이 있는 회사. 재밌는 게임을 끝내고 나면 진짜 재밌었다 정도의 기분이 남고 재미없는 게임을 끝내고 나면 이게 뭐야 개씨벌 정도의 기분이 남는다. 이 게임을 끝내고 나서 든 기분은 다음과 같다. 그래 이정도면...뭐... 총평 6 10",2,17,True,Recommended,11693,1608862589
사이버펑크 2077,노코멘트,2,2,False,Not Recommended,3110,1608825010
사이버펑크 2077,사이버그펑크 2077,2,1,False,Not Recommended,1927,1608354570
사이버펑크 2077,"2020판 아타리쇼크 그 자체 이게임을 정가에 구매한다면 당신은 무엇을 기대하든 그 이하를 보게될 것 플레이어의 선택은 스토리에 영향을 거의 주지도 않고, 자유도는 줫도 없는 반픈월드임 각종 버그가 난무하며 게임내내 씨발 이게임은 QA를 거치긴한건지 의문이 끊이질 않음 메인스토리는 딱 B급. 오히려 대형 사이드퀘스트가 흥미로운 수준이었다. 전투시스템은 이것저것 쓰까무라 국밥수준이며, 그마저도 사이버웨어라는 좋은 재료를 살리지를 못했음",2,8,False,Not Recommended,7890,1608274399
사이버펑크 2077,왜 함,2,0,False,Not Recommended,248,1608203131
사이버펑크 2077,"시발 캐릭터 만들자마자 바로 튕기더니, 이젠 아예 실행하자마자 튕기네 6만6천원이란 돈받고 팔면 게임은 하게 해줘야될거아니냐",2,0,False,Not Recommended,28,1608190069
사이버펑크 2077,애니메이션 뽕차네 이거,2,0,True,Recommended,7777,1608134399
사이버펑크 2077,2020 최고의 사기,2,0,False,Not Recommended,1772,1608125562
사이버펑크 2077,"흑인과 사이보그,일뽕 위에 세워진 도시와 버그의 조합은 그저 끔찍",2,1,False,Not Recommended,592,1608060492
사이버펑크 2077,이 게임에서 나의 선택으로 바뀌는건 세계관의 흐름이나 세력의 변화가 아닌 그저 야쓰를 할 수 있느냐 없느냐 뿐이다,2,0,True,Recommended,11668,1608045506
사이버펑크 2077,2077년까지 연기 했어야 하는 게임,2,2,False,Not Recommended,7294,1608025406
사이버펑크 2077,아니 왜 자살엔딩인데 개시발시발시팔시팔시팔시팔시시팔시팔시팔시팔시팔시팔시팔시팔시팔시팔시팔시팔시팔시팔시팔시팔시팔시팔시팔시팔시팔시팔시팔시팔시팔시팔시팔시팔시팔시팔시팔시팔시팔시팔시팔시팔시팔시팔시팔시팔시팔시팔시팔시팔시팔시팔시팔시팔시팔시팔팔시팔시팔시팔시팔시팔시팔시팔시팔시팔시팔시팔시팔,2,2,False,Not Recommended,12826,1607948856
사이버펑크 2077,ship byeng sin 트레일러 주작만 안 했어도 이렇게는 안됐다. 개씨발 cdpr믿은 내가 병신이지 위쳐3는 후조치로 살렸다. 이건 어떻게 살릴까?,2,0,False,Not Recommended,236557,1607884779
사이버펑크 2077,주디만 가질수있다면 ....쉬멜이 되도 상관없어 다회차 존나할거야,2,1,True,Recommended,5900,1607852557
사이버펑크 2077,다른거 다 떠나서 모션은 진짜 최악이다. 2020년 겜 맞음?,2,9,False,Not Recommended,188,1607762408
사이버펑크 2077,애니메이션이 살린 게임,2,1,False,Not Recommended,2938,1607754372
사이버펑크 2077,"개씨발병신같은 좆노잼 게임 메인스토리는 잠이 솔솔오고 서브퀘는 깊이가 없어서 내가 이걸 왜 하고있는지도 모르겠고 지역평판점수는 무고한 시민 죽여도 안떨어지는 걍 부가렙에 커마는 성기커마가 자유로운거 빼고 다른부분은 하나도 자유롭지 못함 신체개조는 내외형이 바뀌는건 도 없으며 걍 방어구를 바꾸는데 방어구가 안보이는거임 그리고 내가 컴이 좀 구데기긴해도 최저옵이 틩길정도로 똥컴인것도 아닌데 툭하면 틩기고 메인퀘에서 틩기면 저장도 즈그들 마음대로 해놔서 똑같은 장면만 5번을 보고 중간에 연출인줄 알았던 장면이 버그라는걸 알았을때는 개쌍욕만 나옴 비록 33시간이나 했지만 그건 우리 존윅형님의 얼굴을 볼려고 억지로 붙잡은 시간 거기에 퀘스트의 진행방법중 정보전송이 뭔지 알려주는 설명이 없어서 4시간동안 전송할만한 시스템을 전부 뒤져본결과 걍 퀘스트 준 npc에게 카톡 하나 보내는거였음 버그로 적들이 벽에 들어가서 월핵 쓰는건 기본이고 적들이 갑자기 헤드스핀하다가 땅에 쳐박혀서 사라지는것도 간간히 보임 주먹의 타격감은 1도 느껴지지 않고 근접무기가 오버밸런스급으로 강해서 엄청 멀리 떨어진 적이나 적이 너무 많아서 멀리서 하나씩 처리할때 빼고는 총을 왜 써야하는지 모르겠음 그리고 카타나,마테체 이런류의 무기를 들고 강공으로 바리게이트 앞에있는 적을 죽이면 바리게이트를 뚫어서 이동되는 버그는 어케 생긴거임 뭐 공간참을 배워서 공간을 뛰어넘어서 베는건가",2,1,False,Not Recommended,2058,1607747058
사이버펑크 2077,"조금더 플레이 해본 결과 개인적으로 만족감 60 나머지 버그,모션,NPC,오픈월드성.. 문제 40",2,1,True,Recommended,3713,1607721012
사이버펑크 2077,출시때해보고 2.0 패치와 DLC나오고 2회차하는데 전투랑 갓겜됨 넘 잼있어짐,2,3,True,Recommended,4291,1607695149
사이버펑크 2077,"역시 2077년은 대단하군요. 완전투명한 소재로 만든 의자, 기둥을 자유자재로 통과하는 자동차, 공중에 떠있는 반중력 권총... 특이점이 가져온 미래 과학기술에 감탄만 나올 뿐입니다.",2,1,False,Not Recommended,4187,1607659108
사이버펑크 2077,"h1 발적화와 수많은 버그가 난립하는 희대의 사기 게임 h1 B Pros B 레이트레이싱 기술을 극대화한 화려한 그래픽 다소 진부해 보일 수 있지만 흥미진진한 내러티브 탄탄하게 구축된 나이트 시티의 사이버펑크 세계관 메인 퀘스트 만큼이나 볼륨감 있는 서브 퀘스트 보조임무 곳곳에 숨겨져 있는 재미난 기믹이나 아이템들 B Cons B 엄청난 종류의 버그 발생 NPC 이동불가, 블랙스크린 이슈 등 패널 버튼 누르기, 아이템 루팅등 불편한 상호작용과 구식 UI 어이없게 죽게 되는 물리엔진 텍스쳐 문제 동시대 게임들과 비교해도 덜떨어진 AI 시스템 경찰 추격 뜬금없는 팝업등 특별할 거 없는 흔한 반픈월드 게임 진부한 내러티브와 캐릭터 VRAM 리소스 누수 문제 VRAM Leak Issue 아직은 좀 더 다듬어져서 나와야 할 게임이기에 현 시점에서의 추천도는 b 별점 10개 만점에 2개 b 108시간동안 108번뇌를 느끼게 해 준 게임.",2,10,False,Not Recommended,12720,1607659005
사이버펑크 2077,"진짜 버그 존나쳐걸려가면서 꾸역꾸역 코악물고 했습니다만,, 도중에 진행불가버그가 떠버리네요,,,, 그리고 바로 크래쉬,,, 거,,제육이나좀볶아온나,,,씹련아,, 컽!!!!!!!!!!!!!!!!!!!!!!!!!!!!!!!!!!!!!! 추가 최소한 제육,,은 레시피라도 있어서 맛있게 할수있잖아,,,cdpr씹련들아,,, 이게임은,,,,기본적인레시피도없어서,,,맛있지도않아!!!!!!! 서운하네,,,,쩦,,",2,10,False,Not Recommended,4332,1607610767
사이버펑크 2077,"니1애미 병신겜 좆같아서 환불런함. cdpr 이 뇌에 불어터진 우동사리 들어찬 새끼들은 무슨 생각으로 이딴 걸 8년동안 3500억 들여서 만든건지 모르겠다. 내가 이 게임 키고 출신을 노마드로 골랐음. 시작을 하고 차를 운전하는데 조작감 개좃같아서 카트라이더 처음하는 잼민이 새끼마냥 이리박고 저리박고 지랄을 했다. 근데 그건 내가 게임 못한다고 쳐도 시발 무슨 수풀이 화면에 계속 나타난다. 이 씨발것이 사람 면상, 차 지붕, 도로 등 죄다 뚫고 사라지질 않음 프레임은 v의 집안에선 한 50 정도 나오는데 도시로 나가니까 30으로 떨어짐. 중간에 한번 껏다가 레이트레이싱 키고 해봐야지 했는데 레이트레이싱 키니 게임 불러오기가 안됨. 그냥 시발 무슨 쿠지란가 하는 거에 대해 떠드는 로딩화면 나오다 꺼짐. 그래, 이건 컴퓨터 사양이 구린가 보구나 하고 넘길 수 있슴. 제일 좆같았던 거는 게임을 시작한지 50분 쯤 되니 갑자기 게임이 꺼짐. ???머임??? 하면서 다시 켰슴. 그런데 이번에도 좀 하다보니 꺼짐. 꺼지고 나서 그냥 환불 박았다. 개비스콘 처먹은 것처럼 편 안 하더라. 이런 버그같은 거 말고도 싸울 때 주먹을 무슨 실장권법마냥 붕쯔붕쯔 돈까스 주먹 날리는 것도 좆같았고 칼질 타격감 좆구린 것도 씨발 토나올 거 같았다. 씨발 홍보를 그지랄로 해댔으면 적어도 완성은 시켜야 하는거 아니냐? 그래도 그래픽은 봐줄만 했던 거 같음.",2,12,False,Not Recommended,9572,1607609406
사이버펑크 2077,"8년동안 입턴거 치곤 뭐 하나 특출난게 없다. 무엇보다 그렇게 자유도를 부르짖어놓고 게임 플레이는 선형의 극치임. 퀘스트 해결 방식이 무한한 척 하지만 하다못해 대화 선택지도 선형적이다. 게임내의 V는 플레이어의 아바타가 아니라 그냥 나이트 시티의 용병 V로서의 자아를 가질 뿐이다. 발매된지 십년이 넘은 뉴베가스도 심각한 상황에서 개소리를 하거나 죽을거 뻔히 각 나오는 상황에서도 적에게 욕을 퍼붓고, 원수하고도 섹스할 수 있는 선택지를 게이머에게 제공했다. 할 자신이 없으면 입이라도 털지 말아라 제발",2,16,False,Not Recommended,6577,1607609159
사이버펑크 2077,"드디어!! 첫출시! 원래 11 19 출시인데.. 연기 때문에 얼마나 기다렸네.. 3시간동안 버그는 하나도 안걸렸네.. 다행이에요 역시 긴말이 필요없어요 무조건 사이버펑크2077 하세요 갓겜이죠!! 한글더빙,한국어대사 까지.. 너무 감사합니다!! d v b",2,31,True,Recommended,2015,1607604849
사이버펑크 2077,i5 7600 gtx1050 2gb ram 8gb 최하옵 FHD 30프레임 버텨냈다 나는 나의 노트북이 자랑스럽다 버그가 많다고? 씨발 알게 뭐야 내 노트북으로 돌아간다는데 갓적화 CDPR 충성충성 7 7,2,0,True,Recommended,2156,1607602721
사이버펑크 2077,처음 차훔치는 부분에서 경찰 들이닥칠때 벽에서 순간이동하는거 보고 게임껐습니다 환불,2,3,False,Not Recommended,73,1607602593
사이버펑크 2077,7년동안 기다린 버그 씹좆망겜 폴란드를 지도에서 지워버릴것 임 얘네는 소련 시절이 어울린다,2,11,False,Not Recommended,2131,1607596476
사이버펑크 2077,"내가...얼마나...오랜시간동안...기다렸는데.... 시작하자마자 종업원이든 쟁반이 계단위에 떠있어.... 2077년도는 쟁반이 스스로 서빙하나봐 근데 종업원이 왜 있을까... 경찰들의 기술력이 올라서 차가 벽을 무시하고 초고속으로 달려와... 치안이 좋아졌을것같아... 차를 불렀더니 내차가 컨테이너에 껴서 발작을 일으키다가 땅으로 꺼졌어.... 그후 내차는 창이 났지.... 시작하고 몇시간도 안되서 이렇게 많은 버그는 아니잖아...왜그래...왜...왜 대답해줘....CDPR,,,",2,2,False,Not Recommended,1199,1607590061
사이버펑크 2077,시작부터 하트모양 고추털이 너무 인상적인데,2,6,True,Recommended,2777,1607585318
사이버펑크 2077,"사펑 과대광고, 거품게임 재미없음",2,10,False,Not Recommended,122,1607584999
사이버펑크 2077,그타랑 레데리가 우리 눈을 너무 높혀준건 맞지만 그만한 성과가 나온건 절대 아니다 대체 이럴거면 광고를 왜 그렇게 사람들이 기대하게 만든걸까 기대치를 너무 높혀버린거 같다 1. 8년동안 제작하고 연기 3번이나 한 게임 퀄리티가 맞는가? 2. 66000원이란 큰 돈을 쓸 정도로 게임이 잘 완성된 수준인가? 3. 버그가 너무 많다 4. 왜 자꾸 튕기고 모니터 다운 현상이 생기는가 5. 모션은 살짝 아쉽고 근접전 타격감은 많이 아쉽다 6. AI가 가끔씩 고장나고 바로 앞에 있는 적도 제대로 쏘지 못한다 7. 커마를 아주 세세하게 할 수 있는데 고추 크기 늘려서 뭐 쓸데가 있나?,2,19,False,Not Recommended,755,1607574802
사이버펑크 2077,거참 버그도 사이버틱 하구만,2,3,True,Recommended,592,1607573201
사이버펑크 2077,잘 만든거 같지만서도 뭔가 아쉬운 게임 부랑자로 태어나 할렘가에서 멋진 인생을 보낼 준비를 마쳤는데 씬스틸러 버그가 인생을 웃기게 만듬,2,1,True,Recommended,12363,1607571246
사이버펑크 2077,"h1 미완성으로 끝난 대작의 기회 h1 i 맛있지만 덜 구워져 밀가루냄새가 나는 케이크. i spoiler Cake is lie. spoiler 사펑은 재밌었다. 50시간짜리 세이브데이터를 날려먹고도 100시간을 더했지만 여전히 플레이하는 즐거움은 변치않았음. 그게 6만6천원이라는 돈에 대한 보상심리라고 하더라도 말이다. 장르가 좀 바꼈더라도 여전히 위쳐스러운 유머감각과 찰진 대사들. 더 발전한 캐릭터들의 연기, 표정, 그래픽은 스토리에 몰입해 즐기기에 충분할정도로 넘쳤다. 몸보신송같은 뇌가 절여질것같은 노래들은 그런 분위기들을 한층 더 달아오르게 해줬고, 멀티엔딩들은 엔딩마다 적당한 여운을 안겨줬다. 그래서 업적도 다 따고, 모든 엔딩도 감상하고 난 뒤에 이 게임을 계속 즐길 것인가? 안타깝게도 그러기엔 위쳐마냥 영 부족한 것이 너무 많다. 그렇다. cdpr은 5년전 위쳐3를 만들던 시기에서 그렇게 발전하지 못함을 이 게임으로 증명했다. TRPG를 원작으로 했음에도 TRPG의 시스템은 거의 찾아볼 수 없고, 위쳐3에서 사용하던 레벨업 시스템을 그대로 가져온것과 같은 스테이터스와 방식은 그다지 칭찬할 구석이 보이지 않는다. 몇백개의 이벤트와 의뢰는 있지만 위쳐3에서 하던 길가다 잡는 몹처리, 길가다 숨은 상자찾기, 의뢰받아서 뭘 하는거지? i 킬링몬스터 i 로 그대로 따라하고 있고 게시판에서 의뢰를 줍는다는 것에서 좀 더 편해졌을 뿐이다. 나이트시티라는 거대한 콘트리트미로에서 사용자가 할 수 있는 것은 그저 위쳐라는 몬스터헌터에서 용병으로 바뀌었을 뿐이다. 그럼 그동안 cdpr은 뭘 그렇게 열심히 만든것일까? 그것은 자동차다. 자동차 인테리어와 자동차 배기음, 자동차 디자인 등 자동차를 보고 있으면 굳이 프로젝트카스를 할 필요가 있을까 싶을 정도로 자동차성애자가 된다. 2077년임에도 내연기관의 매연을 뿜뿜하면서 황야를 질주하고 있으면 순간이동경찰들이 쫒아온다고 해도 치고 가고 싶을 정도이다. 아마 cdpr은 향후 상장을 통해 자동차 가상 모델링 사업을 준비하는듯 싶다. 창 밖으로 총 쏘는 걸 이벤트로 즐기게 해놓고는 정작 플레이할 수는 없다니. 오 cdpr이여. 주행사격을 감질나게 하는구나 하지만 그렇게 도심을 질주한다고 해서 추격전을 할 수 는 없다. 사이버시티의 경찰들은 순간이동은 해도 차량운전이라는 기본교양을 익히지 못해기 때문에 사이버시티의 범죄율을 하락할 줄을 모르는가 싶다. 선지자 지기큐의 말씀처럼 오는 동안 총부림 당해서 타지 않는 걸수도 있겠다. 너무나도 매력적인 나이트시티는 유기적인 생물과 같다. 혹은 고스트거나. 나를 따라오던 가상의 인물들은 뒤돌아 보는 순간 사라지고, 저 멀리 쫒아오던 정체불멸의 차량은 다른 차량으로 바뀐다. 트랜스포터의 차량교체씬을 재현한 것인가? 이 도시의 사람들은 치솟는 범죄율에 고통받다 못해 타인에게 인사말을 못하면 총맞는 뉴요커들의 교양을 익힐 겨를이 없어서 지나갈때마다 F워드만을 날리며 나를 마치 K시티 서울에서 도를 전하는 어린 양을 보는 듯 대한다. 자, 이제 메인스토리로 가보자. 캐릭터들은 살아움직이는거 같고, 성우들의 연기는 신들린듯 하다. 그에 반해 지상최강의 기업은 후장이 털리는거에 맛들린듯 하다. 지나가던 픽서한테 털리고, 잡다 놓친 용병나부랭이한테 털리고, 뭔 미친 뒷골목 양아치 락커한테 폭탄맞고. 아라사카가 왜 지네 직원들을 뻑하면 전기로 지지고, 터뜨리고 하는지 이해가 간다. 스톰트루퍼보다 못한 놈들을 데리고 지상최강이 되다니. 사부로의 고뇌와 고통이 느껴진다. 그래서 전뇌공간으로 튀어버린듯 하다. 피도 눈물도 없을 것 같은 나이트시티의 인간들은 눈알이 빨간 덤덤과 로이지말고는 모두 상냥하고 인간적이라 일을 말아먹고 친구조진 용병나부랭이에게도 친절하고 도와주지 못해 안달이 나있다. 이런 사람 죽이기엔 함량 미달의 것들 같으니라고. 오 상냥한 브릭. 이 거대한 도시는 거대하다 보니 미세한 벼룩같은 것은 신경을 쓰지 않는다. 배팅 못하는 룰렛에 돌려보지도 못하는 파칭코, 동전도 못 넣는 아케이트 게임기, 길거리에서만 가능한 떡치기, 그 수많은 유흥시설은 우드맨의 컴퓨터의 소개이미지만도 못하다니. 젖탱이 6개의 광고판을 봤을때는 팬티가 흥건해졌지만, 자동차말고는 젖실 일이 없었다. V에겐 고릴라와 사마귀 팔말고는 달아주지 않던 놈들이 일개광고판에는 젖탱이6개라니. 오 하느님. 사이버시티는 이렇게까지 타락했단 말입니까? 너무나 도덕적인 청교도놈들이 지배한 이 도시는 주인공의 몸에 칼날 하나 대지 못하게 한다. 다행히도 사무라이소드로 모가지로 날리는 것은 허락받았다. 덕분에 날라댕기는 자동차를 타고 허세를 부리며 날 밀친 일개 NPC인 트라우마놈들에게 트라우마를 심어줄 수 있었다. 2013년 티저트레일러를 공개한 이후 수많은 게이머들의 기대를 한껏 부풀려온 사펑은 위쳐3의 성공 이후 더더욱 기대감이 부풀어 올랐다. 8년동안 그 기대감을 풍선마냥 부풀린 마케팅팀의 능력은 인정하는 바이나 거기에 반하는 개발팀의 능력은 비난받아 마땅하다. 500명 이상의 개발자를 두고서 버그를 만들어 내다니. 사장님은 채찍질을 안 하고 어디가셨단 말인가? 개인적으론 게임에 대한 평가는 에듀케이트하신 디렉터의 말씀이나 가상의 캐릭터는 좋아하지 않지만 가상의 캐릭터로 스토리를 짜시는 디렉터님의 말씀과는 분리해서 봐야 한다고 본다. 옆에서 개가 짖었어도 게임이 바뀌는건 아니니깐. 결국 사펑은 위쳐시리즈의 연장선일 뿐이다. 캐릭터와 배경이 바뀌었고, 더 많은 광고, 더 많은 버그, 더 많은 실망을 안겨준 차이 뿐이고, 사이퍼펑크라는 감칠맛을 뺀다면 오픈월드 새도우워리어라고 봐도 무방하다. 목베기 손맛은 좀 더 찰지지만. 재미있다고는 했지만 유비의 오픈월드게임도 재미는 있다. 게임이니깐 당연히 재미는 있어야지. 아마 6월에 나온다는 대규모 패치로도 이 밀가루맛 나는 케이크는 영국황실에 들어갈 디저트가 되기에는 글렀다. cdpr은 이번 일로 몇년간 욕 좀 처먹으면서 반성을 좀 하고, 사이버펑크의 대작은 다음세대에게 기대를 걸어야 하겠다. 2021년까지 오픈월드의 왕좌는 락스타다.",2,7,True,Recommended,8951,1607570983
사이버펑크 2077,권장사양인데 최하옵에 25프레임 게임을 이따위로 만들고 가격은 버그 존나 많고 개적화에 ..레데리2에 비비지도 못하는건 고사하고 gta 바이스시티급이다 게임이,2,1,False,Not Recommended,166,1607569556
사이버펑크 2077,2077년에도 탈모는 고쳐지지 않았다...,2,3,True,Recommended,148,1607567405
사이버펑크 2077,"3070기준으로 울트라옵에 레이 트레이싱 울트라, dlss 자동 해 놓으면 프레임 70 85 나온다 dlss 끄면 40 50 나오고 더빙은 게임 설정에서 한국어 설정하고 한국어 더빙 다운 받으면 되고 더빙 들으면서 하니 전반적으로 몰입감이 높고 쩐다. 9시간 했는데 프롤로그 같은 부분이 4시간 반정도에 끝나고 본 이야기가 시작 되는 부분인데 앞으로의 스토리 길이가 흥미롭다. 그리고 최적화는 모르겠다. 반반이다 일부러 고사양 게임으로 낸거 같기도 하고 암튼 난 잘 돌아가니 됫음.",2,0,True,Recommended,3748,1607565647
사이버펑크 2077,"나여, 데이비도.",1,0,True,Recommended,421,1765712903
사이버펑크 2077,기대하고 샀는데 게임이 들어갈때마다 튕기네요. 하지말라는 뜻이겠죠? 돈 존내 아깝네요,1,2,False,Not Recommended,1167,1765277585
사이버펑크 2077,이 게임 재밌어요 아직 안 샀어요,1,1,True,Recommended,1440,1764992730
사이버펑크 2077,위쳐 만든겜 아니랄까봐 게임 대사 80 가 시발이네,1,1,True,Recommended,8041,1764595742
사이버펑크 2077,정가 주고 살 정도는 아니고 50 이상 할인하면 살만함 뇌 빼고 하는 것 보다 몰입해서 해야 재밌음 비슷한 게임은 많이 먹었는데 유니크한 세계관이 매력적이다 세계관 마음에 안 들면 살 필요 없음,1,0,True,Recommended,3018,1764528615
사이버펑크 2077,저는 개인적으로 재밌네요,1,0,True,Recommended,1770,1764516597
사이버펑크 2077,시작한지 얼마 안된 뉴비 입니다. 재미는 있는데 혹시 차 바퀴에 참기름이라도 발랐나요? 개같이 미끄러지네요? 개같은 차 조작감 빼곤 재밌네요!,1,0,True,Recommended,469,1764387124
사이버펑크 2077,"희망은 한 줄기라도 찾아볼 수 없는 세상 속 힘겹게 살아가는 삶, 하지만 그 속에서 사랑이 피어나고 우정이 싹트는 마냥 어둡지만은 않은 얘기.",1,1,True,Recommended,8718,1764352782
사이버펑크 2077,스토리 다보고 신체 개조는 끝판왕을 찍었지만 더이상 즐길것이 없다. 강력한 신체를 주체할수없어서 사람들을 죽이기 시작한지 3시간... 이게 사이버사이코인가?,1,0,True,Recommended,6753,1763473895
사이버펑크 2077,파고든 소감 b 스토리 몰입도는 최고의 게임 b 130시간을 넘게 파고든 소감은 스토리 몰입도가 너무 좋습니다. 출시 직후 구입해서 그 버그란 버그를 다 접하고 최근 팬텀 리버티 까지 엔딩 본 최종 소감입니다. 마굴이라고 할 수 있는 나이트 시티에서 벌어지는 군상극을 보면 차가움 보다는 사람 냄새가 진동하는 도시인데 이게 정말 매력적입니다. 차가움이 넘쳐 흐르지만 각자의 삶을 살아가려는 모습을 보고 있으면 상상 이상으로 캐릭터에 몰입됩니다. 지금 기준으로 보면 위쳐3에 이은 정말 맛도리 게임입니다.,1,1,True,Recommended,8270,1763286840
사이버펑크 2077,게임이 1시간 30분 플레이 시간 넘어가기시작하면 렉심해짐 점점 심해짐 예전에 나름 재밋게 잘해서 다시 깐건데 예전엔 잘되던게 갑자기 이럼,1,0,False,Not Recommended,5813,1763053616
사이버펑크 2077,아재밌다!!!,1,0,True,Recommended,11310,1762446163
사이버펑크 2077,내 인생겜 6회차 시작해볼까?,1,8,True,Recommended,22879,1762013537
사이버펑크 2077,년만 지나면 오리온이 나와요! 끼 얏 호우,1,0,True,Recommended,18986,1758351386
사이버펑크 2077,이 게임에 오픈월드의 디테일함을 요구하지 마세요. 오픈월드의 기능은 위쳐3보다 못하고 위쳐3처럼 스토리와 퀘스트하는 재미로 해야지 그 이외의 컨텐츠는 전무합니다. 출시부터 누덕누덕 기워서 게임구실은 하게 갖춰놓긴 했는데 여전히 몰입을깨는 버그가 존재합니다 루트슈터 장르인데 ar 연사 단발도 변경안되는 세밀함조차 없고 근접전 하려고 근접무기 휘두르다 바닥에서 붕쯔거리는 내 캐릭터 그림자가 보일때면 현자타임이 옵니다. 본편이 미완성작이라 dlc로 부실함을 채워둬서 dlc가 필수입니다 50 이상은 할인할때 사세요 절반 할인해도 당신이 사이버펑크 장르를 좋아하지 않는다거나 엣지러너 애니를 보고 뽕을 치사량 수준으로 맞은게 아니면 뽕맛도 느낄수가 없습니다. 이 게임에서 뽕맛을 못느낀다는건 환불각이 나왔다는거니까 알아서 도망가십쇼. 이렇게 욕해도 사이버펑크 장르의 루트슈터 rpg 대체작이 없는수준이라 울며 겨자먹기로 하고있습니다. 저처럼 사이버펑크 장르게임을 너무 하고싶다 약간 호그와트 레거시 같은 느낌 팬을 위한 게임 or 엣지러너 애니메이션 너무 재밌게봐서 같은 세계관의 게임을 즐기고싶다 그러면 지르시면 됩니다.,1,4,False,Not Recommended,13306,1758207535
사이버펑크 2077,"사이버펑크 하면 떠오르는 분위기를 완벽에 가깝게 표현한 게임 메인퀘, 서브퀘, 의뢰 등등 모든 컨텐츠 싹 다 즐기면 100시간은 거뜬히 넘김 다회차할 요소도 충분하고 모드질하는 맛도 있음 사양을 좀 잡아먹긴 해도 예전보다는 최적화가 좋아져서 DLC까지 세트로 사도 후회하지 않음",1,4,True,Recommended,6330,1758042364
사이버펑크 2077,내 집은 대한민국이 아니라 나이트시티라고,1,0,True,Recommended,10529,1757237373
사이버펑크 2077,"확실히 사펑을 하 나서 내 생이 달라 다. 원래는 고 진 눈도 못마주치고 쓰레 기 아무데 나 버리고 침 뱉고 했는데, 사이버펑크 2 0 7 7 게이 머가 되고나니깐 lockey 9677 하려고 스스로 노력하려고한다. 방금도 길바 에 니콜라캔 버려져 길래 주워서 쓰레 통에 버리고 다. 때는 일진은 커녕 같은 찐따 도 못마주쳤는데 이제는 배 음식 주문할때도 큰 소리로 lockey 92813말하고, 편의점 lockey 40151 에서도 눈마주치기 가능 졋다 아무리 기 일이 생겨 도 s h o w e r 면서 혼자 나는 누구 ? 사이버사이코 하면서 웃으니깐 기분도 좋아지네 이래서 게임이 사람을 만든다는말이 나온거같다.",1,5,True,Recommended,61176,1757185694
사이버펑크 2077,콰앙 쿠웅 펑! 호떡 만드는 소리,1,0,True,Recommended,3248,1756814787
사이버펑크 2077,스토리 미쳤다 진짜 재미있는 편임. 액션도 시원시원하고 루트가 매우 다양한 게 마음에 듬. 어떤 선택을 해도 완벽히 말끔한 결론에는 도달할 수 없는 부분이 게임에 여운을 남기게 되는 듯. 개인적으로 너무 재미있게 즐겼음.,1,6,True,Recommended,19670,1756353145
사이버펑크 2077,최근 한 게임 중에 최고! 처음은 생각보다 별론데?로 시작하다가 하면 할수록 몰입되어 엔딩까지 쭉 봄. 메인스토리 마지막 깨기 전에 다른 퀘를 다 완료하는 걸 추천함. 엔딩의 여운이......,1,5,True,Recommended,5618,1756020100
사이버펑크 2077,나 나이트시티 최강,1,0,True,Recommended,1361,1755960251
사이버펑크 2077,폭령성100 사이버 사이코 오해70 맥스텍 올 가능성40 자유도90 하찮은 욕설60 메인퀘스트10 서브퀘스트30,1,0,True,Recommended,2372,1755946493
사이버펑크 2077,남자도 튼실한 야추를 때고 보빔밥이 가능하다!?,1,0,True,Recommended,3568,1754821498
사이버펑크 2077,"첨에 버그 논란땜에 관심없었는데 늦게 접하길 잘했다. 진심 개추천 갓겜!!! 위쳐3에 이어 특유의 스토리텔링 능력은 진짜.. CDPR을 따라올 회사가 있을까 싶다. 사실 난 1인칭은 취향이 아니라서 할까말까 엄청 고민했었다... 하지만 FPS도 안좋아하던 내가.. 이게임을 하고나서 1인칭 게임을 좋아하게 됐다는게 놀랍다 왜 1인칭으로 만들었는지 쌉이해되더라 처음에 칩으로 해킹해서 NPC 공격하는 시스템이 있다는게 너무 신선하고 재밌게 느껴져서 이걸 1인칭으로 하니까 몰입감이 배가 됐음! 마치 진짜 미래세상에서 내가 하는것처럼 게다가 완벽한 한글더빙에 음악, 아트디자인 너무 매력있고 완벽하고 아 진짜 확장팩까지 깔아서 엔딩보니까 여운이 굉장히 진하게 남아서 대박이었음.. 멍하니 화면만 바라보다가 주인공에 감정이입되서 급우울해졌을정도... 진짜 이건 게임 수준이 아님... 못해본사람은 얼릉 하시오 CDPR 너무 사랑함 진짜",1,0,True,Recommended,80427,1754652101
사이버펑크 2077,무덤에서 산데비스탄을 통해 화려하게 부활한 다음 팬텀리버티를 통해 승천하는데 성공한 게임.,1,0,True,Recommended,7118,1754507247
사이버펑크 2077,만약 당신이 큰 기대를 품고 2020년 게임 예약구매를 했는데 컴사양이 구려서 이 게임을 무려 5년을 묵혀뒀다 2025년에야 잡았다고 해보자 초기 악평따윈 노상관에 신경조차 안쓰고 시발 존나 재밌네 기다린 보람이 있어 라고 한다 100퍼 장담함 만약 안해봤다면 꼭 해봐야할 게임,1,5,True,Recommended,34407,1754379819
사이버펑크 2077,아담스매셔 딱대,1,0,True,Recommended,5504,1754164808
사이버펑크 2077,초반 게임 플레이시 미션 머 부터 할지 검색해보고 하는게 좋습니다. 강제 2회차 경험 할 수 있어요. 게임 플레이는 어려움이나 매우 어려움으로 하는 것이 렙업에 도움을 줍니다. 본인이 어떠한 스킬 무기 빌드에 갈 것인지 검색. 무료 차량 획득. 신화 무기 획득 검색을 통해 하는 것이 강제 2회차를 막는 길입니다. 게임은 상당히 재미 있고 수집 요소가 강합니다. 분해와 돈버는 재미?,1,24,True,Recommended,16801,1754161034
사이버펑크 2077,무기 모으는 재미가 있음,1,0,True,Recommended,7473,1753594217
사이버펑크 2077,"안녕, 나이트 시티!",1,1,True,Recommended,5011,1752643953
사이버펑크 2077,오픈월드 미션은 재밌음. 전투도. 메인스토리가 개노잼. 무매력 캐릭터에 짜증나기만 하는 전개. 하 그리고 진짜 엔딩은 개쓰레기 같네. 여운도 없고 기분만 역해진다.,1,0,False,Not Recommended,3058,1752301354
사이버펑크 2077,나이트 시티에 살고 싶어졌다,1,0,True,Recommended,7964,1752143997
사이버펑크 2077,처음엔 조니가 다짜고짜 줘패길래 화났는데 낭만 치사량 롹커보이에 정들어 버림... 한손둔기 타격감이 장난 아니라 자꾸 휘두르고 싶다. 돈이 목적이 아니라 한손둔기를 쓰고 싶어서 NCPD 퀘 찾아다님,1,13,True,Recommended,6891,1751077150
사이버펑크 2077,"추천함. 강력하게 추천함. 진심임 플레이타임 35시간 엣지러너 정주행 후 감정 기복 폭발 요즘 버그 거의 없음 엣지러너 보고 이거다 싶어서 입문함 처음에는 걍 루시 보고 싶어서 샀는데 막상 겜 들어가보니 루시는 없고 현실은 개쩌는 나이트 시티가 나를 반겨줌 밤에 혼자 오토바이 타고 시티 돌아다니면 진짜 감성 터짐 네온 간판, 라디오에서 흘러나오는 음악, 그리고 저 멀리 보이는 황혼 속 아라사카 타워 와 진짜 이게 갓겜이구나 근데 그 와중에 산데비스탄 써보면 시간 느려지면서 나 혼자 존윅 모드됨 슬로우 걸고 헤드샷 3방 박으면 내가 데이드다 감정선 제대로 타오름 버그? 솔직히 말해서 요즘 거의 없음 초기 평가 들은 거랑 달라도 너무 다름 최적화도 괜찮고 UI도 깔끔하고 그냥 갓겜임 지금은 스토리도 진짜 미쳤고 팬엠, 주디, 타케무라 인간관계 다 살아있고 마지막 선택지에서 눈물 안 흘리는 사람은 인간 아님 진짜 마음이 너무 아파 결론 루시는 없지만 나이트 시티엔 내가 살 이유가 있음 한 번 들어가면 못 나오는 진짜 인생겜임 엣지러너 후유증에 사는 유저 씀",1,0,True,Recommended,2220,1751035505
사이버펑크 2077,데이비드...,1,0,True,Recommended,2532,1750320720
사이버펑크 2077,아담스매셔 10번 쳐 죽임 씨발련,1,0,True,Recommended,3387,1750142330
사이버펑크 2077,"초창기에 망겜 소리 들었다는게 도무지 이해 안 갈 수준의 갓겜 몇일 잠도 못자고 달려버렸는데, 나이트 시티 시민권 부여받고 싶을 수준",1,17,True,Recommended,5960,1749195281
사이버펑크 2077,"충분히 재밌게 즐길만한 오픈월드게임, GTA를 재밌게 했다면 추천함 갠적으로는 재밌는 게임 그 이상은 아닌듯 게임 플레이에 지장을 줄정도로 아직도 버그가 많음",1,5,True,Recommended,8826,1749135750
사이버펑크 2077,"좋은 그래픽에 비해 스토리 자체는 좀 허술하게 느껴졌던 싸펑2077. 메인 스토리와 사이드 퀘스트 스토리의 비중이 비슷하게 느껴지고, 사이드 퀘스트 스토리 중 하나인 줄 알았던 것이 메인 스토리였다는 걸 깨달았다.. 그만큼 딱히 재밌진 않았음 하지만, 초중반 까지는 몰입도가 꽤 높기 때문에, 재미있다고 할 수 있다. 전투 또한 테크놀로지와 스텔스를 겸한 플레이를 할 수 있도록 해놓았지만, 사실상 그냥 총 들고 쏘면 끝난다.. 딱히 특별한 느낌이 없는 느낌적인 느낌. 패치 후에 대격변 수준의 버그 픽스로 인해 평이 좋아졌다고 들었는데, 버그가 남발하고 최적화가 똥이었던 과거의 싸펑2077은 이미 스토리가 엄청난 편이 아니어서 평이 작살 ? 이 났던 것이 이해가 됬다. 그리고, 게임 내의 선택지들에 비해, 바뀌는 것이 또 따로 없는 편이라 아쉬운 편. 스토리 기반보다 게임 플레이와 그래픽을 기반으로 하는 재미를 추구하는 플레이어라면 추천. 그렇지 않다면, 큰 세일을 할 때 해보는 것으로..",1,3,True,Recommended,1636,1748669225
사이버펑크 2077,소잃고 외양간을 고치긴하니 어쨌거나 소들도 돌아오더라. 세계관 뽕 하나는 진심인 겜.,1,22,True,Recommended,5535,1747914960
사이버펑크 2077,데이비드의 복수를 하러왔다,1,0,True,Recommended,4408,1747574748
사이버펑크 2077,사이버펑크 엣지러너 보고 오열하다 고민 끝에 샀음 100시간 유저로써 솔직히 사는거 강추함 메인퀘 서브퀘 스토리 걍 모든게 완벽함 특히 사펑 엣지러너 봤으면 꼭 사셈 안사면 후회함 제 발,1,2,True,Recommended,8442,1747061111
사이버펑크 2077,h1 쌋데비슷탄은 기초적인 인플란트다.. h1 b 한발은 데이비드의 복수 b b 한발은 레베카의 복수 b b 한발은 홀로남겨진 루시의 복수.. b h3 애들아 내가 너희들의 복수를했어.. h3,1,0,True,Recommended,8562,1746780748
사이버펑크 2077,사이버 사이코다!,1,1,True,Recommended,6606,1746453116
사이버펑크 2077,아니 시간이 얼마나 지났는데 버그가 아직도 있어요? 기업루트에서 기업 퇴사되고 영상나오는거 영상 제대로 안나오고 팔 뻗은채로 이상하게 다니는 버그 있음 아무리 버그투성이 게임이라고 하지만 초반부터 버그있는건 좀 아니지 않음?,1,0,False,Not Recommended,11207,1746408083
사이버펑크 2077,하다보면 재밌어지는 게임 ... 생각보다 정말 재밌어서 시간 가는줄 모르고 하게됨.. 그외 자잘한 버그는 아직도 존재하긴 하나 게임 하는데에는 지장 없음... 스토리가 꽤 괜찮고 어려운 구간도 딱히 없어서 좋음.,1,6,True,Recommended,2469,1744169540
사이버펑크 2077,에픽에서 사전예약하고 망겜이라 묵혀뒀다가 스팀에서 산 나를 알까? 집 컴퓨에선 돌아가지 않아 학교 앞에 피시방에서 스토리 진행하는 나 정말 대단해. 확실히 재밌습니다. 싼데비슷한인가 그 빌드가 간지나서 현재 카타나만 들고 돌진중입니다,1,0,True,Recommended,2085,1743422354
사이버펑크 2077,"아직도 자잘한 쓰레기같은 오류를 못 고치는 쓰레기 같은 게임. 갑자기 뛰지도 못하고 평범하게 걷지도 못하는 줫같은 걷기 오류 떄문에 아무것도 못하고, 그냥 돈 버렸다 생각하고 바로 제거함.",1,6,False,Not Recommended,3563,1743233115
사이버펑크 2077,막 잼있어요,1,2,True,Recommended,13587,1743099642
사이버펑크 2077,언제나 내 마음은 나이트 시티에...,1,0,True,Recommended,4923,1742581749
사이버펑크 2077,"잼있게 잘했다요 다만 확팩 먼저하지 말자,, 확팩이 너무 꿀잼이라 끝나고 오리지날 하려고하면 좀 식음",1,0,True,Recommended,4089,1741284529
사이버펑크 2077,나이트시티 최고의 사이버사이코 V와 머릿속에 있는 퇴물 금쪽이와 함께하는 천방지축 우당탕탕 대모험 파티 맵안에 있는 물음표를 보면 흥분하는 사람들을 위한 게임.,1,0,True,Recommended,14478,1739877751
사이버펑크 2077,"기계화의 수준이 비약적으로 발달했으며 암울한 사이버펑크 세계관을 잘 표현한 작품입니다. 사이버펑크 엣지러너를 보고 게임을 플레이하면 훨씬 더 재미있고, 깊게 몰입할 수 있어요. 본편과 DLC 모두 정가로 구매해도 후회 없을 게임이라고 생각합니다.",1,0,True,Recommended,11964,1739710670
사이버펑크 2077,재키... 큰물에서 보자,1,0,True,Recommended,1952,1738760942
사이버펑크 2077,이건 무조건 해봐야 하는 게임. 적극추천. 스토리 암울한 디스토피아 세계관 묘사가 일품임. 멀티엔딩 다수 번역 더빙 트리플A급. 욕이 너무 찰져서 문제지만 그래도 기억에 남는 매력있음. 전투 다양하고 유니크한 스킬들로 재미남. 여기 저기 때려 잡으러 도시를 돌던... 그냥 목적 없이 바이크나 차를 타고 도시를 돌던.. 그냥 간지 끝장임. 미션 다 하면 할껀 없음 잊을만 하면 다시 켜게 되는 매력 넘치는 게임.,1,0,True,Recommended,18183,1738447814
사이버펑크 2077,빵빵 새끼야 한국어더빙 욕 존나찰짐,1,1,True,Recommended,7242,1737991511
사이버펑크 2077,생각보다 괜찮은 성우 연기에 한번 놀라고 거침없이 내뱉는 찰진 욕에 두번 놀라고 캐릭터 커스텀마이징에서 세번 놀라는 게임,1,0,True,Recommended,3742,1737919153
사이버펑크 2077,"널 달에 데려다 줄게 네가 나의 달이였어 데이비드. 이젠 닿을 수 없는 두 연인의 아픈 서사에 이어, 엣지러너로써의 삶을 이어가지 못하고, 살아있는 전설이 된 한 남자의 이야기.",1,1,True,Recommended,8664,1737399015
사이버펑크 2077,"사이버펑크 장르의 유일신, 이 장르 뽕을 최대치로 맞을 수 있는 게임 소소한 부분에서 아쉬움이 있기도 하지만 전체적으로 굉장히 만족 무엇보다 V의 인생에 완전 몰입되어 한 편의 영화를 감상한 느낌",1,28,True,Recommended,6671,1735734586
사이버펑크 2077,DLC,1,0,True,Recommended,8894,1735561583
사이버펑크 2077,"예전에 최적화 버그 이슈로 한번 환불한 후, 엣지러너 시청 이후 재구매하여 플레이함. 팬텀 리버티 다운로드 중에 작성. 발매 초기에 비해서 최적화 프레임레이트 많이 개선됨. 사운드트랙 훌륭한 연출. 심리스처럼 잘 구성함. 발매 초기 버그가 얼마나 심한지 잘 봐서, 이 게임이 다시 살아나리라 기대조차 안했는데. IP 전체가 부활하는걸 보면 기이하리만치 신기할 따름. 이하 대부분의 문제점은 모드가 허용된다는 점에서, 어떻게든 직접 해결할 수 있겠지만. 개발사가 유저에게 노동을 전가하는것이기도 함. 완벽한 게임은 아님. NPC가 공중에 떠있다던지, 상호작용이 안된다던지, 모든 무기가 비활성화되던지. 가벼운 버그들은 아직 남아있음. 뉴 게임 플러스의 부재. 한번 하고 쳐박아두기에는 너무 아까운 게임인데, 시스템이 비친화적. 멀티엔딩 게임에서 뉴 게임 플러스를 안만들어놔? 생각하니까 사이버사이코 될것같음.",1,8,True,Recommended,6843,1735363822
사이버펑크 2077,실버핸드가 보내는 인사다.,1,0,True,Recommended,6943,1734857050
사이버펑크 2077,아이 씨발 조니 새끼 존내 알짱대네,1,0,True,Recommended,1579,1734542458
사이버펑크 2077,게임의 분위기도 좋고 액션도 괜찮음,1,0,True,Recommended,7658,1734273753
사이버펑크 2077,게임은 엄청 재미있게 플레이하고 엔딩을 봤는데 쓰발 메인따라가다 사이드퀘안하고 끝나버려서 2회차해야되네 엔딩보기전으로 퀘 돌려주는것도 짜침 사이드퀘 깨면 다시 엔딩퀘로 찍이니깐 짜치고 처음 플레이 하시는분들은 사이드 다깨면서 플레이 하시길,1,10,True,Recommended,1643,1733780477
사이버펑크 2077,이 게임을 하다보면 언뜻 보면 화려한 나이트 시티를 볼수 있지만 화려함 속에 감추어진 어두운 면들을 볼수있다. 그리고 그런 도시속에서 생활하는 용병의 삶을 잘 보여주는 게임이다,1,0,True,Recommended,9363,1733119182
사이버펑크 2077,진심 내가 이 세계에서 살고 있는 거 같음 개재밌다......,1,1,True,Recommended,8831,1731469101
사이버펑크 2077,"2.1.3 패치 사이버펑크 엣지러너 보고 시작함 간간히 UI 사라지는 버그, 경찰 안붙는 버그, 맥스택이랑 싸우다 꺼지는 버그 말고는 특별히 문제도 없고 개꿀잼이라 논스톱으로 100시간 즐김",1,0,True,Recommended,21530,1731463454
사이버펑크 2077,갓겜이다 사이버펑크 특유의 배경이 이 게임을 자꾸 찾게되는듯 사퀘 의뢰 뭐하나 거를게 없다 걍 싹다 밀고 하셈,1,1,True,Recommended,3560,1731400483
사이버펑크 2077,"끊임없는 사후관리로 옳게 된 게임의 표본 21년도에 gog로 샀었는데 당시에도 전투는 재미있었고 즐겁게 했지만 차량을 구입하고 버그로 나오지않아 당시에는 차량을 구입하고 이동해서 탑승해야 구입이 완료되는 시스템 엔딩 하나만 보고 바로 치웠었음 지금은 2.0 이후로 게임이 많이 바뀌어서 전투도 더 재밋어 지고 아직도 버그가 있긴 하지만 게임진행에 방해될 정도의 버그는 없는듯 다만 dlc 후반부에 도망만 다녀야 하는 미션이 있는데 지도도 도움이 안되고 스킬 거의 다 찍어둔 만렙 캐릭으로 왜이러고 있나 할정도로 별로였음 그리고 가끔 물리엔진 고장나서 시체가 천장에 붙는다거나 하는데 이건 오히려 재밋었고 스토리 진행 중에 npc 연락을 기다려야 하는데 버그가 많던 게임이라 그런지 연락 안오면 버그 아닌가 하고 의심하게 됨 전투 돌입해서 나이프로 조준하니 팅기는 현상이 한 3번정도 있었는데 덕분에 저장 꼼꼼히 하게 되었음 그럼에도 불구하고 스토리나 npc 상호작용, 정성들인 더빙과 ui, 재미있는 전투, 컷씬 스킵, 고봉밥급의 의뢰와 보조임무, 다양한 이동수단, 찰진 욕설, 신체 훼손요소, 야스씬 등 성인용 육각형 게임임에는 틀림없음 버그는 뭐 오픈월드에 수많은 npc와 상호작용을 때려박는 과정에서 생기는 어쩔수 없는 거라고 생각 됨 개인적으로 바닐라 기준 이단점프 사이버웨어와 대쉬, 공중대쉬 스킬은 거의 필수라고 생각함 도전과제는 엔딩 여러개 보는 게 부담이었는데 자동저장이 잘 되어 있어서 무난했음 An example of a game made right by constant follow up management I bought it through gog in 2021, and even then, the battle was fun and enjoyable. After purchasing a vehicle, it did not appear due to a bug at the time, it was a system where you purchased a vehicle, moved it, and boarded it . I just saw the ending and put it away right away. Now, the game has changed a lot since 2.0, so the battles have become more fun, and there are still bugs, but they don t seem to be bugs that interfere with the progress of the game. However, there was a mission in the latter part of the dlc where all you had to do was run away, but the map wasn t helpful and it wasn t so good that I wondered why I was doing this with a max level character who had almost all of his skills mastered. And sometimes the physics engine breaks down and corpses get stuck on the ceiling, but this is actually fun. During the story, there is a time when you have to wait for an NPC to contact you, and if you don t get a call, you start to suspect that it s a bug. There were about 3 instances where the game would crash when I entered battle and aimed with the knife, but thanks to that I was able to save carefully. Despite that, the story, NPC interactions, elaborate dubbing and UI, fun battles, cutscene skips, high quality requests and side missions, various means of transportation, sharp profanity, body damage, and sex scenes are definitely an adult hexagonal game. I think bugs are inevitable when you interact with numerous NPCs in an open world. Personally, I think that double jump cyberware and dash and air dash skills are almost essential based on vanilla. It was burdensome to see multiple endings for the achievements, but it was okay because the auto save worked well.",1,37,True,Recommended,5850,1731290091
사이버펑크 2077,평가를 못합니다. 아예 켜지지가 않거든요... gta도 렉없이 잘만 돌아가는데 왜 이게 안돌아갑니까...?? 너무 해보고 싶었는데 컴퓨터 바꾸고 해볼 예정이에요. 컴퓨터 고사양인 분들만 구매하십셔....,1,0,False,Not Recommended,19,1730985086
사이버펑크 2077,??? 빵빵! 야!,1,2,True,Recommended,9715,1730341705
사이버펑크 2077,very good. great concept. great story,1,2,True,Recommended,2104,1729397586
사이버펑크 2077,이건 갓겜임,1,1,True,Recommended,7590,1728648163
사이버펑크 2077,망설이고 있는 또 다른 V여 인생에 한번은 나이트 시티에 살아보는걸 추천해 절대 후회하지 않아,1,2,True,Recommended,6929,1728397070
사이버펑크 2077,너무재밌어요,1,0,True,Recommended,4612,1728156366
사이버펑크 2077,"반복적인 부분이 있긴하지만 그만큼 긴장감 더 높이 업그레이드 되는 성취감 rpg등 구성이 다양해서 너무 좋았습니다. 레데리2같은 부분이 없지않아 있지만 그만큼 게임을 보고 배운느낌이랄까 , 미래적인 도시의 구성 너무 괜찮네요",1,2,True,Recommended,4012,1727956151
사이버펑크 2077,네녀석도 산데비스탄을??,1,2,True,Recommended,4065,1727701915
사이버펑크 2077,이제는 브챗할 때 마다 BD보는 모습일 것 같아서 쥰내 웃기네,1,1,True,Recommended,6905,1727592690
사이버펑크 2077,딱 재밌노 이기,1,0,True,Recommended,1047,1727539130
사이버펑크 2077,카타나 빌드를 완성한 나,1,0,True,Recommended,1932,1727081721
사이버펑크 2077,스토리도 재미없고 전투는 반복적이며 비슷한 수준 매력적인건 도시의 이쁜 모습뿐,1,0,False,Not Recommended,1841,1726468514
사이버펑크 2077,"내가 돌이나 밀고자로보여? 전혀 넌 여기 꼭두각시들 처럼 깜직하지도 않잖아 Guy Spear이 더 어울리지 아, 이... C8 Dog주왁같은 Year을 봤나.",1,1,True,Recommended,19782,1725612037
사이버펑크 2077,사펑 뻗는거 빼고는 완벽했음 예전에 유튜브로만 봤던 버그들은 플레이하면서 찾아볼수도 없고 스토리도 이해하기 힘들었지만 매우 만족했음. 필요없는 성기 키우기 기능은 재밌었음,1,1,True,Recommended,15072,1725280212
사이버펑크 2077,이제는 할만하다 옛날에는 답도없이 티자 괴물들나와가지고 스트레스이빠이받았지만 지금은괜찮다 dlc 나와서 다시해보는중인데 초초갓겜 근데 팬엠이랑 그남자게이그만좀 연락왔으면좋겠다 킹받는다 2.0 업그레이드이후로는 초갓겜까지는아니여도 cd프로젝트 게임사에 특유의 서브퀘 메인퀘 감정선 너무좋다 100점만점에 85점 주겠다 점수깎인요인은 배신감도있지만 자동차 가져다주는 반복퀘가 날 너무화나게한다 그래도 서브퀘 걸러 깨면 할만하당 추천,1,0,True,Recommended,5736,1724398407
사이버펑크 2077,인생 게임,1,0,True,Recommended,22812,1723815724
사이버펑크 2077,캬 53년 남았다 사이버펑크는 오지 않았으면 하는 미래의 이야기지만 개인적으로 이런 쌈 뽕한 곳이면 한번 살아볼만 하겠어,1,1,True,Recommended,12629,1722927720
사이버펑크 2077,"그냥 조오오오오온나 재밌네 화려한 불빛이 잠식한 거리를 오갈 때 걸려온 전화를 받고 임무를 깨러 갈 때 시장에서 아이템을 구입할 때 도시 야경을 감상하면서 도로를 질주 할 때 들리는 소리들이 전부 한국어라는게 얼마나 게임의 몰입감을 올려주는지 깨달음 위쳐3부터 풀더빙 해준 이 회사에게 진심으로 감사하다고 말하고 싶음. 내 생에 최고로 몰입한 게임이었음. 사이버펑크는 낭만이었고 데이비드 퀘스트 했을 때는 눈물이 날 것도 같았다. 데이비드 자켓 얻은 뒤로는 그것만 입고 다녔음. 공략 캐들이 좀더 미형이었으면 좋았을 것 같다는 아쉬움은 남지만.... 그건 모드로 해결 되는 문제고 한달 동안 사이버펑크로 정말 즐거웠음. 친구의 추천으로 애니메이션을 보고 여운이 남아 게임까지 하게 된게 큰 행운이라고 생각하고 조니라는 캐릭터는 또 얼마나 매력적인지. 이런 세계관의 게임이 풀더빙으로 나오다니. 레이트레이싱 켜면 진짜 눈이 행복했음. 이런 게임들이 계속 출시 될 거라고 생각하면, 그게 또 살아갈만한 이유가 될 것 같음. 재키, 데이비드 큰 물에서 만나자.",1,50,True,Recommended,5197,1722741477
사이버펑크 2077,빵!빵! 씨발새끼야!,1,0,True,Recommended,3699,1722264579
사이버펑크 2077,이제는 게임의 형태를 갖추고는 있음 근데 아직도 가끔 터지는 그지같은 버그는 여전히 세계관 몰입을 짜치게 만듦 완성도 있는 오픈월드를 즐기는 게임이라기 보단 게임의 형태를 한 미드를 본다는 느낌으로 플레이 했음,1,1,True,Recommended,6506,1722104636
사이버펑크 2077,겜을 할 수는 있게 만들어야지 잘만 되던게 개편 된 뒤론 들가지지도 않음 해결방법 다 해봣는데도 안됨 지웠다 깐게 몇번인지,1,0,False,Not Recommended,5237,1721713363
사이버펑크 2077,"h1 사이버펑크2077 당신은 어떤 삶을 살아 갈 것인가? h1 길고도 길었던 사이버펑크2077의 여정을 끝냈습니다. 2019년 출시 초의 난항부터 2.0 버전의 엣지러너의 광풍과 반전의 역사를 써오며 이후 꾸준한 개선과 지원 끝에 마지막 버전을 맞이한 현 시점, 사이버펑크2077은 출시 초의 원대한 목표와 비전을 완벽하게 달성했을 뿐 아니라 게임 내적으로 그리고 외적으로 모두 게임사에 길이 남을 위대한 족적을 남겼다고 생각합니다. 사이버펑크의 세계와 이야기는 우리들이 살아가는 현실과 크게 다르지 않은 우리들의 이야기였고, 그렇기에 비로소 모든 순간의 선택에 진지할 수 있었고 또한 몰입할 수 있었으며 그 선택에 대한 결과도 오롯히 받아드릴 수 있었습니다. 사이버펑크2077의 이야기에는 정답이 없습니다. 우리 삶에도 정답이 없듯이요. 중요한 건 질문입니다. 작품은 작중세계에서 벌어지는 사건과 그 사건 속 인물들을 통해 많은 감정적 그리고 철학적 질문들을 던집니다. 수 많은 담론과 주제의식이 담긴 이 방대한 경험의 도가니는 저에게 있어서 평가의 대상이 될 수 없었습니다. 이야기 속의 인물을 보며 우리 자신을 투영하고 매순간 질문을 받았습니다. 당신은 어떤 사람인가? 어떤 삶을 살아갈 것인가? 그리고 어떻게 죽을 것인가. 수 많은 변수와 다양성으로 끊임없이 변모하는 현대 사회에서 사람들은 제 각각의 생각과 가치관, 이기심, 욕망, 꿈, 희망 등 투쟁 속에 살아갑니다. 그런 삶에는 정답이 존재하지 않기에 우리는 세상과 운명을 함부로 예단하지 못합니다. 하지만 언제나 답을 갈구하고 답을 찾아가기 위해 살아가기도 합니다. 사이버펑크2077은 일상속 반복적인 감각에 무뎌진 우리 개개인이 가진 인간적 심지에 대해, 우리가 찾는 각자의 삶의 답과 목적에 대해 다시금 생각해볼 기회를 주는 작품이였습니다. 그렇기에 사이버펑크 2077은 제게 있어서 여타 게임과 같은 잣대와 기준으로 평가 할 작품이 되지 못합니다. 정확히는 저로서는 감히 함부로 작품이 가진 메세지와 철학적 고찰에 대해 말 할 수 없을 것 같습니다. 사이버펑크 2077은 우리가 살아가는 사회와 마주한 삶의 시련을 비춰주는 거울도 같은 작품이기 때문입니다. 한가지 확실한 것은 작품 속 V 가되어서 보고 느낀 경험들은 제가 개인적으로 힘든 시기를 지내오는 과정 속에서 때로는 위로가 되어주기도 했고 한편으로는 따끔한 경종이 되기도하며 큰 감정적 파문을 일으켰다는것 입니다. 사이버펑크2077을 마무리 하며 제 삶의 한 챕터도 끝났습니다. 작품을 통해서 얻은 이 감정과 경험들이 앞으로의 삶에 어떤식으로 영향을 줄 수 있을지 아직은 잘 모르겠습니다. 하지만 적어도 제가 한동안 잊고 살아온 중요한 질문 하나는 확실히하게 된 것 같습니다. 당신은 어떤 삶을 살아갈 것인가? 라는 질문, 무엇이 후회없는 선택이 될 지, 그리고 그 선택의 결과는 전부 자신에게 달려있음을 말이죠. 사이버펑크2077이 저에게 그랬듯이 누군가에게 분명히 인생의 큰 전환점이 될 수도 있는 특별한 게임이 되리라 생각합니다.",1,14,True,Recommended,7350,1719933987
사이버펑크 2077,쉬이발 한달전에 10만원 정가주고 구매했는데 50 세일하네 뭐 재미있게 즐기고 있으니 한잔해 는 니미 시벌,1,1,True,Recommended,5578,1719924511
사이버펑크 2077,조니실버핸드랑 사귀고싶어요,1,0,True,Recommended,5679,1718813842
사이버펑크 2077,하면 할수록 개노잼,1,0,False,Not Recommended,1888,1718629028
사이버펑크 2077,씨발 대사 좆같이 많네,1,1,False,Not Recommended,3246,1716700361
사이버펑크 2077,애증인 새끼... 처음 나올 때 존나 기대하게 만든 새끼... 버그 터진 것마저도 연출인 줄 알고 놀랐다가 통수 때린 새끼... 그러다가 애니 잘 되고 점차 괜찮아진 새끼... 인줄 알았는데 회사 20주년에 존나 징징대서 정 떨어진 새끼... 그런데도 게임은 재밌는 새끼...,1,0,True,Recommended,31258,1716222077
사이버펑크 2077,응기이익 헤으응,1,0,True,Recommended,8522,1716027600
사이버펑크 2077,갓겜섹스,1,0,True,Recommended,24755,1715751005
사이버펑크 2077,타케무라 조이토이제발,1,0,True,Recommended,59641,1714971500
사이버펑크 2077,정실은 빅터다,1,0,True,Recommended,4661,1714476361
사이버펑크 2077,업뎃했대서 갔는데 npc들이 븅신같은게 여전해서 더 못하겠다,1,0,False,Not Recommended,1752,1713970656
사이버펑크 2077,"출시 첫 날 엑스박스로 게임을 구입해서 플레이 했을때, 저는 그제서야 무언가 잘못되었음을 깨달았습니다. 사전 홍보에서 보여주던 내용들은 온데간데 없어 엉망진창 망가진 데이터 덩어리가 저를 반겨주었죠. 그때 저는 처음 엑스박스에서 환불을 해보았고, 그 돈으로 포르자 호라이즌 4를 구입해 즐기며 기억 한 켠으로 이 게임을 치워두었습니다. 그게 벌써 2020년입니다. 완전히 망가졌던 게임이지만 개발사의 명성에 기대어 개발비를 회수하고도 남는 수익을 올린 녀석입니다. 그럼에도 자의인지 타의인지는 모르겠지만 CDPR은 게임을 포기하지 않았고, 고쳐나가기 시작했습니다. 그러다가 넷플릭스에 사이버펑크 엣지러너 가 공개되었습니다. 엣지러너는 본작을 다시 플레이할 동기를 불러일으키기 충분하다 못해 폭발적인 작품이었습니다. 이윽고 공개된 확장팩 또한 CDPR이 본디 잘하는 스토리텔링 에서 훌륭한 성과를 보이며 그 반동을 이어나가는데 성공했습니다. 제가 다시 2024년에 이 게임을 구입하고, 다시 플레이 해봤을 때 느낀 점은... 그야말로 무덤에서 돌아온 게임입니다. 충분히 플레이 해볼만한 게임입니다. 입체적인 캐릭터, 아름다운 그래픽, 장르에 대한 존경과 오마주, 훌륭한 더빙 등... 그러나 여전히 광고와는 다른 게임이고, 다른 유수한 명작 오픈월드 게임보다 떨어지는 부분이 많은 것도 사실입니다. 그렇지만, CDPR은 기만으로 잃어버린 유저들의 신뢰를 되찾기 위해 결코 저렴하지 않은 대가를 치렀습니다. 책임을 다하려고 하는 모습, 그 부분에 있어 본작은 오래오래 회자될만한 작품이라고 생각합니다. 물론 가장 좋은 것은 출시일에 멀쩡한 게임을 내놓는 것이겠지만 말입니다.",1,22,True,Recommended,5729,1713545079
사이버펑크 2077,올 더빙이여서 몰입감도 좋고 재밌어요 베리귯,1,0,True,Recommended,28624,1713251200
사이버펑크 2077,"Cyberpunk 2077 3.5 5 점 덩치만 키운 게임, 디테일이 부족하다. 개인적으로 느끼기에 이 게임은 세계관 하나만큼은 잘 표현한 게임이라고 생각한다. 근데 말 그대로 표현 만 잘 한 게임이다. 트레일러나 사진을 보고, 와! 이런게 표현되어있어? 하고 기대하면 큰 실망을 할 수 있다. 아무래도 규모나 장르 면에서 GTA와 유사한 점이 있다보니 비교를 할 수 밖에 없었지만, GTA보다 나은 점은 거의 없었다. 지금 당장 생각나는 것만 적었지만, 플레이 하다보면 느껴지는 부족함이 많을 것이다. 게임에서 좋았던 점은, 2077년 미래를 잘 표현했다는 점과 그러한 분위기에 맞는 배경 음악 2가지이다. 음악이 너무 좋아서 라디오 틀고, 돌아다기만 해도 뭔가 게임 세계에 동화되는 느낌이 좋았다. h3 바이크 타고 가다가 엣지 러너 그 OST 듣고, 뭔가 사이버 펑크적인 미래의 신기술을 보여줘야 할 것 같은 뽕이 차지만, 안되서 맥 빠지는 게임 h3 h3 기대감을 낮출수록 오히려 재밌어지는 게임 h3 2077년 미래 느낌의 기술, 캐릭터 외형, 도시 배경 등이 과하지도 부족하지도 않게 세계관을 잘 표현했다고 생각합니다. 이런 점은 개인적으로 gta 보다 더 마음에 들었습니다. 근데 그거 뿐, 그 외에는 너무 평범하거나 부족하다고 생각합니다. 방대한 규모의 세계관을 표현함으로써, 게임을 진행하면서 플레이어가 와 이런 것도 될까 하는 상상과 감탄을 자아내게 만들었지만, 게임은 이러한 플레이어의 욕구를 어느 것도 충족시켜 주지 못했다. 몇 가지 예를 들자면, 1 브레인댄스 BD BD는 생생한 VR같은 것인데, 이건 도대체 왜 만든 것인지 모르겠다. 이 게임에서 뭘 위해서 만들었는지 제일 이해가 안되는 컨텐츠이다. 사실 컨텐츠라고 하기도 애매하다. 스토리 초반에 이 브레인댄스의 튜토리얼을 만들 정도로 뭔가 기대하게 만들었지만, 이 BD는 스토리 진행 중에 몇 번 쓰고 그 외에는 쓸 일이 없다. 또, 상점에서 여러가지 BD 데이터를 파는데, 실제로 유저가 볼 수 있는 방법은 없다. 2 버그 게임 발매 직후, 사펑이 버그나 최적화 등 다양한 이유로 혹평을 많이 받은 것으로 알고 있다. 근데 그 이후에 지속적인 패치를 통해 갓겜 되고, 평가가 좋아졌다고 해서 산 게임인데, 여전히 버그가 많다고 느꼈다. 물론 게임 진행이 불가능할 정도의 버그는 없었지만, 차는 없고 사람만 공중에 앉아 있다거나, 길거리 물건이 갑자기 혼자 날아간다거나, 차량 호출 했더니 차도 혼자 날아가는 등 했다. 또, NPC 들의 발언이나 퀘스트 진행의 시간대가 맞지 않는 등의 문제가 있었다. 약간의 스포가 담긴 예를 들자면, 주디에게 연락이 와서 가보면 이블린 파커가 죽어있는 장면이 나온다. 이때 연락을 받고 주디에게 가지 않고 다른 퀘스트 진행하다 보면, 이미 이블린파커가 죽어있는 채로 대화가 진행되었다. 3 방대한 세계관에 비해 부족한 디테일 아까도 말했지만, 이 게임은 2077년 미래의 세계관을 잘 표현하고 있다. 근데 표현만 잘 되어있지, 실제 유저가 경험할 수 있는 디테일한 컨텐츠가 부족했다. 세력 게임 내 여러 세력들이 있는데, 이들 간의 우호도 시스템이 있었으면 좋았겠지만 없다. 추측이지만, 처음에는 세력 간 우호도 시스템을 만들려고 했지만, 개발 시간이 부족해서 취소한 듯한 느낌이다. 대신 길거리 평판을 넣어서 그냥 퉁 친듯 하다. 실제로 돌아다니다 보면 NCPD랑 갱단이 싸우는 모습을 볼 수 있는데, 세력 시스템의 부재로 NCPD나 갱단 등의 존재감이 떨어진 느낌. 성적인 컨텐츠 뭐 이런 걸 찾냐라고 할 수 있는데, NPC들의 2077년의 자유 분방한 행동, 대화 등은 잘 표현하고 있다. 예를 들면, BD로 야동 보는 가게, 성인용품 가게, 도박장 등이 엄청 많이 만들어 놨지만 실제로는 아무것도 이용할 수 없다. 조이토이라는 매춘 NPC들이 어느 장소에 모여있는데, 실제로는 게임 전체에서 4명의 조이토이만 상호작용이 가능하게 되어있다. 말 걸면 플러팅 하는 NPC, 매춘을 하는 가게 등 뭐가 엄청 많은데 실제론 뭐가 없다. 쓸모도 없는 술, 음료수, 얼음 뽑는 자판기는 수 백, 수 천개씩 만들고선, 정작 게임 세계관이랑 관련 있는 컨텐츠는 어느 하나 구현하지 않았다. 엔딩 이후 컨텐츠 부족 사실 엔딩 전까지는 스토리 본다는 마음으로 게임을 즐길 수 있지만, 엔딩을 본 뒤에 다른 엔딩을 보겠다고 처음부터 게임을 또 하기는 쉽지 않다. 엔딩 이후에 실제로 할만한 게 남은 퀘스트를 깨는 것밖에 없다. 나오는 적들도 더 쎄지거나 하지않아서 5티어 무기 한 두방에 그냥 날아가서, 딱히 파밍 욕구도 생기지 않는다.",1,3,True,Recommended,4013,1713242593
사이버펑크 2077,고생했다.,1,0,True,Recommended,10356,1712614945
사이버펑크 2077,도전과제 100 달성 발매 때는 진짜 욕 엄청 먹었는데 사후관리로 갓겜이 되었군요 팬텀리버티까지 너무 완벽... 오픈월드는... 락스타랑 CDPR뿐이네,1,0,True,Recommended,7065,1712503896
사이버펑크 2077,시험기간에 스팀을 뒤적거리던 저는 한 게임을 찾았어요. 애니로 떡상한 사이버펑크였죠. 저는 홀린듯이 구매했고 등급과 명성을 등가교환했습니다. 오늘부터 제 꿈은 엣지러너에요.,1,1,True,Recommended,3028,1712467756
사이버펑크 2077,3년만에 엔딩을 봤다. 개똥겜을 기어코 갓겜으로 만들었구나.. 다시는 통수치지마라,1,10,True,Recommended,8052,1712078748
사이버펑크 2077,자꾸 좆같은패치해서 모드깨짐,1,1,False,Not Recommended,4945,1710965371
사이버펑크 2077,후반 가니까 스토리가 너무 처져....,1,3,False,Not Recommended,664,1710682035
사이버펑크 2077,검성 산데 카타나 존1나 재밌노,1,0,True,Recommended,16852,1709952015
사이버펑크 2077,개쩌는 자유도! 고추 임플란트 안됨 매력적인 히로인! 죄다 뿌까머리 야스가능! 컷씬 부비부비 응앙 끝 이것빼면 재미있음,1,0,True,Recommended,2418,1709520233
사이버펑크 2077,재밌음 아니 근데 왜 총을 들고만 있는데 위협이라는 거야 그냥 총이 예뻐서 들고 있는 거일 수도 있잔슴,1,0,True,Recommended,3889,1709459277
사이버펑크 2077,정신나간 짱개 새끼가 해킹해서 환불해놓고 도타2 아이템 사놨네 다시 환불받고 산다. 정신나간 짱개 새끼가,1,0,True,Recommended,113,1708857419
사이버펑크 2077,씹새들아 게임시켜달라고 돈주고 사도 게임을 못하게하는 새기들은 처음이네,1,0,False,Not Recommended,2926,1708431008
사이버펑크 2077,"Lucy, I missed you so I come back",1,1,True,Recommended,2253,1708332037
사이버펑크 2077,게임존나멈추네,1,13,False,Not Recommended,36249,1708247187
사이버펑크 2077,"엣지러너를 보신분들에겐 최고의 선물 그밖의 분들은.,..",1,0,True,Recommended,3069,1708158229
사이버펑크 2077,산데비스탄 씨발아 왜 주디는 레즈인데,1,25,True,Recommended,12209,1707752353
사이버펑크 2077,너무 만족했습니다. 다른 유저분들도 이 게임을 경험하고 즐기셨으면 좋겠습니다.,1,0,True,Recommended,2368,1707222450
사이버펑크 2077,망겜이라 해서 걱정했는데 존나 재밌노 근데 조작감이 존나 구림 GTA 5 엔진 생각하면서 운전하면 진짜 시궁창이긴함 물리엔진 자체가 그냥 좆쓰레기인듯,1,0,True,Recommended,2070,1706368199
사이버펑크 2077,라디오 채널 넘기다가 엣지러너 노래 나오면 폭주하는 게임,1,0,True,Recommended,4353,1705975565
사이버펑크 2077,드디어 엔딩을 봤다 이 줫같은 게임을 삭제할수있어,1,1,False,Not Recommended,4335,1705949182
사이버펑크 2077,fun,1,2,True,Recommended,4156,1705739056
사이버펑크 2077,다 좋은데 남V로 리버 공략을 못해서 아쉬워요 나머지는 다 좋아요,1,0,True,Recommended,21694,1705279483
사이버펑크 2077,팬텀 리버티이후는 확실히 갓겜이 됨 다만 종종 버그있음 감안할만한 정도 누가 이 게임 하다 누가 버그났다 뭐라 하면 누누히 있는 사펑의 버그라고 당당히 말해줌 그게 사실임 3회차 정도 하고 모드 깔아서 한 6회차정도 한듯 추천할만한 게임이고 후속작을 기대하는중,1,0,True,Recommended,15933,1704697641
사이버펑크 2077,"4070TI, I5 13600K 이런! 사이버 펑크가 뻗었습니다",1,0,False,Not Recommended,972,1704632607
사이버펑크 2077,다시 살까,1,1,True,Recommended,63,1703754104
사이버펑크 2077,"게임 같은거 사면 묵혀놨다가 장독에서 김장김치 꺼내먹는거 마냥 게임 하는 편인데 몇 달 전에 할인할 때 DLC랑 같이 사고 최근들어서 게임을 해봤습니다. 그 결과 개맛있게 잘 익어서 1회차에서 로드로 엔딩 4번 보고, 2회차 모드 깔고 중후반 지점 달리는 중입니다. 눈깔 뒤집어져서 겜하는 중인데 뒤지게 재밌으니까 꼭 하세요. 초반 버그이슈 개많아서 안샀는데 지금은 게임에 방해 되는 버그 거의 없고, 있다고 한들 사펑은 자동저장 시스템을 잘 구축해놔서 로드 통해서 어지간한거 다 해결 됩니다. 진짜 게임 개맛돌이다....",1,0,True,Recommended,13079,1703622824
사이버펑크 2077,"첫 구매해서 1회차를 돌렸던 1.53 버젼 때도 나쁘지 않은 게임이라고는 생각했다. 버그가 많은 게임이라는 얘기도 있었는데 이때만 해도 꽤 고쳐진 상태이기도 했고... 하지만 1회차를 160시간 정도 정말 쪽쪽 빨아먹었을 뿐 다시 생각나는 정도는 아니었다. 하지만 2.0패치와 팬텀리버티 출시 소식에.... DLC 맛볼 겸 1회차 정도만 더 돌려도 돈은 안 아깝겠거니 해서 속는 셈 치고 시작했는데 이게 웬걸.... GTA 5와 스카이림을 1000시간 이상 즐길 만큼 오픈월드 게임을 좋아하는 편인데, 2.0과 팬텀리버티로 대격변한 사펑은 개인적으로 이 두 게임에 전혀 꿇리지 않았다. 아니, 오히려 전투적인 부분의 재미는 이 게임들을 압도적으로 앞섰다. 그리고 스토리에 대한 몰입도는 본편에서도 나쁘지 않았는데, 팬텀리버티는 거기서 두 단계 이상 더 진화했다. 그냥 미쳤다고밖에 표현할 수가 없다. 선악을 함부로 나누기 힘든 입체적인 인물들, 나의 선택에 따라 다양하게 갈라지는 결과들이 한낱 서브퀘에도 녹아들어있다. 요약하자면, 이제까지의 내 삶에서 최고의 오픈월드 게임이라 감히 자부한다. 어느덧 6회차를 시작하며 1000시간이 넘게 플레이했는데, 아직 질리지 않은 것 보니 10회차는 채우지 않을까 싶다.",1,2,True,Recommended,223423,1703524308
사이버펑크 2077,아니 왜 시발 델라메인 차고로만 가면 튕기나요,1,1,True,Recommended,9666,1703309039
사이버펑크 2077,"그냥 재미가 없음... 사이드퀘는 장소만 다르지, 절도, 살인 말고는 없음. 메인 스토리도 재미 없음. 심지어 메인만 밀면 엄청나게 짧음. 버그 아직도 있음.",1,0,False,Not Recommended,16889,1703171352
사이버펑크 2077,지금 하니깐 그냥 갓겜인데? 이게 왜 똥겜 소리 들었죠?,1,1,True,Recommended,4397,1702457824
사이버펑크 2077,산데비스탄,1,1,True,Recommended,8365,1702060062
사이버펑크 2077,개존잼 그냥 존잼 요즘 이것만함 겁나재밌음 왕잼 갓잼 딸기잼 바나나잼 사과잼 블루베리잼 누텔라잼 참치잼 동치미잼 속풀이쇼 동치미,1,0,True,Recommended,2327,1702051561
사이버펑크 2077,하다보니 갓겜같음,1,1,True,Recommended,7161,1702049982
사이버펑크 2077,얼릭엑세스 게임인데도 매번 업데이트 될떄마다 업뎃내용이 많아 정발이 기대되는겜,1,1,True,Recommended,8255,1701970324
사이버펑크 2077,"실제로 앞니 2개가 나가서 임플란트 단 김에, 게임에서도 원없이 모든 임플란트를 착용하고 왔습니다. 속이 후련하네요",1,1,True,Recommended,59653,1701843779
사이버펑크 2077,빵빵 씨발세끼야,1,1,True,Recommended,3787,1701843234
사이버펑크 2077,재밌다. 재밌으나 잔버그가 아직도 남아있다 어떻게 보면 치명적 산데비스탄 쓰는 일부 적대npc가 벽에 낑겨 들어가면 총도 안맞고 근접무기류도 닿지 않는다. 정말 얇은 실각 정도로 퀵핵 능력이 들어가서 시간 들여가며 퀵핵으로 잡아야한다. 이외에도 잔버그가 아직 남아있는편,1,0,True,Recommended,3953,1701513545
사이버펑크 2077,tq 컴 산지 얼마 안됬는데 사펑 뻗는거 실화냐고 ....,1,9,False,Not Recommended,38,1701001952
사이버펑크 2077,망겜임 실행이 안됨. 2.0 초반까지만 해도 잘 됐다는게 더 웃김,1,2,False,Not Recommended,11474,1700661145
사이버펑크 2077,온갖 욕설과 최적화 문제 여러논란이 많았던 게임1위 이젠............. GOD GAME 1위,1,1,True,Recommended,29349,1700481154
사이버펑크 2077,앙 기모띠,1,0,True,Recommended,7392,1699869240
사이버펑크 2077,1000시간 넘게한 결과 2.0 패치 전에도 좋은 게임이었지만 하고 난뒤 더욱 좋은게임이 되버렷으며 확장팩 이후로 갓겜이 되버림. 다만 자잘한 버그가 아직도 존재해서 아쉬움..... 그러니 다른 확장팩 부탁 드리겠습니다.,1,31,True,Recommended,154878,1698797267
사이버펑크 2077,한국어 더빙이 아주 잘 되어있어 스토리 몰입에 도움을 준다. 전체적인 미션의 난이도가 적당하고 하나하나가 개성있다. 무엇보다 사이버펑크 고유의 특성 시스템을 활용한 여러 플레이가 가능하다는 점이 게임 진행 욕구를 계속 돋구는 것 같다. FPS를 잘 못하는 사람도 난이도 조정을 통해서 충분히 할 수 있다고 생각한다.,1,0,True,Recommended,3073,1698404650
사이버펑크 2077,동훈이가 환장하고 승민이가 놀란 게임,1,1,True,Recommended,5896,1698383601
사이버펑크 2077,이 시발 게임 태생부터 개 좇같이 만들어놓은 애123미 창123년들이 꼴에 업데이트 한다고 겜을 똥통에 담갔다가 꺼낸건지 오랜만에 설치하니깐 겜 시작도 제대로 못하고 메인화면부터 계속 튕기고 지1랄 염병을 아오 시발 그거 원인 규명해서 고치겠다고 내 피같은 주말 다 빨아먹고 개 시1발 결국 재설치 하게 만드네 용량도 개 씹같이 커가지고는 설치하는데 한세월 걸리는데 재설치 하고도 게임 튕기도 그 지1랄 나는순간 걍 남아있던 일말의 정나미마저 떨어지고 게임 삭제하고 다시는 쳐다보지도 않는다 이 시발넘의 dlc도 3만원 넘게 쳐받아먹고 깔았더니만 이딴식으로 보답하네 좃디피알 애123미 창123년들,1,0,False,Not Recommended,6386,1697972364
사이버펑크 2077,빵빵! 씨X 새X야!!,1,0,True,Recommended,11890,1697190272
사이버펑크 2077,사람들이 재밌다고 해서 해보고 있는데 아직 어떤 점에서 재미있는지 잘 모르겠어요,1,0,True,Recommended,7506,1696853735
사이버펑크 2077,"4.7 스토리가 길게 나오는 게임을 그다지 선호하지 않는데도 불구 단 한 번의 지루함을 못 느낌. 한, 영 더빙, 번역도 제일 훌륭한 게임 같고 여v 목소리는 육수 우려도 될듯. 전투시 효과음이나 ui도 어색함이 없음. rtx 비쥬얼 뽕이 상당하니 고성능 gpu를 들고 하셈 겜이 별로인 이유는 pc가 구려서가 아닐까 싶음. 요즘은 7500f, 4070 수준이면 떡을 치치 않나 라는 생각을 함. 딱히 고사양도 아니라 시도하기 수월함 다 좋은데 커스터마이징이 너무 한정적임. 생긴게 좀 아쉬운 느낌 유저들 모드질 한 거 보면 팬앰 v 다 예쁘고 잘생기게 만들던데 내 팬앰 v는 상대적으로 못생김 대놓고 사이버 사이코 컨셉으로 즐기면 마음이 좀 놓임 결국 하루정도 투자해서 아크팩을 모드로 써봄. 대만족. 가격 정가 줘도 좋음 20 세일까지 존버 50 세일까지 존버 70 이상 세일까지 존버 90 이상 세일까지 존버 무료 그래픽 황홀함 멋지고 개성 있음 개성 있음 괜찮음 못 봐줄 수준은 아님 불편함 눈을 가리고 싶어짐 사운드 기저귀 갈아야 됨 찰짐 알맞음 괜찮음 싫증남 구림 고막을 찢고 싶음 인터페이스 게임이 나를 엄마보다 잘 챙겨줌 유저 친화적 크게 불편하지 않음 약간 귀찮음 비효율적이고 답답함 플레이 자체가 노동 사양 초고사양 컴 고사양 컴 적당한 컴 가정용 컴 노트북 할머니댁 컴 한글화 번역이 원본을 뛰어넘음 제대로 한글화가 되어있음 한글화가 되어있는데 애매함 유저 한글화가 되어있음 유저 한글화가 되어있는데 애매함 비한글화지만 지장 없음 비한글화로 플레이가 어려움 난이도 사람이 할 짓이 아님 고인물 게임 적응되면 해볼 만함 난이도를 줄이는 방법이 있음 켠김에 왕까지 문제 없음 우리 엄마도 가능 손가락 몇 개 없어도 가능 스토리 소름 돋음 튼튼하고 독창적임 튼튼함 평범하지만 개성있음 무난함 무난하지만 엉성함 부실함 발로 썼냐 뇌를 씻고 싶다 플레이타임 100시간 이상 50시간 이상 30시간 이상 10시간 이상 5시간 가량 1시간 이하 버그 전혀 없음 1 2개 있음 자주 보임 꽤 많음 플레이 불가 수준 게임 자체가 버그 덩어리 몰입도 정신을 차리고 보니 다음날 시간이 너무 잘 감 빠져듬 적당함 집중이 안 됨 합법 고문 중독성 일상생활이 안 됨 다른 일을 하다가도 생각이 남 가끔씩 하고 싶음 엔딩 본 이후로 안하게 됨 이런 게임이 있었나..? 노가다 필요 없음 필요한 부분만 하면 됨 노가다를 해야 해금되는 요소가 있음 게임 내의 불편한 점이 노가다를 하면 해소됨 노가다를 여러가지 해야 됨 노가다를 하지 않으면 아예 진행이 안 됨 게임성 완벽에 가까움 정교함 쫄깃함 적절함 부족함 지루함 게임이 아님 AVGN",1,2,True,Recommended,7642,1696505196
사이버펑크 2077,2.0패치 이후 게임 로드 하면 계속 튕겨서 게임을 못하는데 저만 그런가요? 클라우드 동기화 오류라고 해서 동기화 껏는데도 팅기고 새로운 게임으로 해도 튕기고.. 게임을 지웟다 다시 깔아도 튕기고..이제는 게임을 실행하는 로딩화면에서도 튕기네요. 저만 그런가요?,1,15,False,Not Recommended,8211,1696492009
사이버펑크 2077,처음 씨발? 패치후 씨발! dlc 씨이이이이발 !!,1,0,True,Recommended,8208,1696311601
사이버펑크 2077,나는 사이버사이코가 된다.,1,0,True,Recommended,23347,1696284749
사이버펑크 2077,3년만의 기다림과 드디어 만나는 갓겜 사이버펑크,1,2,True,Recommended,5366,1696278784
사이버펑크 2077,씨 봉방거.. Jhon 나 재밌네..,1,1,True,Recommended,2667,1696175654
사이버펑크 2077,재미는 있음,1,0,True,Recommended,479,1696064520
사이버펑크 2077,개노잼 스토리도 노잼,1,0,False,Not Recommended,976,1696004279
사이버펑크 2077,V에 감정이입되서 정말 잼있게 했음,1,1,True,Recommended,9459,1696003064
사이버펑크 2077,2023년은 조니가 아라사카 타워를 무너뜨린 날입니다.. 복귀 안할겁니까?,1,1,True,Recommended,8110,1695818203
사이버펑크 2077,씨이발 펑크에서 23년9월 패치로 드디어 싸이버펑크2023이 되었습니다. 60시간 정도 했고 스토리 마지막 부분인데 할만 하네요,1,3,True,Recommended,8654,1695730762
사이버펑크 2077,"초창기 캠페인 막힘 버그, 중간에 다시 고쳐저서 그나마 조금 하다가 패치 이후로 크래시 버그, 2.0 패치면 고치겠지 하고 존버하다가 이젠 캐릭터 생성하면 팅김까지 겜 하나 시작하려고 온갖 커뮤니티 돌아다니며 버그 연구하는것도 지쳤습니다. 돈 아까워서 가지고 있었는데 그냥 버립니다. 다음 게임은 제발 안정적으로 만들어라..",1,4,False,Not Recommended,1642,1695628745
사이버펑크 2077,그만 좀 뻗어 그만 좀 뻗어 그만 좀 뻗어 그만 좀 뻗어 그만 좀 뻗어 그만 좀 뻗어 그만 좀 뻗어 그만 좀 뻗어 그만 좀 뻗어 그만 좀 뻗어 그만 좀 뻗어 그만 좀 뻗어 그만 좀 뻗어 그만 좀 뻗어 그만 좀 뻗어 그만 좀 뻗어 그만 좀 뻗어 그만 좀 뻗어 그만 좀 뻗어 그만 좀 뻗어 그만 좀 뻗어 그만 좀 뻗어 그만 좀 뻗어 그만 좀 뻗어 그만 좀 뻗어 그만 좀 뻗어 그만 좀 뻗어 그만 좀 뻗어 그만 좀 뻗어 그만 좀 뻗어 그만 좀 뻗어 그만 좀 뻗어 그만 좀 뻗어 그만 좀 뻗어 그만 좀 뻗어 그만 좀 뻗어 그만 좀 뻗어 그만 좀 뻗어 그만 좀 뻗어 그만 좀 뻗어 그만 좀 뻗어 그만 좀 뻗어 그만 좀 뻗어 그만 좀 뻗어 그만 좀 뻗어 그만 좀 뻗어 그만 좀 뻗어 그만 좀 뻗어 그만 좀 뻗어 그만 좀 뻗어 그만 좀 뻗어 그만 좀 뻗어 그만 좀 뻗어,1,1,False,Not Recommended,9061,1695562994
사이버펑크 2077,재밌는데요,1,0,True,Recommended,981,1695552939
사이버펑크 2077,2023년 9월 22일 오늘...드디어 오랜 얼리엑세스 끝에 사이버펑크 2077이 정식 발매되었다. 정식발매 4일뒤 DLC는 너무 급하게 나오는 감이 있지만 그래도 바로 달린다.,1,0,True,Recommended,6853,1695309162
사이버펑크 2077,내 인생게임,1,2,True,Recommended,17122,1695214504
사이버펑크 2077,"앤딩 보기가 두려울 정도로 재밌어요 0 .....!!!!!!! 2.0 업데이트, 팬텀 리버티 기대 중 입니다! ! !",1,6,True,Recommended,4894,1695210515
사이버펑크 2077,쥬디 가슴 빨고싶다,1,5,True,Recommended,2120,1694931531
사이버펑크 2077,"1.6버젼 부터 시작했는데, 갓겜",1,1,True,Recommended,81924,1694636171
사이버펑크 2077,송버드 미친련 거미로봇 존나 무섭네,1,0,True,Recommended,19889,1694442294
사이버펑크 2077,씨발 npc들 욕지거리가 아주 귀에 쏙쏙 박힌다고!,1,0,True,Recommended,7142,1694441728
사이버펑크 2077,"33,000원에 사면 재밌음",1,1,True,Recommended,10110,1694248255
사이버펑크 2077,세일 할때 사,1,81,True,Recommended,15243,1693839077
사이버펑크 2077,좀 꿀잼임 50 할인 받고 산건데 팬텀시티 기대댐,1,22,True,Recommended,8912,1693754160
사이버펑크 2077,"출시 8시간 전에 예구 박고 쭉 달려서 온갖 버그의 향연에도 결국 엔딩 찍고 현타와서 접었었는데 엣지러너 보고 다시 해보니 나름 괜찮았던 겜, dlc 기대된다 근데 버그는 여전하더라 tlqkf",1,0,True,Recommended,1915,1693565212
사이버펑크 2077,화려하지만 들어갈 수 있는 건물 하나 없는 게 껍데기뿐인 공허한 사이버펑크 그 자체다 시벌 단점을 말하자면 끝도 없고 버그도 여전히 쉴새 없이 터지지만 풀더빙 스토리 하나만으로 50 할인 가격은 한다고 본다. 스토리 아니었으면 이딴 쓰레기 추천할 생각은 전혀 없음.,1,1,True,Recommended,4578,1693359586
사이버펑크 2077,빅터랑 왜 연애 못함????,1,2,True,Recommended,9764,1692951477
사이버펑크 2077,"2023 11 03 팬텀리버티 DLC 및 모든 도전과제 완료! 발매 당시 최적화나 버그 이슈에 비하면 현재는 상당히 잘 다듬어진 상태로 보인다. 아직도 버그는 간간히 계속 눈에 띄지만 게임을 진행하는데 있어서는 지장 없는 수준이었다. 다만 오랜친구 퀘스트에서 타케무라의 전화가 오기를 기다려야 하는데, 인게임 시간으로 며칠이 지나도 전화가 오지 않아 꽤나 애를 먹었음. 검색해보니 타로 그라피티 퀘스트를 추적하면 해결이 된다기에 시도해봤고, 다행히 전화가 왔고 동일한 버그로 고생 중이라면 타로 그라피티 퀘스트를 추적 해보시길. 그래도 저 버그를 제외하면 전혀 문제 없었고 1회차 엔딩도 잘 봤다. 근데 왜..? 엔딩을 보고 나면 엔딩을 본 상태로 나이트 시티로 돌아오는게 아닌, 엔딩 퀘스트 진입 직전으로 돌려보내는 방식인지는 납득하기 어려웠다. 남은 임무랑 서브퀘스트 하는데 자꾸 메인퀘스트 알림이 뜬다고,, 곧 팬텀리버티 DLC 나오니 더 큰 볼륨과 재미를 기대해도 좋을 듯 하다.",1,8,True,Recommended,5496,1692349060
사이버펑크 2077,몇시간 하다가 버그 때문에 접고 오랜만에 생각나서 했는데 버그도 안걸리고 재밋누,1,2,True,Recommended,11446,1692040817
사이버펑크 2077,우웅... 중V...,1,1,True,Recommended,7414,1691940478
사이버펑크 2077,빵!빵! 씌발 싀키야 !,1,2,True,Recommended,12329,1691916305
사이버펑크 2077,나는 존나 사무라이다,1,22,True,Recommended,24741,1691482593
사이버펑크 2077,Do not buy this game. I did and i loved it.,1,0,True,Recommended,2075,1689204566
사이버펑크 2077,왜 자꾸 팅기고 지랄이야,1,0,False,Not Recommended,2940,1688889130
사이버펑크 2077,섹스하고싶으면 이겜 하셈,1,2,True,Recommended,965,1688826687
사이버펑크 2077,이제 할만하겄지? 하고 샀는데 최적화 쩌네 성우 찰진욕들으니 몰입이 잘되는군 CDPR에서 스타필드가 나왔어야 했다. 풀더빙 진심 지렸다,1,21,True,Recommended,1153,1688806186
사이버펑크 2077,"거리를 돌아다닐때 은은하게 들리는 OST I Really Want to Stay at Your House 는 물론이고, 스토리하며 배경,인게임 NPC들의 대화요소 까지.. 굉장히 공을 많이들어서 신선하면서 재밌고, 무엇보다 필자가 이러한 사이버펑크장르를 좋아해서 그런지, 엣지러너 애니를 굉장히 몰입하면서 재밌게 보기도했고, 버그로 굉장히 핫했던 게임인 사펑을 정말 오랫동안 고민하다 샀지만, 평가를 작성하고있는 현재까지 버그는 경험하지 않았으며, 6만원 언저리하는 값을 제값에사도 무방할정도로 구매는 절대 후회되지 않는 선택이다. 사이버펑크 엣지러너 를 재밌게봤다면 이 나이트시티의 매력에서 헤어나올 수 없네요.",1,2,True,Recommended,9167,1688760829
사이버펑크 2077,"나이트시티에서의 모든 의뢰를 마무리했을 때, 나는 드디어 자유로워졌다고 믿었다. 더 이상 남은 미련이 없다고 생각한 순간, 도그타운의 문이 열렸다. 그것은 새로운 지옥의 초대장이었고, 나는 주저 없이 구렁텅이에 발을 들였다. 며칠 밤낮을 보내며 살아남았다. 도그타운의 어둠 속에서 총성과 배신이 얽히고설킨 날들이 이어졌다. 결국 모든 엔딩을 확인했을 즈음, 남은 것은 사이버웨어로 무장한 V뿐이었다. 그러나 승리의 기쁨은 없었다. 몸은 강철로 채워졌지만 마음은 텅 비어 있었다. 나는 서서히 깨달았다. 더 이상 괴롭힐 갱단조차 남아 있지 않다는 사실을. 그때부터 내 눈에 들어온 것은 무방비한 시민들이었다. 무자비한 살육은 생각보다 큰 쾌감이 몰려왔다. NCPD와 맥스택들이 몰려와도 소용없었다. 내 곁을 맴돈 건 질척한 숨소리와 끊어지는 마지막 표정들 그게 참, 나에겐 편안함을 주었다. 그제야 인정했다. 나는 사이버사이코가 되어 있었다. 그리고 이제, 몇번째인지 가늠도 안될 새로운 시작을 또다시 꿈꾼다. 모든 것을 소모해버린 지금, 다시 캐릭터를 만든다. 이번엔 기업의 품에서 출발한다. 그리고 오랜만에 카타나를 쥐겠다. 날카로운 칼날이 다시금 나이트시티의 밤을 가를 것이다. 사이버사이코가 되는 과정",1,37,True,Recommended,19627,1687197752
사이버펑크 2077,몽둥이질이 찰져요!,1,0,True,Recommended,9166,1686837991
사이버펑크 2077,호불호는 있을거같은데 반값 할인할 때 사면 개인적으론 33000원 게임중에선 탑인듯,1,0,True,Recommended,8158,1685942084
사이버펑크 2077,똥컴분들은 안하시는것을 추천하지만 성능 좀 되시는분들은 한번쯤은 해봐도 좋다고 생각합니다. 개인적으로 정말 괜찮은 게임인것 같네요.,1,0,True,Recommended,1805,1685246808
사이버펑크 2077,데이빗도...다 끝났어...,1,0,True,Recommended,15210,1684821622
사이버펑크 2077,루시 너를 달에데려가줄게,1,0,True,Recommended,2152,1684319093
사이버펑크 2077,완벽한 게임은 아니었지만 아직은 아무리 찾아봐도 나한테 이만한 게임이 없다 하던 당시에 이 세계가 너무 좋아서 벗어날 수가 없었음,1,21,True,Recommended,37294,1684184517
사이버펑크 2077,다른 건 다 참아도 무슨 운전이 허접한 고전 게임같네. 앞으로 차 게임은 만들 생각하지 말길. 튕기는 건 덤.,1,4,True,Recommended,10100,1684047846
사이버펑크 2077,"사양 좋으면 한번 시도해보세요 모든 외관이 무척 예쁘고 멋있습니다. 메인 스토리는 약 2 30 시간, 서브 퀘스트와 스토리는 약 60 시간 소요됩니다. 너무 메인 스토리에 집착하여 빨리 진행하려 하지 마세요. 엔딩 이후 컨텐츠가 그리 다양한 편은 아니기 때문에 일찍 질릴 수 있습니다.",1,3,True,Recommended,12883,1683647523
사이버펑크 2077,인벤을 키면 게임이 꺼지네... 그래도 재밌어서 좋아요 준다 그냥 맵 열고 인벤 들어가면서 겜 하는 중,1,2,True,Recommended,11521,1683295113
사이버펑크 2077,야이 시발놈아 2020년에 만든게임이 서프임무인 깊이 빠지다 버그를 3년 동안 방치하냐? 시발놈아? 아니 치트나 모드로 해야 가능하냐 시발아? 시발 좆같네 시바 그래픽 버그는 그냥 넘어가는데 임무 버그는 시발 그냥 못넘어가지 시발아,1,0,False,Not Recommended,8515,1682789498
사이버펑크 2077,"살까말까 고민하다가 안 샀던 게임. 그러다가 엣지러너를 보고 나서 깊은 여운에 정가를 주고 샀다. 가끔 불러오기를 해야하는 버그가 아직 좀 있긴 하지만 플레이에 지장은 없고 게임도 재밌다. 미완성 겜이라는 악명은 사실상 느껴지지 않을 정도로 재밌게 했고, 사람들이 까는 대부분은 체감 안될 정도이니 꼭 사서 해보길 바람.",1,7,True,Recommended,6649,1682077390
사이버펑크 2077,팬텀 리버티는 진짜 꼭들 해보시길 본편보다 더 재밌게 함,1,0,True,Recommended,6909,1681390001
사이버펑크 2077,버그가 무슨 30분단위로나오네,1,0,True,Recommended,5627,1680608328
사이버펑크 2077,"원래도 출시전 몇년전부터 기대를 굉장히 많이 했지만 출시직후 버그문제와 개적화로 추후 업데이트 보고 언젠가 꼭 해야지 했던 게임. 개인적으로 사이버펑크답게 분위기나 스토리는 정말 맘에 들었고 전투도 뭐 완벽하진 않지만 난 꽤 타격감있게 재밌게 즐겼음 특히나 원래 게임을 할때 더빙이 있어도 무조건 영어로 해놓고 게임을 했었는데 사펑은 더빙이 정말 너무 잘해져 있어서 이 게임에서 가장 맘에 들었다.더빙이 없었더라면 난 5회차는 못하고 1회차만 하고 끝났을거같다. 다만 게임을 몇 회차 해보니 첫 회차 때 봤던 장점보다 게임에 단점과 아쉬운점이 점점 보이더라 디테일함이 생각보다 많이 떨어지는게 아쉬웠고 총기나 차량 커스터 마이징이 없는 것,ai 원리 등등 많은점이 싫다기 보다는 아쉬운 느낌이 많은 게임 뭐 나야 어떤 게임이던 무조건 순정으로 하니 취향에 맞게 모드 깔고 해결할 부분은 해결하자 dlc도 곧 출시 한다 하고 1.7 패치도 한다고 하니 아직도 사펑은 좀 더 지켜보며 더 나은 완성도로 교정 되길 기대 한다 잔버그가 꽤 있어서 사람마다 눈 감아주고 그러려니 하는 사람도 있고 누군가는 개똥겜 소리를 할수있을 거라 생각해 지인들 에게 선뜻 적극 추천을 할수는 없지만 먼저 물어본다면 할인할때 한번쯤은 할만 하다고 말할수 있다.사이버펑크 분위기를 좋아한다라면 그냥 일단 해보라 할듯 1.61패치 기준으로 아직도 잔버그는 아직도 많다...그래도 스토리를 아예 진행 못할 정도 버그는 5회차 하면서 못봤다. 아 그래 주디련 빼고 해결은 할수있다 아시발 그리고 버그 때문에 도전과제 마지막 1개가 안깨져서 이메일도 넣고 별 지랄 다 해도 안깨지는 븅신같은 버그하나 있다. 덕분에 도전과제 올클리어 못했다. 어떻게는 해결할라면야 더 찾아보고 해결 할수있겠지만 걍 안깰란다. 또 생각해보니 좆같네 이렇게 가끔 좆같을때는 엣지러너 좀 보고 데이비드가 약 처넣고 제정신 차리듯 다시 멘탈잡고 해보자",1,1,True,Recommended,48108,1680173095
사이버펑크 2077,"내가 한 사펑 경험담. 2023.03.29 기준 야밤에 운전을 하면서 지나가다 보면, 공중에 T포즈하고 있는 시민이 보이고, 궁금증에 차로 살짝 쳐봤다가, 별달려서 즉결 처형당했으며. 미래의 신비한 투명한 차량은, 느닷없이 나를 들이 박고 유유히 사라졌다. 다른 차원에 있는 차량인지, 특정 각도에서만 보이지 않던가? 역시 미래는 다르다. 늦게 로딩된 쓰레기 더미는 나를 세상에서 방출 시켰다. 무한한 공간 저 너머로! 누군가 명령을 내린다면, 그것을 소시민마냥 따라야 한다는것을 깨달았다. 초인종하나 안눌렀다고 서프라이즈 미션이 이렇게 꼬일지 알았겠는가. 삐진 케리는 문을 절대로 열어주지 않았다. 집요한 넷워치는 요원은, 나를 언제든지 스캔하려는 속셈인지, 바시안 업로드 99 에서 날 놓아주지를 않는다. 설령 죽어서도 말이다. 화면 중간에 계속 떠있는 저 경고창은 왜 넷워치가 어마무시한지 세삼 깨닫게 해줬다. 내가 부른 자동차는, 내가 너무나도 반가운 나머지 나를 받아버리는 모습이 인상깊었다. 일정한 속도와 각도로 배수구 어딘가로 박아버린다면..! 9와 3 4 하수구 로 직행이 가능하다! 아아! 너무 외로워 다시 도시로 돌아가고 싶어.. i really want to stay at your house를 듣고 사내새끼가 눈시울이 먹먹해졌고. PON PON SHIT을 듣고 사이버 사이코가 되는줄 알았다. 엔딩은 좆같은거 밖에 없었다. 재밌었다 씨발년아...",1,1,True,Recommended,7457,1680074703
사이버펑크 2077,"출시 된 당시엔 버그 투성이 망겜이었는데 묵혀놨다가 최근 다시해본 결과 버그 대부분 해결되었고, 특히 모드팩 설치시 2 3회차도 질리지 않고 달릴만한 갓겜이 되었습니다",1,0,True,Recommended,32872,1679993953
사이버펑크 2077,안켜지던데?,1,0,True,Recommended,1207,1679754965
사이버펑크 2077,아랫도리가 딱딱해지는군,1,0,True,Recommended,9810,1679579928
사이버펑크 2077,게임을샀다 같음을 참지 못하고 눈물을 흘리며 게임을 지웠다. 이제 눈물은 아랫도리에서 나온다. 조니....,1,0,True,Recommended,4975,1679493140
사이버펑크 2077,컴퓨터가 터질것가타요,1,0,False,Not Recommended,73,1679237125
사이버펑크 2077,존나 재밌지만 진짜 단점도 많은 게임 자유도만 진짜 gta 반만 따라해도 갓겜인데 지금은 꼭 한번 해봐도 나쁘지 않은 게임 그게 끝임 개인 차고부터 여러 상점이나 여러 집 등등 취미나 여가 쪽에 즐길거리가 많아야 하는데 하루종일 보조퀘랑 메인미션 반복만 함,1,6,True,Recommended,13669,1678702927
사이버펑크 2077,환불못한게 젤후회되는게임,1,0,False,Not Recommended,2985,1678375476
사이버펑크 2077,너무 재미써,1,2,True,Recommended,10357,1677503431
사이버펑크 2077,세계관 맛도리,1,5,True,Recommended,25479,1677411651
사이버펑크 2077,솔직히 앞서서 똥겜이니 버그겜이니 하는 소리를 많이 들어서 기대 안했는데 스토리도 조금 아쉽긴 해도 나름 재밌었고 전투도 재밌었음 단 어느정도 레벨이 오르고 난 이후로는 전투 난이도가 급감해버리는게 조금 아쉬웠음,1,5,True,Recommended,18917,1676457093
사이버펑크 2077,커마 왜 있는거임?,1,12,True,Recommended,5654,1675872111
사이버펑크 2077,"이 게임은 제작자라는 이름으로 위장한 가증스럽고 뻔뻔한 쓰레기들이 투자자와 게이머들을 등처먹고 사기치려고 했던 결과물이다. 물론 다행히도 아직 세상은 정의로웠고, 사이버펑크 2077이란 사기를 쳤던 역겨운 사기꾼들은 그 대가로 자기 기업의 주가가 약 50 가까이 날아가버리고 투자자들이 고용한 4개의 거대로펌에게 소송을 당하고 말았다. 자업자득이다, 머저리들.",1,1,False,Not Recommended,12587,1675681140
사이버펑크 2077,스토리는 재미있음 저는 버그 그렇게 많이 느끼지는 못했네요,1,0,True,Recommended,4157,1675613416
사이버펑크 2077,엣지러너 덕분에 죽다 살아난 게임,1,2,True,Recommended,6786,1675599983
사이버펑크 2077,패치후실행불가,1,5,False,Not Recommended,9194,1675520978
사이버펑크 2077,씨발 병신같은 업데이트,1,25,False,Not Recommended,6235,1675179228
사이버펑크 2077,태 양 엔 딩 세일하면 살 것. 엔딩을 볼 것. 그리고 dlc를 준비할 것,1,0,True,Recommended,6099,1675168163
사이버펑크 2077,난 특별하니깐.....,1,1,True,Recommended,2844,1674719034
사이버펑크 2077,카타나가 최고다 아담 미 없는 년아,1,1,False,Not Recommended,1473,1674486198
사이버펑크 2077,좆같아요,1,1,False,Not Recommended,1177,1674467163
사이버펑크 2077,님들 저 RTX 3080 인데 이겜 왤캐 튕겨요?,1,0,False,Not Recommended,5287,1674390509
사이버펑크 2077,초기 CDPR 에서 너무 많은 기대를 만든것을 제외하고는 평작이 될수 있었으나 주주들의 입김때문에 망해버린 게임 이었으나 주가 방어를 위해 꾸준한 패치를 진행해주어 지금은 바닐라 상태로도 나름 괜찮은 플레이가 가능할것으로 보이나 모드 설치는 선택이 아닌 필수적으로 해주어야 전반적인 게임 경험이 훨씬 좋아짐 또한 Netflix 드라마 edge runner 의 선방으로 게임도 같이 좋은 평가를 받을수 있게 만들어 주는 발판이 되었고 그때문에 게임의 관심도가 지속이 되고 있기 때문에 CDPR 에서도 더욱 많은 사후 지원을 이어주고 있으니 가산점을 줄수 있는 부분이라고봄 Nexus Mode 에 유통되는 여러가지 모드 들을 설치하여 그래픽 게임시스템을 만져주고 나니 게임은 더욱 재밌게 할수 있게 되었음 게임의 바닐라 모드는 아직도 각종 버그들이 있음으로 추가적으로 인터넷 서핑을 통해 모드들을 설치해서 하는걸 추천함 많은 부분이 CDPR 이 잘하는 길고긴 대화를 통해서 인물들의 서사를 표현하는 방식이고 그게 잘 활용된 부분이 많이 보임 다만 더 다듬어 지고 더 이야기가 추가 되었다면 이게임이 할 수 있었던 가능성은 지금의 이상이 되었을것이 분명해 보여서 아쉬움이 많이 느껴짐 전체적으로 할인을 할때 산다면 절대 후회는 안할 게임이나 3060 이하의 그래픽 카드를 운용중인 유저라면 게임 경험을 망칠만한 프레임 드랍을 경험할수도 있기 때문에 구매전 유튜브에 본인 사양을 적어서 어느정도 구동되는지 벤치마크 영상을 본후 구매하길바람,1,1,True,Recommended,3301,1674298705
사이버펑크 2077,재미없는디,1,1,False,Not Recommended,1616,1673961542
사이버펑크 2077,아담스매셔 뚝배기 꺠러왔수다,1,0,True,Recommended,9503,1673757808
사이버펑크 2077,베스트 리뷰에는 3.7시간 기록해도 환불해주는데 왜 나는 환불 안해주냐 개빡치네 게임 그래픽이 같아서 설정으로 이것저것 바꾼다고 대부분의 시간을 소비했더니 이게 발목을 잡네,1,0,False,Not Recommended,2311,1672890861
사이버펑크 2077,"결론부터 말하자면, 상당히 재밌습니다. 대리만족을 느낄 수 있으며 시원시원하게 싸우는 쾌감이 있습니다. 누구나 벌벌 떠는 존재도 주먹, 카타나, 샷건 등등 원하는 모든 걸로 떄려잡을 수 있습니다. 스토리도 걱정을 많이했고 중간에 하차할 뻔 했으나 마지막 엔딩까지 보고 나서는 나름 만족스러웠다고 생각합니다. V를 저의 두 번쨰 인격으로써 대했고 하나하나 설정한 컨셉에 맞춰 진행했습니다. 물론 완벽한 자유도는 아니고 큰 흐름은 피할 수 없지만 나쁘지는 않았습니다. 말이 많았던 사이버펑크지만 전 좋았습니다. DLC 기대해보겠습니다.",1,7,True,Recommended,4671,1672760754
사이버펑크 2077,"사이버펑크 2077 먼저, 게임을 즐기면서 세계관을 이해한 뒤에 넷플릭스 드라마 시청을 권장한다 방대한 스토리라인이 압권. 특히 선택지에 따라 로맨스도 가능한 점이 매력적. 한국인의 빨리빨리 에 최적화되어 빠르게 액션씬을 즐길 수 있다. 힙합 장르 중 하나인 드릴이 등장하는 매력 또한 있다. 서브퀘스트 중 사이버펑크 엣지러너와 관련된 퀘스트도 있다. V의 인생이 순탄치않음을 느껴보자. 넷플릭스의 사이버펑크 엣지러너 즙제조기와 다르게 아주 감동적인 러브스토리와 주인공의 인생을 보여주는 드라마. 게임을 엔딩까지 본 뒤에 드라마를 보면, 게임과 드라마의 세계관이 너무 똑같아 반갑다. 온갖 게임 상의 오마주가 들어가있는데, 뇌절이 아니라 모든 포인트가 반갑다. 데이비드의 인생이 순탄치않음을 느껴보자. hr 이전 평가 1회차 노마드 엔딩 5개 보는데까지 저장로드 신공 포함 37시간 걸림. 매우 재밌고, 나오자마자 평가 나락인거 보고 존버타다가 나중에 산게 신의 한 수. 모드는 시야라던가 인트로스킵 등 정말 편의성 모드만 사용해도 충분히 즐길 수 있을듯. 노마드 서브퀘도 하고, 이제 다른 스타트를 해야하는데 갈 길이 멀지만 평가는 좋게 줄 만 하다. Ps. spoiler 키아누 리브스 spoiler 쥰내 멋있음.",1,18,True,Recommended,11253,1672678159
사이버펑크 2077,버그가 아직 있긴한데 재밌다,1,0,True,Recommended,3021,1672238212
사이버펑크 2077,이정도면 갓겜맞음,1,1,True,Recommended,15240,1672233152
사이버펑크 2077,인샤 시발 그래픽카드가 안좋아서 화면이 안보여서 못하네 언제 바꾸냐 돈도없느데 시발,1,0,True,Recommended,82,1672228583
사이버펑크 2077,플레이 할때마다 캐릭터들이 찰진 욕을 구사해서 옆에서 컴퓨터 하던 남편이 대체 무슨 게임을 하는거냐고 함...,1,0,True,Recommended,5968,1671605441
사이버펑크 2077,단돈 육만 원에 친구도 잃고 연인도 잃고 몸도 잃고 정신도 잃어보세요,1,0,True,Recommended,13540,1671006114
사이버펑크 2077,몰입감을 좀 깨는 버그가 있어도 게임의 재미만큼은 인정,1,0,True,Recommended,8413,1670820741
사이버펑크 2077,엣지러너 유입인데 재밌음,1,2,True,Recommended,4402,1670769723
사이버펑크 2077,잘못된 엔딩을 고른줄 알았는데 제일 나은거 였다 처음 나왔을때 하도 욕 먹길레 별 기대 안하고 했는데 많이 개선된건지 좋은 스토리와 나쁘지 않은 선택지 볼거 많았고 재미있었다,1,0,True,Recommended,4597,1670752443
사이버펑크 2077,툭하면 애들이 T포즈로 돌아다님,1,0,False,Not Recommended,898,1670579946
사이버펑크 2077,탈거 탈 때 마다 라디오 98.7로 맞췄으면 개추,1,0,True,Recommended,4239,1670048194
사이버펑크 2077,양심이 있으면 권장사항은 수정해라 씨발pr 새끼들아,1,1,False,Not Recommended,355,1669973395
사이버펑크 2077,버그가 너무 많아요,1,0,False,Not Recommended,3969,1669826721
사이버펑크 2077,그냥 기대 안하고 하면 재밌게 할 수 있는데 출시 전 부터 너무 기대하게 만들었잖아...,1,0,True,Recommended,9146,1669521584
사이버펑크 2077,"아직... 아직임... 조금더 숙성 더 오래 숙성시켜야함 주변에서 버그 별로 없어 , 나름 패치돼서 할만함 라고 말하는거 전부 거르샘 지금 이제 게임 수준이라고 하겠지만 아직도 종종 보이는 버그가 존나 흔하게 많고 발적화임 괜히 애니뽕 유튜브 보고와서 게임 절대 구매하지 말것",1,4,False,Not Recommended,3164,1669471459
사이버펑크 2077,발적화,1,7,False,Not Recommended,36493,1669454139
사이버펑크 2077,빵빵 시발새끼야,1,0,True,Recommended,5397,1669428403
사이버펑크 2077,빵! 빵! 시123발새끼야!,1,0,True,Recommended,11945,1669353891
사이버펑크 2077,그래도... 이게임 사랑하시죠?,1,1,True,Recommended,14618,1669270467
사이버펑크 2077,이겜 사고나서 하루만에 11시간 해버림 으악,1,1,True,Recommended,2298,1668954355
사이버펑크 2077,sex,1,2,True,Recommended,11847,1668954026
사이버펑크 2077,시발.. 데이비드 그곳에서는 행복해야된다... 시발... 제키 너도 너도 꼭 시발... 행복하길빌게... 난 너가 죽을지 몰랐다고 시발... 하...,1,2,True,Recommended,6242,1668685006
사이버펑크 2077,엣지러너를 보지않았다면 죽어도 사지않았을 게임.,1,1,False,Not Recommended,1134,1668575983
사이버펑크 2077,애니메이션은 나를 감동시켰지만 게임은 나를 절망하게 했다.,1,4,False,Not Recommended,101705,1668257032
사이버펑크 2077,내 인생 최고의 게임,1,1,True,Recommended,19728,1668168971
사이버펑크 2077,이블린 투명의자 앉은채 움직이다가 벌떡 일어서는건 여전한데? 이맛이야,1,0,True,Recommended,19972,1668139182
사이버펑크 2077,팬텀리버티 말고 엣지러너 이후 이야기를 dlc로 내야지,1,60,True,Recommended,5772,1668084574
사이버펑크 2077,명작.,1,1,True,Recommended,9777,1667568396
사이버펑크 2077,풍경 스토리 보는 맛으로 할만함 버그......망겜,1,0,True,Recommended,4670,1667390907
사이버펑크 2077,50 하니까 재밌다,1,1,True,Recommended,11296,1667283503
사이버펑크 2077,엣지러너보고 하는 게임.,1,1,True,Recommended,12771,1667211547
사이버펑크 2077,생각보다 버그도 없고 할만하네요. 버그가 아예 없진 않아요,1,0,True,Recommended,3047,1667120143
사이버펑크 2077,이렇게 재밌는 게임을!?,1,0,True,Recommended,2076,1667068232
사이버펑크 2077,사펑 2020 TRPG나 하자,1,0,False,Not Recommended,9892,1666947426
사이버펑크 2077,"거기, 엣지러너 뽕에 차서 구매한 당신! 이 게임은 애니에서 보여줬던 것의 9할을 재현하지 못합니다!",1,0,True,Recommended,7934,1666356477
사이버펑크 2077,만들다만 좆 병신 게임,1,0,True,Recommended,31664,1666100350
사이버펑크 2077,엣지러너로써 완성된 게임,1,5,True,Recommended,14001,1666069057
사이버펑크 2077,1060 ti 겜은 잘 돌아감 가끔 npc가 겹치거나 T자세 버그는 아직도 있는듯 엣지러너 보고 꼴려서 샀는데 재밌음,1,0,True,Recommended,1807,1665433893
사이버펑크 2077,이제 괜찮아.. 스토리가 좋아.. 분기가 딱히 의미가 없어서 그렇지,1,1,True,Recommended,6104,1665415649
사이버펑크 2077,산데비스탄은 신이고 나는 무적이다,1,0,True,Recommended,4664,1665244729
사이버펑크 2077,이거 우려먹을거임 계속 할거임 3시간만 햇는데도 재밋음,1,1,True,Recommended,8673,1664597360
사이버펑크 2077,묶혔다가 이제서야 플레이 하는데 그래픽 나쁘지않음 재미 좆나 없음 와 시발 이러기 쉽지 않은데 7만원 버렸네 좆같은 게임 시발 스토리라도 깨볼랬드만 조온나 재미없네 시발,1,0,False,Not Recommended,1300,1664526002
사이버펑크 2077,엣지러너 보고왔다...아담 스메셔 딱대,1,2,True,Recommended,9542,1664489003
사이버펑크 2077,"좆 병신같은 게임,아직도 버그 좆같이 있네 시발 폴란드 사기꾼 새끼들 이거나 먹어 개새끼들아.",1,0,False,Not Recommended,11464,1664474382
사이버펑크 2077,엣지러너보고 샀습니다 근대 왜 여캐로 루시 못만드는건가요 오예스를 뜯었는데 초코파이만 가득있는 느낌입니다 엔딩도 봤습니다 근대 오예스가 아니라 초코파이만 존na많이 먹어서 눈물이 고입니다,1,1,True,Recommended,3775,1664471042
사이버펑크 2077,그래도 병신에서 멍청이 정도로 나아진것 같다 발매전 cdpr가 입만 안털었다면 말이지,1,2,True,Recommended,2607,1664335781
사이버펑크 2077,엣지러너 때문에 반값 세일하던거 고민하다가 바로 질렀다. 근데 중간에 갑자기 생기는 버그 빼면은 재밌고 일단 데이비드 자켓 입고 아담 대가리 몇번 더 갈긴 다음에 다시 생각해볼란다.,1,0,True,Recommended,19110,1664212507
사이버펑크 2077,메인 스토리와 사이드 스토리 미션들과의 균형이 서로 무너졌다. 메인 스토리에는 조니 실버헨드 한명 빼고 그 누구에게도 호감이 가지 않는다. 오히려 사이드 스토리가 메인 스토리처럼 느껴질 정도이다. 사이드 미션들은 인물들하고 소통하는 느낌이 강해서 좋았는데 메인 스토리는 그런 소통이나 상호작용들이 부실해서 실망감만 안겨주었다. 그것보다 더 간단한 서브 미션들인 의뢰나 범죄현장 미션또한 문제가 많다. 이름과 생긴 것만 다른 적들을 반복적으로 죽이는 것에 불과해서 게임을 더욱더 지루하게 만들고 적들이 모두 비슷한 무기들을 들고 와서 플레이어 또한 한정적인 무기만 쓰게 된다. 사이버펑크에 rpg 게임이라고 언론과의 인터뷰에서 선전했으면서 무기 파밍이나 제작은 빈약하다. 거기에다가 오픈 월드 요소는 텅빈 수준이어서 즐길만한 것이 너무 없다. 거기에 치명적인 버그와 지루한 로딩까지 있으니 총체적 난국이다.,1,0,False,Not Recommended,5420,1663620038
사이버펑크 2077,나온지 2년가까이된 겜에 아직도 진행 불가 버그가 있다??? 이건 갓겜이다 추천 할수밖에 없다,1,4,True,Recommended,6159,1663575784
사이버펑크 2077,이 시발새끼들아 내 6만원 내놔 이 씨부랄,1,2,False,Not Recommended,3035,1663428859
사이버펑크 2077,짜장면을 시켰는데 짜파게티가 나온지 1년 9개월 이제 공화춘 까지는 왔다,1,3,False,Not Recommended,7220,1663308532
사이버펑크 2077,와 장난하나 3080ti인데 뭐만하면 튕기냐 모드설치 1도 없고 품질도 낮췄는데 튕기는건 뭔 게임임?,1,5,False,Not Recommended,24137,1662732485
사이버펑크 2077,2077년 범세계적 초거대기업 회장의 딸내미 이름이 지화자 아빠는 지하철 장난치나 개십새끼들이,1,0,False,Not Recommended,3763,1662729403
사이버펑크 2077,나만 죽을 수 없지,1,0,True,Recommended,8175,1662685190
사이버펑크 2077,"난이도 팔이 없으면 발로도 가능한 게임 손이 달렸으면 누구나 하는 게임 매우 쉬움 쉬움 보통 어려움 매우 어려움 안맞고 다크소울 1 리마스터 올클리어 한국인 10명끼리 하는 협동게임 기타 플레이 타임 이거 다해도 환불 가능함 2시간 6시간 6시간 12시간 12시간 24시간 24시간 48시간 48시간 120시간 120시간 I cAn Do ThIs AlL dAy 기타 컨텐츠 매우 적음 적음 적당 많음 할머니집 밥상 기타 모드와 창작마당 그래픽 도트 그림체 부족한 그래픽 보통 그래픽 할만한 그래픽 눈호강 그래픽 거의 현실 기타 최적화 조선컴도 가능 내장그래픽 컴퓨터 평범한 가정집 컴퓨터 100만원대 게이밍 컴퓨터 300만원대 고사양 컴퓨터 서버 하나 기상청 건물 지뢰찾기가 돌아가는 컴퓨터 버그 버그 없는 갓겜 조금 있지만 게임 하는덴 지장 없음 버그가 많지만 큰 지장은 없음 큰 지장을 줄 정도로 많이 심각함 아니 발 엔딩 이후에 퀘스트 다 날라가고 점프 못하고 뭐 못하고 발 버그 좆망겜 기타 이정도면 많이 나아졌다 가격 무료 게임 원가줘도 괜찮은 가격 웬만하면 세일할 때 무조건 세일할 때 이게 왜 이가격이야..? 스토리 매우 만족스러움 만족스러움 볼만한 스토리 부족함 매우 부족함 스토리가 있는 게임이나, 게임에는 상관없음 스토리가 없음 사운드 ost 마이클 잭슨 예토전생 우수함 보통 부족함 매우 부족함 아침 알람소리 기타 사운드트렉 판매를 함 전투 교장선생님 훈화말씀 지루함 할만함 재밌음 매우 재밌음 시험기간에 하는 롤 한판",1,13,True,Recommended,9747,1660472552
사이버펑크 2077,V 절대로 싸움을 멈추지마... 버그와의 싸움을...,1,1,True,Recommended,19658,1660238346
사이버펑크 2077,다시보니 선녀같다,1,8,False,Not Recommended,180,1660035944
사이버펑크 2077,엔딩보고 찢음...,1,1,True,Recommended,4091,1658575685
사이버펑크 2077,글카싸게사게해준게임...감사합니다...GOAT,1,0,True,Recommended,7047,1657783422
사이버펑크 2077,1. 할인할때 사는거 추천 2. 싸펑 세계관을 맘에 들어야 오래함,1,2,False,Not Recommended,1098,1657693591
사이버펑크 2077,어..왜..재밌지?,1,1,True,Recommended,8064,1657173211
사이버펑크 2077,사이버펑크라는 장르의 분위기를 수려한 그래픽으로 묘사한 게임이지 게임성이 뛰어난 명작은 전혀 아니라는 개인적 생각,1,0,False,Not Recommended,2372,1656693554
사이버펑크 2077,NCPD 의뢰 완료 버그 때문에 강제 2회차 했다 하지만 업적만 달성했다면 오케이입니다...,1,0,True,Recommended,24492,1655860350
사이버펑크 2077,개 씨 발 애미 쳐 불어터진 게임 존나 튕기네 미친게임이 씨 발 좆같은 ! ! ! !!,1,0,True,Recommended,11267,1655002530
사이버펑크 2077,예약구매 혐오걸리게 해준 고마운 게임 패치로 점점 나아지는 거 같은 사이비펑크,1,0,True,Recommended,896,1654039217
사이버펑크 2077,하면 할수록 빠져든다,1,0,True,Recommended,13620,1653569590
사이버펑크 2077,스토리는 깔 부분이 없으며 사이버버그2077이라는 별명으로 각종 버그와 오류들로 초반에 애를 먹었지만 그 당시에도 그정도의 단점은 가려질 정도로 스토리가 출중했으며 현재로써는 정가로 구매해도 충분히 안 아깝고 만족할 게임,1,1,True,Recommended,9114,1652120845
사이버펑크 2077,이젠 버그마저 즐겁다 사이버펑크 2077,1,1,True,Recommended,26516,1650089010
사이버펑크 2077,몸보신 몸보신 몸보신 몸보신 몸보신 몸보신 몸보신 몸보신 몸보신 몸보신 몸보신 몸보신,1,1,True,Recommended,2267,1650024668
사이버펑크 2077,버그 터질 때마다 존나 킹받는데 이 게임을 계속 하게 돼요 개빡쳐요 재밌어요,1,1,True,Recommended,54351,1647690028
사이버펑크 2077,"출시 직후에 조금 진행했을 때는 스토리가 좋다는 생각이 들지 않았다. 2년이 지난 후에 1.5 패치가 나온 후에야 할만해졌다. 전반적으로 베데스다 게임들과 락스타 게임즈의 게임들을 절반식 섞은 기분이다. 어떻게 보면 껍데기만 사이버펑크인 GTA느낌도 든다. 초반에 노마드로 인물을 정하고 재키 웰스와 함께 나이트시티의 용병으로 활동하는데 재키와의 생활이 짧은 컷신으로 넘어가서 아쉽다. 또, 주인공의 커스터마이징 해서 남여 V 중에 하나로 고르고 외모를 선택할 수 있는데 게임이 시종일관 1인칭으로 진행되어서 별로 큰 의미가 없다. 사진모드가 별도로 있어서 사진을 찍는 정도. 3인칭 모드의 부제와 기존에 홍보할 때 있었던 3인칭 컷신의 삭제가 아쉽다. 초반 스토리에 인물에 대한 감정이입할 내용이 많이 없다보니 주변의 사람들이 죽어나가고 심지어 V 본인도 시한부의 인생을 살아가는데 잘 와닿지가 않는다. 그럼에도 불구하고 미려한 그래픽과 멋져보이는 나이트 시티의 모습, 사운드 트랙은 아주 좋다. 메인스토리의 분량은 위쳐3의 분량보다 많이 줄어들었지만 잘 짜여진 서브스토리가 있어서 플레이 타임은 충분히 나온다. 서브스토리도 문제를 해결하는 방식에 있어서 해킹을 통해서 은밀하게 잠입하는 형태나 주변탐문, 혹은 무대포로 총질이나 칼질로 쓸어버리는 등 다양하게 접근할 수 있는 점은 이 게임이 충분히 가치가 있는 점이다. 문제는 진행에 문제가 있는 버그가 아직도 조금 있었고, 나이트시티의 다양한 인물들과 상호작용이 부족하다. 그래서 길에 많은 사람들이 돌아다니는데도 GTA비해서 살아있다는 느낌이 들지 않는다. 또 공간이 수평적으로는 넓지만 수직적으로 조밀하고 살아있다는 느낌이 별로 들지 않는다. 위쳐의 ?와 같은 유비식 NCPD임무는 지루한 부분도 있다. 전투시 FPS 못지 않는 다양한 총기류의 타격감과 카타나와 같은 접근 무기들의 타격감은 훌륭하다. 다만 무기와 인플란트, 맵핵을 제외한 나머지 아이템은 특별한 가치가 없다. 다양한 먹을거리와 옷들도 구현이 되어 있는데 실제 게임에서는 식당이나 노점에서 음식을 먹는 장면이 나오지 않고 바로 UI 화면으로 넘어간다. 다소 버그들이 있었지만 사이버 사이코와의 대결은 쏠쏠한 재미를 주었다, 홍보때 나왔던 지하철이나 공중을 날아다니는 차량, AV 비행기, 제트팩, 또 자율주행 차량 부분 등 삭제되었거나 개발포기한 내용들이 담겼다면 갓겜이 될수도 있었을 것 같지만 그런 일은 없다. GTA V와 비슷한 제작비가 들었는데 엿같은 홍보비와 제작기간만 좀 더 늦췄더라면 하는 생각이 든다. 조니와 V에 대한 감정이입할 요소가 부족하다보니 스토리에 몰입이 떨어지기는 했지만 7가지 정도의 멀티엔딩으로 구성되어 있고 이런 부분은 매력이 있다. 하지만 엔딩이후에 별다른 컨텐츠가 없다는 것도 아쉽다. 풀프라이스 가격으로 구입했다면 아까운 느낌이 들겠지만 50 가격에 구입해서 한다면 충분히 AAA 게임의 만족감을 얻을 수 있다.",1,3,True,Recommended,9614,1647604482
사이버펑크 2077,"언급된 대부분의 문제점들은 1.5 패치때 많이 수정되었고 건물들이 번쩍번쩍 한다던가 잔버그들이 아직은 있지만 사이버펑크라는 세계관과 스토리를 몰입하는데 방해가 될 수준정도는 아닙니다 이제. 확실히 1.5 이전 사펑과 비교해보면 밸런스적인 측면에서부터 인게임 상호작용 부분들까지 출시이전 프리뷰 영상들과 다소 차이가 날정도로 실망스러운 감이 있었으나 지금은 완벽하다고 할 순 없으나 어느정도 각 트리별 차별화와 세분화를 가져가는 느낌이고 무엇보다 이게임은 1회차로는 만족감을 다 채울수가 없습니다. 전통적인 fps장르의 루트와 사펑 특유의 넷러닝 빌드를 한번에 끌고 갈수가 없기 때문에 매 미션마다 다른 루트였을때의 내 모습이 상상되고 아쉬워서 반드시 2회차는 하게됩니다. 2회차, 3회차 분명히 염두에 두게될텐데 추후 2.0, 3.0패치 때마다 새로운 트리와 업데이트를 즐겨보는것도 나쁘지 않습니다. 차량 불러오기 같은건 원래부터 설명문에 베타버전이므로 의존하지 말라고 세계관적으로 적혀져 놓여있는부분이고 인생경로가 게임플레이에 큰 차이점을 주지 못한다 이게 가장 큰 망설임 요소였는데 메인스토리라인만 보면 맞는말입니다만 이 게임은 메인스토리라인보다 서브퀘스트들이 굉장히 재밌습니다. 서브퀘스트에선 출신 성분별 선택지나 결과가 정말 크게 다르다는 느낌이 체감이 되었고 특히 선택지에 따라 얻을 수 있는 무기들과 이에 따라 포기해야하는 npc 라인은 이전작 위쳐 못지않게 이 회사가 게임 하나는 정말 잘만드는구나라는 생각이 들게 해줍니다. 무엇보다 2077년 나이트시티라는 하나의 세계에 빠져들게되는듯한 기분이 정말 많이 들었습니다. 스토리형 게임을 제가 잘 못즐깁니다만 사펑같은 경우는 근 2주간 78시간을 달렸을정도로 몰입했습니다. 분명히 깡통을 번듯한 그래픽으로 채운 게임은 아닙니다. 인게임의 소소한 요소들이 불현듯 몰입감을 선사하고 21세기 말의 미국의 모습에 굉장히 자연스럽게 빠져드는 요소들이 많습니다. 그동안 수많은 오픈월드 스토리형 게임들을 즐겨봤으나 정형적이고 형식적인 컨탠츠 추가라는 느낌과는 다르게 굉장히 개성있다는 느낌을 크게 받은게 주요인인거 같습니다. 2회차, 3회차를 시작할때 가장 망설이게 되는 요소가 다 아는 퀘스트 스킬만 다른거 써보려고 굳이 이걸 또 해야되? 같은 마음인데 이게임은 나이트시티라는 새로운 세계에 들어가 사는듯한 느낌이라 그런 거부감보단 인생을 새로 태어나서 도전해보는 느낌이 더 듭니다.",1,1,True,Recommended,27818,1647344772
사이버펑크 2077,"1.5 패치로 괜찮아졌다길래 구입 GTX 1080 그래픽카드로 옵션타협만 조금하면 대부분의 장소와 미션에서 70프레임 유지된다 눈에띄는 버그는 19시간동안 플레이중 많아봐야 1 2번정도 발견 게임진행이 불가능할정도로 심각한 문제는 없으며 메인스토리는 1회차이기 때문인지는 모르곘으나 상당히 재밌었고 개인적으로 GTA5 스토리모드를 처음할때만큼 재밌게 플레이하는중이다. 매우 깔끔한 더빙과 이것저것 숨겨진 요소 경찰복 얻기, 여러 캐릭터와의 연애 등이 지루하지 않게 해주며 지금은 정가는 아니지만 할인된 가격으로는 베스트인 게임인것 같다. 불편한점은 크게 3가지인데 진행중 더 찾을수도 있으나 지금은 3가지뿐이다. 1. 조준시 토글이 불가능하다. 앉기같은건 따로 토글키를 넣어놓고 왜 조준은 안넣었는지 의문이다. 2. 보관함에서 바로 내몸에 착용할수가 없다. 굳이 한번더 인벤토리에 들어가서 입어야 적용되는건 비효율적이다. 3. 불친절한 미션이 있다. 델라메인 퀘스트중 목표를 찾는게 너 무 오래걸려서 홧병날지경이다. 아직도 못찾았다.",1,0,True,Recommended,3463,1646098120
사이버펑크 2077,이젠 할만한듯,1,0,True,Recommended,24239,1646069443
사이버펑크 2077,아이 썅 시작도 못해보고 튕기는데 뭘 하란거임,1,0,False,Not Recommended,2038,1645953849
사이버펑크 2077,6만원짜리 게임은아님 반값세일 3만원짜리 게임도아님 한 2만원이 적당한듯,1,1,True,Recommended,3529,1645864350
사이버펑크 2077,"워낙 평도 안좋고 버그이슈도 있다고 하고 해서 별 기대안하고 해봤는데 솔직히 인생겜입니다. 위처3, 레데리2, 어크시리즈 이런 오픈월드 RPG 좋아하는데 진짜 재밌게 했네요. 장점 1. 한국말 더빙된거 진짜 몰입도 높습니다. 2. 소소한 버그 제외하면 오픈월드 구성이 훌륭합니다. 앞으로 DLC가 여러편 나와도 될 듯합니다. 3. 그래픽 만족스럽습니다. 거의 풀옵으로 해봤는데 5600X, 3080TI , 밤에 비오는 도시 차타고 달리는 감성은 역대급입니다. 개인적으로 오픈월드 유람을 좋아하는 성격이라 레데리2에서도 모닥불 10분씩 쳐다보는 그런 스타일 이런 점이 특히 만족스러웠습니다. 4. 스토리 메인, 보조, 기타 도 전반적으로 괜찮고, 캐릭터들도 매력적입니다. 5. 1.5패치되고 나서 게임이 전체적으로 훨씬 나아졌습니다. 아마 애초에 1.5패치 수준으로 출시되었으면 욕 안먹었을 것 같네요. 단점 1. 컨텐츠가 좀 부족한 느낌입니다. 아마 겜이 재밌어서 그렇겠죠. 나이트시티에 적응될만하니 할게 없네요. 2. 미완성 느낌이 약간 있네요. 트라우마팀, 맥스택, 이런 것도 아마 컨텐츠인 것 같은데 게임에는 잘 안나오고, 지역별 갱단도 그냥 길거리 잡몹으로 끝나는것 같아서 아쉽네요. 특히 비행요소가 많이 준비되어 있는것 같은데 실제 이용할수는 없어서 의아하고, 지하철 역도 그냥 장식이어서 아쉽네요. 3. 오픈월드와 상호작용이 부족합니다. 1.5패치로 아파트같은 상호작용 요소가 좀 늘어나기는 했는데, 이 멋진도시에 그 바글바글한 사람들과 별로 상호작용할게 없는건 아쉽습니다. 4. 개인적으로 수집요소, 떨어진 아이템 이런거 못지나치는 성격인데, 쓸데없이 주울거 너무 많습니다. 손가락 마비오는 줄 알았습니다. 총평 레데리2 이후 오래간만에 게임이 끝나도 떠나기 어려운 오픈월드 를 경험했습니다. DLC 매우 아주 기다리고 있습니다.",1,28,True,Recommended,11310,1645839536
사이버펑크 2077,다만 당할 수 없지 끝내주는 스토리를 원했는데 내 성적 취향에만 관심있는 게임,1,3,True,Recommended,7141,1645737475
사이버펑크 2077,1.5패치 이후 진행함 이전 버전이 얼마나 개판인지는 모르나 일단 지금까지 하면서 버그로 진행이 막힌 적은 없음. 오픈월드 게임중에서도 손꼽힐 정도로 재밌는 전투와 오픈월드 게임중에서도 손꼽힐 정도로 부족한 완성도를 보여줌 게임이 참 못 만들었는데 존나 재밌다 대가리 깨진 새끼가 나뿐만은 아닐듯 1980년대 펑크 갬성으로 재현된 미래도시가 궁금하다면 할인때 사셈 2.0 이후 대격변하여 평가 수정함 컴 부품 갈아끼울때마다 회차 돌리는 중 옵션 점점 올리니 진짜 갓겜인가...? 싶을 정도임 여전히 소모먼트들이 존재하긴 하나 5년가까이 대체제가 없을 정도로 독보적인 매력은 있다,1,2,True,Recommended,37052,1645652030
사이버펑크 2077,h1 엔젤이 여자임엔젤이 여자임엔젤이 여자임엔젤이 여자임엔젤이 여자임엔젤이 여자임엔젤이 여자임엔젤이 여자임엔젤이 여자임엔젤이 여자임엔젤이 여자임엔젤이 여자임엔젤이 여자임엔젤이 여자임엔젤이 여자임엔젤이 여자임엔젤이 여자임엔젤이 여자임엔젤이 여자임엔젤이 여자임엔젤이 여자임엔젤이 여자임엔젤이 여자임엔젤이 여자임엔젤이 여자임엔젤이 여자임엔젤이 여자임엔젤이 여자임엔젤이 여자임엔젤이 여자임엔젤이 여자임엔젤이 여자임엔젤이 여자임엔젤이 여자임엔젤이 여자임엔젤이 여자임엔젤이 여자임엔젤이 여자임엔젤이 여자임엔젤이 여자임엔젤이 여자임엔젤이 여자임엔젤이 여자임엔젤이 여자임엔젤이 여자임엔젤이 여자임엔젤이 여자임엔젤이 여자임엔젤이 여자임엔젤이 여자임엔젤이 여자임엔젤이 여자임엔젤이 여자임엔젤이 여자임엔젤이 여자임엔젤이 여자임엔젤이 여자임엔젤이 여자임엔젤이 여자임엔젤이 여자임엔젤이 여자임엔젤이 여자임엔젤이 여자임엔젤이 여자임엔젤이 여자임엔젤이 여자임엔젤이 여자임엔젤이 여자임엔젤이 여자임엔젤이 여자임엔젤이 여자임엔젤이 여자임엔젤이 여자임엔젤이 여자임엔젤이 여자임엔젤이 여자임엔젤이 여자임엔젤이 여자임엔젤이 여자임엔젤이 여자임엔젤이 여자임엔젤이 여자임엔젤이 여자임엔젤이 여자임엔젤이 여자임엔젤이 여자임엔젤이 여자임엔젤이 여자임 h1,1,1,True,Recommended,6891,1645551460
사이버펑크 2077,2077년에 서비스했어야될 게임,1,1,False,Not Recommended,4183,1645520401
사이버펑크 2077,드디어 겜 출시됌,1,0,True,Recommended,3068,1645380517
사이버펑크 2077,버그덩어리 프로그램에서 1.31에서 유사 게임이 됬고 1.5 패치로 게임이 된 사이버 펑크 2077입니다. 이제 완성이 되었다고는 하나 게임의 상호작용의 구조는 유비 소프트식 오픈월드와 다를바 없을 정도로 빈약하기 때문에 클래식 사이버 펑크에 이해와 그에 대한 호감에 따라 점수에 따라 달라질거라고 생각됩니다. 저는 클래식 사이버 펑크에 호감이 있느 축에 속해서 긍정적인 평가로 점수를 주겠지만 누군가가 부정적인 평가를 준다 하더라도 이상할거 없다고 생각이 드는군요.,1,1,True,Recommended,5578,1645351505
사이버펑크 2077,진짜 2077년이 되야 완성 될 게임. 폴란드 정부에서 진짜 빠른시일 내에 정상화 안하면 진짜 죽이겠다고 하지 않는 이상 여전할 게임. 게임 내 모든 컨셉으로 해도 170시간만에 끝을 볼 정도로 볼륨도 없는 게임. 잠깐 해보기엔 너무 비싸니 세일 왕창 때릴 때 하는걸 추천. 아니 추천안함. 그 시간에 다른 게임 하는게 좋음. 2077년 완성되었을 때 하는 것을 추천.,1,2,False,Not Recommended,17656,1645269962
사이버펑크 2077,"주관적인 평점 1. 그래픽 및 사운드 온갖 쌍욕을 난무하게 만드는 이 게임에 있어서 그나마 봐줄만한 분야인데 문제는 딱 봐줄만한 정도밖에 되지 않는다는 것이다. 사이버펑크 장르 하면 떠오르는 대표적인 이미지인 마천루 숲과 온갖 화려한 네온사인, 극단적으로 발달한 기계공학 등 장르의 클리셰적인 이미지만 구현이 되어있다. 그렇다고 사이버펑크 장르적 이미지의 집대성도 아닌 것이 나이트 시티 곳곳에 급격한 산업 성장의 폐해라면서 자살율이 어쩌고, 범죄율이 어쩌고 그러면서도 정작 환경에 대한 이야기는 단 하나도 없다. 게임 세계관 내에서 그린 에너지 혁명이라도 일어난 건지 하늘도 매우 깨끗하고 거리를 걸어가는 NPC들 중에서도 마스크 하나 낀 사람이 없다. 2021년 한국에서도 황사랑 코로나 때문에 마스크 쓰고 다니는데 2077년 범죄 도시에서 자유롭게 돌아다니는 건 몰입을 상당히 깬다. 급하게 따라하는 데는 어영부영 성공한 것처럼 보이지만 사이버펑크 2077 만의 이미지는 없다는 건 아쉬운 점. 2. 스토리와 연출 대체 뭐에 대해 말하고 싶어 하는 스토리인지 감이 하나도 안 잡힌다. 대충 초거대기업에 맞서는 주인공 V의 사투 같은데 그러려면 아라사카라는 기업이 누가 봐도 악덕 기업이어야 하는데 사이버펑크 2077에선 딱히 그런 모습이 보이지 않아서 주인공의 행적에 공감하기가 힘들다. 그리고 초반부터 동료로 등장하는 재키 웰즈가 사망하면서 본격적으로 주인공에게 위기가 닥치는데 재키를 만나 우정을 다지는 부분을 전부 컷신으로 때워버려서 재키가 죽어도 불쌍하다거나 슬픈 감정이 전혀 생기지가 않고 그런 재키를 위해 아라사카에 복수해야겠다는 생각이 전혀 들지가 않는다. 그렇게 V는 아라사카 건물에서 재키를 잃고 자기 목숨도 잃을 뻔하다 2020년 도시에 폭탄을 터트린 위험인물 조니 실버핸드의 인격이 담긴 사이버 칩을 머리에 박아 기적적으로 죽다 살아난다. 이 시점부터 V는 조니로부터 몸의 통제권을 빼앗기지 않기 위해 계속 사투를 벌이는데 이 플롯의 핵심은 조니가 아주 미친놈이어야만 제대로 성립이 된다. 근데 게임 내에선 딱히 그런 모습을 보이지 않고 둘이 티격태격하며 잘만 공생하며 살아가서 왜 주인공이 이 사이버 칩을 반드시 제거해야 하는 지 몰입이 되지 않는다. 한 때 도시에 기업 건물도 날려버렸던 인물인 조니가 50년의 세월이 흐르니 성격이 유해진건지 뭔지... 당장 개발진이 고전 설화인 늑대인간 이야기만 봤어도 스토리가 이 지경까지 산으로 가진 않았을 거다. 사이드 퀘스트나 기타 의뢰들은 전부 위치만 다르지 물건 배달, 요인 암살, 인질 구출 돌려막기라 총 2회차 100시간 넘게 플레이를 했지만 흥미를 끌었던 사이드 스토리가 하나도 기억이 나질 않는다. 엔딩도 문제가 많은 게 선택지만 다양하지 플롯에 맞게 성립되는 엔딩은 연인인 판엠과 함께 떠나는 별 엔딩밖에 없다. 하나씩 문제점을 찝어보자면 아라사카에 항복하여 아라사카의 도움으로 조니의 인격을 몸에서 제거하고 연명하는 악마 엔딩은 뒷맛이 구려서 뭐하는 엔딩인가 싶고 별 엔딩은 아라사카를 무너트리고 판엠과 나이트 시티를 떠나 자유롭게 여생을 보내지만 시한부 인생이라 얼마 못가 죽을 것이 뻔하며 나이트 시티의 전설로 남고 우주정거장에 있는 카지노를 털러가는 태양 엔딩은 결국 사회적 성공을 이뤘지만 시한부라는 상황은 여전히 남아있어 마냥 해피엔딩이라고는 볼 수 없으며 제일 최악인 엔딩인 절제 엔딩은 결국 조니에게 주변 사람들을 잘 부탁한다며 몸의 통제권을 넘기는 엔딩이다. 어떤 엔딩을 고르더라도 주인공에게 완벽한 해피 엔딩은 없으며 전부 뒷맛이 찝찝하게 끝나서 끝내고 나면 불쾌한 기분만 잔뜩 느끼게 만드는 스토리... 위쳐 3가 스토리적으로 고평가를 받았던 것은 아무래도 원작 소설의 존재 같다. CDPR은 오리지널 컨텐츠의 게임을 만들기엔 아직 많이 부족한 개발사인 듯. 3. 컨텐츠 출시 전부터 광고를 주구장창 해댔던 오픈월드성 요소는 진짜 하나도 없어서 컨텐츠랄 것도 없다. 커스터마이징은 캐릭터 생성 때 한 번 설정해놓으면 게임 내에서는 수정할 수가 없는데 배경이 2077년도지만 나이트 시티에는 그 흔한 성형외과도 없나? 무엇보다 1인칭 시점 고정이라 열심히 커스터마이징해봐야 내 캐릭터를 보면서 플레이할 수도 없다. 그리고 성관계 가능 NPC라고 넣어놓은 조이토이들은 전부 외형이 심각할 정도로 못생겨서 에로성 컨텐츠라지만 게임하면서 해본 적이 단 한 번도 없다... 이렇게 만들 거면 왜 넣은 거냐? 그리고 분명 다양한 총기, 의상, 차량을 광고하는데 전부 게임하면서 한 번씩은 둘러볼 수는 있다. 근데 문제는 옷장, 주차장 이런 기능이 없어서 내가 열심히 모은 것들을 한 곳에 모아서 볼 수도 없다. 제발 수집형 요소를 만들 거면 인벤토리라도 만들어서 다 모았을 때 성취감이라도 느끼게 해줘라 좀. 그리고 다양한 스킬트리와 각종 첨단 무기들로 유저만의 플레이스타일을 꾸릴 수 있을 거라고 광고하던데 스킬트리를 자세히 살펴보면 전부 기본으로 달아줬어도 무방할 만한 것들 투성이다. 예를 들어, 달릴 때 스태미너를 소모하지 않는다던지 수류탄 폭발 범위를 보여준다던지. 이런 기능은 스킬을 배움으로써 기존 성능에 플러스 요소를 추가하는 것이 아니라 원래 나사 빠진 성능을 원 상태로 복구하는 느낌밖에 들지 않는다. 심지어 한 게임 슬롯에 모든 스킬들을 다 배울 수도 없고 스킬 초기화도 안 돼서 신중하게 고르지 않으면 캐릭터의 스텟이 망해버린다. 다양한 무기들이 있다고 홍보한 것도 말이 안 되는 게 전설급 기계 의수인 고릴라 암즈랑 2단 점프 사이버웨어는 그냥 주인공이 한 번 죽다 살아났을 때 달아줬어도 무방하지 않나?? 심지어 전설급으로 만들어놔서 해당 기능을 사용하려면 돈을 한참 모아서 사야 되는데 스토리의 80 정도를 진행하고 나서 사용할 기능이 아니라 초반부터 있었으면 도시 곳곳을 날라다니며 플레이하는 재미라도 있었을 텐데... 그리고 필드에 존재하는 몹들은 한 번 잡으면 리젠도 안 돼서 퀘스트 한 번 끝내면 특정 구역은 그냥 텅빈 공터가 되어버린다 진짜 끝내고 나서 헛웃음만 나오게 만들던 게임. 4. 조작감과 편의성 전작인 위쳐 3에서도 구린 조작감으로 욕을 많이 먹었을 텐데 전혀 나아지지가 않았다. 특히 차량 운전 부분에서 정말 쌍욕이 나오는데 운전 시 감도를 어떻게 설정해 봐도 사방을 박으며 다니기 일쑤고 재수 없으면 교통 사고나서 차량 호출을 새로 해야 되는 시기가 한 번쯤 생긴다. 조용히 배경을 감상하며 목표지로 가고 싶지만 2077년이 배경인 이 게임에는 놀랍게도 차량 자율 운전 기능이 없다. 테슬라가 망해버린 평행세계인가?? 심지어 차량이 아니라 특정 포인트로 갈 때 쓰는 빠른 이동 기능은 포인트 사이사이가 너무 멀어서 한참을 뛰어다녀야 목적지로 도착할 수 있다. 플레이타임의 절반은 전부 이동하는데 쓴 거 같은 느낌. 그리고 지도 기능도 구린 게 맵은 수직수평으로 구현이 되어 있는데 월드맵은 3D 월드맵도 아니라서 퀘스트를 완수하기 위해 정확히 몇 층으로 가야되는지 알려주지도 않는다. 스토리적으로나 연출적으로 완성도도 떨어지는데 편의성도 구려서 총체적 난국. 제일 안타까운건 이 게임이 사이버펑크 2020이라는 사이버펑크 장르의 큰손인 IP를 손상시켜버렸다는 것이다. 스타워즈 시리즈에 라스트 제다이가 있다면 사이버펑크 2020에겐 2077이 있다.",1,6,False,Not Recommended,10307,1645110600
사이버펑크 2077,차세대 패치란? 실행이 안되는 패치,1,0,False,Not Recommended,4769,1645040651
사이버펑크 2077,정육점 퀘스트가 진행이 안된다 npc랑 대화를 해야하는데 이 버그가 걸려서 그런가 다른퀘 하고 와봐도 나타지 안고 있다 어디 가출한건가 아님 나만 그런건가 모른겠지만 진짜 뭐 대화를 해야 퀘를 시작하더가 말던가 하는데 왜 이런 버그가 있어 진행도 못하고 있다 언제가 풀리겠지 하고 기달려는데 벌써 3개월째 똑같다 버그도 똑같고 이거 고치고 있는건 맞나 싶을정도로 버그 난무 한다 예구 하고 하다 버그떄문에 잠시 멈쳐다가 패치도 좀 하는것 같아 올만에 접했는데 똑같다 정말 똑같다,1,1,False,Not Recommended,3387,1644997158
사이버펑크 2077,3080을 사게 만들었다는것 만으로도 칭찬받아 마땅함 95에 산 3080이 지금은 300만원이 넘는거 보고 폴란드 방향으로 하루 세번 절하고 있다 출시전에 거하게 설레발좀 쳤으면 어때 딴회사들도 다 하는걸 뭐,1,0,True,Recommended,3923,1644059935
사이버펑크 2077,사이버 펑크 엣지러너 편으로 dlc 안내면 손절할꺼야,1,0,True,Recommended,4087,1643949284
사이버펑크 2077,넌 내가 꼭 잡을거다 조니보이!!,1,0,True,Recommended,4359,1643802235
사이버펑크 2077,장애인 전용게임,1,1,False,Not Recommended,181,1643461816
사이버펑크 2077,"66,000원 짜리 그래픽카드 할인쿠폰",1,0,True,Recommended,493,1642700664
사이버펑크 2077,DLC낸다며 미친새끼들아,1,0,False,Not Recommended,8051,1642603236
사이버펑크 2077,3080 열사.. 싸펑아 고맙다... 예구해놓고 환불도 안하고 있었다.. 패치 되었다고 듣고나서 묵혀뒀다가 해봤는데 며칠동안 이거만 물고빨고했다... 넘모 재밌었다,1,3,True,Recommended,5400,1642415657
사이버펑크 2077,글카 싸게 바꾸게 해줘서 고마움,1,0,True,Recommended,18341,1641812252
사이버펑크 2077,"할인할 때 한 번 해보세요! 제 생각엔 게임의 완성도와 이것저것... 문제되는 부분을 생각해보면 3만원대가 맞지 싶습니다. 게임은 재미있고 시간 가는 줄 모르고 2회차 3회차 까지 즐길 수 있어요. 다만 문제는... 여러번의 패치를 걸쳤지만 살상 비살상 기능이 제대로 작동하지 않는 점인데... 저는 이게 꽤나 중요한 문제점이라고 생각하고 빨리 해결이 되어야 한다고 생각합니다. 살상 비살상 선택에 따라 많은 미니 퀘스트들의 결과가 달라집니다. 그리고 엔딩에도 영향을 미치는 부분이 어느정도 있는데... 왜 이문제가 아직까지 해결아 안되고 있는지 모르겠습니다. 제가 중요하게 생각하는 문제점은 이것 말고도 여러가지가 있지만 아마 사이버펑크에 관심있는 사람들 대부분이... 그런 문제점들에 대해 이미 잘 알고 있을 것이고 다들 다른 부분을 중요하게 생각할 거라고 생각합니다. 그럼에도 게임을 추천하는 이유는 오픈 월드로, 혼자서, 이렇게 재미있게 할 수 있는 괜찮은 RPG가 생각보다 그리 많지 않습니다. 콘솔 게임에는 제법 되지만 컴퓨터로는요. 저처럼 친구 없는 사람들이 콘솔 없이, 집에서, 혼자서 괜찮은 게임을 하기는 쉽지 않아요. 스토리도 매력적이고 등장하는 캐릭터들도 입체적입니다. 정말 좋아요! 시간날 때마다 새로 설치해서 여러번 거듭 하게 되네요. 하지만 단호하게 말 할 수 있습니다. 저는 칠만원 넘게 주고 사전예약까지 해서 샀지만, 그만한 가치가 있는 게임은 절대 아니에요. 할인할 때 사세요. 꼭 할인 할 때. 꼭.",1,9,True,Recommended,6374,1641789598
사이버펑크 2077,하고 싶은데 하기 싫은? 막상 시작하기 어려운 게임... 영상 스킵만 있었어도..,1,10,True,Recommended,965,1641755898
사이버펑크 2077,스토리는 굿,1,0,True,Recommended,1128,1640867813
사이버펑크 2077,게임 외적으로 난이도 높음 근접캐인데 마우스 계속 화면 밖으로 나가서 게임 아래로 내려나고 염병을 하다가 결국에는 내려간 상태로 버그나서 게임 폭발함,1,3,False,Not Recommended,3733,1640856260
사이버펑크 2077,오 시발.. 로 시작해서 이런 씨발.. 로 완벽하게 끝맺는 게임.. 엣지러너를 보고와도 여전히 다시하기엔 망설여진다.,1,5,False,Not Recommended,6396,1640267886
사이버펑크 2077,다들 게임들을 많이해보셔서 비교대상이 많기에 이 게임을 똥겜으로 평가하시지만.. 저같이 게임할 시간 없는 유부에게는 충분히 재미난 게임입니다. 다깨보고 수정하겠음,1,0,True,Recommended,2652,1640176476
사이버펑크 2077,야 솔직히 반값이면 킹만하다,1,3,True,Recommended,9188,1640062527
사이버펑크 2077,발매초 평이 하도 않좋아서 고민하다가 이번에 50퍼 세일때 질렀는데 이정도면 굉장히 혜자인 가격이라고 느껴집니다. 우선 잡버그는 아직도 좀 많지만 예전 영상들 참고해보면 많이 좋아진것같습니다. 케릭들 몸이 각기귀신마냥 꺾인다던지 가까스로 나온 에픽템이 안먹어진다던지 했다던데요.. 지금도 물론 안먹어지는 아이템은 여전히 있습니다. 끼임현상 뭐 그런거요. 어느덧 중반부 스토리까지 왔는데 아직 이렇다할 버그는 발견못했습니다. 주요 스토리 엔피씨가 가끔 모지리처럼 말안듣긴했는데 어디 다른데 갓다가 오니까 말을 들어처먹더군요. 스토리는 생각보다 나쁘지 않았습니다. 부랑자로 첫회차라 다른 선택지에서는 어떨지 모르겠군요. 아이템을 만들어 쓰는 재미는 쏠쏠합니다. 옷도 주워입고 코디하는게 재밌어요. 킹치만 내모습은 어차피 게임할때 못보는걸? 다른건 그냥저냥 사이버세계관 위쳐하는 느낌이었고 어차피 그회사니까 그런데 동네 구경하는 재미가 너무 좋네요. 그래픽 눈뽕이 환상입니다. 그건 인정해요. 정말 2077년이면 세상이 저렇게 변할까 싶을정도에요. 조만간 50퍼 세일 또할거같은데 그땐 꼭 한번 사서 해보시길바랍니다.,1,16,True,Recommended,4093,1639827314
사이버펑크 2077,마치.. 사이버펑크가 내게 말을 하는 것 같았다... .. 앞으로 나올 게임들은 다 좆창날테니 우리가 스타트를 끊는다 고... 놀랍게도 요즘 나오는 게임들 대다수가 개 좆창난걸 보면.. 이녀석은 돌아보니 선녀였다. 라는 말이 제일 어울리는 게임 아닐까 50 세일하면 사라 진짜 선녀다,1,0,True,Recommended,3316,1639408047
사이버펑크 2077,유저 상대로 사기친 게임 그 이상 그 이하도 아닌 게임,1,1,False,Not Recommended,31434,1639290175
사이버펑크 2077,난 그래도 사펑 좋아해 3070을 70만에 사주게 해줬거든,1,0,True,Recommended,11765,1639225954
사이버펑크 2077,반값이면 할만한 수준 정가는 비추,1,1,True,Recommended,8463,1639208113
사이버펑크 2077,죄송합니다,1,0,True,Recommended,2083,1639168233
사이버펑크 2077,2077년에 사세요,1,2,False,Not Recommended,9220,1638829986
사이버펑크 2077,그냥 할만함,1,1,False,Not Recommended,520,1638367423
사이버펑크 2077,낭만 그 자체 인생 게임,1,2,True,Recommended,10264,1638330960
사이버펑크 2077,큰 실망감을 주었지만 그래도 즐기는데는 충분한 게임이다. 플래그쉽급은 아니지만 그래픽카드도 바꾸게 해줬고,1,1,True,Recommended,7377,1638198639
사이버펑크 2077,출시 덕분에 그래픽카드를 싸게 맞추게 해준 갓겜,1,0,True,Recommended,594,1638194190
사이버펑크 2077,"스카이림이나 폴아웃 같은 자유도 높은 오픈월드 알피지 게임을 생각하면 안되고 그냥 스토리 라인 쭉 따라가는 액션 어드벤처 게임이라 생각하면 꽤 재밌게 즐길만한 게임. 이 게임의 가장 큰 문제는 버그나 재미가 없음이 아니라 개발사에서 마치 야숨 스카이림 gta를 섞어찌개한 궁극의 sf 오픈월드 게임인마냥 구라를 쳤다는 것이다. 나 역시도 인생게임이 될거라 생각하며 매일 밤 빨리 발매날이 오기를 손꼽아 기다렸었다. 이 게임하려고 3080을 질렀던 내가 정말 병신같았는데 요즘 글카 시세를 보면 한편으로는 고맙기도 하다. 간단하게 요약하자면 트리플A 명작 게임은 아니나 편견없이 보자면 잘만들어진 세계관과 아트, 나름 준수한 FPS 총질과 액션, 매력적인 NPC, 괜찮은 스토리를 가진 수작쯤은 되는 게임이다. 할인하고 있다면 질러도 후회하지는 않을 게임.",1,1,True,Recommended,3211,1638183133
사이버펑크 2077,"전혀 기대를 안 하고 플레이를 했는데도 기획상의 단점이 많이 보이는 게임 매력없는 주인공 메인 시나리오의 맥락에 비해 지나치게 많은 서브퀘스트들 온도 차이가 심한 시나리오 왓슨에 지나치게 밀집된 퀘스트 구성 그냥 생각없이 욱여넣은 듯한 레벨디자인 플레이어의 행동을 덜 반영한 아쉬운 진행 그리고 무슨 이유에서인지 신나게 펑펑 터져나가는 오브젝트들 그래도 사이버펑크라는 세계관은 잘 반영한 것 같습니다 이름만 사이버펑크지 너무 현대적이지 않느냐는 지적들이 많지만, 사실, 우리가 사는 현대사회도 사이버펑크와 다를건 없어요 수년전에는 스마트폰 같은거 상상도 못했는데 별로 달라지지 않은 주변풍경에 자연스럽게 녹아들었잖아요? 의외로 그런건 세심하게 고민한 티가 난다고 생각합니다 그리고 음악 하나는 정말 끝내줘요 케리 유로다인의 Chippin In은 지금 제 애청곡이 되었습니다 근데 왜 PONPONSHIT 같은걸 만든 거죠? 아무튼 좋은 게임이긴 한데 단점이 장점을 가립니다 버그요? 유비소프트 수준 쯤은 되는거 같습니다 좋다는 소리가 아니야",1,9,True,Recommended,8072,1638027852
사이버펑크 2077,이거 왜 대체로 긍정적임?,1,2,True,Recommended,4618,1638027084
사이버펑크 2077,글카요정,1,2,True,Recommended,6765,1638001956
사이버펑크 2077,그래픽 카드의 수호자가 될줄 누가 알았겠는가.,1,1,True,Recommended,3439,1637946637
사이버펑크 2077,약속했던 대대적인 개선은 못 한 채로 다음 작품으로 넘어갈 듯함. 킥스타터 사기 게임 엔딩을 이만한 회사에서 보게 될 줄은 몰랐네.,1,0,False,Not Recommended,2969,1637851403
사이버펑크 2077,콜랙스터 에디션 PS4 에 PC 시디 스팀 사펑 산 흑우가 운다 음 머,1,1,True,Recommended,3979,1637845122
사이버펑크 2077,예구한 게 아까워서 어떻게든 꾸역꾸역 플레이하다 결국 처박아둔지 1년 대규모 DLC를 무료로 업데이트한다는 소식에 열어봤다가 나는 그만 정신을 잃었다,1,1,False,Not Recommended,11196,1637842925
사이버펑크 2077,"배그가 국내 PC방들의 스펙을 끌어올리는 데에 큰 공헌을 했다면 사펑은 전세계 게이머들의 데탑 스펙을 끌어올리는 데에 큰 공헌을 했다. 그것도 비교적 매우 저렴하게. 올해 연말에 출시된 AAA급 타이틀들의 연타석 통수와 이에 대한 유저들의 냉랭한 평가를 보고 있자면, 사펑의 스팀평가 점수는 CDPR에 감사함을 느끼는 유저들의 마음이 한 데 모인 것이 틀림없다는 것을 방증한다. 게임은 의외로 재밌고, 이 재미가 작년 12월의 참혹한 사기극을 덮기엔 한참 부족하다는 것은 변함없지만 그들의 사기극이 우리의 지갑을 지켜줬다는 사실만큼은 향후 몇 년간 잊혀지지 않을 것이다. 추천 10 10",1,2,True,Recommended,3981,1637836832
사이버펑크 2077,게임을 출시한지 근 1년 아직도 버그가 많다.. DLC를 내준다고 약속하고 내준다는게 옷과 자동차이다... 참으로 실망이다 생각보다 컨텐츠도 없다 자유도도 없고 사실상 일자진행이며 사이드 퀘스트도 비슷비슷하다 경찰 시스템도 왜있는지 모를정도로 무쓸모이다 하지만 사이버펑크 세계관의 나이트 시티는 충분히 매력적이였으며 그래픽은 정말 너무좋아서 1인칭으로 도시를 걷다보니 힐링이 된다. 한국어 더빙으로 더욱 몰입있게 스토리를 즐길수가 있었다 조금 어색한 부분도 있지만 한국어 더빙이된 AAA게임? 추천안할수가없다. 나는 이게임을 전혀 기대를 안해서 수작이라 생각하며 스팀 세일할때 사면 충분히 재미를 느낄것입니다.,1,16,True,Recommended,15577,1637812372
사이버펑크 2077,이 게임 덕분에 rtx3080 100만원에 샀는데 지금 200만원 됐네용 갓겜 근데 더는 못하겠다,1,1,False,Not Recommended,6327,1637317390
사이버펑크 2077,나에게 3080 글카와 컴퓨터 업그레이드를 하게해준 게임,1,1,True,Recommended,2266,1636566235
사이버펑크 2077,예약구매 했을때가 가장 행복했고 플레이 한 뒤 가장 불행했다.,1,3,False,Not Recommended,2166,1635775023
사이버펑크 2077,난 이 씹새끼들이 약팔려고 팔던 책을 샀다.,1,0,False,Not Recommended,19423,1635535834
사이버펑크 2077,후......넌 예약구매하지마라 2022.12.03 그나마 나아졌지만 여전히 똥내음이 약간씩 난다,1,0,False,Not Recommended,9414,1635104176
사이버펑크 2077,버그만 뺴면 무난하게 할만한데 버그가 너무 거슬림 이를테면 준혁이 코가 낑겨서 안움직임,1,0,False,Not Recommended,3359,1635074683
사이버펑크 2077,아무튼 짱재밌음 무조건 사서 하셈,1,1,True,Recommended,9225,1634991985
사이버펑크 2077,아무것도 없음,1,18,False,Not Recommended,38269,1634890673
사이버펑크 2077,아니 시바 오픈한지 얼마나 된 게임인대 아직도 게임 시작도 못하냐 게임 키자마자 바로 팅김.. 권장사양넘는대..,1,1,False,Not Recommended,3380,1634745313
사이버펑크 2077,버그일수도 있고 아닐수도 있습니다,1,2,True,Recommended,7932,1634450870
사이버펑크 2077,게임에 펑크가 났어요,1,1,False,Not Recommended,5343,1633882143
사이버펑크 2077,3080을 구매하게 해줘서 고맙다 사펑아,1,1,True,Recommended,11388,1633748823
사이버펑크 2077,이제 정식출시,1,0,True,Recommended,7000,1633433431
사이버펑크 2077,스폰지점 버그때문에 진행 불가능한 병신겜,1,2,False,Not Recommended,6299,1632997287
사이버펑크 2077,에휴,1,1,False,Not Recommended,5667,1632816134
사이버펑크 2077,"재밋는데, 미완성 게임이다. 안해봐도 깔만하다. 과장광고가 심했고, 플스판은 정말로 사기 그 자체였다. 배경도 아름답고 유니크 무기도 꽤나 개성있어서 잠깐 즐길만하다. 가격은 유비가 찍어내는 게임을 반사적으로 사는 사람들에게는 그닥 높은 가격은 아닐지도? 기대치를 낮추고 플레이해라. 딱 와치독스 시리즈 정도로 재밋다.",1,17,True,Recommended,3689,1632475161
사이버펑크 2077,근사한 쓰레기에요,1,0,True,Recommended,6941,1632397776
사이버펑크 2077,과대광고만 아니었어도 수작 소리는 들었을 비운의 버그 망겜,1,11,True,Recommended,1301,1632380999
사이버펑크 2077,1.3패치로 할만해졌을까 싶어서 그동안 봉인해 놨던 사펑2077 시작해서 37시간 정도 플레이 중입니다. CDPR이 너무 과하게 오버하면서 홍보해서 그렇지 게임 자체는 재밌네요.,1,1,True,Recommended,3147,1631054384
사이버펑크 2077,죠가튼 버그 때문에 1.3 패치 이후로 처음하시는 분들은 스토리 진행도 안됩니다 사지말라면 좀 사지마 제발!!!!!!!!!!!!,1,2,False,Not Recommended,1243,1630809922
사이버펑크 2077,zzzzzzzzzzzzzzzzzzzzzzzzz,1,3,False,Not Recommended,1986,1630429571
사이버펑크 2077,똥겜 이게 정말 대규모 자본이 들어간 AAA게임이라는게 도저히 믿기지 않습니다. 출시직후 해보고 바로 접었다가 1.3패치 소식을 듣고 다시 해봤는데 여전히 똥냄새 풀풀 납니다. 정말 해보고 싶으신 분들은 90 이상 할인할 때 사세요..,1,2,False,Not Recommended,20721,1629856571
사이버펑크 2077,이겜의장점은 야스가 가능하다말곤 없음 추천하냐고물어보면 그닥 이라고생각함 66000원주고 살정도는아님 그냥 위쳐안해봤음 위쳐나사서하셈 게임성이나 야스씬이나 위쳐가 몆백배나음,1,2,False,Not Recommended,1408,1629822531
사이버펑크 2077,진짜 시 팔새 끼들이라고 생각함. 개선을 통해서 나아질 수가 없는게 기본이 일단 구린 게임임.,1,43,False,Not Recommended,884,1629209861
사이버펑크 2077,"트레일러만 보고 이 게임을 너무 기대 했고, 정말 너무 좋아할 스타일이라서 밤잠을 설쳤고, 가슴이 두근 거렸다.... 그뿐 이였다... 이 게임에서 버그를 많이 겪었지만 진행 불가 버그는 경험 하지 못하였고, 자잘한 버그들을 경험 해 크게 신경 쓰이지 않았다... 또한 탐험도 루즈하다 못해, 탐험할 장소도 없었고, 노가다 탐험에 실증이 나서 게임을 그만 하게 되었다.... 스토리는 괜찮았지만 그걸 다 다른 부분의 게임성이 말아 먹었고, 지속적으로 짜증이 유발되었다. 그럼에도 이 게임의 분위기가 좋아서 엔딩을 봤지만, 다시 할 마음은 없다.. 다 부정적인데 왜 추천일까... 이 게임 출시 하기 전 컴을 업글 했는데, 부품 가격이 떡상하더라구요. 고마워 버그 펑스 2077",1,0,True,Recommended,5417,1629167476
사이버펑크 2077,다른 버그 다 참겠는데. 주디 땅 속으로 들어가는 성당 버그는 진짜 못참겠다. Fix your god damn game. Critical bug in quest In the Deep is stopping me from playing the game. it has been almost 1 year since this game launched and you guys still cant even fix a major bug that has been in the game for like forever.,1,4,False,Not Recommended,7377,1629137105
사이버펑크 2077,1.2 패치 이후 많은 버그가 수정되었다 하여 기대를 안고 접속했으나 나를 반기는 건 투명화된 NPC 뿐이었다,1,1,False,Not Recommended,1382,1628072506
사이버펑크 2077,이런 개씨발 좆같은게 씨발씨발 좆같은 화면 좆같은 검은화면 연출인줄알았어 개좆같은 씨발 병신같은게 게임을 이따위로 만들어? 이런 개병신같은! 젠장 더럽게 쫒같은기분이네,1,3,False,Not Recommended,10871,1627248226
사이버펑크 2077,잊고있다가 갑자기 생각나서 평가작성 겜,1,1,False,Not Recommended,2808,1626633130
사이버펑크 2077,2점,1,2,False,Not Recommended,4098,1626343363
사이버펑크 2077,"나는 재미있고, 즐기고 있음",1,3,True,Recommended,5501,1625845497
사이버펑크 2077,이겜 왜함,1,1,False,Not Recommended,3470,1625826981
사이버펑크 2077,출시때는 버그때문에 너무 싫었지만....그래도 덕분에 그래픽카드 싸게 사서 너무 사랑합니다.,1,0,True,Recommended,6424,1625484195
사이버펑크 2077,개 등신겜을 33 세일해서 사는 사람없죠..?,1,5,False,Not Recommended,7263,1625284995
사이버펑크 2077,3080 정가에 사게 해줘서 고마운 게임,1,1,True,Recommended,13467,1625085269
사이버펑크 2077,개 씨발 좃 같은,1,4,False,Not Recommended,133,1624705727
사이버펑크 2077,좆까,1,5,False,Not Recommended,246,1624650058
사이버펑크 2077,즐겼다면 그걸로 OK.,1,1,True,Recommended,5889,1624520815
사이버펑크 2077,난 재미있게 했어. 그럼 된거야. 버그가 많지만 엔딩까지 정말 재미있게 했습니다.,1,0,True,Recommended,3977,1624499642
사이버펑크 2077,나올 당시에 재밌는겜이 1도없어서 버그는 많았어도 재밌게 했었음,1,23,True,Recommended,8483,1624455232
사이버펑크 2077,재미있어요 그래픽은 좀 이상한거같지만,1,0,True,Recommended,24164,1624378975
사이버펑크 2077,햄버거나 사먹어,1,2,False,Not Recommended,9235,1623589915
사이버펑크 2077,3080싸게 사게 해준 최고의 게임,1,2,False,Not Recommended,1486,1623512161
사이버펑크 2077,"2020년 12월 10일. 전 세계의 게이머들을 기대하게한 게임이 드디어 나왔다. 게임이 출시가 되기도 전, 많은 버그들의 이야기와 짤들이 나왔다. 하지만, 그래도 믿지 않았다. 본 게임과 다를 것이라고 믿었다. 아니, 믿었어야만 했었다. 사전예약을 한 상태라 사전다운로드를 하면서 행복회로를 돌렸다. 하지만 행복회로는 여기서 멈췄어야만 했다. 나는 데이원 패치를 믿고, 게임 출시전에 나오는 버그 짤들은 데이원 패치로 바뀔 것이라고 믿었다. 하지만 그건 그냥 데이원 패치였을 뿐이다. 그렇게 출시 당일, 2시간 전부터 행복회로 굴리면서 기다리면서 세팅을 하고 있었습니다. 출시 직후, 바로 게임을 플레이했습니다. 그렇게 행복회로를 돌리고 돌리면서 선택한 것은 노마드 를 선택했습니다. 기업은 2회차에 돌리겠다며 바로 플레이를 했는데, 최적화는 기대하지 않았는데, 최적화? 옵션을 아무리 낮추어도 프레임이 진짜로 좋게는 안나옵니다. DLSS 등등을 켜면 나아지지만, 이정도 그래픽이면 GTX 750Ti도 더 좋은 그래픽을 가진 게임을 안정적으로 하겠다. 라는 생각을 하면서 일단은 플레이를 했습니다. 그래도 게임이라도 좋다면 할 만은 하겠지라고 하면서 말입니다. 역시 기대했던 한국어는 번역이나 더빙은 좋았습니다. 게임 스토리 그럼 좋겠지? 하면서 게임을 하였습니다. 그런데 갑자기 재키와 6개월이 그냥 스킵이 되어버리고 여러 버그들이 난입합니다. 조니가 처음 등장하고, 그 이후로 어두워지거나 아예 검은화면이 되더니, 그렇게 스토리가 진행이 되었습니다. 저는 처음에 연출 쩌네 라고 생각했는데, 아무리 진행을 해도 검은화면이 안사라지는 겁니다. 그래서 게임을 껏다켜보니 정상이 되었더군요. 이건 다른 분들도 겪은 버그입니다. 그래도 버그는 여기서 끝이겠지 한 순간부터 여러 버그가 나오게 됩니다. 그리고 시스템도 거지같습니다. 경찰 시스템은 그냥 범죄를 저지르면 적어도 경찰차를 타고 와서 진압을 할 줄 알았더니, 그냥 제 주변으로 경찰이 스폰되면서 저에게 총을 갈기기 시작합니다. 이건 진짜 별로. 게임이 66000원으로 저렴한 가격도 아닌데, 여러 문제가 있음에도 바로바로 나오는 즉시 해결도 되지 않고, 드래곤볼 마냥 모으고 모아서 한 번에 패치를 하는 것도 별롭니다. 문제가 있으면 그때그때 잡아야 사람들이 안떠나지 않을까요? 그리고 컨텐츠도 부족하고, 몇몇 기능들은 막아둔 것 같고, 게임이 아예 출시때부터 2021년 중간까지 와도 미완성 게임이라는 것이 느껴집니다. 차라리 그때로 돌아갈 수 있더라면, 66000원을 사이버펑크 2077에 쓰지 않고, 그래픽카드에 투자를 했었을겁니다.",1,3,False,Not Recommended,2246,1623433829
사이버펑크 2077,"거,,, 읎나,,,?",1,1,False,Not Recommended,2783,1623118787
사이버펑크 2077,아나 멀티 언재 내놔!!! 아니 다시 생각해보니까 멀티 필요없써 곧 나올 GTA6의 재물이되란 말이야!!! 동물은 뒤지면 가죽을 남기고 사람은 죽으면 이름만 남기고 싸펑은 뒤져서 참좋단 말이야!! 시이발 내돈,1,2,False,Not Recommended,3026,1623066570
사이버펑크 2077,니들은 광고 때릴 때 사기친거 다 구현하기 전 까지 90 할인은 해야 한다,1,0,False,Not Recommended,11870,1622808836
사이버펑크 2077,씨발 환불 받고 싶다,1,2,False,Not Recommended,6637,1622432511
사이버펑크 2077,왜 안열리는데 씨발좆망겜엄마없는 새끼야 좆같이 만들었네,1,3,False,Not Recommended,6173,1622385290
사이버펑크 2077,당연히 말이 되죠 볼떄마다 터지네,1,1,True,Recommended,3392,1622377074
사이버펑크 2077,"지금 생각해봐도 개인적으로 분위기나 설정, 스토리자체는 나쁘지 않았다고 생각함, 근데 똥겜도 재밌게 하는 나 조차 몰입도 떨어지게 만드는 수많은 버그들이 진짜 화가나게 만들더라. 하여간 시간 지나고 보니 애증의 게임.. 사펑좀 신경써줘라 제작진들",1,22,True,Recommended,24135,1622343136
사이버펑크 2077,"장점 이 게임 덕분에 3070값이 오르기전에 살 수 있었음, 뛰어난 그래픽, 화려한 맵 단점 그걸 제외한 모든 것",1,1,False,Not Recommended,10201,1622301639
사이버펑크 2077,역시나,1,0,False,Not Recommended,2313,1622232626
사이버펑크 2077,사펑 덕분에 3080 85에 건졌습니다. 자신을 불사르고 우리에게 새 그래픽 카드를 구매하게 한 사펑은 가히 열사라 칭할 수 있습니다.,1,2,True,Recommended,3801,1622171356
사이버펑크 2077,CDPR얘네 왜 위쳐3보다 퇴보했냐,1,0,True,Recommended,16853,1622122674
사이버펑크 2077,풀더빙의 장점을 진짜 뼈저리게 느낀게임 굉장히 재미있게 했다 결론은 기대가 없으니 실망도 없다,1,1,True,Recommended,13431,1621497280
사이버펑크 2077,사이버 펑크 세계관 좋아해서 진짜 이 게임 유명해 지기 전부터 기대 엄청 했었고 발매날과 다음날 연차 까지 써가며 설레 였는데 설치 하면서 기다림에 살짝 맛본 몇몇 스트리머들 게임 플레이 영상을 보고서 내가 지금까지 몇년동안 존나 개존꿀맛 이라며 핣고 빨고 있던건 동그란 고디바 초콜릿이 아니라 똥으로 만들어둔 구슬이었다는걸 깨닳아 버림 CDPR 때문에 앞으로 내 인생에 사전 예약은 없음 씹썎히들 지금 까지 살면서 그 어떤 똥겜이나 병신 같은 게임을 사도 해당 게임을 만든 사람들의 노력에 대한 성의 표시로 환불이란걸 해본적이 없었는데 이건 사기 맞은거 같고 엿으로 뒤통수 맞은 느낌이 너무 들어서 난생처음 게임을 환불해 봄 고맙다 CDPR 씨빨들아,1,22,False,Not Recommended,186,1621485738
사이버펑크 2077,기대감을 낮추고 하면 꽤 할만함.,1,1,True,Recommended,3760,1621357285
사이버펑크 2077,2077년에 다시 오겠습니다...,1,1,True,Recommended,4796,1621342572
사이버펑크 2077,"위쳐3를 너무재밌게 해서 믿고 샀는대 이제부터 이게임사는 절대 못믿겠네요 발 사기꾼 새끼들아 24.09 확실히 이게임은 모드 떡칠해야 갓겜 되는거같음 자꾸 생각나서 아직도 간간히 하는중 예전보단 많이 게임이 좋아져서 2,3회차는 가볍게 할거같음 25.04.28 또 생각나서 깔아서 하고있다. 발매 처음에 비하면 환골탈태 했지만 처음에 구라친 거 생각하면 솔직히 이정도도 부족하다 생각한다 다 떠나서 현재 게임만 두고 보면 2,3회차까지 재밌게 하지 않을까 싶다.",1,2,False,Not Recommended,33870,1621004350
사이버펑크 2077,"그래요.. 인생 살면서 한두 개 나올까 말까 한 게임 사이버펑크 2077 .. 2 3년 전 사이버펑크 출시 예고 영상이 떴을 때.. 키아누아조씨가 두둥등장하면서 나왔던 그 게임.. 그 영상부터 출시일까지 진짜 손꼽아 기다려왔던 게임이었는데.. 출시 한 달 전부터 온갖 안 좋은 소문이 다 퍼져도 CDPR은 해낼 수 있다고 생각했었던 그 게임이죠.. 일단 처음 다운로드할때부터 스팀이 맛이 가는 상황도 발생했고, 다운로드가 멈추는 현상도 가끔 있었지만, 거기까진 제 문제일 거라 생각하고 게임을 실행시켰죠. 하지만 캐릭터 커스터마이징부터 다양하긴커녕 그냥 어디 모바일게임 커스터마이징에다가 성기 쪽만 더 추가시킨 느낌이었어요. 그래요. 거기까진 괜찮아요. 하지만 스토리를 진행하면 할수록 다른 오픈월드 RPG게임이랑 너무 비슷한 거에요. 유비식 RPG게임 그리고 너무나 귀찮고 힘든 파밍 시스템이 한층 더 별로라고 느껴졌어요. 일단 아이템들은 테두리나 이름표 같은게 너무 안 보이거나 가까이 가야지만 활성화가 돼서 줍기가 힘들더라고요. 그래서 다 넘기고 가는 경우가 좀 많았어요. 여기까진 개인적인 의견이니까요 그러나 메인 퀘스트의 엔딩이 갈라지는 건 대화선택형 미연시 게임이랑 똑같고, 스토리가 되게 좋거나 신박한 것도 아니며, 서브 퀘스트는 다른 NPC 호감도 올려주거나 좋은 무기 얻는 게 끝이고. 제가 33시간 했는데 엔딩도 부랑자, 기업, 노마드 3개나 봤어요. 전부는 아니고 플레이타임이 길 줄 알았고, 엔딩도 여러 개니까 그래도 한번 해보자 했는데 웬만해선 다 스토리가 비슷하게 겹치고, 엔딩 여러 개를 굳이 볼 필요가 있나.. 싶기도 해요. 물론 작품이 별로다 는 아니에요. 다만, 이 게임이 그렇게까지 웅장하게 소개가 될 만한 게임인가, 6만6천원을 주고 살만한 가치가 있나 가 문제인 거죠. 차라리 사이버펑크 살 돈에 어쌔신크리드 발할라를 살 거 같아요.. 뭐 그래도 덕분에 마케팅은 함부로 믿으면 안된다는 걸 깨달았으니 6만6천원은 아깝지만, 교훈 하나 얻은거로 다음부턴 신중하게 구매하고 결정할게요. 고마워요 CDPR ..",1,3,False,Not Recommended,5990,1620979283
사이버펑크 2077,3080을 100에 사게 해준 고마운 겜 근데 그거 말고는 의미가 없는,1,0,False,Not Recommended,1224,1620385682
사이버펑크 2077,"I told you, this game is...",1,0,True,Recommended,2067,1620281031
사이버펑크 2077,주디 가슴 꼴린다아아앙,1,4,True,Recommended,8425,1619766533
사이버펑크 2077,이대로 가면 2077년쯔음엔 할만할듯,1,1,False,Not Recommended,5658,1619435240
사이버펑크 2077,"책장이 잘 떨어지는 책이지만 책 내용이 재미있다면 전부 아닐까? 커뮤니티나 유튜브 등지에서는 모두들 마치 이 게임을 까야 하는것이 하나의 법칙인것처럼 한 마음 한 뜻으로 지금도 신나게 조리돌림을 하고있다. 하지만 실제로 플레이해본 사이버펑크는 그저 빛과 그림자를 모두 가진 게임 정도 이상도 이하도 아니다. 물론 릴리즈 당시에는 홍보했던 내용에 비해 부실한 게임 내용이 비판대상이 될 수 있었다. 하지만 이미 뚜껑이 열린 지도 약 반년. 이제는 게임만 있는 그대로 봐도 될 때인데, 사이버펑크는 GTA나 스카이림, 젤다처럼 풀 상호작용으로 세계 자체에 몰입하는 것에 집중한 오픈월드 게임를 기준으로 잡고 플레이할 유저에게는 많이 아쉬울 게임이다. 반면 오픈월드는 문법적 요소 정도로만 생각하고 그 속에서 흘러가는 서사와 스토리가 궁금한 유저에게는 상당히 즐겁게 플레이할 만한 수작이다.",1,14,True,Recommended,5880,1619363877
사이버펑크 2077,게임 언제 완성해줄건데,1,1,False,Not Recommended,13786,1619287646
사이버펑크 2077,사이버 버그 2077,1,1,False,Not Recommended,137,1619012660
사이버펑크 2077,버그에 누가 게임 묻혀놨어..,1,1,True,Recommended,12876,1618742852
사이버펑크 2077,버그만 없으면 스토리 할만함,1,1,False,Not Recommended,6404,1618161912
사이버펑크 2077,버그도 못고치면서 차기작은 또 어떻게 만드시려나?,1,1,False,Not Recommended,100225,1618045623
사이버펑크 2077,출시하길 기다렸던 내인생이 레전드,1,1,False,Not Recommended,2698,1617680160
사이버펑크 2077,게임출시 해놓고 게임개발을 하고있네,1,2,False,Not Recommended,3159,1617618670
사이버펑크 2077,"미완성 게임을 출시할 것이 아니라 더 시간을 들여서 만들던가 얼리억세스 개념으로 출시하던가 해야했는데, 모든 면에서 완성도가 떨어지고 심지어 광고 연상으로 보여주었던 상당 부분이 아직 개발되지도 않은 상태로 출시한 것은 유저 상대로 사기를 친거라고 생각해요. 뒷수습을 하고 있는 중이라고는 하나 3 4개월만에 돌아왔는데도 게임 실행 5분만에 크래쉬가 뜨는데... 문제가 많은것 같습니다.",1,3,False,Not Recommended,7110,1617549321
사이버펑크 2077,2077년도 최고의 게임. 미국판 빅스비 게임 내 무료 제공. 지금 접속 시 무료 탈것 옷 제공. 지금 당장 조니 은손과 2077년의 세계로 뛰어드세요. 당연히 말이되죠,1,0,True,Recommended,2290,1617455871
사이버펑크 2077,이 게임은 너무 화려한 포장지 있은 비싼 라면처럼 맛이 나쁘지 않지만 그냥 맛보다 엄청난 포장이미지는 볼 때마다 사기당한 느낌이 있어,1,2,False,Not Recommended,13886,1617447087
사이버펑크 2077,사지마!! 사면 안돼!! 내가 너무 일찍 왔나?? 내가 너무 일찍 왔어..,1,1,False,Not Recommended,6828,1617433105
사이버펑크 2077,이겜 예구 안한 사람들이 진정한 승자다 옘병,1,4,False,Not Recommended,10936,1617335461
사이버펑크 2077,이제 사도 괜찮냐?,1,2,True,Recommended,83,1617019044
사이버펑크 2077,게임어워드 후보작? 줫빠는소리하네,1,3,False,Not Recommended,724,1617018969
사이버펑크 2077,죽여버리고 싶다,1,1,False,Not Recommended,1776,1616924902
사이버펑크 2077,내돈 돌려줘요 시1발 2024년 3월 13일 내 예약구매는 헛되지 않은 선택이였다 시 봉방,1,0,True,Recommended,25047,1616827158
사이버펑크 2077,절대사지마절대사지마절대사지마절대사지마절대사지마절대사지마절대사지마절대사지마절대사지마절대사지마절대사지마절대사지마절대사지마절대사지마절대사지마절대사지마절대사지마절대사지마절대사지마절대사지마절대사지마절대사지마절대사지마절대사지마절대사지마절대사지마절대사지마절대사지마절대사지마절대사지마절대사지마절대사지마절대사지마절대사지마절대사지마절대사지마절대사지마절대사지마절대사지마절대사지마절대사지마절대사지마절대사지마절대사지마절대사지마절대사지마절대사지마절대사지마절대사지마절대사지마절대사지마절대사지마절대사지마절대사지마절대사지마절대사지마절대사지마절대사지마절대사지마절대사지마절대사지마절대사지마절대사지마절대사지마절대사지마절대사지마절대사지마절대사지마절대사지마절대사지마절대사지마절대사지마절대사지마절대사지마절대사지마절대사지마절대사지마절대사지마절대사지마절대사지마절대사지마절대사지마절대사지마절대사지마절대사지마절대사지마절대사지마절대사지마절대사지마절대사지마절대사지마절대사지마절대사지마절대사지마절대사지마절대사지마절대사지마절대사지마절대사지마절대사지마절대사지마절대사지마절대사지마절대사지마절대사지마절대사지마절대사지마절대사지마절대사지마절대사지마절대사지마절대사지마절대사지마절대사지마절대사지마절대사지마절대사지마절대사지마절대사지마절대사지마절대사지마절대사지마절대사지마절대사지마절대사지마절대사지마절대사지마절대사지마,1,5,False,Not Recommended,2832,1616472767
사이버펑크 2077,애미뒤짐,1,1,False,Not Recommended,225,1616462632
사이버펑크 2077,조이토이 정말 유익하게 잘 이용했습니다,1,0,True,Recommended,4135,1616434079
사이버펑크 2077,"플레이 전 와 2077년에는 고chu도 커스터마이징이 되는구낰 엌 갓겜 듀근듀근 2시간 플레이후 뭐지, 뭔가 좀 엉성한데 ? 5시간 플레이후 뭐야, 왜이래 이거, 아 제발, 아니 진짜, 아 시X 국립국어원에 등재된 모든 감탄사 남발 10시간 플레이후 삭제 1.드래곤볼 7개모으면 제발 이게임을 결제하기 직전 그순간으로 되돌아가서 구매버튼을 뽑아버리고 싶다 2.이거 살 돈으로 길에서 돈 버리고 사람들 반응 보는게 더 재밌을듯 3.내 대뇌의 뉴런이 소비되는게 아까운 게임",1,3,False,Not Recommended,1151,1616323392
사이버펑크 2077,최고의 게임,1,0,True,Recommended,10634,1616320872
사이버펑크 2077,사람들이 욕하는 리뷰 믿지 마세요 지들은 게임 제대로 해보지도 않고서 마음대로 말하는데 세일할때 한번 사보세요 요 게임 진짜 재밌습니다,1,0,True,Recommended,2689,1616293669
사이버펑크 2077,이 게임 나오기 전에 컴터 업글 잔뜩 해놓고 기대하다가 게임이 버그투성이라 엄청 실망했는데 그 직후 터진 코인충들 때문에 오른 글픽 카드 가격을 보고 이 게임이 혜자로 보이기 시작했네요,1,0,True,Recommended,574,1616140762
사이버펑크 2077,정말 이건 말도 안 돼요,1,1,False,Not Recommended,5708,1616056424
사이버펑크 2077,젓가락이 날아다녀요!!!,1,0,True,Recommended,3412,1616038961
사이버펑크 2077,"현재 80시간 플레이 한 유저입니다. 확실히 버그도 많이 잡히긴 했습니다. 게임 재밌습니다. 스토리 괜찮습니다. 근데 아직 고질적인 버그인지 뭔지 아직도 남아있는데다 스토리 실망스럽습니다. 방금 괜찮다지만 이렇게 말하는 이유는 분명 트레일러에선 매 선택지마다 엔딩의 루트가 바뀐다 하였지만 그런건 개나줬습니다. 그리고 버그 부분 제가 할거 없으면 건물 옥상에서 다른 건물 넘어댕기는데 그러다가 지혼자 끔살 당합니다 폐차에서도 점프하다가 혼자 뒈졌습니다. 이게 버그인지 의도인지는 도저히 모르겠습니다. 제가 하다하다 이 게임에 신물나서 트레이너를 쓸줄은 몰랐어요 진짜 버그 하나 때문에. 트레일러 때 처럼 말은 엄청 거추장하게 해놓고 나온건 그에 10분의 1에 반하지만 확실히 게임은 재밌다는건 부정할수가 없네요 최적화도 좋은 편입니다 2700x에 1660s 사용중인데 렉 엄청 안걸립니다. 결론 사이버펑크 풀프라이스로 살거면 사지말고 최소 30퍼 세일 이상 하면 사던가 무료 DLC 나올때 까지 존버하고 출시 후 평가 보고 구매해라,",1,0,True,Recommended,7992,1615622945
사이버펑크 2077,미안하다 이거 보여주려고 어그로끌었다.. 사이버버그수준 실화냐? 진짜 씹 졷망작이네.. 그찐따같던 사펑이 맞나? 여전히 찐따같다 진짜 싸펑는 전설이다..진짜 출시때 사펑 사전 다운로드 하면서기다렸는데 개 병신같은 개씹 졷망겜되서 환불신청 넣고 환불안돼서 업뎃 기다리다 업뎃 했는데도 개 병신같은걸 보면 진짜 내가다 병신같고 처음 시작부터 몰입했는데 재키 죽는거 보다보니까 지갑울리는장면들이 뇌리에 스치면서 가슴이 옹졸해진다..,1,3,False,Not Recommended,869,1615262581
사이버펑크 2077,니미시발,1,1,False,Not Recommended,903,1614221920
사이버펑크 2077,내 돈 내놔 씨발아,1,2,False,Not Recommended,920,1614059757
사이버펑크 2077,preordered this trash game couldnt review it because was community banned for 3months but who cares about that time for the review pros 1. good story 2 decent graphics cons 1. super buggy 2. kind of boring 3. nowhere near what the ads trailers said it was 4. way to many more cons im to lazy to type,1,7,False,Not Recommended,6991,1613797813
사이버펑크 2077,개쓰레기게임,1,2,False,Not Recommended,2276,1613664321
사이버펑크 2077,야!!!!!!!!!!!!!!!! 팔 개조하니까 팔 4개로 돌아다니는거 실화냐!!!!!!!!!!!!!!!!!,1,0,False,Not Recommended,7395,1613546457
사이버펑크 2077,시발 병신겜,1,2,False,Not Recommended,1737,1613449600
사이버펑크 2077,뭘 좋아하실지 몰라서 일단 대충 발매했습니다,1,4,False,Not Recommended,3364,1613135993
사이버펑크 2077,위쳐3에는 한참 모자르지만 나름 즐길만합니다 구라 영상과 이빨까기만 아니었으면 뭐 스토리가 단조롭긴 한데 은근히 몰입감은 있음 과연 예토전생이 가능할련지,1,1,True,Recommended,5809,1613036124
사이버펑크 2077,컨텐츠 없음 스토리 깨는데 금방이고 서브퀘들 재미도 없음 자유도 없고 경찰이 눈앞에서 젠되는 게임. 공짜게임으로 풀었어도 버그때문에 욕쳐먹을게임인데 비싸게 내놓은 과대포장 게임.,1,0,False,Not Recommended,3314,1612971050
사이버펑크 2077,나이트시티 언어가 자동으로 나오내 개똥같은게임 이게임 삿다고 ? 넌이미 좆된거야 시발,1,0,True,Recommended,9286,1612860598
사이버펑크 2077,"너무 재밌음 그타를 능가하는 몰입감과 그래픽, 자유도! 꼭 해보세요.",1,0,False,Not Recommended,361,1612677380
사이버펑크 2077,"제 66000원 돌려주세요,,,",1,4,False,Not Recommended,4672,1612459194
사이버펑크 2077,이거야,1,0,True,Recommended,25994,1612419590
사이버펑크 2077,재키 다섯번째 렐릭은 DLC 나오면 받을께 좀 더 큰물에서 보자 D,1,3,True,Recommended,52205,1612358343
사이버펑크 2077,돈값 못힘,1,0,False,Not Recommended,5274,1612187738
사이버펑크 2077,맛있는 똥임,1,0,True,Recommended,8428,1612172508
사이버펑크 2077,자세히 보아봤자 버그다 오래 보아봤자 렉걸린다 언제나 이 겜은 그렇다,1,2,False,Not Recommended,4362,1612020182
사이버펑크 2077,"여전히 기대했던 것 모든게 구현되기는 커녕 버그 패치도 지연되는 상황이지만... 마무리가 허술해서 여전히 군데 군데 보기 안좋은 버그가 보이지만... 그래도 재미있습니다. 우리말 번역, 더빙이 정말 큰 장점입니다. 2회차도 끝.",1,10,True,Recommended,18574,1612017776
사이버펑크 2077,병 신,1,0,False,Not Recommended,4125,1611928859
사이버펑크 2077,원래 김치도 익어야 맛있음,1,0,True,Recommended,2023,1611689208
사이버펑크 2077,다케무라가 전화받고 진짜 게임 진행 안되네용... 최고 사기 겜!!! 도저히 못참겠네용 안합니다.,1,1,False,Not Recommended,4888,1611380309
사이버펑크 2077,"2023년 11월 20일 기준 팬텀 리버티 사고 엔딩 종류별로 다 보았고 캐릭터도 여러가지 빌드로 돌려봤습니다. 세줄로 요약 평가하자면 사이버펑크 2077의 정식 출시일은 2023년 9월 26일입니다. 기존의 게임들과는 다르게 확장팩과 동시에 출시했습니다. 그 이전에 출시한 적이 있는거 같아도 그건 기분탓입니다. 끝 strike 2021년 1월 22일 기준 249시간 플레이해본 결과로는 비추천입니다. 스포일러도 일부 있으니 원치않으시는 분은 다른 재미있는 평가들 보시면 되겠습니다. 요즘 사펑 평가글들 읽다보면 추천, 비추천 상관없이 재미있는 글들 많더라구요 버그는 이미 유트브건 여기 평가들에서건 많이 들어보셨을테니 따로 언급은 않겠습니다. 물론 언급을 안했다고 버그가 중요하지 않다는 소리는 아닙니다. 근데 굳이 버그가 아니더라도 언급할 문제가 많은 게임입니다. 이하의 평가는 CDPR의 자사 게임인 위쳐3와 많은 부분 비교해서 작성한 부분도 있습니다. 하다못해 TV홈쇼핑에서도 자기들 제품을 자사 기존제품과 비교를 하는데 사펑이라고 못할거 있겠습니까. 우선 게임이 대놓고 미완성인게 보입니다. 구현되지 않은 건물이라든지 일정이상 높이로 올라가보면 건물 텍스쳐가 대충되어있다든지 등 그냥 시간에 쫓겨 겨우 플레이 가능한 정도 로만 출시한게 티가 납니다. 위쳐3만 해도 중세시대 건물들의 내,외부 심지어 성벽 내부의 경비병들 공간까지도 매우 세세하게 표현을 했었던걸 생각하면 많이 불만스러울 부분입니다. 또한 게임 시연 때 보였던 상호작용, 바에서 술을 마시거나 음식을 먹거나 의자에 앉는다거나 하는건 없습니다. 그냥 퀘스트때문에 앉게되고 술마시고 하는게 끝이에요. 물론 V의 집은 그나마 앉는거나 TV보는 정도는 겨우 되지만 그게 끝입니다. 그리고 서브퀘스트의 경우 위쳐3에 비해 매우 단조롭습니다. 특히 픽서들 의뢰는 패턴이 거의 비슷하고 해결방법도 결국엔 그 퀘스트가 원하는 하나의 방법이 강제되다보니 서브퀘스트에서 재미를 느끼기 매우 어려웠습니다, 위쳐3는 위쳐임무만해도 퀘스트에 따라 괴물을 죽이느나 안죽이느냐도 선택이 가능했고 그에따라 퀘스트가 완결되는 방향도 바뀌었습니다만 사펑은 그런거 없습니다. 그냥 목표를 죽이거나, 훔쳐야되거나 등의 완료조건이 고정되어있어요. 메인 퀘스트도 사정이 나을게 없습니다. 위쳐 3는 메인 퀘스트 라인에서 어떤 해결책으로 진행해 왔느냐 조차 하다못해 시리랑 눈싸움을 했냐 안했냐 조차 엔딩 자체에 중요한 영향을 미칩니다. 하지만 사펑은 그런거 없습니다. 그냥 중요 분기점 하나코 만나는 퀘스트 이후에 선택의 여지가 많느냐 적느냐 정도의 차이 뿐입니다. 엔딩 자체는 중요 분기점에서의 선택에 따라 고정이 될 뿐입니다. 엔딩도 문제입니다. 결국 이렇든 저렇든 엔딩에 가서 V는 시한부 인생을 살거나, 조니한테 몸을 넘기거나가 끝입니다. 그래서인지 엔딩을 보게되면 스토리라인 상 앰버스에서 하나코를 만나기 직전의 시점으로 되돌아가서 못다한 퀘스트를 하러 다닐 수 있는 형식으로 마무리 됩니다. 즉, 엔딩 뒤가 없는거나 다름이 없습니다. 그렇게 엔딩을 보려고 노력해봐야 분기점 시점으로 되돌아가는 겁니다. 게임을 하는 사람 입장에서는 끝이 제대로 맺어지지 않는 매우 찝찝한 마무리라고 봅니다. 위쳐3는 엔딩을 보고나면 엔딩 이후의 시점에서 게임을 이어서 할 수 있습니다. 그래서 위쳐3는 엔딩 후에 대한 만족감이 있습니다. 드디어 중요한 할일을 끝내고 내가 이후의 이야기를 만들어 간다는 느낌이죠. 그리고 지나칠 정도로 사펑 제작진이 1인칭에 집착을 하는게 보입니다. 개인적으로는 소위 룩딸도 게임의 중요한 요소 중 하나라고 생각하는 입장에서는 큰 문제라고 봅니다. 사펑이 커스터마이징에 신경을 썼다 손 쳐도 3인칭이 불가능하다보니 커스터마이징 자체가 엄청 의미 없어집니다. 기껏 커스터마이징해봐야 인벤토리 열었을때 마네킹처럼 서있는 V의 모습이나 보는게 다입니다. 제작진은 스토리에 대한 몰입감을 높이기위해 1인칭을 채택했다고하는데 3인칭을 채택했다고 위쳐3가 몰입감이 낮았습니까? 레데리2가 몰입감이 낮았습니까? GTA 시리즈는요? 차라리 제작진이 시간에 쫓겨서건 기술이 모자라서건 지금은 1인칭만 지원하지만 다음 확장팩에라도 3인칭 넣어주겠다라는 말이라도 했으면 지금보다는 욕을 덜 먹었을지도 모릅니다. 자기들이 모자란것은 인정하지 않고 입만 터는게 참... 그리고 탈것 시스템도 차종의 다양성을 제외하고는 위쳐3에서 퇴보했습니다. 위쳐3는 탈것이 로취 뿐이라도 로취에 장비도 씌워줄 수 있어 나름 개조 의 개념이 있었습니다만 사펑의 차량들은 하다못해 도색조차 못합니다. 무엇보다 위쳐3의 경우 로취를 타면 Shift키 하나로 길따라 자동으로 달려갈 수 있었습니다만 사펑은 모두 직접 운전해야되고, 도로의 NPC 차량도 거슬리며 조작감도 좋지않아 한번 삐끗해도 사람을 쳐서 경찰과 강제 추격전을 해야됩니다. 물론 이 게임이 아예 장점이 아예 없지는 않습니다. 제 개인적으로 마음에 들던 부분은 육성의 자유도입니다. 위쳐3의 경우 사실상 마법 표식 위주냐 검위주냐 정도의 선택말고는 없다고해도 됩니다. 특히 둔기나 도끼의 경우 분명 아이템이 존재함에도 그것을 위한 특성이 없다시피하며 폭탄, 석궁 위주로 키우는 것은 정 말 할게 없는 고인물들이나 키울법한 힘든 트리입니다만 사펑은 그래도 각각의 무기에 맞는 특성이 모두 있습니다. 그 중에 퀵해킹 같이 사기인 트리가 있을지언정, 상대적으로 육성이 힘든 트리가 있을지언정 아예 퀘스트 진행이 힘들 정도의 트리는 없었습니다. 그래서 다회차 플레이 시 이번에는 어떤 무기로 엔딩을 볼까 를 정하는 재미는 있었습니다. 그리고 이건 개개인 취향은 갈리는 부분입니다만 주요 캐릭터들의 디자인은 괜찮은 편이었습니다. 다만 이정도의 개성을 가진 캐릭터들 가지고 스토리를 힘있게 못 끌었다보니 돼지목에 진주인 느낌은 있습니다. 위쳐3의 경우 스토리 몰입을 위해 위쳐 소설의 내용을 언급하는 퀘스트 예를 들어 몽상가 퀘스트 도 따로 있었는데 사펑도 그런 류의 배경 설명 퀘스트가 있었으면 어땠을까 싶습니다. 사펑에 대한 평가는 이정도로 줄이겠습니다. 사실 더 언급할 장 단점이 있긴합니다만 이미 글이 너무 길어진 감이 있어서 개인적으로는 그냥 출시를 2년정도 더 미루는게 나았겠다싶을 정도로 사펑은 아쉬운 게임이 되어버렸습니다. 물론 맨 윗줄에 언급한 날짜 기준으로는 비추천이지만 CDPR이 최근 사과영상도 찍은 것을 보니 CDPR이 사펑을 포기하지는 않았다싶긴해서 물론 제작진의 직접 사과가 아닌게 아쉬웠지만 차후에 많이 개선이 이루어지고 나서는 또 사람 마음이 추천으로 돌아설 수도 있을지는 모르겠네요. 여튼 지금으로서는 비추천이니 아직 구매하지 않으신 분들은 구매를 신중히 생각하셨으면 합니다. strike",1,1,True,Recommended,46504,1611317830
사이버펑크 2077,비응신 게임,1,2,False,Not Recommended,1063,1611308411
사이버펑크 2077,유튜브에서 많이 까지만 재미있음...광고만 과하지 않았다면 명작,1,0,True,Recommended,9383,1611291201
사이버펑크 2077,로그랑 결혼하고 싶음,1,4,True,Recommended,94037,1611251457
사이버펑크 2077,"지금은 아직은 구매한걸 후회하지 않습니다. 존버하고 있을께요. 우리 CDPR에서 만든 위쳐3를 생각해봅시다. 말머가리가 켈베로스 같은 버그도 있던 게임 입니다. DLC와 패치로 갓겜이 되었어요. 사펑2077도 DLC와 패치로 갓겜이 될거라 믿습니다. 개발진들이 말한 모든 건물의 문과 사물과 3인칭 시점이 적용되고, 버그가 잡히고 컨텐츠가 늘어난다면 사펑 2077도 갓겜이 될수 있습니다. 그리고 개인적인 바램이지만 GTA5처럼 온라인 플레이도 가능해졌으면 좋겠어요. 시나리오에서만 내 캐릭터와 사이버웨어를 즐기기엔 너무 아깝거든요. 퍼시피카!... 퍼시피카... 발전하는 사펑2077을 기대합니다. 그래서 일단 추천 박습니다. 하지만 아직 구매하지 않은 분들이라면 추이를 좀더 지켜볼 필요는 있다고 생각합니다.",1,1,True,Recommended,1290,1611219464
사이버펑크 2077,솔직히 말해서 욕만 써놓고 싶은데 욕도 아깝다 이젠 이걸 형이랑 나랑 두개를 사서 게임을 했으니 게임 하면 할수록 괜찮아 지겠지 이생각 하면서 게임 했는데 하면 할수록 뭐같음 아 돈 존나 아깝네,1,3,False,Not Recommended,2780,1611156573
사이버펑크 2077,"8년을 기다린 짜장면이 드디어 배달 왔다. 메모가 붙어있길래 봤더니 짜장 소스에 벌레가 들어갔으니 참고하란다,,,, 발 짜장면을 어떻게 짜장 소스 없이 먹어",1,5,False,Not Recommended,5505,1611046003
사이버펑크 2077,갓겜 인정,1,0,True,Recommended,16404,1610894081
사이버펑크 2077,쟤희가 드리는 얙쇽,1,0,False,Not Recommended,404,1610887318
사이버펑크 2077,제가 33시간동안 플레이하면서 몇번 튕겼게요?,1,1,False,Not Recommended,4419,1610706288
사이버펑크 2077,여전하다고 생각합니다 그냥 한마디 요약 소 잃고 외양간 고치기,1,1,False,Not Recommended,5402,1610702772
사이버펑크 2077,Cyber funk 2077 No 2077 Cyberbugs,1,2,False,Not Recommended,10462,1610683775
사이버펑크 2077,"아니 왠만하면 그냥 참고 업데이트 까지 기다리려고 했는데 사과문에서 뭐요?? pc버전은 꽤 좋은 성적으로 출발했습니다??? 지금 사과문 올린 제작자분이 이 게임을 얼리 엑세스로 아시나본데 아니거든요? 얼리 엑세스 아니라구요. 로딩을 없애는 새로운 시도? 그런거 다 좋습니다. 노력했다는건 알겠는데 감히 pc버전에서 좋은 성적을 받았다면서 끝까지 인정 안하려는 모습에 진짜 돌아버릴거 같아서 리뷰 남겨야 겠네요 아주 정말 기본적인 게임 자체를 만들다가 만걸 팔아놓고서 좋은 성적 거뒀다고 자기만족 하시는데 ..저기요, 게임사들 믿고 예약구매 하던 유저 대부분이 cdpr의 지금같은 행보때문에 이제 예약구매 자체가 5 6만원 짜리 도박이라고 생각하게 되었는데 좋은 성적을 거뒀다고 하는 모습이 너무 꼴보기 싫네요. 처음부터 끝까지 유저 기만하는 모습이 정말 아름답습니다",1,1,False,Not Recommended,11667,1610602543
사이버펑크 2077,나만 당할 순 없지,1,0,True,Recommended,878,1610550982
사이버펑크 2077,정말 갓겜입니다 66000원이 전혀 아깝지 아나요 다들 사세요 스토리 최강 무조건 사는게임,1,0,True,Recommended,3697,1610475107
사이버펑크 2077,재밋음 다만 메인 스토리가 너무 짧음,1,0,True,Recommended,8115,1610431355
사이버펑크 2077,"1회차를 약 111시간 걸려서 클리어한게 .. 근성으로 맵에 보이는 습격과 의뢰, 서브퀘스트 등등 깰 수 있는 모든 건 다 깼다. 이 부분 때문에 약 111시간이 걸린듯.. 참고로 그래도 해피엔딩 이라고 해야하나 이걸? 을 봤다. 조금 장황하게 1회차 클리어 소감을 써보자면 일단, 생각보다 나한텐 몰입 깨질만한 큰 버그는 없었다. 처음 조니 시점으로 시작할 때 블랙버그 빼고,, 그 이외엔 약간의 조잡한 버그는 종종 있었지만.. 하지만, 몇몇 스크립트는 조금 허접하게 스크립팅이 되어있었다 예컨데, 일종의 퀘스트가 끝나고 구역을 떠나는 NPC의 차가 일정 부분만 달리고 한없이 서있다던가...등 . 그리고 한글화는 정말 좋았다. GTA처럼 운전 시 자막보느라 이리 치이고 저리 치이는 꼴도 없었고, 전반적으로 좋은 퀄리티. 하지만, 몇몇 오역들이 존재하긴 한다. 예를 들자면, 서브퀘스트 중 b The Passion b 은 b 열정 b 이라고 하기보단 b 수난 b 으로 해야 줄거리와 문맥상 맞을 것 같고, 간혹 뜬금없이 b 안돼! b 라고 해야하는 상황에서 뜬금없이 b 싫어! b 라고 하길래 뭘까 고민했더니 b No b 를 그렇게 번역한 듯.. 웃어야할지 울어야할지 모르겠지만 CDPR의 마케팅을 제대로 본 적이 없어서 애당초 오픈월드나 자유도 있는게임이란 기대가 없이 시작한 게 오히려 나에겐 이득이었을..지도? 나름 정말 꼼꼼하게 파밍할 거 다 찾아다니고 해킹할 거 다 해킹하고 다니는 중에 들었던 생각은 뭔가 숨겨진 것 들이거나 모종의 이유로 접근을 막아둔 곳이 훨씬 많은 것 같은 느낌이었다. 그 이유로는 지하가 존재하지 않을 곳에 지하에 해킹할 것이 투사되어 종종 보이는 점이었는데, 처음엔 버그인 줄 알았지만 특정 부분에서 갈 때마다 지속적으로 표시되는 것을 보니 분명히 있기는 한데.. 정상적으로는 들어갈 수 없는 곳이거나, 입구가 없는 곳도 있어서 종종 당황캐 했다. 각각의 서브퀘들은 깊이가 얕은 것들도 있었지만, 몇몇개는 꽤나 인상적이었다. 이 세계관 내에서 돌아다니다가 언뜻 봤던 것들이 서브퀘에서 간혹 연결되어 진행되는 지점도 있었고, 어떤 퀘스트들은 오히려 나에게 생각해볼만한 거리들을 제공해 주었다. 종합해봤을 때 메인 퀘스트만 달리신 분들께 서브퀘스트를 어느정도 권하고 싶으면서도 권하고 싶지 않기도 하다. 그 이유는, 굳이 안 해도 큰 영향은 없지만, 분명 몇몇 서브퀘스트들은 생각보다 훌륭했었고, 그로 인해 얻은 인물과의 관계가 엔딩때 좀 더 여운을 주기 때문이다 물론 이건 내가 스토리에 나름 몰입을 잘 했었기에 그랬을지도 모르겠다 . 메인 퀘스트는 상대적으로 볼륨감이 조금 적었던 것 같기도 하다 습격, 의뢰, 서브퀘스트를 너무 많이 해서 그런가? 하지만 그래도 이야기의 완결은 잘 지은 것 같은 느낌인지 괜찮았다. 그간 V와 게임 내 캐릭터들에게도 나름 사이버 정이 붙어서 그런지 좀 그리워지는 캐릭터들이 될 것 같다 특히 팬앰은 진짜 다시 보고싶은 캐릭터 . 정리하자면 최소 준 준준갓겜 치는 게임이라 생각 스토리 한정 . 개인적으로는 재밌게 했다. 그 외로는 일단 버그 이슈가 정말 많은데, 버그 좀 제발 빨리 잡고.. 자유도는 그렇다 쳐도, 오픈월드를 표방하고 그렇게 홍보했으면 다양한 컨텐츠들이 더 많아야 할 것 같고 왜 전부 입장불가여 .. 최소 이 두 가지만 제대로 챙기면 더 좋았을 것 같다.",1,9,True,Recommended,6644,1610384416
사이버펑크 2077,1. 컴 사양이 최소한 1080 2070 3060 이상이다 2. 옷이 자기 마음대로 바뀌거나 땅 밑으로 빨려들어가거나 하늘 위로 차가 공중부양을 해도 2077년이니 그러려니 할 수 있다 3. 싱글 스토리만 따지고 오픈월드의 정밀성은 따지지 않겠다 요 3가지만 맞는다면 재밌게 할만하다,1,1,True,Recommended,2168,1610318596
사이버펑크 2077,븅신겜,1,2,False,Not Recommended,1081,1610302877
사이버펑크 2077,이젠 사도 되요. 드디어 돈값합니다. 진작에 버그잡을것이지,1,0,True,Recommended,32197,1610258495
사이버펑크 2077,버그 존나 많아 2077,1,2,False,Not Recommended,3006,1610082098
사이버펑크 2077,빵빵 씨발새끼야! 하지마! 씨발!,1,2,False,Not Recommended,4101,1610073381
사이버펑크 2077,사지마,1,0,False,Not Recommended,4197,1610029073
사이버펑크 2077,진행 가끔 막힐정도로 버그 개심함 스토리 자유도는 곱창났고 전투 난이도 밸런스 개 똥 쓰레기 근데 재밌어서 화남...,1,0,True,Recommended,6466,1609944078
사이버펑크 2077,이거 살 돈으로 폴아웃 시리즈 사셈,1,2,False,Not Recommended,6904,1609918497
사이버펑크 2077,CDPR에서 말한거 다빼고 있음,1,1,False,Not Recommended,10500,1609844095
사이버펑크 2077,위쳐를 기대하고 플레이하면 중 상 Gta를 기대하고 플레이하면 하 일듯 함. 스토리 자체 몰입감이나 그래픽은 괜찮음. 그런데 Gta같은 자유도 높은 오픈월드를 기대하고 하면 좋은 평가가 나올 수 없을 듯 오픈월드 자체는 위쳐때보다도 퇴보한 느낌. 각종 버그들은 말할 필요도 없이 수정되어야 할 부분,1,1,True,Recommended,1873,1609837692
사이버펑크 2077,개씨123발 내가 얼마나 기대했는데 11월달에 예구해서 매일 밤 잘때마다 나의 커마된 자동차와 길거리 댕기는 개 빡대갈 새끼들 대가리를 정화시킬 자123지달린 총으로 길거리를 깽판치는 상상하며 김칫국 5사발을 드링킹 했는데 씨발 그 국에 나를 음모하려는 자가 독을 탔다! 그 자는 바로 좇디피좇!!!! 대충 CDPR이라는 뜻 이 개 씨123발 새끼들은 마케팅은 존나 잘해놓고서 씨123발 게임을 켜봤는데 퀘스트는 한 구역에만 집중되있고 좇같은 전화는 강제로 통화해야 하고 빵빵 씨123발새끼는 몰입감 존123나 깨고 자123지는 보여주지도 않을건데 뭐하러 넣었냐 차라리 그럴 시간에 NPC라 부르기도 아까운 대가리 텅텅빈 시비충 새끼들이나 좀더 신경쓰지 총으로 길거리 깽판치지도 못함 왜냐?! 바로 제일 좇같은 경찰이다. 부패한 경찰은 무슨 아마 2077년에 제일 열심히 일하는 직업군은 경찰일거다. 씨123발 마인크래프트도 아니고 별 뜨자마자 바로 소환되더니 나를 벌집구이로 만들어버림. 개씨123발 이딴 게임에 66000원을 쏟을 바엔 66000원으로 똥이나 닦는게 더 효율적임. 길거리의 화려한 네온 전광판은 무슨 개뿔 동남아 유흥가같은 개좇같은 기독성과 쓸때없이 화려한 도시. 그리고 구석구석은 아르헨티나 판자촌 씨발 그리고 카타나는 무슨 VR로 배는 것보다 못함. 왜 양키들이 칭챙총이라 하는지 조금은 이해감. 왜냐? 칼로 도륙할때 소리가 칭챙총이니까. CDPR은 반성하고 차후에 더욱더 많은 부분을 수정하길 바란다. 그나마 꼽는 장점은 넓은 맵과 그래픽임. 근데 발적화라서 딱히 그래픽도 좋게 보진 않음. 곧있으면 DLC 출시된다하는데 제발 20000원에 모든 버그를 고칠 수 있습니다 이딴것만 아니면 될거 같다. 그리고 야스씬도 별로다. 제발 미션하면 그 건물 다시 못가는 것좀 수정해줬으면 좋겠고 그리고 주디랑 야스하고 싶었는데 씨123발 나 남자라 야스못함. CDPR은 하루빨리 핫픽스 패치때 주디의 성관념을 바꿔라. 여기까지 쓰겠다.,1,2,False,Not Recommended,3567,1609781785
사이버펑크 2077,게임을 샀는데 영화를 보여주더라 진짜 최적화랑 버그만 빼면 스토리랑 게임성은 갓겜이다 님들 여기들어가서 기타치는거보면 손이 다 기타줄 가는거랑 소리랑 같음,1,0,True,Recommended,10444,1609761998
사이버펑크 2077,만들어놓은 부분은 재밋고 안만들어 놓은 부분은 실망스러움.,1,1,True,Recommended,3493,1609752976
사이버펑크 2077,이 발 79시간 해놓고 엔딩 코앞에서 팅구는게 말이냐?,1,0,True,Recommended,6251,1609746744
사이버펑크 2077,아주 막 나쁘지는 않았어 예쁜 대변이랄까,1,0,True,Recommended,10433,1609687229
사이버펑크 2077,50 할인 할때 사셈,1,0,False,Not Recommended,2111,1609682905
사이버펑크 2077,씨 발 사기꾼새끼들 내가 이겜을 예구한게 잘못이네 씨 발...,1,3,False,Not Recommended,8130,1609671181
사이버펑크 2077,"게임 진행을 방해하는 버그에 몰입도를 떨어트리는 요상한 모션,,,, 8년동안 개발한 결과물이 이런건인지 매우 실망함 스토리라인도 별로 와닿지않아서 추천하지는 않겠지만 2020년의 기대작이었던만큼 세일을 하게 된다면 사는걸 추천함",1,0,False,Not Recommended,809,1609652879
사이버펑크 2077,할인 한다고 사면 대 가리 뒤로 깨질꺼 앞으로도 깨짐 평가 상향된 이후 다시 플레이할 예정임,1,0,False,Not Recommended,3204,1609607471
사이버펑크 2077,"버그도 많고, 플레이하다보면 만들다가 엎어진 부분들도 엄청나게 많이 보이지만. 하지만 그럼에도 재미있음",1,0,True,Recommended,18319,1609603154
사이버펑크 2077,나는 재밌는데 옆에서 좆망겜이라고 하면 딱히 반박은 못하겠는 게임,1,1,True,Recommended,1980,1609542949
사이버펑크 2077,솔직히 버그 많음 많음 마음에 안 드는 부분도 많음 약간 많음 그래도 해볼만한 가치가 있는 게임이라고 생각함,1,0,True,Recommended,27820,1609521852
사이버펑크 2077,"단점 요구사양이높음, 버그 연출인지 버그인지 분간이 안감, 전투나 게임 요소들이 만들다 만 느낌 장점 스토리 몰입감과 그래픽 출시전 아가리를 너무 털어놔서 상대적인 저평가 받는게임.....",1,1,True,Recommended,1570,1609520320
사이버펑크 2077,비싸게 구입하였는데...수정패치가 배포되었음에도 버그로 인해 게임진행이 더이상 불가능한 상황이네요. 일정 미션에 다다르면 esc화면에서 커서는 움직이고 마우스 우클릭로 작동하지만 화면이 돌아가질 않습니다. 화면이 좌우 위아래로 돌아가지 않고 종료 재시작 등 어떠한 방법을 써도 해결되지 않습니다.,1,0,False,Not Recommended,4233,1609506934
사이버펑크 2077,좆같지만 재밌다 재밌는데 좆같다,1,0,True,Recommended,3698,1609500687
사이버펑크 2077,우리 사펑이 달라졌어요,1,0,True,Recommended,22994,1609473301
사이버펑크 2077,빵빵 새끼야,1,1,False,Not Recommended,5733,1609471121
사이버펑크 2077,십색히들아 더 잘 만들수 있었잖아,1,1,True,Recommended,12965,1609435032
사이버펑크 2077,명대사 모음집 조니 씨..발 v 씨발! 델라메인 빵빵 씨발 쉐키야! 영문판 bang bang m r f r,1,0,True,Recommended,4807,1609418159
사이버펑크 2077,"버그 풍만 , 재미 풍만",1,0,True,Recommended,5901,1609410686
사이버펑크 2077,돈값못하는 붕신겜 무료 애니 dlc로 갓겜에 등극하다.,1,0,True,Recommended,5525,1609372392
사이버펑크 2077,버그 망겜,1,0,False,Not Recommended,3383,1609325346
사이버펑크 2077,버그만 줄면 할만함,1,0,True,Recommended,16751,1609320485
사이버펑크 2077,환불했음,1,2,False,Not Recommended,150,1609311498
사이버펑크 2077,싸이버버그 2077,1,0,False,Not Recommended,2055,1609301118
사이버펑크 2077,서브퀘스트까지 올클리어 했습니다. 나름 할만한데 기대만큼은 아니었습니다.,1,0,True,Recommended,8451,1609296918
사이버펑크 2077,값어치 함,1,0,True,Recommended,14708,1609267741
사이버펑크 2077,"버그 DLC 출시 이후 만화로 1차 팔아먹고, 2차 DLC로 성공적인 도약",1,0,True,Recommended,9397,1609255871
사이버펑크 2077,난 재밌다,1,0,True,Recommended,9598,1609250516
사이버펑크 2077,진짜 펑크난 게임,1,3,False,Not Recommended,1269,1609163062
사이버펑크 2077,엣지러너 보지마셈 아 보지 말라고,1,0,True,Recommended,5767,1609157437
사이버펑크 2077,V도 씨발 조니도 씨발 너도 씨발 나도 씨발,1,1,False,Not Recommended,7132,1609152594
사이버펑크 2077,데모버전 치고는 완성도가 높네요,1,0,True,Recommended,9097,1609089963
사이버펑크 2077,버그빼면 스토리도 좋고 할만 합니다.,1,1,True,Recommended,12201,1609077603
사이버펑크 2077,재밌당,1,0,True,Recommended,12217,1609063357
사이버펑크 2077,버그가 트오세급 입니다,1,0,False,Not Recommended,3860,1609047164
사이버펑크 2077,재밌습니다. DLC가 기다려지네요.,1,4,True,Recommended,5519,1609018090
사이버펑크 2077,버그가 많긴하지만 할만할 정도임,1,0,True,Recommended,5858,1609009643
사이버펑크 2077,시발버그펑크 2077,1,0,False,Not Recommended,3440,1608959682
사이버펑크 2077,1년뒤에 보자,1,3,False,Not Recommended,8604,1608945741
사이버펑크 2077,"환불못한게 아까워서 완결까지 봤다 전체적으로 게임이 미완성임 gta5처럼 자유도도 높은 배경을 원했지만 현실은 답답 그자체,,,, 제작비와 많은 사람들의 기다림을 생각하면 역대급 망작인듯",1,1,False,Not Recommended,4751,1608944927
사이버펑크 2077,스토리 자체는 나쁘지 않고 겜 분위기도 나쁘지않고 곳곳에 숨겨진 전설무기나 옷같은걸 모으는 재미도 괜찮은데 트레일러나 여러마케팅으로 쌓아둔 기대치엔 확실히 한참 못미치고 별의별 버그가 다있어서 겜 집중해서하는데 자주 몰입을 깨버림 그리고 npc들 능지 상태가 되게 심각하고 맵돌아다니보면 완성되지 않은곳도 보이고 차들이랑 Npc들 스폰되는것도 너무 자주보임 거기다가 그놈에 ncpd들은 실수로 사람치거나 쏘면 내 바로옆에 시야 살짝벗어난곳에서 자꾸 스폰해서 나타나는것도 그렇고 여러가지가 실망스럽긴한데 재밌게는 해서 추천,1,2,True,Recommended,1321,1608906503
사이버펑크 2077,버그가 개많음 버그인지 구별도 안감,1,2,True,Recommended,5230,1608890325
사이버펑크 2077,시작은 창대했으나 그 끝은 미약하리라,1,1,False,Not Recommended,5787,1608822550
사이버펑크 2077,당신이 플레이 중에 참신한 효과 라고 생각한 것들은 버그입니다. 당신이 플레이 중에 버그 라고 생각한 것들도 버그입니다. 이 게임이 진행이 되지 않을 겨우 인벤토리창을 열거나 ESC를 눌러서 가끔 몰입된 기분을 환기 시켜주는 치명적인 단점이 있습니다. 그런데 왜 추천하냐면 드라이빙하는 재미가 있습니다. 특히 오토바이를 추천합니다. 드라이빙은 진심이고 추천 사유는 엄청난 사내 야근 문화를 이겨낸 CDPR의 직원들을 대단하다고 생각하고 추가적인 픽스와 컨텐츠들을 기대하기에 추천합니다. 그러니까 어서 픽스와 추가 컨텐츠를 내놓으십시요. CDPR은 오토바이 로취를 출시하라!,1,0,True,Recommended,7818,1608804985
사이버펑크 2077,기대를 안하면 정말 너무너무 재밌는 게임!! 더빙이 미쳐씀.... 스토리도 체고임... 위쳐와 GTA를 섞은느낌,1,0,True,Recommended,718,1608797197
사이버펑크 2077,"스토리, 게임성 모두 8년이라는 개발기간에는 못미침 개발기간 제외하면 할만한 게임 하지만 너무 많은 버그나 대충만든 엔피씨, 오브젝트 같은게 몰입을 방해함 버그만 고치면 그냥저냥 할만한 게임이지만 지금 상태는 아무도 추천하지 않을 게임",1,0,False,Not Recommended,4186,1608787602
사이버펑크 2077,뭐야 내 육만 육천원 돌려줘요,1,1,False,Not Recommended,2061,1608770456
사이버펑크 2077,"세계관은 독특하지만 나머지 모든게 모자란 게임. 사탐 과목 하나만 2등급, 국영수는 5등급 게임. 요구사양은 사기. 절대 사지 말 것. 메인스토리 20시간 분량. 위처3의 혜자스러웠던 볼륨은 다 날아가고 없다. 2018년부터 다시 개발하다가 결국 개발 기간을 다 못채우고 장렬히 아가리만 털다가 침몰한 게임. 2060에2600, 16gb로 중옵 40도 방어 못하는 게임을 보고 참 많은 생각이 들었고, 다시는 CD PROJEKT RED 게임을 사지 않을 것. 현지화 제외하고 모든것이 낙제점에 가까운 게임.",1,1,False,Not Recommended,1908,1608738357
사이버펑크 2077,뭔가 미구연 된게 너무 많음.. 기대를 너무 한듯... 젤다 했을땐 우와 이것도 되? 사이버펑크 할땐 우와 이것도 안되네? 적어도 시벌 바이크 내릴 때 애니메이션 정도는 넣어줘야되는거 아녀,1,0,False,Not Recommended,1163,1608717270
사이버펑크 2077,지금 말고 dlc나오고 게이머들 리뷰 하면 그때 살지 말지 결정하세요 그때까지는 제가 대신 흑우짓 해드리겟습니다,1,1,True,Recommended,12054,1608701353
사이버펑크 2077,아니 왜 남캐는 주디 배드신 못보는데 tlqkf,1,0,True,Recommended,12336,1608698738
사이버펑크 2077,내가 이딴거 할라고 6만원 질렀나,1,1,False,Not Recommended,4621,1608688176
사이버펑크 2077,"선택의 중요성도 없고, 어짜피 엔딩은 1자형식으로 정해져있고 그래봤자 큰 갈래가 없는것뿐 CDPR 좆같은 사기꾼새끼들 위쳐3정도로도 기대 이게 왜 대체로 긍정적인 평가인지 모르겠음 볼륨도 크지도 않고 그럭저럭수준임",1,1,False,Not Recommended,8398,1608687306
사이버펑크 2077,2077개의 버그,1,0,True,Recommended,14326,1608658094
사이버펑크 2077,버그 망겜 패치해서도 미션 버그 떄문에 진행 못하는 건 똑같네,1,1,False,Not Recommended,6950,1608648384
사이버펑크 2077,버그가 컨텐츠,1,0,True,Recommended,3755,1608645332
사이버펑크 2077,"엄청난 과대광고와 팬덤으로 포장 된, 그럭저럭 할만한 AAA게임. 중간 중간 좋은 느낌을 주는 순간들이 없는 것은 아니지만 스토리, 연출, 전투, 그래픽, 최적화 등 모든 면에서 상당한 헛점이 보인다. 특히 전작인 위쳐3와 비교한다면 퇴보가 명백하다. 하지만 큰 기대를 내려놓는다면 그럭저럭 즐길만은 하다.",1,1,True,Recommended,5041,1608630367
사이버펑크 2077,66천따리 얼액게임 노맨즈보다 더 심함 SF뽕맛때문에 하는거지 사실 그런거 없으면 안하는거 좋고 굳이 하고싶다면 업뎃이 된 후 할인할때나 사샘,1,2,False,Not Recommended,4039,1608622502
사이버펑크 2077,내가 화딱지 나서 주절주절 평가 썼다가 그냥 지우고 짧게 씀. 씨발 하지마!,1,1,True,Recommended,10447,1608614144
사이버펑크 2077,2년 더 개발하고 나왔어야 할 게임 6만6천원내고 과대포장된 얼리억세스게임을 했음,1,0,False,Not Recommended,3177,1608603675
사이버펑크 2077,"사이버 펑크는 죽은 도시다. 상호작용은 없으며 내가 아무리 평판높아도 욕만 먹는다. 가장 충격인건 장례식일때도, 내가 락공연을 멋지게 마치고 내려와도 그 참여자들에게 말걸면 바로 날아오는 쌍욕. 내가 격투 대회 우승 짱이라도 아무도 몰라본다. 전혀 상호작용이 이뤄지지않는 외로운 도시",1,4,False,Not Recommended,2936,1608524490
사이버펑크 2077,저는 팬앰 누나랑 나이트 시티 저 너머로 떠날 겁니다.. 다들 안녕,1,0,True,Recommended,6449,1608523484
사이버펑크 2077,희대의 사기극,1,3,False,Not Recommended,2547,1608514597
사이버펑크 2077,버그 난무 최적화 최악 아직도 개발 중임,1,0,False,Not Recommended,8820,1608468994
사이버펑크 2077,버그가 너무심해서 참고하다 하다 이제는 세이브파일 3일치를 날려먹는 업데이트에 경탄을 금치못해 글을 씁니다. 이딴 게임 6만원에 팔아먹다니 6천원에 팔아도 그냥 항아리게임 하는게 나을듯,1,1,False,Not Recommended,7031,1608462454
사이버펑크 2077,"아, 내 자1지 2개 커스터마이징 어디갔냐고",1,1,True,Recommended,34296,1608462041
사이버펑크 2077,"타 게임 분석서 사펑2077 기존 홍보에서는 뉴타입 오픈월드 게임을 내겠다고 하였으나, 정작 나온 오픈월드 컨텐츠는 유비소프트 오픈월드를 응용 강습 잡입 해킹을 사용해서 다양한 변수를 만드는 환경을 적용하였으나, 세가지 접근 방식과 달리 결과는 한가지로 통일 세가지 스타트 타입은 초반 플레이타임 10분만 차이나는 방식 UI의 구조와 기능은 잘 설계되었으나, 기대효과 부분에서는 심미성이 많이 떨어짐 복잡한 도시의 도로와 스카이 라인을 설계하였으나 이는 오히려 퀘스트 동선의 설계 부분에서 편의성과 시인성이 떨어짐 ex. 고가도로 및 빌딩 내부 퀘스트 지도키 M 을 두번 클릭하였을때, 이전 기능으로 이탈이 아닌 맵 3D화는 오히려 빠른 기능 이탈을 위한 유저들에게 위화감 조성 완성도가 본래 계획한 공정률의 90 미만으로 보임 업데이트를 통해 이슈를 해결하려 한 듯 하나 P1, S1급 리스크가 터지는데도 QA를 통과시킨게 이해가지 않음 8년동안 프로젝트 메달려있느라 수고했다. 아트팀, 스토리 작가팀 빼고 나머지 다 엎드려라. 특히 마케팅팀은 대가리 박고 있어라.",1,0,False,Not Recommended,7107,1608425672
사이버펑크 2077,"이 게임은 아나킨 같은 게임입니다 얘가 큰 일을 해낼거라는 기대를 한몸에 받으며 자랐는데 거기에 자아도취해서 뻘짓만 하다 하이그라운드 당한 머저리 같은 새끼요 용암에 구워진 오체불만족 시체로 남을지, 개씹간지 터지는 은하계의 공포가 될지는 앞으로 하기 나름. 하여튼 지금은 함량미달입니다. 반년쯤 뒤에 보고 많이 고쳐졌다 싶음 그때 고려해보세요. 2021 08 02 반년이 넘게 지났지만 여전하네여 그냥 사지 마십쇼",1,0,False,Not Recommended,23060,1608410440
사이버펑크 2077,개씨발앰뒤겜사지마요,1,0,False,Not Recommended,3865,1608391470
사이버펑크 2077,아 게임 콘텐츠 겁나 없네,1,0,True,Recommended,10056,1608390522
사이버펑크 2077,조옹오은 아침입니다!!!! 나이트으으으 씌띠!!,1,0,True,Recommended,19149,1608375695
사이버펑크 2077,프로그램.,1,1,False,Not Recommended,3434,1608374213
사이버펑크 2077,기대를 하니깐 실망을 하는 거다,1,2,True,Recommended,10021,1608360850
사이버펑크 2077,"위쳐3 유비식 오픈월드 짬뽕의 게임 고퀄의 더빙, 메인 스토리 라인과 몇몇 서브퀘 스토리는 상당히 흥미롭고 몰입이 되려던 찰나에 개같이 많은 버그들로 몰입하는데 사이버 태클을 씨게 걸어버린다 의도한 건지 사펑2077 컨셉 때문인지 몇몇 버그는 이게 버그인지 연출인지 구분이 되지 않고 전투 자체는 부족하지도 그렇다고 우와 할 정도까진 아닌 딱 적당한 정도 GTA같은 오픈월드를 기대했다면 상당히 실망할 가능성이 높고 그냥 CDPR식 게임중 하나이고 거기에 수많은 버그가 첨가된 게임이다 개발기간 8년에 비해 상당히 실망적이고 결함이 많은 게임",1,2,False,Not Recommended,4765,1608356829
다크 소울3,"구입하고 이제 100시간정도 플레이를 했는데요 정말 쉽고 캐주얼한 게임입니다. 다른 어려운 게임에 지친 분들이나 일상에 지친 분들이 기분전환을 하기 위해 딱 좋은 선택이겠어요. 4 5세 어린이용 퍼즐정도를 생각하시면 될 것 같아요. 지금 시작해 보세요. 특유의 밝은 분위기와 경쾌한 사운드, 그리고 가벼우면서도 이해하기 편안한 스토리가 일품인 게임입니다. 부담없이 즐기시고 색색이 알록달록한 설리번의 뒷뜰에서 만나요!!",397,316,True,Recommended,22397,1490012936
다크 소울3,군다 개새끼,385,176,False,Not Recommended,8317,1592031428
다크 소울3,"안녕하세요. 저는 이 게임을 깨는데 2년이 걸린 사람입니다 저는 이 게임을 시작할 때 분명 26살이었는데 지금은 28살입니다. 다행히 29살이 되기전에 깼어요. 이 겜은 엄청 어려워서 초반에 넘 힘들지만, 나중에 한마리씩 잡다보면 또 성취감이 있어서 재미있어요. 하지만 방송을 키지 않고 하시는게 좋아요. 왜냐면 사람들이 못됐기때문입니다. 중간에 파밍하거나 자잘한 보스를 잡는건 좀 재미있어요. 제일 재미가 없는거는 용 사냥꾼 갑주입니다 그 놈을 조심하세요. 방금도 망자가 제 성질을 건드렸어요 다들 성격이 나빠지지않게 조심하시길바랍니다. 그리고 2번이나 시도하다가 도망쳤는데 다들 마지막까지 엔딩 꼭보세요. 깨고나니깐 기분은 좋네요 삭제하고 다시는 안할랍니다 10월 11일 드뎌 56시간만에 1회차 엔딩봄 호 !",355,297,True,Recommended,3425,1570852839
다크 소울3,"내가 태어나서 처음으로 플스를 샀던날 플스매장에서 처음으로 골랐던 게임cd가 바로 이 다크소울3 이다. 당시 나는 이게임에 대한 정보를 1도 없었을 뿐더러 패드조작은 태어나서 처음만져보는것이였으며 플스를 처음샀다는 흥분감에 나는 서둘러 이게임을 시작했으며 그 가게 주인에게 이 게임에대해 여러가지 물어보았고 그 매장주인은 가진거 없는자 로 클리어하면 내가 특별히 상품을 주겠다. 라는 발언과함께 나의 승부욕에 불을 붙이게 되었고 그렇게 태어나서 처음으로 하는 미숙한 패드컨트롤 소울류게임 가진거 없는자 공략따위 보지않는 성격 이 4가지의 거지같은 조합이 한데 이뤄 다크소울의 세계에 첫발을 내딛었다. 처음게임을 시작하고 굉장히 어렵다는 매장주인의 말과달리 잡몹들은 두대만 맞아도 죽고, 구르는 동안은 무적판정이라는 사실을 알고 잘 피하기만 하면 된다는 생각을 가지고 그렇게 어려운게임은 아닌거같네 충분히 할수있겠다! 라고 생각하면서 나를 굉장히 무섭게 쳐다보는 푸른도마뱀을 만나게 되었고 그곳말고 다른 돌아가는 길이 있다는 사실을 깨달은건 이미 40분이 넘는 사투끝에 도마뱀을 이기고 용도도 모르는 이상한 비늘을 얻고 회의감에 빠져있을떄쯤이였다. 다른길이 있었다는걸 뒤늦게야 깨닫게 되었지만 그래도 뭔가 어려운것을 해낸것만 같아 기분이 좋았고 그렇게 나는 첫번째 관문 군다 를 만나게 되었다. 지금이야 부러진직검으로도 잡지만 당시의 군다의 이미지는 마치 감히 건드릴수도 없는 압도적인 존재를 방불케하여 거대한 거구의 거인이 자기몸의 2배정도의 창도끼를 마구 휘둘러대며 나를 진심으로 죽일듯이 달려오는 그런 말도못하게 무서웠던 기억이있다. 지금 내가 횡설수설 대는건 그때의 공포와 혼란스러움이 아직도 남아있다는것을 의미하니 이해해주기 바란다. 그렇게 나는 가까이 붙어서 근거리에서 구르며 싸우면 쉽게 꺨수있다는 공략을 몰랐을 뿐더러, 그 어마어마한 거구의 앞으로 함부로 접근할 용기도 없었다. 그래서 내가 생각한 전략은, 군다한테 뒤지고 분노에 휩싸여 화톳불에 마구마구 강공격을 날리던 도중 우연히 발견하게된 달리면서 강공격 이라는 스킬을 알아냈다. 앞서 내가했던 공격들이 무색할 만큼 이 스킬은 굉장히 안정적이고 리치도 길며 한방 한방 데미지도 일반 약공격 한대 떄리고 튀는 전략보다 잘나왔다. 그래서 나는 당장 군다에게 복수의 눈빛을 이글거리며 반드시 쓰러트리리라 라고 스스로를 고무시키며 보스방으로 들어갔고, 당시 시각은 새벽2시반, 게임속 플레이타임은 2시간을 돌파했다. 새로운 전략을 들고 무조건적인 안전을 최우선적으로 생각하며 군다가 창을 찌르는 모션을 하거나 공격모션뒤 잠깐의 핀치가 발생할때! 그순간순간을 절대로 놓치지 않고 즉시 달리며 강공격 을 사용하여 꺠알딜을 지속적으로 박아 넣었고 이대로라면 이 군다녀석도 결국 아무것도 못하고 죽겠는걸!! 하하하! 라며 자만에 빠져있던 순간 2페이즈가 시작되었다. 이새끼, 이제는 더이상 봐줄생각이 없는것같다. 거대한 석탄으로 만든것같은 액체괴물로 주변을 슥 한번 휩쓸고 점프공격 한번으로 나의 20분이 넘는 고된 작업은 전부 한순간의 휴지조각으로 변했고 믿을수없는 절망감에 빠졌다. 이거...게임인가...? 나는 문득 게임매장 아저씨가 그 제안을 할때의 눈빛이 떠올랐다. 그렇다 그건 진짜로 나에게 제안을 하는것이 아닌, 그만큼 개줮빠지게 어렵다는 사실을 강조하기 위한 말이였던것 뿐이였다. 그러나 나는 그사실을 깨닫고 나서 그렇게 충격에 빠지지 않았다. 3시간이 넘는 시간동안 나의 내면에 무언가가 변한거같았다, 여기서 내가 무너져서 이 게임을 환불하러 가거나 아니면 기사캐릭터로 변경하게 된다면 그동안 나의 그 고생들은 대체 뭐가 되는거지? 그것이야 말로 나의 땀과 노력들이 진짜로 휴지조각이 되는 순간이라고 난 생각했다. 그래서 난 다시 화톳불의 불을 켜고 군다에게로 걸어갔다. 그때 당시 시각은 새벽 3시반이였고 내 플레이타임은 4시간을 항해 달려가고 있었다. 그뒤로 나는 2페이즈때 액체괴물 군다가 휘둘러치기 이후 점프공격을 하고난뒤 굉장한 텀이 발생하고, 내가 멀리떨어지면 점프공격을 할 확률이 높다는 사실을 알아냈다. 그것으로 점프공격 딜타이밍 이라는 사실을 캐치하고 일부러 점프공격을 유도하여 지속적으로 딜을 넣었고 같은 작업을 몇번이고 몇번이고 끊임없이 반복하여 결국에는! 군다는 쓰러졌다... 군다를 쓰러트리고 난뒤 화톳불앞에서 난 잠시동안의 여운에 잠겨있었다. 내인생에 있어서 이렇게까지나 열정적으로 무언가를 끊이없이 해결하기위해 방법을 찾고 시도해보고 안되면 수정하고, 몇번이고 몇번이고 내질러본적이 있었던가? 이것을 수도없이 반복한뒤 결국 나중에는 내가 이긴다. 라는 그 성취감은 일반 사람들은 평생모를거다 그리고 아마 나도 평생 없었을 것이다. 다크소울이 아니였다면. P.S 군다깨고 제사장주변을 쭉 둘러보다가 왼쪽 탑에 어떤 사무라이같은 사람이 있어서 NPC인가 하고 다가갔는 더보기 유료결제 49800원",294,124,True,Recommended,7787,1540474614
다크 소울3,"어린아이부터 나이가 많은 노인까지 남녀노소 즐길 수 있는 캐쥬얼 게임입니다. 강아지나 요정과 같은 아기자기하고 귀여운 캐릭터가 많이 나와 이런 장르를 좋아하는 사람에게 추천하고 인성함양에도 도움이 되 교육용 게임으로도 추천합니다. 그리고 메인 스토리 외에도 유다희양과의 연애 시뮬레이션, 앙리와의 결혼 시뮬레이션, 적과의 술래잡기, 상인과의 무역 등 다양한 장르를 즐길 수 있어 가족들과 함께 할 수 있는 오락게임으로 이 게임을 추천합니다.",289,210,True,Recommended,5990,1509441771
다크 소울3,조금밖에 안해봤지만 재미있네요요,190,105,True,Recommended,101342,1574996774
다크 소울3,암령이 침입했습니다. 서약령이 침입했습니다 미친 암령이 침입했습니다. 이 시발럼들아 게임 좀 하자,190,128,True,Recommended,4799,1461587379
다크 소울3,"다크 소울3는 현대 대부분의 국가에서 만연하게 발생하고 있는 공무원들과 정치인들의 직무유기를 시원하게 심판하는 사회 비판물입니다. 불이 모든 것의 진리로 통하는 다크 소울의 세계... 한때 찬란했던 문명을 이룩했던 그 세계였지만 결국 이들이 몰락하고 말았던 이유도 불을 관리하던 다크 소울 세계의 공무원들의 직무유기 때문이었습니다. 마침내 불을 관리하던 최고 정치인들은 불이 꺼지든 말든 좆도 상관하지 않은체 어디론가로 잠적해버리는, 그야말로 대한민국 형법 제122조는 엉덩이로 씹어먹어버리는 단체 직무유기 사태가 발생하고야 맙니다. 그러나 이러한 위정자들의 행태를 견제하거나 이에 저항하기는커녕 이 세계관의 백성들은 마치 우리내 세계에서 종종 목격되는 것처럼 이런 정치 상황에 무관심한체 마침내 이성을 잃고 길바닥에 엎드려 토테미즘마냥 막대기를 숭배하는 처지에 이르릅니다. 이런 암울한 세계에 깨어있는 자가 단 한명 있었으니... 바로 재의 귀인 으로 불리우는 주인공입니다. 민주주의나 법치주의 같은 고결한 정치 사상 따위 있을리 없는 이 세계관에서 우리의 주인공은 법보다 빠따가 무섭다. 라는 자명한 진리를 일찌감치 깨닫고 손수 중갑을 두르신체 거대한 칼과 방패, 빠따, 활과 같은 민중의 무기를 들고 오만한 위정자들의 직무유기를 심판하는 여정을 떠납니다. 다크 소울은 바로 이러한 플롯을 따라갑니다. 불을 보호하는 막중한 임무를 맡았으나 이 임무를 밥말아먹고 떠나신 엘리트들을 물리력으로서 하나하나 심판하는 것이죠. 그 과정에서 길바닥에 엎드려서 절이나 하고 있는 정치적 무관심 존재들, 끝까지 부정한 위정자들을 옹호하며 달려드는 간신들을 제거하는 것은 덤이지요. 비록 기득권층의 직무유기를 빠따 하나로 단죄하는 그 과정이 결코 쉽지는 않지만, 충분히 보람찬 쾌감을 맛볼수가 있습니다. 다크 소울3는 현실에서 맛보기 힘든 이러한 정치 풍자를 게임 내내 가득 실현하고 있는 보석같은 게임이라고 할 수 있습니다. 이러한 내포적 의미 때문에 이 게임이 고평가 받고 있는 것이 아닌가 하는 생각이 가슴 깊이 세겨집니다. 꼭 즐겨보세요. 제 점수는요 10점 만점에 You Died입니다.",180,59,True,Recommended,1491,1460789254
다크 소울3,자신의 무력함을 느끼는 시간,178,736,True,Recommended,4915,1498195573
다크 소울3,구른다 죽음 막는다 죽음 패링 죽음 걷는다 죽음 뛴다 죽음 상자를 연다 죽음 공격 죽음 점프 죽음 영채소환 죽음 망령소환 죽음 보스룸 입장 죽음 다른사람 세계친입 or 소환 죽음 다크소울 삼 죽음 다크소울 설치 죽음 죽음 죽음 캐릭터 만듬 죽음 태양 만세! 태양 만세!,177,169,True,Recommended,31823,1474627928
다크 소울3,재의 귀인이여 욕심을 버리십시오 한대 더 때리려다가 다섯대 쳐맞습니다,161,277,True,Recommended,26757,1509091678
다크 소울3,아니 피했다고요,160,112,False,Not Recommended,67133,1607502486
다크 소울3,이겜하면서 당신이 가장 많이 할말 아니X발 이게맞아? 아니 이게 왜맞아 아 굴렀는데 왜맞아 아 존X 여기 어케지나가지 아 시X 다잡았는데 아니 시X 저게 왜 여기있어 이걸 시X 깨라고 만든거야? 화톳불 어디있지? 아 X발 암령 아 시X 존X 이거 죽으면 갬끈다,159,185,True,Recommended,436,1555136930
다크 소울3,이거초보자분들하기쉬운게임이에요,153,138,True,Recommended,3959,1513495236
다크 소울3,재미없어서 환불할려했는데 환불시간 넘어서 조금만 플레이함,125,117,True,Recommended,67138,1643539741
다크 소울3,가족들과 다같이 하기에 좋은 게임이에요 특히 애기들이 좋아할만한 귀엽고 아기자기한 요소들이 많네요 추천합니다,118,175,True,Recommended,18015,1612168522
다크 소울3,나체에 보라돌이신 좀 무섭게 생기신분이 도와주셨어요!,117,64,True,Recommended,532,1573902309
다크 소울3,굴렀잖아,106,141,True,Recommended,5108,1605619288
다크 소울3,이 게임은 가족들과 함께 거실에서 이 게임에대한 이야기를 하면서 화기애애하게 호호깔깔 웃으면서 얘기할정도로 건전하고 또한 난이도는 갓 태어난 민수 막둥이가 쉽게할 난이도입니다. 또한 너무 쉬우면 재미가 없으니 가끔 어려운 보스가 나오지만 그래도 3번정도하면 쉽게 이기고서 성취감을 느낄수 있습니다,104,126,True,Recommended,9187,1496451427
다크 소울3,잠깐 해봤는데 할만 하네요,99,29,True,Recommended,99111,1558771163
다크 소울3,누구나 그럴듯한 계획을 가지고 있다. 튜토리얼에서 10데스를 기록하기 전까지는.,91,94,True,Recommended,12904,1516450862
다크 소울3,"조금밖에 안 해봤는데 할만하네요, 잘 보고 피하면 쉬워요,",86,42,True,Recommended,112765,1549481080
다크 소울3,군다 환불해라 애송이,84,26,False,Not Recommended,97,1518906266
다크 소울3,저혈압 치료제,82,98,True,Recommended,103020,1544522584
다크 소울3,"스포일러 주의 왕들이 하라는 일은 안하고 탈주해버려서 주인공이 왕들을 모셔오는게 주목적인 게임. 왕이라는 것들도 찔리는게 있는지 주인공을 보자말자 공격부터 하고 본다. 감시자들은 왜 왕인지 모르겠다. 왕들하고 말이 안통하니깐 목을 잘라오는 주인공도 싸이코중의 싸이코인게 틀림없다. 거기에 가져온 모가지를 왕좌에 전시해둔다. 으... 주인공이 얼마나 인성이 쓰레기인지 본작에서 아무 관련없는 호적파인 왕의 본거지로 직접 찾아가서, 왕이 가장 애지중지하는 애완동물을 먼저 죽여버리고 슬퍼하는 왕을 죽여버린다. 난쟁이왕은 자기차례가 오자 식겁한 나머지 주인공한테 살해당하기 전에 자살해버린다.",79,35,True,Recommended,4800,1462115057
다크 소울3,세일 기간에 사고 몇시간 해봤는데 재미없어요,78,48,False,Not Recommended,110438,1627241573
다크 소울3,"다크소울3의 가장 큰 단점은 난이도도, 길찾기도 아니다. 이 게임의 가장 큰 단점은 씨발 존나 무섭다는 점이다. 어렸을 적 선생님께서 공포는 상상의 산물이라고 말씀하셨다. 이거는 진짜 상상의 산물이라는 사실을 잘 알고 있었지만 혼자서 삭막한 폐허 속을 거닐다가 무엇인가 괴성을 지르며 튀어나오는 그 공포, 한 치 앞도 안보이는 어둠 속에서 눈앞에 뭔가가 갑자기 떨어지는 그 공포, 무궁화 꽃이 피었습니다마냥 가만히 멈춰있다 다가가자 미친 듯이 쫓아오는 그 공포, 상상이고 나발이고 하기스 매직 팬티 수십장을 갈아써도 부족할 정도였다. 적어도 내가 기억하는 무궁화 꽃이 피었습니다는 이런게 아니었다. 여학우들 사이에서 샴푸향기 맡으며 설렘과 두근거림 가득한 놀이였는데 그 아이의 어깨를 건드리고 뒤돌아 나를 쳐다볼 때의 그 검은 단발머리 밑 하이얀 목덜미 별빛처럼 반짝이는 눈동자 입가의 미소와 함께 피어나는듯한 무궁화 는 어디가고 시발 사람인지 귀신인지 좀비인지 악마인지 모를, 하나같이 피골이 상접한 그지깽깽이들이 지랄발광을 하며 쫓아올 때의 그 공포는 진짜 욕을 안할래야 안할 수가 없었다. 공포심을 증폭시키는 또 다른 요소는 내가 지금 여기서 왜 이러고 있는지 1도 모르겠다는 점이다. 인간의 가장 큰 공포는 미지에 대한 공포라고 하지 않았던가? 교양있는 민주 시민으로서 발생한 트러블에는 커뮤니케이션을 통해 엘레강트하게 대처하고 싶지만 문답무용으로 덮쳐오는 개또라이들을 상대로 무슨 대화를 하겠는가....난 시발 내가 누구고 여기가 어딘지도 모르겠는데 프롬은 상상을 유도하네 어쩌네 하지만 그건 설명을 안해줘서 유저들이 상상하고 있다는 말이기도 하다. 게임 내에서 구구절절 설명하기 싫었다면 설정집 같은 외부적인 요소들을 통해서라도 정사를 알려줘야지, 프롬을 좋아해서 닼소만 주야장천 하는 사람들이라면 몰라도 나같이 가볍게 지나가는 사람들은 대체 이 새끼들이 왜 밥도 안먹고 땡볕에서 나랑 술래잡기하고 있는지, 도무지 이해를 할 수가 없다. 길찾기가 힘든건 뭐 말할 필요가 없을 것이다. 화방녀인지 나방녀인지 명색이 조력자면 약도 한 장이라도 던져줄 것이지 이 춥디 추운 겨울날 지 혼자 화톳불 쐬고 있다가 검으로 뒤통수 한 대 때릴라치면 왜 이러시는데숭 와꾸만 아니었더라면 사시미로 만들어버렸을 것이다. 게임의 높은 난이도를 뭔가 대단한 특성인것마냥 말하는 사람도 있던데 이건 그냥 컨텐츠 소모 속도를 늦추기 위해 난이도를 조지게 올린 것이다. 물론 높은 난이도이기에 얻는 성취감은 분명히 있다. 설리반 이 노망난 할배한테 맨땅에 헤딩하듯 갔다가 이삼십번 썰리고, 처음 패링을 써보고 또 이삼십번 썰리고, 2페이즈 때부터는 중방패로 바꿔들고 또 이삼십번을 썰리고 나서야 겨우 그 정신나간 인간백정을 정의구현했다.에스트도 다먹었고 딸피인 상태였기에 클리어한 직후엔 정말 손이 부들부들 떨렸다. 다만...이 성취감을 얻기 위해 꼭 그런 고통스러운 과정을 거쳐야 하는지 회의감이 들었다. 나는 게임을 하는 도중에 쾌락을 얻고 싶은 것이지 성취감만을 얻고 싶은 것이 아니다. 성취감만을 원했다면 수능 공부를 다시 하거나 면벽수행을 하며 깨달음을 추구했을 것이다. 사정하는 순간만을 위해 야스하는 사람이 있는가? 마지막까지 가는 과정이 즐겁기에 다들 즐기는 것 아닌가. 물론 재미라는 것은 지극히 개인적인 요소이기에 과정이 재미없었다는 것은 나한테만 해당되는 이야기지, 분명 재미있는 사람도 많을 것이다. 안그랬으면 다크소울이라는 게임 시리즈가 이렇게 흥했을 수도 없으니. 일단 난 게임 내내 부들부들 떨면서 했기에 재미를 느낄 새도 없었다. 지나치게 부정적으로만 쓴 것 같은데, 다크소울3는 정말 잘 만든 게임이다. 특히 분위기는 완성도 있게 조성해 놓았다. 그 완성된 분위기가 존나게 무서워서 못하겠다는 것뿐이다. 다크소울3에 대해 악명 높은 난이도, 혹은 길찾기에 대해 말하는 사람은 많아도 무서움에 대해 말하는 사람은 못 봤기에 구구절절 리뷰를 써본다. 본인이 공포 장르를 좋아하거나 최소한 상관없는 사람만 이 게임을 하기 바란다. 바이오하자드나 이블위딘도 건드려봤지만 다크소울이 주는 공포 역시 그 게임들에 비견될만한 것 같다.",76,66,True,Recommended,1153,1613046880
다크 소울3,아직 별로 못해서 모르겠는데 너무 어렵내오....,76,28,True,Recommended,50271,1549503299
다크 소울3,??? 한 대만 더 때리면 내가 이긴다. YOU DIED,76,56,True,Recommended,36016,1547305886
다크 소울3,아 시발 굴렀다고 아 시발 패링했다고 아 시발 막았다고 아 시발 다깼네?,72,50,True,Recommended,7320,1585660778
다크 소울3,"기분 전환겸 간단하게 즐길 수 있습니다 When the mood is not good, you can simply enjoy",70,45,True,Recommended,13263,1461602121
다크 소울3,군다 씨1발,65,27,False,Not Recommended,40,1594106714
다크 소울3,가족들과 오순도순 함께 모여 즐기기에 아주 적합한 아기자기한 게임입니다,65,103,True,Recommended,10252,1502930628
다크 소울3,달인에게 패링당하며 뭐야 X발 멀리서 날아오는 거인의 화살 아 놀래라 시X 출정기사를 보며 저건또 뭐야 X발 엘드리치를 첫대면 어떻게 피하라고 1 욕을 만번쯤 하면 당신도 어엿한 프로망자!,62,59,True,Recommended,6090,1511224351
다크 소울3,b 유다희 양과 연애 시뮬레이션 게임3,61,42,True,Recommended,5503,1460421430
다크 소울3,군다 시발,60,19,False,Not Recommended,78,1615107042
다크 소울3,시작한지 얼마 안됐는데 재밌네요,58,39,True,Recommended,41716,1542453830
다크 소울3,YOU DIED,57,76,True,Recommended,52840,1512833815
다크 소울3,나같은 닼린이도 클리어 쌉가능,56,36,True,Recommended,136130,1579863540
다크 소울3,"h1 비평을 시작하기에 앞서... h1 다크소울 입문자에게 먼저 한마디 합니다. 다크소울을 입문할 때 길들여야 할 유저 스킬이 있습니다. u 비속어, 육두문자, 절규, 소리지르기, 콘트롤러 내팽개치기 u 이건 스스로 조율하여 분노 게이지에 맞게 사용하도록 합니다. 자신의 정신건강을 위해 절대 나쁘고 부적절한 행위가 아니므로 잘 연마해둡니다. h1 대표적인 사례 h1 짧막한 직플영상 야 튀어 !! h1 게임의 특징 h1 전작 모르고 해도 상관없음, 직접 몸으로 익히는 게임 나와 적은 공평하다, 만민평등사상, NPC 도 죽일 수 있으니 충분히 주의해서 플레이 할 것 암령 암덩어리, 미친암령 바이러스, 서약령 백신, 영체 친구 코옵의 즐거움 뽀대나는 장비, 더 많아진 무기, 간결한 업그레이드, 그리고 필살기 도입, 전작을 잇는 마법 알듯 말듯한 스토리와 인물들, 이로인해 다회차 가게 되면서 비로서 이해가 되기 시작함 다회차를 즐겁게 임하게 되는 심리, 묘한 중독성 숏컷 라인을 찾을 때마다 감탄하게 되는 맵 구성, 숨겨진 미션 또한 존재 담력기르기와 인성수양에 좋다 게임을 진행할 수록 얻게 되는 성취감 스샷을 마구 찍어 올려도 이게 스포가 되는건지 뭔지 제 3자는 전혀 감이 안잡힘 소프트 밴 적용. 은근 엄격하므로 온라인 할 거면 트레이너 쓸 생각하지 말아라! h1 소감 h1 다크소울은 매우 특별한 작품입니다. 이번 비평은 다크소울의 세 작품들이 모두 하나같이 일관적이지만 왜 계속 같은 것을 반복적으로 하는데 질리지도 않고, 오히려 더 열광하게 되는 것인지 게임으로서는 처음 겪어보는 이런 느낌을 한번 토로해보고자 합니다. 사실 1탄이 나왔을 때, 데몬즈에서 정신 그대로를 이어받은허울뿐인 작품으로만 생각했습니다. 분명 크게 다를것이 없는데, 같은 게임 진행방식 같은 게임 흐름, 비슷한 느낌의 게임 배경. 단순히 지금까지 나온 모든 시리즈를 영상으로만 보면, 와 이거 하나같이 다 이렇게 똑같을 수가 있나?! 하는 소리마저 나올수도 있습니다. 이렇다면 시리즈 중 한편만 갖고 있어도 충분하지 않나 하겠지만, 다크소울의 진면목은 단순 보여지는 것이 전부가 아니었습니다. 우리는 게임을 할 때, 끊임없이 모험하길 원하고, 도전하길 원하며, 성취감을 얻으려 합니다. 다크소울은 본 모양은 시리즈마다 크게 다를 것은 없지만, 새로운 환경의 맵 구성과 새로운 몬스터, 그리고 또 다른 스토리가 이에 응답합니다. 항상 시리즈마다 새로운 것을 원하는 유저들의 마음을, 독불장군처럼 흡사 폐쇄적 마인드로 보이듯 게임을 일관적으로 만들지만 다크소울은 마치 나쁜남자, 나쁜여자 처럼 끌리는 힘이 있습니다. 아마도 이런 기분들이 다크소울의 팬이 되는 과정이 아닐까 합니다. 현재는 제게 이런 느낌을 주는 작품은 다크소울이 유일합니다. 다른 작품들은 장단점을 집어내기가 보다 쉽지만, 다크소울은 불편한 점까지 그냥 있는 그대로 받아 들이게 됩니다. 아쉽게도 시리즈 마지막을 장식한다는 다크소울 3 !! 역사적인 한 작품의 끝을 여러분도 함께 경험해 보는 것이 어떨까요? 강력하게 추천 드립니다 my Rating is ... 95 100",55,94,True,Recommended,5424,1463551967
다크 소울3,존나재미없네 환불해주세요,54,37,True,Recommended,94835,1701267722
다크 소울3,이건 게임이 아니다 섹스다,53,87,True,Recommended,7247,1606697489
다크 소울3,"h1 다크소울 3을 시작하려 한다고요? 멋진 생각입니다! h1 당신은 이제 곧 매장되려다가 관짝을 박차가 나온 친구로 게임을 시작하게 될겁니다. 그리고 갓태어난 당신을 맞아주는건 오직 군다의 도끼창 뿐이지요. 당신은 이 게임을 산지 1시간 30분 될쯤이면 난 씨발 좆되었구나를 느낄것입니다 하지만 걱정 마세요! 군다만 어찌저찌 잡으면 나머지는 고인물들이 도와줄것 입니다! 잡몹들은 가만히 맞아주고, 공격력이 그렇게 강하지도 않아요! 아 쉽다! 이게 당신이 로스릭의 높은벽에 도달하기 까지의 풍경입니다. 로스릭의 높은벽부터 난이도가 점점 높아지기 시작합니다. 잡몹들도 가만히 맞아주지 않고, 공격 하나하나는 당신의 대가리를 거수해 갈만큼 강력해지죠. 그리고 가드, 패링 등등 배워야할것이 넘쳐납니다. 하지만 걱정하실것 없습니다! 몹들은 걔네들이 하는 행동만 외운다면 농락할수 있거든요! 방패로 잘 막고, 빈틈을 잘 노리면 쉽게 이길수 있습니다. 아 쉽다! 이게 패링을 밥먹듯이 쓰고 당신의 공격따윈 굴러서 피하며, 주먹만으로 당신의 혀를 뽑아갈 미친 암령들을 만나기 전까지의 당신입니다. 이친구들은 당신이 한대 더 때릴려고 빈틈을 보이면, 5대를 후려갈기는 놈들입니다! 이 게임은 초보자들에게 너무 불친절해요! 할로우 나이트 처럼 맵 곳곳에 좆같은 가시는 없지만, 몹 하나하나들이 대부분 강력하고, 1 vs 2로 전투를 시작한다면 대부분은 당신이 뒤질겁니다. 이걸 당신이 적의 모든 공격 모션의 시작만 보고 뭔 공격 할것인지 보이거나, 초인적인 구르기와 뒤잡이, 패링을 가능케 할때까지 반복하는 게임입니다. 저는 다크소울 시리즈를 3으로 입문했기에, 초보자들이 처음에 부슨 일을겪는지 어느정도 알고있습니다. 현재진행중으로 말이죠. 하지만 당신이 만나게될 암령들은 대부분 다크소울 1부터의 장작의 왕들의 모가지가 인벤토리에 주렁주렁 달린 뒤틀린 망자라고요! 길 찾기도 문제가 있습니다.앞에 예시로 나오고, 2D 다크소울 이라는 호칭을 가진 할로우 나이트는 그래도 2D 게임이니 길찾기가 상대적으로 수월하지만, 이 게임은 3D에다가 카메라 시선은 3인칭이라 못보고 지나칠수 있는 부분들이 많습니다! 그렇다고 맵에 숨겨진 곳이 적냐하면 그건또 아니죠. 여기 맵은 대부분 당신네들의 이목구비처럼 중구난방하고 끔찍한 구성을 가지고 있는데, 예를 들면 당신이 가야하는 곳을 숨겨놓고, 갈수있는 방법은 굉장히 쉽게 만들어 찾았을때 현타를 불러온다던가, 가야할길은 보이는데 가는 길을 무슨 소 창자 탐험하듯 꼬아놓은곳도 있거든요. 그리고 보스들은 당신을 다진 고기로 만들어 화톳불로 사출시킬 무지막지한 기술들을 온몸에 떡칠한 반면, 당신에게 주어지는건 얄팍한 하자 덩어리의 인간 육체고, 팔은 두개라 무기를 많이 들지도 못하고, 좋은 무기로도 구르기 잘하는 부러진 직검든 망자나 보스에게 처발리는게 일상인 비대칭 전력을 가지고 있습니다. 초반은 끔찍할겁니다. 하지만 중반에 접어들기 시작하면, 숨은 무언가를 찾아내거나, 내 앞에있는놈이 무슨짓을 할지 흥미가 생겨납니다. 조금 조금 늘어가는 플레이 시간에 비례하는 실력은 덤이고요. 그 점이 사람들을 이 게임에 잡아둔다고 생각합니다. 불친절하지만, 충분히 해볼 가치가 있는 점이 말이죠. 이제 가서 게임을 구매해, 다크소울 시리즈의 다른 주인공들과는 달리 생 흙수저를 입에 물고 태어난 재의 귀인의 수난기를 즐겨보세요! h1 당신에게 태양있으라! T h1",52,90,True,Recommended,8911,1621953492
다크 소울3,아직 조금밖에 못 해봤지만 재밌네요,52,41,True,Recommended,94964,1598102776
다크 소울3,이게임 쉬워요,52,34,True,Recommended,12788,1559890709
다크 소울3,쉽고 캐주얼하게 하기 좋습니다,52,86,True,Recommended,9384,1546938401
다크 소울3,길잃었다,52,34,True,Recommended,14533,1538386162
다크 소울3,h1 미디르 시발놈아.,51,52,True,Recommended,7033,1528864304
다크 소울3,"생각보다 어려움에 대한 거품이 많은 게임입니다. 물론 환불의 심판자 군다와 차가운 엉덩이의 무희는 뉴비들의 순진한 마음을 처참히 짓밟지만, 나름 과도기라고 불릴법한 구간만 지난다면 확실히 상승된 당신의 피지컬을 느낄수 있을 것입니다. 물론 이 게임이 어렵지 않다는건 아닙니다. 불친절한 시스템, 없다시피 하는 튜토리얼, 동태 내장마냥 꼬여있는 맵 구조, 그 간단한 미니맵조차 없어 조금이라도 삐끗하면 몹에게 다구리를 쳐맞고 비명횡사하는 엿같은 일들이 빈번하게 일어납니다. 이 게임을 처음 접하시는 분들이라면, 평범한 알피지는 잊으십시오. 준 플레이어급의 실 력을 가진 미니보스와 당신을 돌림빵하길 원하는 망자새끼들의 칼날이 유다희양과의 맞선을 적극적으로 주도할 것이기 때문입니다. 이 씨 발 이게 맞아? 를 입에 달고 다니는 자신을 볼 수 있으실 겁니다. 킹치만 닼소가 좆같은 단점만 있었다면 이런 호평을 받지 못했겠죠. 익숙해지기만 하면 난이도 자체는 별 의미가 없고, 1회차만 지나도 게임의 난이도가 확연히 줄어드는 것을 느끼실 수 있습니다. 딱 그 지점만 넘어서시면, 슬슬 다른 것들이 눈에 들어오기 시작합니다. 평소에는 피하거나 막기 바빴던 공격들이 술술 피해지고, 그냥 소리없는 아우성에 불과했던 갓 브금이 뒤늦게 들리기 시작합니다. 보기만 해도 오늘 먹은 아침이 역류할것 같은 보스들의 패턴도, 이펙트나 그 자체의 멋을 즐길 수 있게 됩니다. 단순한 배경인줄로만 알았던 맵의 저편에 직접 도달했을 때의 쾌감과 왠지 모를 달성감은, 이 게임을 더욱 깊게 즐길 수 있는 원동력이 됩니다. 더군다나 갑옷이나 무기의 종류가 썩어나게 많고, 커스터마이징도 굉장히 자유로워 자신의 입맞에 맞춰 룩딸질도 할 수 있다는 장점이 있습니다. 온라인 매칭으로 인한 컨텐츠도 쏠쏠한 재미가 있어요. 자신이 인내심이 깊고, 한번쯤 깊은 감동을 경험해 보고 싶으시다면 이 게임을 사시는 것을 추천드립니다. 웬만하면 세일 때에 사는 게 좋겠네요. 원가로 사도 그 값 이상은 충분히 하지만, 대부분 70퍼센트대 이상으로 세일을 많이 하니까요. 다크소울을 접하시는 뉴비분들이 제가 느낀 감동만큼은 아니여도, 나름 이 게임을 즐겁게 할 수 있으셨으면 좋겠네요. 좆같은 난이도에 좌절하시더라도, 당신의 뒤엔 핑크빛 피부의 채찍 망자들이 든든히 뒤를 지키고 있다는 것을 알아주세요.",49,115,True,Recommended,11776,1587247901
다크 소울3,"다크소울 시리즈에서 얻은 인생의 교훈 화톳불에 앉아 있는건 정말로 편하고... 마음이 안정되지만 화톳불에 앉아만 있으면 아무런 일도 벌어지지 않는다. 패배의 기를 털고 일어나야 한다! 화톳불은 머무는 곳이 아니라, 잠시 쉬는 곳이다. 의 지와 용 기를 가지고 뭐가 있을지 모를 안개속으로 들어가, 거기에 있는 시련과 정면으로 맞서면, 더욱 강해질 수 있다. 시련이 너무 고되어, 계속해서 실패한다면 다른 방법을 시도해 볼 수 있다. 어쩌면 지나온길에 답이 있을 수 있다. 그렇게 새로운 방법을 시도하면, 의외로 쉽게 이겨낼 수도 있다. 하지만 절대로 만만하지 않다. 실력이 없다면 새로운 방법도 없다. 길을 돌아가는 것도 방법이 될 수 있다. 오히려 돌아가는 길이 지름길일 수도...? 길을 헤메는건 절대로 쓸모없는 행동이 아니다. 노력은 결과와 비례하지 않을수도 있다. 아니... 대체로 비례하지 않는다. 불은 따뜻하다. 태양은 위대하다. 술을 먹으면 잠을 자야한다. 으래 그리하기 마련이니. 어떤 방법도 통하지 않는다면, 조언을 구하자. 그것도 아니라면, 타인의 선의에 기대보자. 도움을 청하자. 대가없이 도움을 주는 사람들은 의외로 많다. 태양 만세! 그렇게 도움 받았다면, 나도 누군가를 돕도록 노력해보자. 선의는 돌고 돈다. 누군가의 용기와, 의지, 집착이 먼 미래에 어떤 결과를 낳았는지 생각해보자. 태양 있으라! 사람을 너무 믿지 말자. 겉보기가 전부가 아닐 수도 있다. 위인은 업적을 남기고, 범인은 흔적을 남긴다. 한 마디 조언, 혹은 핏자국. 그런 사소한 흔적들이 모이고 모여 업적이 된다. 어떻게든, 어떤식으로든, 흔적을 남기자. 흔적은 이윽고 길이 된다.",48,222,True,Recommended,4226,1485908112
다크 소울3,밝은 세계관! 해피한 스토리! 캐주얼한 난이도! 뉴비에대해 친절한 고인물들이 판치고 귀여운 몹들이 가득한 불의 세계로 여러분을 초대합니다!,47,37,True,Recommended,34287,1590206988
다크 소울3,저의 빈약한 컨트롤로는 도저히 클리어가 불가능하여 나무위키로 엔딩봤습니다. 갓겜 인정!,46,100,True,Recommended,120,1671573395
다크 소울3,조금밖에 안해봤지만 중독성있고 재밌네요,46,36,True,Recommended,68336,1556611760
다크 소울3,처음 보스 군다에서 환불할 뻔했습니다. 3시간에 혈투 끝에 공략을 보고 군다를 꺳습니다. 공략을 봤음에도 불구하고 보스를 잡고 얻는 성취감이 대단했습니다. 2번쨰 빡침은 고목에서 느꼇습니다. 공략을 보니 아무도 초반에 기량을 찍지 않터군요. 접고 빤스맨이 아닌 기사를 키웠습니다. 모든것이 순조로웠습니다. 불사자거리에서 2만소울을 잃었을때도 게임이 재미있었습니다. 이루실에서 5만 소울을 잃었을 때는 오히려 그루마라는 좆집이 있어서 괘이치 않았습니다. 근데 씨 발 고륭에서 20만 소울을 잃으니 눈앞이 캄캄해지며 내가 뭘 위해 보스를 잡고 뭘 위해 그루마 노가다를 뛰었는지 손이 부들부들 떨리면서 정신을 차려보니 롤을 하고 있는 나 자신을 보게 되었습니다. 그냥 롤하세요,46,13,False,Not Recommended,7612,1545725737
다크 소울3,여기 주인공 등 안 아프나? 계속 구르는데.,45,23,True,Recommended,6965,1512824933
다크 소울3,게임이 어려우면 볼드 반대편 성당에 있는 사제 죽이고 나오는 초반보스 잡으면 쉬워집니다,42,69,True,Recommended,10417,1627310792
다크 소울3,군다 라 굴렀잖아 1친 기야,41,28,True,Recommended,676,1640852118
다크 소울3,2회차 중 여전히 재밌긴 한데 제발 암령분들 옷좀 입고 오셔요 부모님이 너 그런거 보니 하신단 말예요,40,45,True,Recommended,6678,1635904777
다크 소울3,태양만세태양만세태양만세태양만세태양만세태양만세태양만세태양만세태양만세태양만세태양만세태양만세태양만세태양만세태양만세태양만세태양만세태양만세태양만세태양만세태양만세태양만세태양만세태양만세태양만세태양만세태양만세태양만세태양만세태양만세태양만세태양만세태양만세태양만세태양만세태양만세태양만세태양만세태양만세태양만세태양만세태양만세태양만세태양만세태양만세태양만세태양만세태양만세태양만세태양만세태양만세태양만세태양만세태양만세태양만세태양만세태양만세태양만세태양만세태양만세태양만세태양만세태양만세태양만세태양만세태양만세태양만세태양만세태양만세태양만세태양만세태양만세태양만세태양만세태양만세태양만세태양만세태양만세태양만세태양만세태양만세태양만세태양만세태양만세태양만세태양만세태양만세태양만세태양만세태양만세태양만세태양만세태양만세태양만세태양만세태양만세태양만세태양만세태양만세태양만세태양만세태양만세태양만세태양만세태양만세태양만세태양만세태양만세태양만세태양만세태양만세태양만세태양만세태양만세태양만세태양만세태양만세태양만세태양만세태양만세태양만세태양만세태양만세태양만세태양만세태양만세태양만세태양만세태양만세태양만세태양만세태양만세태양만세태양만세태양만세태양만세태양만세태양만세태양만세태양만세태양만세태양만세태양만세태양만세태양만세태양만세태양만세태양만세태양만세태양만세태양만세태양만세태양만세태양만세태양만세태양만세태양만세태양만세태양만세태양만세태양만세태양만세태양만세태양만세태양만세태양만세태양만세태양만세태양만세태양만세태양만세태양만세태양만세태양만세태양만세태양만세태양만세태양만세태양만세태양만세태양만세태양만세태양만세태양만세태양만세태양만세태양만세태양만세태양만세태양만세태양만세태양만세태양만세태양만세태양만세태양만세태양만세태양만세태양만세태양만세태양만세태양만세태양만세태양만세태양만세태양만세태양만세태양만세태양만세태양만세태양만세태양만세태양만세태양만세태양만세태양만세태양만세태양만세태양만세태양만세태양만세태양만세태양만세태양만세태양만세태양만세태양만세태양만세태양만세태양만세태양만세태양만세태양만세태양만세태양만세태양만세태양만세태양만세태양만세태양만세태양만세태양만세태양만세태양만세태양만세태양만세태양만세태양만세태양만세태양만세태양만세태양만세태양만세태양만세태양만세태양만세태양만세태양만세태양만세태양만세태양만세태양만세태양만세태양만세태양만세태양만세태양만세태양만세태양만세태양만세태양만세태양만세태양만세태양만세태양만세태양만세태양만세태양만세태양만세태양만세태양만세태양만세태양만세태양만세태양만세,40,25,True,Recommended,13814,1589427766
다크 소울3,여주인공인 유다희와의 연애시뮬레이션 무희와 같은 서브 히로인도 존재 멀티엔딩으로 다양한 엔딩을 경험해보세요.,40,41,True,Recommended,48398,1490239833
다크 소울3,공부보다 쉬움,39,60,True,Recommended,61071,1567261245
다크 소울3,안녕하세요 첫번째 보스도 못 깬 사람입니다,38,48,True,Recommended,22,1587376764
다크 소울3,생명은 공평하단걸 잘 알려준 게임,37,59,True,Recommended,26949,1548935723
다크 소울3,아직 청정수인데 해볼만 한 것 같아영!,36,11,True,Recommended,71539,1572752902
다크 소울3,3시간동안 노력해서 잡은 보스가 태초마을 입구의 꼬렛이였습니다,35,38,False,Not Recommended,233,1660324099
다크 소울3,본격 연애 시뮬레이션 게임! 매혹적이고 매력적인 유다희양과의 아슬아슬한 관계를 지속하세요! 관계를 진전시키기 위해서는 게임 내에 있는 숨겨져 있는 특별한 문장을 열람하기만 하면 됩니다. 맵 곳곳에 숨겨져 있으니 하나라도 놓치지 않으려면 각종 공략들을 토대로 그녀의 마음을 정복해 나가세요! 호감도를 채우면 특별한 보상이?,35,28,True,Recommended,333,1598966712
다크 소울3,너무 쉬워서 평생 못 깰거 같아요.,34,42,True,Recommended,656,1623600623
다크 소울3,환불하면 되니까 군다까지만 잡아보실 군다잡는데 2시간밖에 안 걸림 잡고 환불,34,26,True,Recommended,21648,1591099376
다크 소울3,플탐 77분... 첫 보스도 못 깼다... 나는 바보야...,33,31,True,Recommended,77,1607919017
다크 소울3,1대 때리면 죽는다고 절대로 나대지 마셈 그 남은 한 대가 내가 죽는 1대가 될 수 있음.,32,78,True,Recommended,8424,1548599454
다크 소울3,"h1 만약 제게 다크소울에서 배울 수 있는 교훈이 있나고 묻는다면 저는 예 라고 말하겠습니다. h1 다크소울에서 배운 인생의 교훈은 다음과 같습니다. b 도전하지마라 , 시작도 하지 마세요. 지금의 시련을 극복해도 더 큰 시련이 기다리고 있으며 보상은 대부분은 쓸모가 없습니다. 객관적으로 당신이 이 게임을 클리어 해도 어떠한 가치 도 없습니다. b spoiler 그럼에도 도전하겠다면 포기하지 마세요. 너무 어렵다면 도움을 구하세요. 도움을 구하는 것은 부끄럽지만 도움이 됩니다. 세상에 이상한 사람도 많지만 좋은 망자도 많습니다. 마지막으로 다크소울의 진짜 교훈은 가치는 자신이 만드는 것입니다. spoiler",31,106,True,Recommended,10013,1606168314
다크 소울3,개 씹쓰레기 게임,31,10,False,Not Recommended,42238,1496578188
다크 소울3,이 세계관에서 태어났으면 난 바로 자살한다,30,61,True,Recommended,411,1713143304
다크 소울3,이런 시발 존나 어렵네 개시발,30,20,False,Not Recommended,22477,1618075486
다크 소울3,화방녀 옆에npc하나 때렸습니다. 갑자기 중간보스로 변했습니다. 그래서 환불했습니다.,30,6,False,Not Recommended,90,1560591463
다크 소울3,가볍게 산책 돌듯 하기 좋은 스타듀밸리와 같은 힐링 게임,29,51,True,Recommended,57640,1662124729
다크 소울3,"1회차 완료. 특대검을 끼고 대부분의 보스와 영체소환 없이 명예롭게 1 1 맞다이를 했다. 재의 심판자 군다와의 싸움은 닼소를 처음 접하면서 이 게임이 무슨 게임인가 깨닫게 해주었고. 볼드와의 싸움은 막는것이 아니라 구르기가 중요하다는 걸 배웠고. 저주를 품은 거목과의 싸움은 부위파괴의 중요성을 배웠으며. 이제 나도 조금 잘한다는 생각에 자신감을 얻었던 나는... 어느 게임에서든 최약체 같아 보이는 죽창 좀비에게 멘탈에 금이 갔으며. 심연의 감시자에게 약 30 연패 이상을 하면서 울먹거리며 멘탈을 단련했고 닼린이 학살자 개객기 . 패왕 워닐을 마주했을때 지릴꺼 같았지만, 부위파괴의 중요성을 배운 나는 강했기에 너무나도 쉬웠고. 법왕 설리번은 친우의 도움으로 쉽게 패스해, 꿀빠는것의 중요성을 알았지만, 나도 친우에게 소환되어 도움 받은거의 배로 노동을 해 세상엔 공짜가 없다는걸 배웠으며. 죄의 검을 만든 나는 대검뽕에 취해버렸고. 많은걸 배운 나는 힘들어 보이는 데몬 노왕에게 편히 쉬시라고 노인공경을 해드렸고. 대검뽕에 너무 취해서 뇌까지 마비된 나는 거인 욤에게 배짱좋게 윈드 롤러가 아닌, 나의 검으로 존나게 패다가 현실 직시를 할줄알게 됐고. 엘드리치는 어떻게 잡았는지 기억이 안나지만, 그냥 대검과 방패를 들고 구르고 떄리고 반복하며 잡는 나를 보게 됐고. 무희 언니는 엉덩이 때리는 맛이 찰졌으며. 요왕은 2 페이즈로 넘어가자, 쓰던 지팡이를 버리고 네발로 굳이 기어다니면서 불알을 나한테 보여주었던것 밖에 기억에 안 남고. 용사냥꾼과의 싸움은 남자다운 1 1 일기토였으며. 쌍왕자는 다리도 없는게 자꾸 까부는게 불쌍해서 재활 수술 잘 받으라고 미국보내 드렸고. 영웅 군다와의 싸움은 정말 멋진 상남자의 특대무기 싸움이였으며. 회화세계의 수도녀는 심감자 이후로 오랜만에 맛보는 절망의 뽕맛에 약빨이 충만해지기에 충분했고. 왕들의 화신과 싸우면서 현실의 내가 망자가 되가는걸 느꼈으며 존나 힘들게 혼자 잡고 뒤에 공략을 보니, 엔피시 영체들과 같이 들어가서 잡아야 편하게 잡는다고 적혀있었기에 멘탈이 가루가 될거 같았지만. 생각보다 아무렇지도 않는걸 보니, 나는 이미 망자가 되어버린거 같다. 항상 처음 보는 몹들은 무섭기 마련인데, 알피지 유저 본능이 발동해서 노가다를 일단 시작하면, 그냥 바람의 나라에 나오는 다람쥐 같은 애들이나 다름 없다는걸 레벨 100을 넘기면서 깨달았다. 그동안 내 소울 노가다와 장비 노가다의 희생양이 되어준 은갈치 기사들과 흑기사, 날개달린 3돼지 기사, 이루실 감옥의 옥졸들에게 심심한 감사를 표한다. 마지막으로 이 게임 암령이 무서운 존재라고 인식 되어있는데, 사실은 불의 주인들이 더 무섭다. 스토리 진행 안 하고 주변몹 미리 다 죽여놓고 ,암령 소환 지역 근처에서 미리 잠복해서 대기타는 불의 주인과 그의 영체는...정말 악랄하기 짝이없다. ps. 무명왕, 노예기사 게이 개색히...",28,46,True,Recommended,9424,1556074984
다크 소울3,"Dark Souls1 과 Bloodborne 을 제작한 미야자키 히데타카 디렉팅한 Dark Souls 3 입니다. 다크소울 시리즈의 마지막? 작품이라는 소식도 있었지만, u 시리즈의 전환점일뿐 마지막은 아니다 u 미야자키 본인 입에서 나왔다가 얼마 후 u 이번작이 최종작이라 생각중 u 인 상반된 내용을 인터뷰 함으로써 좀더 지켜봐야 행보를 알것 같습니다. h1 System h1 이번 Dark Souls 3 에서 새롭게 추가된 b 전투 기술 weapon arts 전기 b 가 새로 생겼습니다. 모든 무기는 고유 전기가 있고 그에 대한 사용법이 있는데요, 무기는 양손 방패는 한손인 상태에서 특수 커맨드를 입력함으로써 발동 조건이 충족 됩니다. 이는 유저뿐만이 아닌 다크소울의 몬스터들도 사용합니다. 단점이라 하면 전기 시스템 이외에는 UI면과 System쪽에선 달라진점이 없고 특정 구간, 오토세이브시 프레임이 드랍되는 현상이 빈번하게 발생합니다. 이로인해 게임성과는 별개로 유저점수가 낮게 평가 되고있는 경우도 있습니다. h1 Multiplay h1 1,2 에서는 강제적인 멀티플레이를 강요 받아 중요한 순간 유저의 암령에 의해 죽는 경우가 허다 했습니다. 다소 불편함은 있지만 오프라인으로 전환하는 방법은 있습니다. 하지만 3에서는 게임 내에서 비공개,공개등 여러 옵션 조작이 있습니다. 다만 소울시리즈가 그렇듯 지인들과 함께 코옵으로 즐기기에는 불편함은 남아있습니다. 또한 네트워크의 문제인지 몰라도 소환사인이 실패하는 경우가 상당히 많습니다. 도움좀 받으면서 쉽게 깨고싶었지만 결국 혼자 엔딩까지 갔습니다. h1 Storyline h1 일해라 프롬뇌라는 말이 생길정도로 다크소울은 스토리라인이 불편한건 참 여전합니다. 획득한 왕들의 소울과 아이템 설명을 껴 맞추고 NPC들의 대사 하나하나까지 놓치지 않고 연구를 해야 비로소 퍼즐이 완성되는 구조입니다. 그것도 유저의 추측일뿐 명확히 밝혀진건 없습니다. 때문에 시작부터 엔딩까지 보스만 잡아오신분들은 스토리를 모르는 경우가 많습니다. 그도 그럴듯이 1과 2사이의 시간 공백이라던지, 애초 스토리가 이어지는지 안이어지는지 조차 밝혀진바 없기에 유저들만의 추측이 무난해 집니다. 그런 와중에 Dark Souls 3는 1과 2에서 직접 가보고 만났던 장소나 NPC가 출현함으로써 어느정도 스토리를 유추하기 쉽고 반가운 마음도 들었습니다. 그래도 여전히 스토리라인이 불편한건 사실입니다. h1 Characters h1 Dark Souls 은 커스터마이징 해봤자 거기서 거기입니다. 끝 h1 Graphics h1 요즘 그래픽이 좋은 신작 게임이 산더미 처럼 나와 다크소울은 딱 보기엔 좋다고 표현을 못하겠습니다. 다만 다크소울 특유의 어두운 분위기라던지, 신비한 배경들이 전작들에 비해 잘 표현이 되어있어 상당한 만족감을 얻었습니다. 특히 차가운 골짜기의 이루실 지역은 절경이란 말이 잘 어울리는 지역입니다. h1 Sounds h1 다크소울하면 음악이 가장 먼저 떠오를 정도로 굉장히 웅장하고 다크하고 몽환적인 사운드가 귀를 지리게 만들었는데요, 1에서는 특유의 어두운 배경과 음악이 상당히 잘 어우러져 반응이 좋았습니다. 하지만 개인적으로 2에서는 OST가 별로 마음에 들지 않았는데요. 프롬 소프트웨어 전속 뮤직 팀인 사쿠라바 모토이 가 슬럼프가 아닐까 라는 생각까지 들었지만 2의 DLC의 백왕과 아론경부턴 포텐이 터지더니 3에서는 1과 2의 장점만을 가져온 음악들이 대거 나와 플레이 하면서도 음악 멋있네 라는 생각이 계속 들었습니다. h1 Overall h1 다크소울의 마지막? 이름을 걸고 나온 작품인만큼 완성도가 높으며 시각적 요소 뿐만 아니라 청각적 요소까지 고려한 완성된 작품이 나왔습니다. 소울시리즈가 그렇듯 3에선 초반 난이도와 후반 난이도가 급격히 변하는 구간이 있습니다. 전작들에선 선호되는 무기 외에는 버려지는 경향이 있었고 이번 작품에선 전기시스템을 추가하여 새로운 전투방식을 추구하려는 점이 돋보였습니다. 하지만 기존과 달라지지않은 UI, 특정구간 프레임 드랍, 개선되지 않은 멀티플레이 등을 고려할 때 아직 부족한점들이 많이 보입니다.",28,128,True,Recommended,110077,1460975049
다크 소울3,이 앞 점프 유효 그리고 미디르 씨빨럼,27,7,False,Not Recommended,8085,1559848400
다크 소울3,이 게임을 사신다면 1시간50분 알람을 설정해두세요... 1시간50분 이내에 군다를 잡지 못했다면 환불을 고민해볼 필요가 있습니다....,27,71,True,Recommended,13688,1520751762
다크 소울3,살려줘.. 이 평가를 본 사람은 지금 당장 여기서 나가.. 어서 뒤로 키를 눌러 이 상점 창에서 벗어나라고.. strike 하지만조금이라도끌린다면당장사.그게가장현명한선택이야.왜냐고?나만당할순없거든흐흐. strike 지금 5회차인데 도저히 끊을 수가 없어.. 이건 저주야.. 히힛.. 살려줘.. 이걸 쓰고 있는 오늘도 플레이하고 있네? i 6회차도하고7회차도하고8회차도하고계속멈추지않을거야.절대멈추지않을거라고. i 이것 때문에 내 생활 패턴도 완전히 무너졌어.. 새벽까지 게임하고 낮에 잠을 자는 부엉이가 되버려.. spoiler 하지만걱정마낮잠이모든걸해결해주거든.다크소울3를하기위해낮잠을자는거지생명을위해자는게아니란다. spoiler 마지막 경고야.. 한 번 빠져들면 영원히 빠져나오지 못하으아아아아아악!! 이미 심연으로 빠져들어간 재의 귀인입니다. b YOU DIED b,26,14,True,Recommended,28011,1516875844
다크 소울3,"네, 무명왕 잡으면서 패드 집어 던질 뻔 했습니다. 그러나 다크소울3를 하면서 가장 짜증나던 몹들은 무명왕도, 다른 보스들도 아니었습니다. 바로... 선거때마다 꼬박 투표를 했는데도 나를 인두로 지지던 선관위들 선관위를 피해 옆방으로 도망가자 나타난 인면괴물.... 이루실 대교 지나자마자 내 뒤통수를 깨물어버린 유전자조작 dog새끼... 얌전히 회차 진행하고 있는데 꼭, 숏컷이나 화톳불을 얼마 남겨두지 않고 엄청 쎈 몹과 싸우고 있는데 그 타이밍에 침입해서는 뒤에서 칼빵을 놓던 암령들... 바로 이것들이었습니다. 반면, 저를 보자마자 컴투미 라며 반겨주던 여성몹도 있더군요. 비록 호호아줌마스러웠지만요. 왜 스팀유저태그가 연애시뮬레이션이었는지 알 것 같았습니다. 전작을 안해보신분이라도 꼭 해보시길 추천합니다. 난이도도 생각보다 어렵지 않고 무엇보다 ost가 너무 좋네요.",26,14,True,Recommended,8147,1461342597
다크 소울3,피했다고 씨발,25,39,True,Recommended,7181,1699624120
다크 소울3,정말 완벽한 치유물 겜입니다 이건 꼭 해보세요 스트래스 받거나 화날때 하면 기분이 최곱니다,25,60,True,Recommended,6910,1605881995
다크 소울3,"하..... 채수혁이라고 하는 해커 조심하세요... 하 는데로 했는데 제 모든 아이템과 캐릭터를 날려먹고....... 나의 30시간,,,,,,, 조심하세요 도와준다고 하고 절벽에서 뒤를 밀어버리는 아주 악랄한 녀석입니다.,.... 하... 모래주술사 옷 얻 을려고 3시간 뛰어다녔는데....... 여러분 사기 당하시면 안되요........",25,42,True,Recommended,3313,1584450631
다크 소울3,플레이3시간째.아직도 로스릭의 높은벽을 못넘어가고있다,25,17,True,Recommended,11042,1582717035
다크 소울3,화방녀 예뻐,25,26,True,Recommended,129,1517480637
다크 소울3,군다만 70시간 잡았어요,24,35,True,Recommended,5085,1715431653
다크 소울3,엘든링 양손검으로 엔딩 보고 재밌길래 다크소울3도 해보게 됨 엘든링보다 선녀 같고 양심이 있고 어렵지 않았음... 엘든링은 유저한테 뭐 못 받은 돈 있는 빚쟁이들마냥 개졸렬하게 구는데 모든 보스들이 정정당당해서 감동의 눈물을 흘리며 때려잡음,24,47,True,Recommended,3361,1649603741
다크 소울3,좀 하니 질리네요. 그래도 재밌게 함.,24,17,True,Recommended,89734,1594466767
다크 소울3,다크소울3는 사실 그리어렵지않습니다 혹시 만약 어렵다고 생각하시나요? 걱정하지마세요 프롬갤에 지원요청을 한다면 1분안에 고인물이 옵니다 뭐라고요? 잔불이 부족하시다구요? 다른 고인물분들께 자신을 핥아달라고 하세요 99개 드립니다 딜이 약하다구요? 아리안델가서 원반 집어오시면 풀강무기 드립니다 컨트롤이 어려우시다고요? 1의 반도안어렵습니다 보스가어렵다구요? 최종보스까지 바로 옆에서 도와드립니다 바로 시작하세요 다크소울3 나도 핥아보자,24,26,True,Recommended,24031,1589282797
다크 소울3,개빡침 진짜 저장된곳하고 보스랑 거리가 좀 되서 죽으면 다시 보스한테 가야하는데 가다가 쫄몹한테 얻어터짐,24,10,False,Not Recommended,115,1562589611
다크 소울3,팔란의대검 좋네요 추천합니다,24,33,True,Recommended,5360,1551319061
다크 소울3,확실히 재밌네요 잠시만요 키보드 사고 올게요,24,6,True,Recommended,11386,1549692731
다크 소울3,발 다시는 만나지 말자,23,20,False,Not Recommended,1541,1613400355
다크 소울3,별로 하진 않았지만 꽤 재미있었습니다,23,10,True,Recommended,31892,1529934653
다크 소울3,이건 존나 씨바 사야함,23,58,True,Recommended,41068,1496617344
다크 소울3,"h1 그래픽 h1 속이 편하다. 좋음 보통 나쁨 역겨운 기분이 든다. h1 사운드 h1 듣는 걸 멈출 수 없어! 좋음 보통 나쁨 만약 귀로 토할 수 있다면 했을 것이다. h1 게임성 h1 자꾸 생각나. 좋음 보통 나쁨 포커카드를 방바닥에 던지고 줍는 것이 더 재밌겠다. h1 조작감 h1 옛날 여자친구와 같다. 좋음 보통 나쁨 미쳤습니까, 휴먼? h1 버그 h1 버그 그게 뭔가요, 벌레인가요? 좀 있음 좀 많음 많아 엄마! 엄마! 버그가 너무 많아요! h1 스토리 h1 우는 거 아니에요, 형광등이 눈부셔서... 좋음 보통 나쁨 아니, 신발! 내 시간 돌려줘요! h1 가격 정가 h1 비용의 10원 짜리 하나하나 값어치를 한다. 좋음 보통 나쁨 지폐를 화장지 대용으로 사용하는 것이 더 가치가 있다. h1 할말 h1 h1 영광의 길이 아닌 희생의 길, 그 길에는 무수한 슬픔과 흐린 무관심이 가득하다. h1 블러드본 이후 다크소울 시리즈를 즐기기 위해서 다크소울1 리메이크를 시작하였습니다. 초반 5시간은 충분히 즐거웠지만 공략 없이는 어디로 가야 하는지 알지 못하여 7시간을 헤매었습니다. 즐거움보다는 막막함이 쌓여 한동안 이 시리즈에 대한 생각을 접었습니다. 그러다 문득 브레이브 하트 1995 라는 영화를 보다가 이 시리즈를 다시 시작해 보고 싶다는 생각이 들어서 게임을 다시 설치했습니다. 그러나 이번에는 처음이 아닌 마지막, 다크소울3부터 시작하기로 마음먹었습니다. 이전 작품인 다크소울1, 다크소울2에서의 좋은 점을 가져와 개선하고 불필요하거나 나쁜 점은 제거한 뒤 블러드본에서 좋았던 점을 가미한 작품이라고 하여 내심 기대하며 아껴왔던 작품이었습니다. 그래서 특히나 다크소울3를 제대로 즐기려고 다크소울1 리메이크부터 차례대로 플레이하려고 했는데, 아쉽게도 그게 잘 안됐네요. 우선 시작하기에 앞서서 캐릭터를 만들어야 했는데, 커스터마이징이 기능은 많은데 불편하고 직관적이지 못하고 부족하다는 느낌을 받았습니다. 그래서 원치 않는 개그 캐릭터를 만들면서 이리저리 씨름하다가 1시간 30분 정도 소비하여 우여곡절 끝에 썩 마음에 들지는 않지만 그래도 봐줄 만한 캐릭터를 만들고 게임을 시작했습니다. 주인공은 재의 전사로서의 사명을 받아들여 의무를 저버린 네 명의 장작의 왕을 쫓아 다시 그 자리로 되돌려 놓는 여정을 떠나야 합니다. 왕들이랑 싸우는 것까지는 알겠는데 그들을 되돌려 놓는 것이 어떠한 것인지 궁금했었습니다. 이것은 첫 장작의 왕을 격파하고 나서 알게 되었습니다. 그들의 목을 쳐서 왕좌 위에 올려놓으면 되는 것이었습니다... 왕좌 위에 덩그러니 놓인 그들의 머릿 덩이를 보고 있노라면 묘한 기분이 듭니다. 이후 마지막 장작의 왕이며 형제 왕자인 로리안과 로스릭 을 처치하고 로스릭의 머리를 올려놓고 나서는 그 기분이 슬픔으로 바뀌었습니다. 다크소울1 리메이크와 조금 밖에 해보지 않았지만 다크소울2에서 그 풍경 대단하다고 생각했는데 다크소울3에 와서는 정점을 찍었다는 생각이 들었습니다. 태양빛이나 달빛에 반사된 경이롭고 아름다운 건축물에 넋을 잃기도 하고 어둠 속에 숨겨진 기괴하고 역겨운 장소에서 사늘한 공포마저 느꼈습니다. 다크소울1과 다크소울2가 이러한 장소 탐험이 주류이고 보스전이 그 종결점을 찍었다면 다크소울3는 탐험과 보스전이 적절하게 어우러진 느낌이었습니다. 마치 블러드본과 같은 깔끔한 느낌이었습니다. 적절하게 배치되고 묘한 신비감을 주는 npc들 덕분에 배경과 스토리에 더 관심을 갖게 되고 함께 숨을 쉬고 있다는 기분이 들게 했습니다. 그렇게 느꼈던 이유는 여행 도중에 우연히 만난 npc가 지인 집에 놀러 온 것처럼 거점에 방문하여서 그들과 대화를 나눌 수도 있었기 때문이기도 하고 갇히거나 스스로 갇힌 npc를 구출하면 그들과 거점에서 함께 생활할 수 있어서였습니다. 큰 시련에 앞서 버팀목이 되어줄 동료들을 모으는 느낌이었습니다. 하지만 내 선택의 여부로 그들이 여정 중에 죽거나 죽여야 하는 상황이 오면 무척이나 씁쓸한 기분이 들기도 했습니다. 다크소울의 전투 방식은 단순하지만 묵직한 느낌으로 중세 시대의 철과 철이 맞부딪치는 전투감각을 맛볼 수 있습니다. 특히 거대하고 육중한 무기가 방패에 주는 중압감은 전투에 있어서 강력한 몰입을 일으키는 절정이며 화려하고 날렵한 전투를 추구하는 게임에서는 느낄 수 없는 경험을 선사합니다. 다크소울3는 이러한 전투 경험이 이전 작품들을 넘어서 장인이 만들어낸 걸작처럼 절제되고 간결하며 뛰어났습니다. 하지만 딱 하나의 오점이 있는데 그것은 하루에 한두 번은 꼭 튕긴다는 것이었습니다. 특히, 보스 클리어 직전일 때 튕기면 그 스트레스는 가혹합니다. 여담으로 프롬소프트웨어는 업데이트를 잘 안 해주는 걸로 유명하다고 들었습니다. 이점이 저로선 슬프네요. h1 점수 h1 10점 후세에도 길이 빛나리. 9점 명작. 8점 띵작. 7점 잘 만들었다. 6점 평균보단 살짝 높다. 5점 평범 4점 부족하다. 3점 못 만들었다. 2점 쓰레기. 1점 인류의 모독. h1 나는 나 자신의 의지로 장작의 왕이 되었다. 이에 긍지도 가지고 있지. 그러니 너 역시 자신의 의지로 선택하거라. ... 그것이 지독한 배신이라면, 더더욱 말이다. h1 상당히 좋은 작품으로 어렵다는 이유로 포기하기에는 너무 아깝습니다. 그렇기 때문에 도전해보시길 적극 권해드립니다. h1 Tip h1 1. 초반에 에스트 잿빛 병을 제발 꼭 획득하세요. 안 그러면 제가 그랬던 것처럼 하드코어한 경험을 맛보게 되는 기회를 획득하게 됩니다. 2. 모험에 도움이 되는 아이템을 획득하기 위해 이곳저곳 꼼꼼하게 둘러보는 것이 좋습니다. 3. 적이 너무 강하다고 느낀다면 일단 후퇴하여 레벨을 상승시키거나 장비를 교체하세요. 두 가지다 필요할 수도 있습니다. 4. 보스와의 전투에선 방패로 막기보단 최대한 굴러야만 스태미나를 아낄 수 있습니다. 특히, 대방패로 전부 막는 전술로만 플레이하셨다면... 나중에 많이 힘들어지실 수 있습니다. h1 요약 h1 장점 1. 보스 클리어의 상당한 쾌감 2. 탐험의 즐거움 3. 적절한 난이도 배치 4. 묵직하고 절제된 전투 5. 호기심을 자극하는 스토리 단점 1. 튕김 현상 2. 아... 스팀 클라우드 동기화 안됨 3. 불편하고 독특한 커스터마이징 툴 ps 엘든링하다가 생각나서 돌아옴",22,116,True,Recommended,6646,1608319585
다크 소울3,뉴비가 필요해,22,22,True,Recommended,80966,1571711939
다크 소울3,이 앞에 4편 없다. 슬픔이 있으라,22,74,True,Recommended,17243,1525366143
다크 소울3,최고다!!! 희망찬스토리! 밝고 따뜻한 분위기! 착하고 친절한 몹! 쉽고 재미있는 보스! 친절하고 평화로운 암령들까지! 있는 평화롭고 친절한 게임!! 초보자인 나도 너도 쉽게할수있다!!!! 역시 최고다 태양 만세 T,21,40,True,Recommended,20781,1619108210
다크 소울3,튜토리얼 보스 잡았네요,21,25,True,Recommended,2391,1584888426
다크 소울3,이앞. 환불있다..,21,17,False,Not Recommended,61,1561556333
다크 소울3,키보드로 게임을 하면 튜토리얼에서 키보드 키로 알려줘야되는거 아니냐? 대놓고 패드키 알려주면 어쩌란거 이정도는 고쳐줄만 하잖아 패없찐이라고 무시하나,21,60,False,Not Recommended,671,1550501688
다크 소울3,. . . . 내손이 바보인가 아님 겜이어려운거여 ?,21,19,False,Not Recommended,693,1526023496
다크 소울3,갓겜 Praise the SUN T,21,40,True,Recommended,69124,1490026983
다크 소울3,쉽고 재밌어요,20,43,True,Recommended,152525,1675680487
다크 소울3,왜피씨겜이패드디폴트냐고씨발새끼야,20,55,False,Not Recommended,59,1645966128
다크 소울3,밝고 활기찬 아름다운 모험게임,20,17,True,Recommended,888,1640430365
다크 소울3,정신나갈것 같아. 정신나갈것 같아. 정신나갈것 같아. 정신나갈것 같아. 정신나갈것 같아. 정신나갈것 같아. 정신나갈것 같아. 정신나갈것 같아. 정신나갈것 같아. 정신나갈것 같아. 정신나갈것 같아. 정신나갈것 같아. 정신나갈것 같아. 정신나갈것 같아. 정신나갈것 같아. 정신나갈것 같아. 정신나갈것 같아. 정신나갈것 같아. 정신나갈것 같아. 정신나갈것 같아. 정신나갈것 같아. 정신나갈것 같아. 정신나갈것 같아. 정신나갈것 같아. 정신나갈것 같아. 정신나갈것 같아. 정신나갈것 같아. 정신나갈것 같아. 정신나갈것 같아.,20,8,True,Recommended,7321,1619796091
다크 소울3,팔란의 대검 개좋습니다 해보실거라면 꼭 한번 써보세요,20,16,True,Recommended,25521,1602571341
다크 소울3,정말 게임이 쉽고 모두가 즐길수 있어요 꼭 해보세요 태생은 마법사로,19,17,True,Recommended,11564,1640984711
다크 소울3,기록상 45시간인데 아직도 군다 못잡았다 실화냐,19,3,True,Recommended,2809,1561266766
다크 소울3,당신은 지금까지 무시하던 잡몹들에게 의문사 할 것 입니다,19,25,True,Recommended,2616,1545665957
다크 소울3,끔찍한 보스들도 더 끔찍한 고인물들이 도와주니까 편 안 소문에 비해 과장된 어려움! 당신도 다크소울 해보실?,19,27,True,Recommended,15832,1525344966
다크 소울3,남녀노소 누구나 할수 있는 캐주얼 게임입니다,19,55,True,Recommended,339,1505630979
다크 소울3,불필요한 욕심은 죽음을 재촉한다. 평타 두번 욕심 패링 욕심 겉멋 욕심,19,56,True,Recommended,6361,1461070874
다크 소울3,화톳불 멀리도 놔뒀다,18,21,False,Not Recommended,315,1705213260
다크 소울3,난 쓰레기야,18,16,False,Not Recommended,429,1621941166
다크 소울3,어떤 뿔달린 아저씨가 절 죽이고 갔어요 기억할거에요.. 도리도리했는데 그걸 죽여버리네 ..,18,23,True,Recommended,500,1606910853
다크 소울3,혹시나 짧은 단검과 큰 대검을 든 암령이 보인다면 신속히 낙사하시길 바랍니다,18,43,True,Recommended,19383,1605093207
다크 소울3,가끔 고된 일로 몸과 마음이 지쳐 피곤할 때 이 게임으로 힐링받곤 합니다.,18,30,True,Recommended,11048,1598081200
다크 소울3,삭제해라 애송이.,18,8,True,Recommended,933,1585296258
다크 소울3,"이 앞, 유다희 있다",18,32,True,Recommended,39377,1575748743
다크 소울3,이제 막 초등학교 입학한 우리 아이 게임 입문작으로 추천합니다,17,43,True,Recommended,9416,1694364971
다크 소울3,주인공의 인권이 낮은게임,17,36,True,Recommended,13306,1639084726
다크 소울3,이 앞 즐거움 있다.,17,40,True,Recommended,40328,1578096335
다크 소울3,내 세이브............,17,33,False,Not Recommended,2526,1576081060
다크 소울3,제초만 빼면 무서울거 없는게임. 다들 슈퍼마리오 하면서도 이만큼은 죽었을텐데 왜이리 겁부터 집어먹는거지,17,100,True,Recommended,4421,1559543441
다크 소울3,적당히 침입좀 들어와라 조팡맹이 새끼들아,16,7,False,Not Recommended,4246,1677338217
다크 소울3,군다 깨기 힘드시면 게임 켜놓고 2시간만 기다렸다가 다시 해보세요. 군다 공격력이 줄어들어서 잡기 쉬워집니다. 저도 시작한지 얼마안됐는데 이방법으로 쉽게 깼어요. 그뒤에는 고인물들이 도와주니깐 환불하지마시고 딱 2시간만 버텨보세요. 화이팅! T,16,6,True,Recommended,2972,1624442337
다크 소울3,엘든링?엘든링?엘든링?엘든링?엘든링?엘든링?엘든링?엘든링?엘든링?엘든링?엘든링?엘든링?엘든링?엘든링?엘든링?엘든링?엘든링?엘든링?엘든링?엘든링?엘든링?엘든링?엘든링?엘든링?엘든링?엘든링?엘든링?엘든링?엘든링?엘든링?엘든링?엘든링?엘든링?엘든링?엘든링?엘든링?엘든링?엘든링?엘든링?엘든링?엘든링?엘든링?엘든링?엘든링?엘든링?엘든링?엘든링?엘든링?엘든링?엘든링?엘든링?엘든링?엘든링?엘든링?엘든링?엘든링?엘든링?엘든링?엘든링?엘든링?엘든링?엘든링?엘든링?엘든링?엘든링?엘든링?엘든링?엘든링?엘든링?엘든링?엘든링?엘든링?엘든링?엘든링?엘든링?엘든링?엘든링?엘든링?엘든링?엘든링?엘든링?엘든링?엘든링?엘든링?엘든링?엘든링?엘든링?엘든링?엘든링?엘든링?엘든링?엘든링?엘든링?엘든링?엘든링?엘든링?엘든링?엘든링?엘든링?엘든링?엘든링?엘든링?엘든링?엘든링?엘든링?엘든링?엘든링?엘든링?엘든링?엘든링?엘든링?엘든링?엘든링?엘든링?엘든링?엘든링?엘든링?엘든링?엘든링?,16,33,True,Recommended,46086,1624347245
다크 소울3,진짜 시발 게임 좆같이도 만들어놨네,16,25,True,Recommended,12806,1507752184
다크 소울3,소울라이크 장르를 하는 이유는 저 애미뒤진보스새끼가 날 억까해서 때려죽일때의 분노와 내가 저 애미뒤진보스새끼의 대가리를 따버렸을때의 쾌감이 비례하기 때문이라고 생각함,15,74,True,Recommended,2356,1707316063
다크 소울3,"전재산 6만원 자취생, 이 게임 구매하다.",15,37,True,Recommended,1940,1694268869
다크 소울3,"군대에서도 욕 한 번 안했는데.. 이 게임을 하고 욕을 했습니다.. . . . 이 게임은 상당히 불친절합니다. 어떻게, 언제 무기 강화를 해야 하는지 어떻게 길을 찾는지, 이 길로 가면 괜찮은지 이 이벤트를 활성화 시키려면 무엇을 해야는지 전혀 알려주지 않습니다. 처음엔 왜그런지 이해가 가지 않았지만 플레이를 하면서, 만약 우리가 주인공처럼 실제로 던전에 혼자 들어간다면 똑같은 상황이 되지 않을까하고 생각하니, 납득을 하게 되었습니다. 모두 다 아시다시피 이 게임은 고난의 연속입니다. 하지만 아무리 어려워도 계속 도전하다보면 패턴이 보이고, 언제 피하고, 언제 때리고, 욕심을 부리지 말아야 한다는 것을 알게되면서 실력이 늘고, 요행수도 가끔 생기고 하면서 결국 한걸음 한걸음 앞으로 나아가게 됩니다. 우리의 삶도 참 힘들지만 게임 속의 주인공처럼 계속 도전하다보면 똑같이 더 강해질 거라 생각합니다. 그리고 게임하면서 깨닫게 되었습니다. 우리가 더 나아지지 않는 이유도 계속 도전하지 않아서라는 것도요. 조금 힘들더라도 포기하지 마세요. 하다보면 결국 이뤄내고, 고생한만큼 짜릿함을 느끼게 됩니다. 단 한가지, 우리가 명심할 것은 우리의 인생에 뒤잡 은 없다는 것입니다.",15,53,True,Recommended,6865,1690943590
다크 소울3,멀티 안되는 똥망겜 누가함,15,34,True,Recommended,33960,1650065814
다크 소울3,갓겜인데 친구들한테 추천하면 아무도 안함,15,58,True,Recommended,29845,1636388896
다크 소울3,유다희라는 여친을 사귀었습니다,15,14,True,Recommended,28469,1529802318
다크 소울3,"가혹하지만 그 이상으로 아름답습니다. 수많은 선대 장작의 왕들의 노력에도 불구하고 등불처럼 흔들리며 다 꺼져가는 불씨 주변을 휘날리는 잿가루와 종말을 앞둔 광기만이 반겨주는 무너져내리기 직전의 세계에 제정신 잃고 좀비처럼 배회하는 망자 찌끄레기들부터 로스릭의 기사, 고름덩어리 거인들까지, 갓 무덤에서 일어난 재의 귀인의 의지를 꺾기 위해 온 힘을 다해 순순히 맞아죽기 싫다며 발광하고 난도질을 해댑니다. 한 때의 녹음을 잃고 전부 썩고 고여버린 독늪, 시체와 껍데기가 뒹굴며 파편화된 과거만 남은 유적들이 플레이어를 맞이합니다. 음침하게 웃는 시녀 할머니, 언제나처럼 그 자리를 지키는 고요한 화방녀, 제사장의 침묵을 쫒아내는 대장장이의 망치질 소리, 그리고 드물게 마주치는 정신줄 붙들고 있는 몇 안 되는 불사자들만이 플레이어의 외로움을 온전히 공유할 뿐입니다. 죄다 망가진 세계임에도 자신들도 과거 한 때엔 영광스러웠고 웅장했음을 어필하면서 플레이어를 가로막는 별에 별 괴물들을 마주하다 보면 역겹고 빡치면서도 ? 또 한편으로는 황홀함이 차오릅니다. 이 게임이 제일 쩌는게 뭔지 아십니까? 난이도와는 별개로 보스가 하나같이 너무 멋있단 겁니다. 거적떼기 줄줄 두르고 몸은 뒤틀려서 다 죽어가는 거지망자꼴 놈들이 뭣때문에 이렇게 간지가 터져서 싸울때마다 절 감동시키는지 모르겠네요. 연출, BGM도 버릴 게 하나도 없고요. 똑같은 패턴에 뚝배기가 몇 번씩 깨져도 뭔가 아 다음엔 이러면 될 것 같은데, 아 이거 하나만 어떻게 하면 되는데, 아 이때 이 짓만 안 하면 되는데... 죽을때마다 욕하면서도 차마 손을 놓지 못하게 만드는 절묘하게 어려운 난이도가 특징으로 역대 다크소울 시리즈 중 평균적으로 가장 빡세면서도 가장 인상적인 보스전을 보여줍니다. 중심 플롯도 흐리멍텅하고 갈기갈기 찢어진 설정들만 존재하는 게임인데도 불구하고 너무나 재밌습니다. 액션겜을 적당히 못하되 어떻게든 적응해내는 플레이어에겐 그야말로 최고의 경험을 선사해줄 겁니다. 엔딩크레딧 올라갈때 눈물 글썽여본 게임은 아마 다크소울3이 처음인 것 같습니다. 거의 영화 주인공이 된 기분이었거든요.",15,120,True,Recommended,20984,1527643989
다크 소울3,나는 좀더 고통받아야 한다... 오늘도 다크서울을 켜자...,14,14,True,Recommended,5146,1612236368
다크 소울3,b 확인 및 상호작용 b e b 취소 b q b 메뉴 b esc b 소비 아이템 b r b 감정표현 b g b 백스텝 b space bar b 구르기 b wasd space bar b 달리기 b wasd space bar 유지 b 점프 b 달리는 중 space bar b 걷기 b wasd alt 유지 b 발차기 b wasd 좌클릭 동시에 b 왼손 무기 공격 b 우클릭 b 왼손 무기 전투 기술 b Ctrl b 오른손 무기 공격 b 좌클릭 b 오른손 무기 양손에 잡기 b f b 오른손 무기 전투 기술 b 양손에 잡은 후 Ctrl b 오른손 무기 강공격 b Shift 좌클릭 b 주문 교체 b 마우스 휠 혹은 키보드 b 소비 아이템 교체 b 마우스 휠 혹은 키보드 b 오른손 무기 교체 b Shift 마우스 휠 혹은 키보드 b 왼손 무기 교체 b Shift 마우스 휠 혹은 키보드,14,537,True,Recommended,13348,1585482317
다크 소울3,맵다 많이 맵다 하지만 흰 우유와 같은 백령과 함께라면 맵지 않다 우유 한 병으로도 한번만에 이름없는 맛을 이겨낼 수 있다,14,17,True,Recommended,6853,1546255526
다크 소울3,고인물 가라사대 천 시간 이하는 닼린이라 하니 닼린이는 오늘도 고인물이 되기 위해 회차를 돕니다! 늅늅,14,21,True,Recommended,21105,1529629731
다크 소울3,"다크소울 시리즈 중 어렵지 않은 게임이 있겠냐만, 3와 1의 어려움은 그 종류가 다르다. 다크소울 1의 어려움은 미경험자에게 가혹하다는 점이다. 보스의 패턴, 몬스터의 난이도는 어렵지 않다. 단순히 체력, 데미지뻥튀기가 되어있다는 느낌이다. 하지만 극도로 좁은 외나무 다리, 낙사 유도, 다수의 몬스터가 있는 구간이 존재한다. 이는 모르면 죽으라는 단순한 의미이며, 알고 있다면 난이도는 크게 하락한다. 이러한 요소가 초회차 유저에게 극도의 스트레스를 안겨준다. 그러면 다크소울3는 어떠한가 다크소울3은 몬스터의 패턴에 큰 공을 들였으며, 상대적으로 다크소울1처럼 모르면 죽어야하는 구간은 극히 적어졌다. 낙사유도 및 일대 다수의 전투가 있는 구간은 미리 알 수 있다. 유저는 철저히 몬스터의 패턴과 공격의 박자감을 알아야한다. 한대 맞았다고 다급하게 구르기나 연타한다면 몬스터의 공격에 맞아 죽을 뿐이다. 뭐 이런 요소는 역시나 초보에겐 가혹하지만, 그래도 다크소울식 전투에 익숙하다면 적응하긴 쉬울것이다. 이런점이 다크소울3는 1보다 쉽다는 평가가 나오게하는 이유일 것이고. 다크소울1이 불합리한 사망 구간 모르면 죽어야하는 으로 난이도를 늘렸다면 다크소울3는 철저하게 전투를 통해 난이도를 늘린 것이다. 그만큼 다크소울3는 전투가 매력적이다. PVP나 보스전이나.",14,98,True,Recommended,6987,1528984149
다크 소울3,"지금쯤 돼니 죽을때마다 묘한 고양감이든다. 하앍...,",14,7,True,Recommended,3377,1460784227
다크 소울3,"다크소울을 처음 시작하는 친구가 자기는 한 번도 안 죽을 자신있다고 말하면, 미쳤다고 생각하면서 막상 내가 무언가에 도전할 때는 1트만에 성공하길 바래왔다. 그리고 실패하면 그것을 매우 불합리하게 생각했었다. 다크소울을 플레이하며, 난 그 실패가 닼린이가 유다희를 만나는 것만큼 당연한 일이란 것을 깨달았다. 당연히 쳐맞는거고, 당연히 헤매는 거고, 당연히 죽는 것이다. 그렇게 당연한 실패가 계속되다보면 성공은 당연히 찾아온다. 분명 어려운 게임이었다. 하지만 어떤 보스든 50트 이내로는 잡을 수 있었다. 뭔가를 50트 이상 해본 적이 있었나? 감시자를 잡았을 때쯤, 이해 안 된다며 포기했던 코딩 전공책을 2년 만에 펼쳤다. 오늘 그거 다 끝냈다.",13,82,True,Recommended,11604,1618423521
다크 소울3,고통을 돈주고 사버렸다..,13,39,True,Recommended,7198,1606738708
다크 소울3,"마음에 안 드는 친구가 있다면 이 게임을 선물해주세요 ..라곤 했지만 어느 정도 소울 시리즈에 대해서 알게 된 지금 봤을 땐 다크소울 3은 상당히 선녀 같은 작품이란 걸 알게 됐다 다른 소울 시리즈보다 동시대 게임에 비해 그래픽도 괜찮고, 인터페이스나 게임시스템이 깔끔하면서도 알기 쉬워서 소울라이크 게임에 입문하기엔 최적의 작품이라고 생각된다",13,19,True,Recommended,7857,1546143776
다크 소울3,T,13,36,True,Recommended,7884,1541344388
다크 소울3,"다크소울이 너무 어려워 보여서 구매가 망설여 진다고요? 걱정마세요. 망자, 고인물, 썩은물, 석유, 핵폐기물 유저들이 뉴비를 들박하기 위해 기다리고 있습니다. 지금 당장 디시인사이드 프롬소프트웨어 갤러리에 가서 뉴비 인증을 하시고 복지를 받으세요. 게임 올클리어 까지 보장 100 보장. 원하는 무기, 갑옷, 반지, 아이템 100 증정 24시간 대기하는 망자들과 함께 즐거운 시간을 보내보세요! 지금 바로 입장하기",13,13,True,Recommended,3939,1532105823
다크 소울3,h1 praise the sun! h1,13,66,True,Recommended,6092,1493609746
다크 소울3,"정말 어 썸한 게임입니다 아름다운 유다희 양과의 데이트를 단돈 49,800원에 즐기실수 있습니다!",13,15,True,Recommended,1437,1489829682
다크 소울3,사놓고 군단잡고 볼드 잡은후부터 길도 모르고 볼드도 6시간만에 잡아서 영원히 안할거같다. 어느 순간부터 공략보면서 차근차근 길을 외우고 아이템 외우다보니 설리번 뒷마당에서 태양만세를 외치면서 pvp 하는 자신의 모습을 보았다 요약 태양만세,13,28,True,Recommended,13743,1474806187
다크 소울3,"세일 기간마다 찾아오는 신선한 인간들에게 남기는 장문입니다. 무엇이 그대를 이곳으로 이끌었는가? ...아무것도 남지 않았다. 신들의 업적은 재가 되어 휘날리고, 수많은 영웅들 또한 아무것도 얻지 못했다. ...그들의 손에 쥐어진 재 외에는 말이지. 무덤에서 일어나라. 그대에게 주어진 시련을 받아들여라. 그에게서 뽑아낸 검을 들고, 금발의 시녀에게 도움을 청하라. 성벽 아래에서 도움의 깃발과 통행을 위한 깃발을 받아라. 푸른 조력자들은 그대에게 큰 힘이 될 것이니. 재여, 그대에게는 여러 길이 있다. 분명 여정을 이어나가는 중, 그대는 여러 길을 보게 될 것이다. 수많은 세계를 헤쳐 나가면서, 도움을 받기도, 도움을 주기도, ...누군가를 밟고 나가며 그대는 종착지에 이르겠지. 그러나 두려워 말라. 결국 그대는 시련을 이겨 내리라. ...보랏빛으로 몸을 물들인 망자들을 정면에서 마주하기 전까지는... 맞서거나, 그들의 일원이 되어라. 나 또한, 이제는 불을 원하지 않게 되었다. 이 앞, 엉덩이 있다. . . . 그러므로, 손가락 유효.",12,6,True,Recommended,14754,1600184144
다크 소울3,pc에서도 할수있게 판매하는거면 pc에 맞게 키보드 활성화 해놔야지 조이패드 듀토리얼이 나오질않나 혈은 확인하래는데 무슨 내가 확인하고 맞게 누르는건지도 아닌지도 모르겠고 미니멥이도 없고 숨은그림찾기도 아니고 이것만 좀 개선되면 초기환불자 좀 줄어들듯,12,54,False,Not Recommended,6689,1585459583
다크 소울3,채수혁이라는 사람 조심하세요.. 다크소울 뭐 해준다고해서 똑같이 해봤더니 계정날라갔네요... 조심하세요..스팀닉네임 마스터이 장인 이고 만약에 같이하자하면 하지마세요..,12,42,False,Not Recommended,2070,1583937266
다크 소울3,"게임은 어렵지만, 사람들이 인사성도 밝고 친절해요.",12,25,True,Recommended,5155,1574077790
다크 소울3,"이게임을 살사람들을 위해서 팁들 적어봄 1.조작키 움직이는키 WASD 마우스휠 위 마법 변경 마우스휠 아래 아이템 변경 shift 마우스휠 아래 왼손 무기 변경 shift 마우스휠 위 오른손무기 변경 이건 방향키로도 가능함 왼쪽클릭 오른손무기 공격 우클릭 왼손 무기 공격이나 방어 Shift 왼클릭 강공격 Shift 우클릭 아님 ctrl 우측무기나 양손잡무기 전투기술 스페이스바 짧게 구르기 스페이스바 길게 뛰기 뛰는도중에 스페이스바 빠르게 한번더하면 점프함 나머지는 알아서 1.하얀색 공같이 생긴건 아이템이다, 주울수있음 주워두자 필수템일수도 있다 2.잔불을 사용하면 소환사인이라는게 보인다 빨강,보라,노랑빨강은 암령 노랑,하양은 영체다 코옵할꺼면 헷갈리지말고 반드시 영체를 소환하자 2 1.이게임에는 다른사람의 세계에 들어가서 그 사람을 죽이면 아이템을 얻는 기능이있다. 잔불을 키면 암령이 들어오니 조심하자 3.제사장에 있는 NPC들은 화방녀와 루드레스라는 의자에 앉아있는 난쟁이 빼고 웬만해선 죽이지말자 NPC들은 2대 때리면 적대가 돼서 널 계속 때린다, 물건파는 할머니는 물건 가격 올려버리고 강화 해주는할배는 강화를안해줌. 4 1.제사장 가자마자 화톳불을 찍고 나서 제사장근처에 아이템을 주워먹자 제사장에서 나와서 오른쪽으로가면 달인이라는 놈이 있다 맞다이는 뉴비면 이기기 많이 힘듦 꼼수 부리는거 있으니까 찾아보고 따라하면 쉽게 잡음 5.군다한테서 칼을뽑고 군다가 일어날때 몆대 때려둘수있다, 군다한테 맞는다고 당황하지말고 잘보고 구르자 5 1. 2페이지가 되면 군다의 방어력이 내려가는대신 덩치가 더럽게 커진다 그래서 화면에 가림 정안되겠으면 시작 아이템에 검은 화염병을 들자 6.군다잡고 제사장 부터 어떻게 해야할지 모르는 사람들이 있다 군다를 잡고 나온 나선의 검을 제사장 한가운데 꽃아넣으면 전송이 가능해지는데 로스릭의 높은벽으로 가자. 7.만약 게임이 어렵고 잔불이 조금이라도 남아있으면 아무데나 도움을 요청하자 니가 어디에 요청하든 상관은없다 7 1.친구랑 같이 게임을 시작하는거도 나쁘지 않은 선택이다, 혼자하면 힘들어도 둘이나 셋이면 확실히 쉽다 8.게임이 어렵다고해서 소울 트레이너,아이템 스폰 같은건 하지말자 중소기업이라 한국어로 실행하면 너 밴당했다고 안알려준다 8 1.밴확인을 할려면 Dark souls lll 우클릭 속성 언어 영어로 바꿔서 들어가면 경고나 밴이면 대문자로 뭐시기 뭐시기하면서 뜬다 경고면 세이브 삭제해라 밴이면 반다이 남코에 문의해라 9.만약 DLC를 샀다면 왕의 묘지기라는 보스를 잡고 불사의 전투라는 PVP 가능하다. 9 1.불사의 전투는 익숙해지고 하는게 좋다 고인물들은 대부분 여깄다고 보면된다. 10.군다가 어려우면 검은화염병이지만 시작템은 화염보석이 좋다, 말라깽이들이랑 검은색 액괴가 불에 많이 약하다. 11.게임이 어려우면 방패를 들어라, 진짜 뒤지게 커보이는 무기 아니면 다 막는다 대신 스테미나 관리를 잘해야한다. 12.패링이란 시스템이있다, 방패나 특정무기를 들고 전투기술을 사용하면 되는데 상대방의 공격을 튕겨내서 아주 아프게 때릴수있다 12 1.다크소울3는 2대를 때리면 경직이 풀린다 모든무기가 2대가 마지노선이라 생각해라 2대이상은 패링이나 상대가 굴러서 피하기때문에 스테미나 낭비가 심하다 13.청교를 끼자 그럼 암령이 들어왔을때 청령들이 온다 13 1.청교주는 할머니는 로스릭의 높은벽 보스 볼드 가는곳 반대편에 있다, 그할머니가 깃발도 주고 하니까 죽이진 말고 깃발이랑 청교만 받고 보스로 가자 14.모든 보스 공략은 유튜브에 있다, 계속 하면서 파훼하는거도 좋지만 너무 어렵다면 영상을 보고 하자.",12,226,True,Recommended,43500,1567082660
다크 소울3,"놀랍도록 대단하지만 그만큼 반대로 놀랍도록 저열하다. OST나 분위기를 연출하는 능력은 게임들 중 탑클래스에 들어가는 뛰어남을 보여주고 액션RPG의 기본적인 기틀을 잘 짜놓은 것은 대단히 높게 평가할만하고 souls like라는 태그를 만들어낼 정도의 가치를 제대로 보여주는 게임이다. 그러나 기본적인 뼈대를 잘 만들어 놓고도 정말 말도 안될정도로 old fashioned한, 구시대적이고 찌질한 부가적인 시스템들이 덕지덕지 붙어 있어서, 치명적인 단점들이 장점의 점수를 절반 넘게 깍아먹는 게임. 다크소울2를 굉장히 혹평하고 DLC는 너무 수준이 저열해서 아예 중간부터는 치트쓰고 하다가 그거도 더러워서 중간에 때려쳤는데, 다크소울2에 비해서는 문제점들이 어느정도 개선이 된 괜찮은 면모를 보여주기도 하지만 문제점을 해결하는 동시에 새로운 문제점을 다시 만드는 멍청함을 보여준다. 특히 2편 평가에서도 적었듯이, 콘솔베이스 게임의 문제인지 PC베이스 게임들에선 나오기 힘든 카메라 워킹 등등의 문제도 있어서 굉장히 짜증나는 점이 있었다. 아래는 몇가지 핵심적인 문제점들을 짚어보고자 한다. 1. 엉터리 PVP 시스템, 기능적으로 손해인 웨폰 무브셋들, 그리고 니가와 죽창 원샷으로 귀결되는 쓰레기 싸움구도 다크소울3의 가장큰 개선점과 장점은 무기 무브셋을 더 심화해서 다양하게 만들고, 전투 기술을 도입해서 전투상황의 다양성을 대폭 늘렸다는 점이다. 이 점 자체는 매우 높게 평가할 만 한데, 문제는 주문 포함해서 절반이 넘는 무브셋이나 무기의 성능들이 절대 쓰면 안되는 오히려 쓰면 손해보는 것과 마찮가지인, 기능적으로 쓰레기인 무브셋이 너무 많다는 것이다. 이건 유튜브에서 무기 스펙을 리뷰한 해외 유튜버들 영상을 봐도 너무 명백함을 알 수 있는데, 예를 들면 소형 도끼 같은건 PVP 한정으론 그냥 전체적으로 쓰레기 무기고 그 이유가 무브셋이다 구려서 그렇다. 무브셋을 관리하는 수준도 매우 성의가 없는데, 약공 강공 나눠놓고 둘이 모션,사거리, 발동 프레임도 거의 똑같이 만들어서 차별화가 전혀 안되는 경우도 허다하고, 기본적으로 특정 무기군이 아니면 공격 속도 자체가 너무 느려서 초심자들 조차도 그냥 눈으로 보고 피해버리는 무기가 매우 많다. 소도끼랑 비슷한 이유로 모 네임드 유튜버는 특대무기 티어가 PVP에서 매우 낮다고 설명한 바도 있다. 그렇다면 무기종류를 섞어서 쓰면 되지 않냐고 할 수 있는데, 약공 강공의 차별화가 크지 않는 점도 그렇거니와 좌수에 들면 쓸데 없이 가드를 쓰는 무기가 너무 많아서 거의 대부분의 무기가 가드시 성능이 소형방패 동급 혹은 이하라서 쓰는 의미가 거의 없다. 오히려 손해가 훨씬 크다. 좌수 사용시 가능한 옵션이 너무 적어 활용이 단조로워진다. 좌수 우수 섞어서 다양한 전략을 쓰라고 시스템을 만들어놓고도 반대로 그 시스템을 제대로 활용할 수 없게 의도적으로 제약을 잔뜩 걸어버린 것. 결론적으로 보면 무기 무브셋 자체가 그냥 PVE를 기준으로, 특히 보스전에서 쳐발리면서 게임하세요 를 기준을 잡아놓고 무브셋을 거기에 맞게 짜놓은 수준이라 PVP로 가면 몇가지 실전적인 무기를 제외하면 대부분의 무기가 사용자에게 절대적으로 패배를 약속하는 일종의 얄팍한 속임수를 쓰는 게임인 것. 거기에 사람들이 이걸 파고들어서 총체적인 이해를 하기 어렵고, 약한 무기들 끼리 자강두천을 열심히 하면서 진실을 파악하지 못하니까 반발이 적은 정도일 뿐이다. 결국 게임의 기본 전략은 니가와 죽창한방으로 죽일 수 있는 패링 앞잡기나 운빨로 맞고 죽어라 식의 대망치 올인 같이 몇가지 찌질한 방식으로 굳어버린다. 평가 쓰기 전에 유튜브에 몇년전 올라온 글로벌 토너먼트 영상을 보는데 법기곡 vs 게일 대검 유저가 라운드 한판 끝내는데 8분을 쓰더라. 법기곡 유저가 대검을 피하고 딜레이 캐치만 할라고 구르기만 하다가 그 지경이 난 것이다. PVE로써는 무브셋들의 밸런스가 그나마 어느정도 합리적이지만, PVP를 기준으로 봤을 때는 정말 저열하다. 이 게임의 PVP는 유쾌함은 있을 지언정 완성도 있는 게임을 플레이하는데서 오는 만족과 보람은 전혀 없다. 어느 분께서 합리적인 어려움을 추구한다는 말같잖은 헛소리를 하셨다는데 다크소울3의 PVP는 이 게임에서 최고의 비합리적인 쓰레기 컨텐츠다. 심지어 개인적으로 침입이나 광령, 서약령, 백령 코옵 이런거 굉장히 재밋고 높게 평가하는 요소인데, 엉터리 같은 PVP 밸런스와 쓰레기같은 무브셋으로 떡칠된 현 상태가 이러한 PVP 플레이의 재미를 굉장히 많이 급감시킨다. 다크소울2 할 때도 느낀거지만 그냥 무기를 단검류만 만들어놓고 게임하라고 해도 이거보단 재밋을거다. 또 결정적으로 PVP가 쓰레기인 이유 한가지는 행동과 결과를 제대로 보여주지 않는 이상한 방식의 표현법 때문. 핑이나 latency차이 때문인지는 몰라도 단순히 1 1 상황에서 조차도 액션과 그 결과가 동시타임으로 즉각 피드백이 안 된다. 때렸는데 1 2초 뒤에 멀리 떨어진 거리에서 타격모션 들어가는건 그냥 일상. 가령 강인도 발동 전에 타격이 성공했으면 액션 자체를 끊어서 한쪽만 공격을 당해야되는데 이 문제 때문에 선제 타격같은 개념도 의미가 상당히 퇴색되고 게임이 공정하지 못하다는 인상을 굉장히 강하게 받는다. 안 그래도 원근감 문제나 미세한 간격 차이에 의해서 판정이 갈리는 영향이 큰데 판정이 적용되는 기준이 중구난방이고, 쉽게 말해서 이 게임의 PVP 판정이란 것은 기본적으로 믿을 수 없다. 신뢰성을 주지 못하는 방식이다. 2. 역대 게임 중 본적이 없을정도로 저질적인 카메라 워킹. 구시대적이고 성의없는 조작체계. 다크소울2와 3를 하면서 제일 어이가 없는게 두가지가 있는데 첫째는 8방향 전진식 구성을 필두로 한 불편한 조작체계와 걸핏하면 플레이어를 말 그대로 장애인 을 만들어 버리는 얼토당토않는 카메라 체계 이걸 유도하는 몇몇 쓰레기 보스전이었다. 먼저 8방 전진식 조작체계를 보면, 이건 1세대 FPS게임들 혹은 그 이전 3D 게임으로 넘어가는 과도기에나 있었던 매우 구시대적인 조작 방식이다. 이후 현대식 FPS에서 많이 보여주는 전진후진 사이드 스탭 시야 및 방향 고정 을 기본으로 하고 마우스로 시점처리를 하는 방식으로 고착이 되었는데, 콘솔게임인 것을 감안하더라도 록온 기능이 아예 따로 존재하고 시야각 처리방법을 따로 마련해 놓고도 이따위 방식으로 만들어서 굳이 게임을 불편하게 만든 것은 전혀 이해가 가지 않는다. 왜냐하면 이게 웨폰 무브셋 다양화를 저해하거나 구르기 하나만 가지고 모든걸 해결하는 이상한 쓰레기 방식으로 고착된데도 분명 영향이 있기 때문이다. 또한 무기 사거리 싸움이 다크소울3에서 매우 중요한데 포지션 조절을 위한 정밀 조작에도 구 시대적인 현 시스템이 더 불편하다. 아예 록온을 걸었다 풀었다 하는 고급조작까지 파고들면 알 수 있는데 대쉬까지 조절하면서 게임 할려고 하면 답답해서 사람 뒤진다 진짜. 공속 문제도 포함해서 아무리 못해도 현실의 사람이 다크소울3 캐릭터보다는 더 잘 싸울거다. 즉, 개발사에서 의도적으로 플레이어를 장애인을 만들기 위해서 작정하고 엉터리로 만들었다고 밖에 생각할 수 없는 것이다. 실질적인 다크소울 시리즈의 난이도 문제의 핵심은 이런식으로 플레이어한테 장애를 떠넘기는 부분이 너무 많다. 이건 확실히 높은 난이도를 필요로 했다고 하더라도 너무 저열한 부분이다. 상대방을 강하게 만든다기보다 플레이어를 저질적으로 만들어버리는 것. 카메라 워킹은 조작체계보다 더 심각한데, 기본적으로 높이가 높은 벽에 바짝 몰리면 시야 확보가 전혀 안된다. 특히 몹이 여러마리 나와서 구석에 몰아놓고 계속 다구리 치는 상황도 종종 나오는데 이 경우 아예 상대방 배가 꿈틀거리는 장면만 엄청 확대되서 나오는지라 시야로는 뭘 판단할 수가 없어져버린다. 상상력 플레이랑 사운드 플레이를 잘 하라고 만든 시스템일까? 빼도박도 못하는 저열한 부분 또 한가지는 특정 보스전의 경우 저질적인 시점 처리를 난이도 증가 요인으로 적극적으로 이용해먹는다는데 있다. 데몬의 노왕 메테오 패턴 , 데몬의 왕자 역시 메테오 패턴 , 무명왕 1페이즈 폭풍의 용 같은게 대표적인 예시인데, 메테오 패턴 같은 경우는 록온 해제시 시야를 2 3초간 상단으로 올리지 못하게 락을 걸어버리는 이상한 현상이 발생한다. 물론 이거 못 올린다고 못피하는건 아닌데, 시야를 못 올리니까 패턴 암기 못하는 경험치에서는 상황 자체를 이해 자체를 하지를 못해버린다. 뭔가 몸부림을 치는데 뭐가 있나? 이래버리는 것. 심지어 정확하게 메테오가 준비되는 y축 범위 직전까지만 시야를 제공한다. 정확하게 락이 걸려서 못올림. 제작사 미쳤냐? 따로 설명하겠지만 다크소울의 난이도 요소라는게 상당부분이 다 이런식으로 불합리하게 엿을 먹이는 요소라는 것이다. 굉장히 짜증나고 저열하다. 이게 패턴 자체는 쉬워서 그냥 암기하고 암기 플레이 해버리면 파해하는건 쉬운데 굳이 이런식으로 만들어야됬나 싶다. 무명왕 1페이즈 같은건 더 구역질 나는데, 록온 쓰지 말라는 말도 있을 정도고 실제로 록온 안쓰는게 더 편하긴 하다. 문제는 록온 안써도 계속해서 용이 턴하고 무빙하고 하면서 계속 시야를 가려쳐먹는 경우가 나오고 위의 메테오 패턴하고 비슷하게 무명왕 본체를 봐야 패턴 파악이 쉬운데 이게 또 무명왕 본체를 보기 개짜증나게 만들어서 최대한 Y축으로 올리고 턴하고 무빙하는거 다 고려해서 시점을 따라가도 계속 제대로 못보게 만드는 저질적인 상황을 너무 많이 만든다. 비룡 위에서 3연타를 전패턴 이후에 빠르게 쓸 때랑 날면서 태양의 창 날릴 때 제일 구역질난다. 무명왕 50번도 넘게 잡아서 이젠 소리만 듣고도 피할 수 있지만 노락온으로 무명왕 시야 따라가면서 반응할라고 하면 진짜 개짜증난다. 아무리 마우스를 노록온으로 정교하게 돌려도 무명왕이 y축 끝자락에 붙어서 움직이는데 시야가 덜덜덜덜 거리면서 피로감 유발한다 니들은 이걸 합리적이랍시고 만들었냐? 이런 시점 문제가 그렇게 자주 보이는건 아니긴 한데, 보스전에서는 특정 패턴에서 반드시 마주해야하는 짜증나는 문제고, 벽에 몰리거나 하는건 그만큼 긴박한 싸움이라 긴장감이 오르는 중요 부분인데 이젠 그냥 죽여라 이러면서 체념해버린다. 그냥 참기 쓰고 아무렇게나 줘패서 나갈 수도 있지만 짜증나서 하기가 싫어짐. 이걸 조작체계 문제랑 같이 끼워넣은건 이거도 구시대적인 카메라 워킹 발상이기 때문이다. 벽이나 플레이어 캐릭터를 반투명하게 처리하거나 카메라를 상단으로 끌어 올려서 전체 구도를 조망하기 쉬운 형태로 카메라를 이동시켜도 되는데 2016년에 나왔다는 게임이 그거조차 안 한다는거다. 니들 혹시 1916년도에서 이거 미리 만든다음 타임머신 타고 오셨어요? 3. 컨트롤 게임으로 포장된 게임 그러나 정작 까보면 스펙 놀음으로 정리되는 PVE와 PVP PVP에 관해서는 무브셋에서 충분히 설명했던 것 같다. PVP는 그래도 스펙놀음이 절대적인건 아니지만 무브셋이 너무 구린거랑 구르기 니가와로 모든게 파해가 되는 문제 때문에 간접적인 스펙놀음 귀결로 이어지는게 크긴하다. 또한 1과도 관련되있지만 몇가지 공속 빠른 무기군을 제외한 대형 무기군은 모든걸 강인도 개념 하나가지고 다 해쳐먹을라는 이상한 발상을 가지고 돌아간다. 침입에서 특대망치가 죽창용으로 자주 쓰이는 이유도 이 때문이다. 문제는 PVE인데, 실제로 어렵다는 대부분의 보스의 그 어렵다는 난이도를 그냥 강력한 깡딜과 플레이어가 통제하기 어려운 보스몹들의 강인도 맞딜로 올려버리는게 너무 심하다. 그리고 이게 보스를 가지고 놀 정도가 되면 단조로움이 너무 강하게 보인다. 이게 근접 캐릭으로만 할 때는 알 수 없는데, PVE에서도 원거리 니가와를 베이스로 깔고 게임하면 너무 명확하게 보여버린다. 대부분 어렵다는 보스를 보면 그냥 대미지가 너무 쌔서 그런경우가 많다. 무명왕이 대표적이고 미디르도 그냥 깡딜이 너무 쌔서 어려운 케이스다. 반대로 얘기하면 얘네는 패턴과 공격 타임 암기만하면 엄청 쉽기도 하다는 것이다. 특히 원거리 계열이면 피하는건 근접보다 훨씬 쉽다. 뭐 이런 저런 캐릭터가 있을 수 있으니까 그러려니 할 수도 있는데, 보스도 스펙으로 밀어붙이다 못해서 플레이어도 스펙으로 그냥 대충 쳐밀 수 있는 보스가 수두룩하다는건 또 뭐냐는거. 무희 같은게 대표적이다. 약점 공격이나 그냥 니가와 싸움하거나 편법스럽게 무기 강화를 오버스팩으로 준비해놓으면 난이도가 너무 심하게 널을 뛴다. 심지어 회피를 하지 않고 그냥 맞딜로 잡아버리는 경우도 있으니 말 다한 것. 다크소울3의 난이도란게 사실 다 이런식이다. 프리데나 게일 같은 케이스는 그래도 괜찮다. 패턴 자체는 다 안다 쳐도 보고 피하기 어려운 견제기가 섞여 들어오거나 기습적인 패턴이 들어오기도 하는 등 대전게임을 하는 느낌을 줘서 다 알아도 단조롭지 않고 무작정 죽창딜을 꽂지는 않으니까. 그런데 스펙장난으로 속임수 치는 경우는 게임을 오래하게되면 난이도의 허구적인 면이 다 까발려지고 재미가 없다. 보스 컨셉이란게 있으니까 아예 만들지 말란건 아니지만 이런 걸 난이도 올리는 주 전략으로 채용하고 남발한다면 불쾌감 유발하는건 피할 수 없다. 그러니까 다크소울3의 난이도라는건 아예 적응조차 할 시간을 주지 않고, 철권마냥 모르면 맞아야죠 정도가 아니라 모르면 죽어야지 를 거는데 이 모르는걸 보스 하나가지고도 10가지 넘게 걸어버린다는거다. 그래서 높은 난이도라는게 실질적으로 페이크 난이도고 단순히 플레이 타임을 질질 늘리기 위한 편법이다. 필자도 무명왕을 2시간씩 3일간 죽어가면서 이걸 배우고 나서 그 뒤로는 10트 이상 보스전이 오래간 기억이 없다. 물론 스펙 뻥튀기도 포함은 해서... 결론적으로 파고들 내용은 많은 PVE와 PVP 시스템인데, 다른 게임하곤 달리 이상하게 파면 팔 수록 다크소울 배경설정이나 스토리 마냥 썩은물과 고름만 잔뜩 쏟아져 나오는 이상한 게임을 만들어버렸다. 그 와중에 진주같은 포인트 들도 있지만 너무 희소하다. 4. 최소한의 접근성도 져버린 몰상식함 이 게임은 외부 정보의 접근 인터넷, 커뮤니티에 돌아다니는 공략 등 없이는 절대로 할 수 없는 게임이고, 그 수준을 넘어서 전문적인 연구 ? 결과를 확인하면서 하지 않으면 결코 제대로 게임을 이해하면서 할 수 없는 게임이다. 간접적 멘션에만 의지한 스토리텔링? 이런건 문제가 없다. 이건 다크소울 특유의 기법이다. 그러나 게임이 돌아가는 근본 시스템마저도 제대로된 설명없이 떠넘긴다? 이건 오만과 몰상식이다. 강인도 시스템이 가장 대표적인데, 이 강인도 시스템이란게 단순히 무조건 높아야된다 이런거도 아니고 심지어 무브셋 들에 따라서 강인도와 강인도 피해가 다 따로있는 게임인데 아예 무브셋의 강인도 정보는 게임 내에서 확인조차 불가능하고 공략 사이트의 정보 들을 봐도 내용이 상당히 난해하고 복잡하다. 물론 공부하면 해결은 할 수 있지만, 이걸 인게임 정보들만 가지고 뭔수로 강인도 전략을 짜고 강인도가 누구 상대로 얼마인지 연구를 하고 이딴걸 어떻게 하란건데? 강인도 문제 뿐만 아니라 조작체계와도 관련이 된 문제인데, 기본적인 시스템의 이해는 시켜주고 충분한 정보를 준 뒤에 심화 내용으로 난이도와 깊이를 조절해야되는데 아예 기본 시스템이 어떻게 굴러가는지 제대로 이해조차 하기 힘든 형태를 만들어서 마치 난이도가 어려운 척 페이크 난이도를 만들어서 게임을 질질 늘어뜨린다. 그나마 세키로에서는 체간 시스템 이러면서 설명은 해주는 양심은 장착하셨던데, 게임을 한두개 만든 것도 아닌 분들이 이딴 식으로 게임을 만드나? 방어도 개념도 마찮가지다 방어 관련 데이터가 감소율과 방어도 두개인데 심지어 이건 공략 사이트 같은데서도 얼마가 좋다 나쁘다 이런거도 완벽하게는 분석을 못한다. 미친놈들 인간으로써의 프라이드는 있긴하냐? 이외에도 적고 싶은 내용은 많지만 간단히 정리하자면, 최고급 스테이크 요리 재료를 다 모아놓고 고기를 대변에 숙성, 시즈닝해서 내놓은 괴랄한 작품이라는 것이다. 분명 최상급의 재료들을 믹스해서 조리해 분명 좋은 맛은 나는데 거하게 숙성된 맛이 빠지지 않는다. 대체 왜 그랬냐고 물어보고 싶다. 조금만 더 진일보된 노력을 기울였으면 말 그대로 완벽했을 텐데, 마치 의도적으로 다크소울 특유의 엿같은 맛을 내기 위해서 의도적으로 후진한 듯한, 마치 플레이어를 멸시하는 듯한 시선을 느낀다.",12,58,False,Not Recommended,25001,1556197362
다크 소울3,"하벨,라프셋 입은애들은 대부분 겜 좆같이 하니까 만나면 조심하자",12,19,True,Recommended,34589,1549823132
다크 소울3,흐음? 흐으음.. 흐으음? 흐음..,12,8,True,Recommended,25128,1533600023
다크 소울3,"이 앞, 즐거움 있다.",12,39,True,Recommended,7982,1532171762
다크 소울3,친구 척추뽑기 재밌음,12,26,True,Recommended,14825,1513930166
다크 소울3,다크소울 어려운게임의 대명사라고 해서 처음할떄는 내가 게임을 잘못하는 편이여서 겁먹었지만 점점 하다보니 익숙해지고 보스들도 패턴만 연구하면 그런거럭 할만한 게임이엿다. 지금은 1회차를 다꺠고 2회차 진행중이지만 솔직히 다크소울은 보스보단 불친절한 맵때문에 보스꺼지 가는길이 더 어려운거같다. 악날한놈들 자신이 길치거나 헤매는걸싫어한다면 꼭 공략을 보면서 플레이하자,12,29,True,Recommended,5759,1513333016
다크 소울3,본격 리듬 액션 게임 못한 사람은 있어도 한번만 한 사람은 없다는 바로 갓 겜,12,21,True,Recommended,23758,1492426264
다크 소울3,유다희양과 함께하는 미연시 시뮬레이션,12,13,True,Recommended,11,1486989827
다크 소울3,"군인 신분으로써 접하게 된 게임입니다. 필자는 다크소울2를 먼저 군 내부의 XBOX로 접해보고나서 다크소울3를 장기간에 고심끝에 사게 되었는데, 후회는 없었습니다. 게임을 하면서 참으로 많이 느낀점이 다크소울2,와 다크소울3는 많이 다릅니다. 어느것이 더 완벽하다 를 논하기에는 2개의 특성이 너무 서로 다르면서도 완벽해서 딱히 하나를 까고 싶진 않습니다. 다크소울3는 공격이 들어오기전에 굴러야된다면, 다크소울2는 맞기 바로직전에 굴러야된다. 는 차이점과 다크소울3는 맵이 전바적으로 에리어AREA 의 분할은 있지만, 전체적으로 맵이 이어진 느낌이라면 다크소울2는 아쉽게도 맵의 연결 흐름고리가 좀 많이끊기는 부분이 없잖아있습니다. 특히 어떻게 흙의 탑을 올라갔더니 .. 용암지역이 나옵니까.. 다크소울3는 다크소울2의 하드한 난이도를 재 조정하고 블러드본을 통한 패링 또는 그래픽을 탐구한것을 가져오고 다크소울1의 기막힌 스토리라인을 가져온 최상의 게임입니다. 어둡고 무서운 분위기 조차 그 웅장한 BGM에 의해서 아름답게, 아니 그 만지면 바스라들것같은 미학적임을 뛰어넘은 아름다움으로 포장이됩니다. 단순히 구르기 게임이 아닙니다. 망해가는 세상을 위해서 한 몸던지는.. 끝까지 발버둥치는, 또는 그 운명에 좌절해서 그냥 그대로 살아가는 사람들 현실에서 볼수있는 많은 사람들의 유형또한 게임에서 확인할 수 있는 게임입니다. 따로 특징은 적지 않겠습니다. 왠만해선 평가를 작성하지 않고 그냥 조용히 게임을 하는 저이지만, 다크소울3는 많은 교훈을 주는 게임입니다. 믿고 하셔도됩니다. 다시한번 느끼는 점이지만. 한국이 참으로 게임 산업을 따라가려면 멀었구나 라는 점을 뼈아프게 느끼며 프롬과 반다이에 감동을 해봅니다.",12,146,True,Recommended,7191,1479198753
다크 소울3,이거 싱글게임이라고는 못들었는데요 시 발,11,25,False,Not Recommended,99,1658645542
다크 소울3,좆같은데 이상하게 재미가 있네? 이런걸 뭐라고 하더라? 좆같이 재밌다?,11,18,True,Recommended,6602,1637045183
다크 소울3,Tlqkf 내 세이브파일 어디갔냐고 씨발,11,21,False,Not Recommended,21790,1635572883
다크 소울3,멀티 개선좀 해놔라 시발새기들아,11,66,False,Not Recommended,1177,1530621881
다크 소울3,무서워서 자주는 못하겠음..,11,12,True,Recommended,400,1516681435
다크 소울3,"봄 방학 때 2주 남은 방학을 그냥 보내기 아까워 뭔가에 도전해보고싶어 주변에서 어려운 게임을 찾다 시작하게 되었습니다. 공부는 안 하고?! 별도의 튜토리얼 없이도 자연스럽게 스토리로 이어지는 첫 재의 묘소 파트는 신선했습니다. 이어서 첫 보스 군다와 마주했고 여러번 고생한 끝에 첫 보스를 잡아낸 성취감은 말로 표현 할 수 없었습니다. 놓을 수 없는 긴장감과 극악의 난이도 속에서 짜증도 났지만 뭔가 포기 할 수 없었습니다. 이 보스까지만이라도 잡자 라고 생각하며 어떤 보스는 4시간에 걸쳐 잡아내기도 하였습니다. 그러고나니 개학 전날 왕들의 화신까지 클리어하고 엔딩을 보았습니다. 그리고 뒤를 돌아보니 정말 많은 시련을 지나왔습니다. 엄청난 성취감과 동시에 나 자신이 자랑스럽기도 했습니다. 기억에 남는 보스전이라면 왕자로서의 역할과 자신의 인생 사이에서 갈등했던 로리안 보스전과 심연에 잠식된 자들과 끊임없는 싸움을 하던 심연의 감시자가 기억에 남습니다. 게임을 하고나서 자신감도 생겼습니다. 아무리 어렵고 힘들어도 이 게임을 클리어하고 싶다 라는 목표와 오기가 있었기에 엔딩을 볼 수 있었습니다. 살짝 방황하던 시기였던 저는 뭔가 어렵지만 제가 하고싶은 일을 목표로 잡아 노력하기로 했습니다. 이 게임에 안 좋은 점은 없습니다. 자신과에 싸움에서 이기기로 한 이상, 포기하지 않는 이상",11,42,True,Recommended,12270,1491483798
다크 소울3,h1 The best game of my life. h1,11,29,True,Recommended,43779,1489942560
다크 소울3,"제품명 DARK SOULS III 전작들의 유저들에게 바치는 최고의 헌사이자 소울시리즈가 그냥 어렵기만 한 게임이 아닌 하나의 명작이라는것을 증명하게 해준 시리즈의 완결작 블러드본이 콘솔판만 존재하여 키마유저인 나로서는 블본을 하고싶어 몸을 꼬던 힘들던 와중에 다크소울 시리즈의 신작 다크소울3가 발매되었다는 소식을 듣게되었다. 1편의 악랄한 키마환경에서도 키마로만 플레이해온 나로서는 상당히 기쁜소식이였고 트레일러를 보며 목이 빠져라 출시를 기다려왔다. 허나 엄청난 그래픽이 요구하는 사양은 뒤통수를 치게되어 출시되고도 정보만 들으며 막상 사놓고 플레이는 못하는 슬픈 상황이 되었다. 그리고 한참이 지난뒤 게임을 구동할 여건이 맞춰졌고 다크소울3의 여정을 시작했다. 오프닝부터 좀비마냥 관을 박차고 일어난 재의 귀인 Ashen One . 그것이 이번작의 주인공이였다. 1편의 주인공이 선택받은 불사자 였다는 점을 생각해보면 많이 초라해진 상태이다. 역시나 소울 시리즈 아니랄까봐 전통적으로 내려오는 창망자와 석궁망자 콤비와 튜토리얼부터 플레이어를 뚜드려패는 첫 보스가 제일 처음 스테이지부터 기다리고있다. 하지만 다크소울의 팬이라면 눈여겨 보게 되는것은 어려운 난이도가 아니라 주변의 풍경이 눈에 뜨인다 처음 묘소에서 불의 제사장까지 가는곳에서는 잘 알기 힘들지만 나선의 검을 직접 지피고 전송되어 가게되는 로스릭의 높은벽 이라는 지역부터 이곳의 세계관이 얼마나 멸망에 가까워지고 불빛이 꺼져가는지 알 수 있게된다. 1편만 해도 건재하여 플레이어를 학살하던 비룡들도 곳곳에 죽어 시체로 나뒹굴며, 가는곳마다 망자가 끊이질 않고 주변 풍경이라곤 온통 회색빛에 물들고 검게 꿈틀거리는 물질에 잠식되어있다. 이런 희망이 보이지 않는 스토리배경이 이 게임에 더욱 몰입하게 해주는 요소로 작용되고 또한 1편의 요소들과 비교하며 전작들의 플레이어에게 향수를 주는 배경을 많이 볼수있기에 그런것을 찾아내는 재미 또한 쏠쏠하여 시간이 가는줄도 모르게 집중하게된다. 거지같은 내용과는 별개로 끔찍하면서도 아름다움을 느낄 수 있는 배경을 많이 볼 수있다. 발전된 그래픽에 힘입어 멋있는 장소들과 절경이 많다. 보스들의 개성과 연출 또한 최고였다. 1페이즈와 2페이즈가 대부분 나눠져있으며 1페이즈에서 2페이즈로 넘어가며 보스가 무언가 자신을 성장시키고 강화하는 모습의 연출을 보면 나도 모르게 그걸 보고 감탄사가 나올 정도로 인상을 깊게 남겨준다. 특히나 최종 보스와 히든 에이리어 두 곳의 각 보스들은 서로 각자 다른느낌으로 플레이어를 감동시키며 그런 감상에 빠져있다가 죽는 경우가 생길정도로 전율을 느끼게된다. 여러가지 난잡하게 막 써놓았지만 이 게임에 던져볼 질문에 대해 생각해본다. Q. 다크 소울 시리즈는 난이도가 어렵기로 유명한데 3편은 할만한가요? A. 다크 소울은 어떤 편이든 어렵다. 각 편에서, 각 적들별로 개인차가 갈려 어려움을 느끼는건 각자의 기준이 다르다. 굳이 따지자면 3편은 전작들에 비하면 비교적 쉬운편이다 비교적.. 다만 이 게임에서 느끼는 어려움은 짜증으로 연결해주는 요소가 아닌 재미와 성취감으로 연결해주는 요소이다. 나는 이 시리즈를 극악한 난이도에 관심을 가지고 왔다가 스토리와 게임 안의 여러가지 컨텐츠를 즐기게되는 새로운 유저들이 늘어가면 좋겠다. 또한 꼭은 아니여도 3편 이전에 1편을 해보던가 후에 1편을 해보는것을 권하고싶다. 위에도 많이 적었지만 1편을 하고나서 3편을 해야 느낄수있는 여러 요소가 갖춰진것이 3편이다. Q. 멀티 플레이의 상태는 어떤가요? 영상같은걸 보면 홀로 게임하다가 침입당해 죽는 상황을 봤어요 어떤식으로 멀티가 진행되며 가능한 조건은 어떤것인가요? 친구와 함께하는것도 가능한가요? A. 솔직히 까놓고 말해서 소울시리즈의 멀티플레이는 개성넘치고 특이하며 익숙해지면 최고의 재미를 주지만 제대로된 이해가 부족하거나 싱글 플레이만을 원하는 유저들에게는 상당히 불친절한 시스템이 될 수있다. 우선 잔불 아이템을 쓰거나 보스를 물리치거나 했을때 몸이 이글거리며 죽기전까지 체력 30퍼센트 증가의 보너스를 받게되는 장작의 왕 상태가 되는데 이 상태가 되면 체력이 늘어나 생존력이 증가하지만 일명 암령 혹은 서약령 특수 NPC와의 대화를 통해 얻는 계약퀘스트 의 침입을 받게된다. 이들은 드랍이나 퀘스트를 통해 얻게되는 붉은 눈동자의 오브 혹은 그것의 조각 을 통해 비슷한 레벨과 무기강화대의 매칭을 통해 잔불상태의 플레이어에게 침입하게된다. 침입당한 플레이어는 정정당당하게 싸울 수도 있지만 가끔 바닥에 플레이어들이 남겨놓는 흰 펜으로 적힌 싸인 태양령일 경우 황금빛 을 통해 나를 도와주는 일명 백령 을 소환하여 침입한 암령을 같이 격퇴 가능하다. 혹여나 정정당당하게 싸우게 되었을때는 서로 인사를 한번 하고 몹이 없는 공터에서 싸우는 것이 좋다. 왠만하면 침범받은 것이 싫은 호스트가 아닌이상 에스트병을 결투중에 빨지 않는것이 암묵적인 룰이며 가끔은 결투전에 서로 에스트를 다 마시고 병이 없는걸 증명하곤 한다. 초반엔 멀티에서 어떤일이 일어나도 따질 순 없으나 후반부에 법왕 설리번 을 클리어 한 이후에 나오는 넓은 뒷마당에서 PVP 가 주로 벌어지곤 한다. 마른 손가락을 써서 인원수가 늘어난 다크소울은 그간 보기 힘들고 채팅기능 자체도 없는 이게임에서 제스처와 여러 아이템으로 서로 장난치며 색다른 재미를 주곤 한다. 이런 평화가 오래가진 않지만... 아무튼 멀티가 싫다면 옵션에서 매칭기능을 꺼버리는 설정도 가능하다. 다만 PVP를 하면서 느낄수있는 그것만의 재미는 압도적이다. 친구와 함께 즐기고자 한다면 설정에서 매칭 설정을 비밀번호를 걸고 합의를 하여 특정장소에 싸인을 남기는것으로 쉽게 소환하여 같이 게임을 진행 가능하다. 물론 진행되는것은 호스트의 게임이다. 도와주는 쪽에선 아이템등을 얻지는 못한다. 다시 여러가지 잡소리를 늘어놓았지만 이런 잡다한 정보가 다크소울을 접하는 새로운 유저들에게 조금이나마 도움이 됬으면 한다. 마지막으로 평가를 딱 내려보자면, 나는 몇년동안 이만한 게임을 접해본적이 없었다. 시리즈가 세편동안 진행되면서 완벽한 마무리라는것은 바로 이런걸 말하는 것일거다. 원래 해왔던 유저들, 앞으로 시작할 유저들 모두가 이 게임을 진정으로 이해를 해주면 좋겠다. DARK SOUL로 시작하여 WHITE SOUL의 느낌을 가지고 즐겨주길 바란다. 미래의 재의 귀인들에게 이 게임을 추천한다. 100 100",11,167,True,Recommended,9369,1485179781
다크 소울3,"h1 b 여태까지 RPG에서 상자를 파밍해오셨습니까? 다크소울 3에서는 상자가 당신을 파밍합니다! b h1 도전 욕구를 자극하는 RPG를 찾으신다면 b 다크소울3 b 은 좋은 선택입니다. 수십, 수백 번 유다희 양과의 만남을 가지며 점차 게임에 익숙해지고, 최종 보스를 깬 뒤 엔딩의 컷씬을 감상할 때의 카타르시스가 있어요. 다만 게임 자체가 스토리 텔링에 그렇게 충실하지 않아요. 이는 스토리가 설득력이 없거나 개연성이 부족하다는 뜻은 아니에요. 친절하게 떠먹여줄 의지가 없다는 뜻입니다. NPC의 한정적인 대사. 아이템 설명에 적혀있는 플레이버 텍스트. 맵 곳곳에 퍼져있는 시각적인 단서. 이것들을 종합해 스스로 유추해야합니다. 이런 단점에 크게 영향을 받지 않는다면 최소 100시간은 재밌게 보낼 수 있지 않을까 합니다.",11,11,True,Recommended,10980,1477967487
다크 소울3,"현실적으로 때리는 나와 판타지로 패는 보스들. 다크소울 1 10주년 축하드립니다. 그런데요 이제 21 9 해상도 지원해주실때도 됐잖아요? 언제까지 이러실건가요? 전 망자가 아니라 더 이상 할게 없다고 생각했는데 신더모드 완전 개꿀잼. 꼭꼭 해보세요. the convergence 모드, dark dynasty 모드 등등 본편 클리어 해도 모드가 다른 dlc보다 더 쩔어줍니다. 저같은 네발짐승도 클리어 가능한 아주 쉬운 게임입니다. 어렵다고 하시는 분들 그거 다 구라니까 속지마세요. 전 약파는게 아닙니다. 전 진실된 사람입니다. 추천하는 순서는 1 2 생략가능 3 순서입니다. 2편은 당연히 스콜라로 하시구요, 굳이 안땡기면 안하셔도 됩니다. 스콜라는 보스가 어렵지도 않고, 몹들이 어렵지도 않고 그냥 길이 짜증납니다. 충분히 재미도 있고 도전해볼만 하지만 많은 사람들이 공통된 욕을 한다면 그건 이유가 있는겁니다.",11,4,True,Recommended,17354,1461242508
다크 소울3,오랬동안 기다린 다크소울3가 나왔다.신난다. 근데 글픽카드 버그인지 첫번째 화톳불에서 강제종료되서 게임 진행을 못한다,11,22,True,Recommended,15840,1460419210
다크 소울3,자 전 군다잡는데 1시간 쓴 뉴비입니다 도대체 왜 DLC팩 까지 처 샀는지는 모르겠지만 하다보니 재밌더라고요 첨 화방녀있는데에 있던 NPC를 때렸더니 자꾸 와서 때립니다.살려주세요,10,3,True,Recommended,4580,1733187582
다크 소울3,재밌다?좆같다?재밌다?좆같다?재밌다?좆같다?재밌다?좆같다?재밌다?좆같다?재밌다?좆같다?재밌다?좆같다?재밌다?좆같다?재밌다?좆같다?재밌다?좆같다?재밌다?좆같다?재밌다?좆같다?재밌다?좆같다?재밌다?좆같다?재밌다?좆같다?재밌다?좆같다?재밌다?좆같다?재밌다?좆같다?재밌다?좆같다?재밌다?좆같다?재밌다?좆같다?재밌다?좆같다?재밌다?좆같다?재밌다?좆같다?재밌다?좆같다?재밌다?좆같다?재밌다?좆같다?재밌다?좆같다?재밌다?좆같다?재밌다?좆같다?재밌다?좆같다?재밌다?좆같다?재밌다?좆같다?재밌다?좆같다?재밌다?좆같다?재밌다?좆같다?재밌다?좆같다?재밌다?좆같다?재밌다?좆같다?재밌다?좆같다?재밌다?좆같다?재밌다?좆같다?재밌다?좆같다?재밌다?좆같다?재밌다?좆같다?재밌다?좆같다?재밌다?좆같다?재밌다?좆같다?재밌다?좆같다?재밌다?좆같다?재밌다?좆같다?재밌다?좆같다?재밌다?좆같다?재밌다?좆같다?재밌다?좆같다?재밌다?좆같다?재밌다?좆같다?,10,15,True,Recommended,4103,1647889982
다크 소울3,찐따들만 주구장창 쳐모인게임으로 바뀜 핵새끼들 지들이 못하니까 핵으로 무쌍질하면서 존나 좋아라함 심지어 초기화핵까지쓰는데 이걸당하면 내가한데이터들 레벨9짜리 응애병신으로 만들어버리는 핵임 진짜 찐따들 너무많아서 도덕을 못배워서그런지 엄마아빠가없음,10,69,False,Not Recommended,35136,1629292718
다크 소울3,엘든링사랑해 엘든링사랑해엘든링사랑해엘든링사랑해엘든링사랑해엘든링사랑해엘든링사랑해엘든링사랑해엘든링사랑해엘든링사랑해엘든링사랑해엘든링사랑해엘든링사랑해엘든링사랑해엘든링사랑해엘든링사랑해엘든링사랑해엘든링사랑해엘든링사랑해엘든링사랑해엘든링사랑해엘든링사랑해엘든링사랑해엘든링사랑해엘든링사랑해엘든링사랑해엘든링사랑해엘든링사랑해엘든링사랑해엘든링사랑해엘든링사랑해엘든링사랑해엘든링사랑해엘든링사랑해엘든링사랑해엘든링사랑해엘든링사랑해엘든링사랑해엘든링사랑해엘든링사랑해엘든링사랑해엘든링사랑해엘든링사랑해엘든링사랑해엘든링사랑해엘든링사랑해엘든링사랑해엘든링사랑해엘든링사랑해엘든링사랑해엘든링사랑해엘든링사랑해엘든링사랑해엘든링사랑해엘든링사랑해엘든링사랑해엘든링사랑해엘든링사랑해엘든링사랑해엘든링사랑해엘든링사랑해엘든링사랑해엘든링사랑해엘든링사랑해엘든링사랑해엘든링사랑해엘든링사랑해엘든링사랑해엘든링사랑해엘든링사랑해엘든링사랑해엘든링사랑해엘든링사랑해엘든링사랑해엘든링사랑해엘든링사랑해엘든링사랑해엘든링사랑해엘든링사랑해엘든링사랑해엘든링사랑해엘든링사랑해엘든링사랑해엘든링사랑해엘든링사랑해엘든링사랑해엘든링사랑해엘든링사랑해엘든링사랑해엘든링사랑해엘든링사랑해엘든링사랑해엘든링사랑해엘든링사랑해엘든링사랑해엘든링사랑해엘든링사랑해엘든링사랑해엘든링사랑해엘든링사랑해엘든링사랑해엘든링사랑해엘든링사랑해엘든링사랑해엘든링사랑해엘든링사랑해엘든링사랑해엘든링사랑해엘든링사랑해,10,17,True,Recommended,25107,1629008108
다크 소울3,군다 좆병신개새끼 니새끼 고추잘라서 국끓여 먹음 시발련 존나 어렵네 시발 2페 들어가면 몸땡이 존나커져서 고추도 커지겠네 시발 존나 맛있겠다 시벌련,10,8,False,Not Recommended,54,1593041256
다크 소울3,"빡시고, 좌절하기 쉽고, 불친절하고, 불합리한 상황은 인생살이 하나로 족함.",10,3,False,Not Recommended,3723,1549862732
다크 소울3,아 쓰바,10,6,False,Not Recommended,328,1546137686
다크 소울3,로스릭의 높은 벽에서 벗어나고 싶습니다...,10,16,True,Recommended,7209,1542972263
다크 소울3,1회차가 튜토리얼인 게임,10,30,True,Recommended,2477,1542345436
다크 소울3,얀데레 유다희쨩과 떠나는 신나는 모험!,10,6,True,Recommended,32972,1460779852
다크 소울3,태양만세!!!,10,14,True,Recommended,79746,1460498435
다크 소울3,7.2시간 동안 해서 2번째 보스 클리어했는데 이거 소울류 재능 없는 거죠?,9,40,True,Recommended,543,1701186318
다크 소울3,세일좀 해라 발럼아,9,88,True,Recommended,28844,1682242669
다크 소울3,"다크소울 시리즈 어려운 게임 하면 가장 먼저 생각나는 너무나도 유명한 명작이다. 근데 사실 이거 하나도 어렵지 않다. 이 게임을 잘 모르는 사람들은 이 게임을 불합리하고 어려운 게임이라고만 생각한다. 허나 전혀 그렇지 못 하다. 오히려 내 게임 인생에서 이만큼 합리적인 게임도 없다고 본다. 일단 먼저 우리가 생각해야 할 것이 있다. 바로 어려움의 기준이란 것이다. 많이 죽으면 어려운 게임인가? 전혀 그렇지 않다. 어려운 게임이란 실력이나 피지컬의 부족함으로 앞으로 나아가지 못하는 게임이다. 허나 다크소울은 그렇지않다. 이 게임에서 죽음이란 그저 경험에 불과하다. 당신이 이 세상에서 죽는다고 잃을 것은 그저 돈 몇 푼이다. 어떠한 아이템도, 어떠한 무기도 잃지않는다. 이 게임에서 죽는다고 잃을 것은 없다. 우리가 해야할 것은 죽음이 두려워 물러서는 게 아닌 다음을 기약하며 몸을 던지는 것이다. 이를 깨닫는 다면 이만큼 쉬운 게임이 없다. 그저 죽고 알아내면 됀다. 지식은 곧 힘이요. 경험은 곧 당신의 실력이다. 만약 지식이 없다면 한 발자국 앞서 적을 알아내면 된다. 만약 경험이 없다면 스페이스키를 눌러 한 번이라도 살아라. 만약 이조차 되지않는다면 커뮤니티에 도움을 요청해도 좋다. 어디선가 나타난 허옇고 누런 변태가 당신의 적에게 검을 마구 박아줄것이니까. 이 게임에서 당신에게 필요한 것은 오직 돈뿐이다. 단돈 49800원만 있다면 이미 당신은 망자이니 걱정말고 구매해라.",9,21,True,Recommended,9855,1672762395
다크 소울3,"h1 소울시리즈의 원류와 변용과정 h1 i 본 문서는 고려대학교 서울 학부 일본의 문화콘텐츠와 전통문화 JAPANESE CULTURAL CONTENTS AND TRADITIONAL CULTURE 의 중간고사 대체과제로 제출되었음을 알립니다. i b 1.소울시리즈와 그 원류 b b 1 소울시리즈의 원류와 그 장르의 세계관 b 소울시리즈는 일본의 게임제작사 프롬 소프트웨어 영문명 From Software, Inc. 일문명 에서 개발한 게임 데몬즈 소울 을 기반으로 데몬즈 소울 특유의 게임 방식과 조작 기법을 계승하여 개발된 일련의 3인칭 ARPG 시리즈를 뜻한다. 이후 데몬즈 소울에서 시작된 소울시리즈는 다크소울 1 , 다크소울 2 , 다크소울 3 , 다크소울 시리즈 리마스터판을 거쳐 그 특유의 장르를 개척하고 동서양을 막론하여 게이머들과 평론가들에게 큰 호평과 관심을 받으며 수많은 매니아 층을 형성하였다. 이후 이러한 소울시리즈의 장르는 게이머들에게 소울라이크 라는 하위 장르로 불리게 된다. 프롬 소프트웨어는 다크소울 3 를 끝으로 소울시리즈를 완결한 이후 블러드본 , 세키로 섀도우 다이 트와이스 등 소울시리즈를 계승하면서 응용하고 독특하게 변용한 새로운 게임들을 출시하며 그 명맥을 이어 나가고 있다. 데몬즈 소울을 시작으로 계승되어 온 소울시리즈들을 이해하려면 큰 틀에서 공통적으로 지니고 있는 세계관의 특징과 소울시리즈를 소울시리즈라고 불리게 해주는 그 특유의 게임 진행과 난이도에 대해 설명할 필요가 있다. 먼저, 소울시리즈들은 큰 틀에서 세계관의 장르적 분류를 따지자면 각각 작품들 마다 약간의 차이점을 존재하지만 크게는 다크 판타지 세계관이라고 할 수 있다. 다크 판타지란 암울하고 부조리한 세계관을 배경으로 하는 판타지 장르로서 고딕 판타지라고도 불리며, 소울시리즈는 쉽게 생각하여 어둡고 꿈도 희망도 없는 암울하고 염세주의적인 판타지 세계관이 주를 차지하고 기본적인 공간의 배경은 고딕양식의 중세분위기에 기사형 몹들은 물론 끔찍한 괴물형 몬스터까지 두루두루 출현하여 상당히 무거운 분위기를 자아낸다고 보면 된다. 또한 스토리텔링에 있어서 세계관에 대한 직접적인 설명은 거의 나오지 않는 것이 소울시리즈의 가장 큰 특징이며 대부분 간접적으로 유추하게끔 설계되어 있다. 대부분의 스토리텔링은 유저가 직접 게임을 진행하면서 겪은 경험이나 아이템의 설명, NPC와의 몇 마디 대화 등으로 이루어지며, 이 스토리적 간접 경험의 배치가 상당히 치밀하게 설계되어 있어 직접 말로 하나하나 설명하는 것 보다 더 몰입감을 주며 이 담백한 스토리텔링 방식은 큰 호평을 받기도 하였다. 특히 이러한 간접적인 스토리텔링의 장점은 스토리텔링에서 모호하지만 세세하며 동시에 희미하게 연결되어 있는 이야깃거리들이 플레이어들의 상상력을 매우 자극하는 것이며, 이러한 설정과 이야깃거리들을 자신의 상상력으로 해석하고 만들어 나가는 소울시리즈의 팬들을 가리켜 프롬뇌 라고 부르는 용어도 생기게 되었다. b 2 소울시리즈의 게임 진행 b 소울시리즈의 게임 진행은 소울시리즈를 소울시리즈답게 만들어주는 가장 큰 요인인데, 큰 틀에서의 게임 진행 방식은 메트로배니아 장르를 기반으로 3D 액션을 입히고 RPG의 구성을 갖췄다고 보면 된다. 또한 군데군데 탐험요소와 함정요소, 퍼즐요소를 가미하여 게임 플레이를 더 다양화하였다는 것도 특징이다. 기본적으로 3인칭 ARPG 장르이니만큼 게임 플레이는 3인칭으로 이루어지며 큰 구성은 맵을 탐험하면서 몹들을 잡고, 그 과정을 통해 성장을 하고, 보스를 잡고, 다음 지역으로 나아가고, 이 과정을 반복하는 방식이라 보면 된다. 또한 소울시리즈가 지니는 특징적인 게임 시스템들이 있다. 첫째로, 슬롯 단위로 저장하는 여타 RPG 게임들과 달리 저장은 온전히 캐릭터 단위로 개인에게 귀속되며 실시간으로 저장되기에 중요한 스토리 분기점에서 세이브 꼼수를 쓸 수 없고 자신이 하는 선택은 절대 되돌릴 수 없다는 특징이 있다. 이는 게임에서의 신중한 선택을 요구하여 몰입감을 높이는 요인이 된다. 둘째로, 게임내에서의 죽음은 게임오버로 이어지지 않고 부활을 하게 되지만 이 부활은 게임내에서 배치된 특정 체크 포인트에서만 가능하다. 이러한 체크포인트는 단순히 부활지점이 아닌 회복, 재화 공급, 회복약 리필, 타 지역 이동 등의 기능을 한다는 것이 특징이다. 다크소울의 화톳불이나 큰 틀에서의 블러드본의 사냥꾼의 등불이 그 예시이다. 또한 부활 시 죽기전에 몹들에게 끼쳤던 영향은 다시 리셋된다는 특징이 있다. 즉, 죽거나 체크포인트로 돌아올 시 해당 지역을 처음부터 다시 시작해야 된다는 의미이다. 하지만 반대편으로 닫힌 문, 엘리베이터 가동 레버 등 중요한 통로로 이어지는 지름길을 열 수 있는 숏컷 시스템이 절묘하게 배치되어 있어 한 번 클리어 한 맵은 이동에 불편함이 없게 한 것도 특징이다. 셋째로, 적을 죽여서 습득할 수 있는 화폐 단위가 있으며 이는 레벨업과 아이템 강화, 아이템 구입, 각종 비용 등에 공통적으로 사용된다. 다크소울의 소울, 블러드본의 피의 유지가 대표적이다. 하지만 지니고 있는 화폐는 사망시 모조리 사망한 자리에 드롭하고 이를 회수하기 전에 사망할 경우 해당 화폐는 영구 소실된다는 치명적인 페널티를 가지고 있다는 것 또한 특징이다. 또한 게임 내에서의 전투는 단순하고 절제되어 있으면서도 무게감있고 진중한 것이 특징이다. 각종 이동기와 스킬들이 난무하는 타 액션RPG와는 달리 플레이어가 전투에서 취할 수 있는 공격 행동은 약공격, 강공격, 잡기 정도가 다이고 방어 행동 또한 구르기, 막기, 쳐내기 패링 , 맞딜 정도가 다이다. 또한 각 모션이 무겁고, 모션 캔슬이 안되기에 플레이어가 하는 행동 하나하나에 따라 상대의 움직임을 잘 캐치하여 치명상을 입힐 수도, 오히려 타이밍을 잘못 잡아 순식간에 반격당해 치명상을 입고 비명횡사 할 수도 있다. 이렇게 액션이 담백하고 무거우며 자신이 플레이하는 움직임 하나하나가 생존에 직결되기에 손에 땀을 쥐고 플레이하며 빠져드는 것이 소울시리즈의 특징이자 인기요인이라고 할 수 있다. b 3 소울시리즈의 난이도 b 소울시리즈는 공통적으로 난이도가 절묘하게 악랄하다고 평가받는데, 이것이 이 시리즈의 큰 매력 중 하나이다. 기본적으로 RPG기반의 장르 치고는 성장치가 매우 낮고 이 낮은 성장치와 난이도의 갭을 플레이어의 경험과 플레이하면서 성장한 실력에서 매워야 한다는 것이 특징이다. 모르면 죽어야지, 혹은 죽으면서 배운다 라는 말이 굉장히 잘 맞는 게임 중에 하나이기도 하다. 악의적인 레벨 디자인을 설계하여 초행길이라면 낙사하거나, 죽어봐야 아는 함정 등을 배치하여 이를 유도하기도 한다. 하지만 이는 처음 한정으로 몇 번 죽다가 공략법을 깨달으면 이를 쉽게 파훼 할 수 있게 절묘하게 설계한 것도 큰 특징이며 플레이어는 일련의 죽음으로 경험치를 쌓으며 성장해 나가게 된다. 즉, 여타 RPG들은 자신의 캐릭터가 성장하고 이를 통해 진행되지만 소울시리즈는 자신의 캐릭터뿐 아니라 자기자신이 같이 성장해 나가는 것을 느낄 수 있는 게임 중 하나이다. 이렇듯 굉장히 하드코어해 보이는 게임 난이도와 함정 트릭들이 존재함에도 불합리하다고 느껴지지 않게 절묘한 난이도 배치를 한 것이 이 게임의 매력요인이 되었으며 게임을 잘하든 못하든 정직하게만 해 나간다면 누구나 언젠가는 게임을 클리어할 수 있는 것이 특징이라고 할 수 있다. b 2.소울시리즈의 변용과정 b 프롬 소프트웨어는 다크소울3을 끝으로 정통계열의 소울시리즈의 막을 내리고 이러한 소울시리즈를 재해석하여 독특하게 변용한 작품을 내게 되었다. 그 작품중에 대표적인 것이 바로 블러드본 이다. 가장 기본적인 틀은 소울시리즈와 일맥상통하지만 작품에 커다란 변주를 주었는데, 그 블러드본만의 구별되는 차이점을 위주로 설명한다면, 속도감, 방어전술 지양, 회피전술의 지향, 플레이어와 몹들 전반의 강한 공격성과 기동성, 건패링과 내장공격 시스템, 리게인 시스템, 무기변형시스템의 도입, 세계관 장르의 변경 등이 있다. 크게 요약해서 장르를 고딕중세 다크판타지에서 영국의 조지시대, 근대 유럽의 빅토리아 시대를 기반으로 근대의 스팀펑크를 가미하고 야수병이라는 소재와 코즈믹호러가 혼재된 러브크래프트적인 세계관으로 바뀌었다. 물론 더욱더 음울하고 꿈도 희망도 없는 세계라는 것은 일치한다. 게임 진행과 전투에 있어서 기존에 무겁고 느리며 절제된 동작들로 이루어진 전작들과 달리 모든 개체가 공격성과 기동성이 매우 향상되었으며, 방패로 막는 방어전술보다 회피하거나 공격을 타이밍에 맞춰 총으로 반격하는 건패링 시스템이 권장되게 되었다. 또한 건패링을 성공할 시 치명상을 먹이는 내장공격 시스템이 추가되어 게임플레이를 다양화하였다. 또한 방어보다 공격을 권장하는 시스템으로 맞공격을 성공할 시 체력을 일부 돌려받는 리게인 시스템을 도입하여 이러한 측면을 강화하였으며, 무기를 변형할 수 있는 독특한 기능을 도입하여 다양한 전술을 구사할 수 있게 하였다. 하지만 이와 반대로 몹들의 공격성과 패턴의 악랄함은 훨씬 상향되었기에 회피하지 못하면 즉사나 빈사에 이르는 등 전작보다 플레이어의 컨트롤과 판단은 더욱 중요해지게 되어 전작들의 특징인 자신의 행동 하나하나가 생존에 직결되기에 손에 땀을 쥐고 몰입하게 된다는 특징은 그대로 거나 더욱더 강화되었다. 이렇듯 소울시리즈를 변용하여 만든 블러드본은 큰 호평을 받았으며 기존작들에서 느낄 수 없는 새로운 경험을 선사하였다. 이외에도 중세일본을 배경으로 한 사무라이이자 닌자가 주인공인 세키로 섀도우 다이 트와이스 와 같이 소울시리즈의 큰 틀을 따왔지만 RPG장르가 아닌 어드벤쳐 게임인 작품 또한 있으며, 현재 개발 중이며 2022년 발매 예정인 오픈월드 방식의 소울시리즈인 엘든 링 또한 있다. 물론 세키로 섀도우 다이 트와이스 는 기존 소울시리즈에서 굉장히 많이 변화되어 비슷해 보이지만 굉장히 다른 플레이 방식을 지니고 있어서 소울시리즈의 정통 계승작은 아니지만 소울시리즈를 독자적으로 재해석하여 변용한 결과물이 매우 뛰어나 올해의 게임을 선정될 정도로 호평을 받기도 하였다. 소울시리즈가 등장함에 따라 소울라이크 장르가 큰 반향을 일으켜 프롬 소프트웨어의 작품들 외에도 타 회사에서 소울시리즈를 계승하여 변용하여 만든 타 게임사의 소울라이크 장르 게임들이 늘어나기 시작했는데, 그 대표적인 몇몇의 예시로 Ashen, Blasphemous, BLACK SOULS, Dark Devotion, Dead Cells, Death s Door, ENDER LILIES Quietus of the Knights, Hellpoint, Hollow Knight, Salt and Sanctuary, SINNER Sacrifice for Redemption, Void Memory, 더 서지, 리틀 위치 노베타, 모모도라 달 아래의 진혼곡, 모탈 셸, 스타워즈 제다이 오더의 몰락, 인왕, 코드 베인, P의 거짓 등 매우 다양하다. 이렇듯 데몬즈 소울에서 시작된 소울시리즈는 다크소울을 거쳐 다듬어지고 재해석되면서 수없이 많은 게임들에서 응용되고 변용되면서 게임계에 큰 영향을 끼친 현대 일본게임계의 문화 컨텐츠 속 가치있는 게임시리즈이자 하나의 장르라고 할 수 있다.",9,21,True,Recommended,6699,1641876827
다크 소울3,좃같지만 양심이 눈곱만큼은 남아 있어서 완전히 버러지 게임이라곤 못 하겠다...그리고 이 게임 보스 잡기 힘들면 잔불 쓰고 바닥에 있는 누런 글자에 대고 E키 누르면 다른 사람들이 와서 같이 잡아줌. 모든 조작을 컨트롤러 위주로 알려주니까 키마 유저는 네이버나 구글에서 미리 찾아보고 오세요...전 이 게임 120시간 가까이 했는데 아직도 종료키를 잘 몰라서 그냥 작업관리자에서 끔.,9,7,True,Recommended,11305,1614130240
다크 소울3,h1 재의 묘소 h1,9,32,True,Recommended,8192,1587283835
다크 소울3,매운 떡볶이 집이 왜 인기가 있는지 알게될겁니다,9,16,True,Recommended,9976,1577112609
다크 소울3,유다희양과의 연애시뮬레이터 유다희양과의 수많은 이벤트도 있어너무재미있네요,9,15,True,Recommended,4769,1572269241
다크 소울3,이앞. 패리 유효. 그리고 부러진 직검 있으라!,9,6,True,Recommended,28163,1566379664
다크 소울3,일단 해봐 뭐? 어렵다고? 뭐? 삭제 했다고? 걱정 마 너는 또 다시 나를 찾아올 거야,9,20,True,Recommended,5686,1564458599
다크 소울3,이게임을 왜 하는지 모르겠다. 그래서 나 자신을 이해하지 못한다.,9,16,True,Recommended,13708,1556986279
다크 소울3,소중한 엑박패드를 집어던지게 만든 게임은 처음,9,13,True,Recommended,4499,1556271651
다크 소울3,미디르 개새끼,9,28,True,Recommended,13481,1555271534
다크 소울3,"이것이 다크소울이다! 희망편 친절한 고인물 초반템으로 최종보스까지 가는 기사 전작들에 비해 친절한 길찾기 간지폭풍의 보스들 각자 기억에 남는 NPC들 이것이 다크소울이다! 절망편 잔불만 키면 찾아오는 썩을 제초제 살포자 성직자 하면븅신 , 가지지못한자 예능시트콤 악랄한 필드레벨디자인 보스에게 탈탈 털려나가는 멘탈 그리고 그 보스보다 몇배는 쎈 잡몹들",9,17,True,Recommended,1471,1551462549
다크 소울3,좆같은 게임,9,5,False,Not Recommended,1333,1522252983
다크 소울3,아주 잘만든 게임입니다.,9,14,False,Not Recommended,2142,1520262290
다크 소울3,멘탈과의 연애 시뮬레이션 추가 닼소는 연애시뮬레이샨게임이 맞는소리다. 그리고 나오는 애들은 다 얀데래 놈 여기서 중요한 놈 들인데 하나하나가 다 무서워 히로인은총 19명인데 다 공략가능하다..... 화방녀는 츤데레...?,9,11,True,Recommended,5675,1460516179
다크 소울3,쉬움,9,7,True,Recommended,5659,1460443036
다크 소울3,이 게임을 플레이 한 것 자체가 요 근래 10년간 있어 가장 재밌었던 일이였다 회사 승진 기념으로 노트북을 샀다 입사 당시 동기가 매일이고 추천해줬던 게임이 기억나 설치해봤고 그것이 다크소울 3였다. 평소에 게임을 잘 안하고 살았고 소울 라이크라는 게임 자체가 처음이기에 첫 플레이 당시의 당혹감은 너무도 컸다 불친절한 조작법 설명 왜 그래야는지 모르겠는데 무척이나 화가 나 있는 적들 죽여도 죽여도 내가 죽으면 다시 살아나는 놈들 내 캐릭터는 빈약한데 비해 보스는 덩치는 장군감에 모든 기술은 화려한데다 강력하고 맷집은 어찌도 튼튼한지 내 들고 있는 칼로는 마치 옷걸이로 바위를 때리는 듯 했다 이걸 과연 깰 수 있을까 보이는 것이라곤 어둠 뿐이였다 그런데 그 어둠속에서도 한줄기 빛이 보였고 그 빛은 나에게 조금만 더 하면 성공할 것 같은데...? 라고 속삭였다 그 꾐에 난 속아넘어갔다 그 한줄기 빛을 악착같이 잡아 놓치지 않았고 결국 환불 시간 10분을 남기고 첫 보스를 이기게 되었다 이때의 성취감은 너무도 짜릿해 불사자의 몸에 다크링이 각인되듯 내 심장위에 또렷히 세겨져 버렸다 이 게임을 포기해야 할 이유는 수만가지였지만 이 게임을 계속해야 할 이유는 단 한가지 반드시 끝까지 가리라 결심했다 출시 된 지 한참 지나 유투부나 인터넷에 발에 채이듯 넘치는게 공략과 팁이였지만 나 혼자만의 노력으로 클리어하고 싶었다 첫 사랑에 빠진 듯 일 할 때도 친구를 만날 때도 이 게임만 생각했다 어떡하면 지역을 돌파할 수 있을까 어떡하면 보스를 쓰러뜨릴 수 있을까 머릿속엔 수많은 그림이 그려졌고 그 노력을 비웃기라도 하듯 이 게임은 그 그림들을 무참히도 찢어버렸다 그럼에도 불구하고 조금씩 조금씩 앞으로 나아가고 있는게 보였다 출근을 안 하는 날이면 밥도 안 먹고 잠도 안 자고 이 게임만 했다 그렇게 70시간 내 캐릭터가 일어나 최종 불을 계승할때까지의 시간 왜 이 게임이 압도적으로 긍정적인 평가를 받았는지 느끼기에 충분 한 시간이였다 난이도가 높지만 단순히 어렵기만 한 게임은 아니다 충분히 해답을 제시하고 그 과정을 이겨내면 짜릿한 성취감을 선물해준다 모두가 이 게임을 한번쯤 해봤으면 한다 덧붙이며... 1 처음에 잡몹한테 하도 많이 죽어서 암렴 침입이라는 시스템이 있는줄 몰랐었다 그들이 내 세계에 침입하기 전 내 캐릭터의 잔불은 꺼져있었다 2주차를 진행하며 온갖 기괴한 형태로 들어오는 그들에게 적잖이 당황했지만 20주차가 넘는 지금은 그들의 침입을 기다리는자가 되었다 설리번을 쓰러트리고 엘드리치에게 가기까지 내겐 가장 설레는 순간이다. 2 욤... 욤발새끼... 처음에 스톰룰러라는 기믹을 알지 못해 롱소드로 열심히 패 죽였다 당연 거인이니까 피가 많겠거니 싶었다 1주차를 다 클리어하고 공략 영상을 봤을 때 허무함이란... 3 초회차 때 가장 무서운 보스는 미디르와 게일이였다 수없이 많이 죽으며 스스로 공략법을 터득해 지금은 소울 자판기가 돼버린 그들이다 4 난 최근에 시작했지만 이 게임엔 이제 망자들밖에 남지 않은 것 같다 나 역시 평범한 플레이에 점점 실증을 느껴 다양한 방법으로 게임에 도전중이다 요즘 자주 하는 스스로 만들어 낸 제약 플레이가 하나 있는데 수천시간 넘은 망자분들도 한번쯤 해보면 재밌을 것 같아 추천한다 술을 주량 주량보다 조금 더 마시고 게임 캐릭터가 죽을 때 마다 소주 1잔 2잔씩 마신다 쉬운 부분에선 점점 술이 깨다가 어려운 부분이 오면 만취해서 보스에게 맞딜하다 무참히 부서지는 나 자신을 볼 수 있다 최근에 설리번까진 잘 갔는데 그 이후 암령 망자새끼 들 때문에... 취한 상태로 그들과 싸우는건 너무도 어려운 일이였고 결국 만취해 노트북 앞에서 잠들었다... 5 뉴비 제초좀 하지 말아라 망자새끼들아 2주차 플레이 하면서 진짜 니들때문에 처음으로 게임하다 책상 내려 쳐봤다 그래도 들어와 잔불만 주고 사라져 주신 착한 망자님도 계신다 참 이상한 다크소울 세계는 이상하다.,8,30,True,Recommended,27481,1715110783
다크 소울3,사면 같고 환불하면 다시 하고 싶은 게임,8,25,True,Recommended,284,1694318719
다크 소울3,친구들에게 추천해주기 좋은 게임,8,14,True,Recommended,8390,1630373426
다크 소울3,태양만세!,8,22,True,Recommended,8946,1615872229
다크 소울3,이 게임에서 성장하는건 캐릭터가 아니다. 같은 문제에 몇 번이고 부딫치며 해결해낸 당신이다.,8,126,True,Recommended,17951,1611475788
다크 소울3,주의 팬티맨과 빡빡이를 조심할것....,8,50,True,Recommended,6373,1603785161
다크 소울3,"h1 b 어두운영혼 세번째 b h1 b DARK SOUL b 로스릭이 건국되기까지 태양의 세자손들의 힘을 모아 기사 , 제사장 , 현자 는 로스릭왕국을 받치는 세 기둥 이되어 다크소울 의 이야기가 시작된다 quote 모크의 트라이먼저 다크소울 3입니다 제가 사살상 70시간에 가까운 1회차플레이가 드디어 막을내렸습니다 저의트라이를 총 보자면 재의심판자 군다 18트 ,로스릭의 높은벽에서 10트, 차가운골짜기 볼드 12트 , 불사자의거리 14트, 저주를 품은 거목 4트 , 산제물의길 6트, 미친 영체 성기사 호드릭1트 결정의노야 4트 , 팔란의성체 29트, 깊은 곳의 성당 21트 깊은 곳의 주교들 0트 , 심연의 감시자 37트 , 카사스의 지하 묘 29트 , 패왕 워닐 6트 , 그을린 호수 4트 데몬의 노왕 21트 이루실 지하감옥 2트 , 죄의도시 4트 거인 욤 11트 차가운 골짜기의 이루실 19트 법왕 설리번 84트 아노르 론도 8트 신을먹는자 엘드리치 6트 차가운 골짜기의 무희 27트 로스릭성 19트 용 사냥꾼의 갑주 12트 요왕의 정원 4트 요왕 오스로에스 3트 무연고 묘지 2트 영웅 군다 28트 대서고 7트 쌍왕자 41트 DLC 아리안델의 재 아리안델 회화세계 65트 왕의 묘지기 17트 수도녀 프리데 100트 대망의 고룡의 꼭대기 24트 이름 없는 왕 148트 DLC 고리의도시 퇴적지 22트 데몬왕자 44트 , 고리의도시 48트 교회의 창, 하프라이트 온라인 40트 오프라인 1트 총 41트 어둠을 먹는 미디르 127트 노예기사 게일 174트 b 경 b 졸업장 b 축 b 최종보스 왕들의 화신 29트 quote 감상평 다크소울 특징상 스토리가 매우 불친절하다 내가 뭘 어떻게 진행해야할지도 모르는감이있는데 결국엔 클리어하는게 다크소울의 매력이다 아이템 설명 하나하나 보면서 스토리를 추리하는것또한 다크소울의 또다른매력이라 할수가있다 희망이 없는 절망적인 어두운이야기가 매력을 더해가지만 정말 이게임을 진정 즐기지 못하고 클리어에 앞장서는 유저들에게 비추천이다 난 다크소울 2와는 다르게 트라이를 많이해도 결국 재밌게 플레이했다 다크소울 시리즈중에서 가장 스크린샷이 많았고 난 그세계를 나름 이해해 가고있었기때문이다 물론 스토리 추리때문에 나의 이해와 철학이 제작자가 요구하는 어두운 다크소울 세계관과 다를수가있다 하지만 내가 상상의 나래를 펼쳐 뇌를 돌려 다크소울 세계를 이해하는것또한 큰매력이라 하듯이 결국 이게임 또한 추리하고 파고들려고 하는 모습이 날 한층더 성장시킨다는것이다 게임은 매우어렵다 초보자 또는 소울라이크를 처음 접하는 사람들한테는 나보다 또는 그 누구보다 많은 트라이를 할것이다 물론 이게임을 나름 즐겜으로한 나는 재밌게했지만 멘탈이 약하거나 또는 하드코어 장르의 게임을 싫어하는 유저들에겐 비추천한다 이 또한 케이스바이케이스 사람마다 다르기때문이다 음악이 좋아서 유튜브에 음악을 듣곤한다 그런데 음악에 오케스트라와 오드르케 보컬의 라틴어를 해석하는 유튜버를 찾았고 이 라틴어가사를 해석하는 재미도있다는것을알았다 이게임 어떠한가? 난 재밌고 추천한다 첫소울라이크로 한번쯤은 해봐도 되지않을까?? 무엇을? 다크소울 3 을 말이다 table tr th 목록 th th 점수 100점 만점 th tr tr td 게임성 td td 92 td tr tr td 음악 td td 93 td tr tr td 배경 td td 99 td tr table url Music url 2019. 2. 27. 0 00 5 11 b 총점 95점 b",8,58,True,Recommended,16572,1590606780
다크 소울3,키마 지원하면서 키마설명도 없는 개똥겜,8,30,False,Not Recommended,370,1570948269
다크 소울3,이 게임 강추 합니다 어렵다고요? 그냥 하세요 환불했다고요? 실수 하신겁니다.,8,28,True,Recommended,18866,1565348798
다크 소울3,"세일하길래 한번 사 봤다. 게임 자체는 괜찮은데..인터페이스나 그런게 너무 불편하다. 우선,콘솔판과 PC의 차이가 뭔지 모르겠다. 이 게임에서 거의 모든 인터페이스는 콘솔을 기준으로 만들어져 있다. 그냥 E 버튼이 확인이고 Q 버튼이 취소라고 적어 주면 어디 덧나나..굳이 콘솔 버튼 모양으로 만들어서 헷갈리게 해야 하나? 위쳐 3만 봐도 선택지 등을 PC라고 선택하기 어렵게 만들거나 콘솔 버튼으로 고르라고 시키지는 않았는데.. PC유저에게 너무 불친절한듯.꼬우면 컨트롤러 사라는 것도 아니고.. 게임이 엉망인 것은 아니다.게임은 엄청 재미있다. 결론 패드가 있다면 정말 강력 추천하고싶은 게임이지만,패드가 없다면 키보드 조작에 익숙해지기 전까지는 좀 불편할 것 같다.",8,54,False,Not Recommended,3130,1514098286
다크 소울3,"정말 재미있는 게임입니다 특히 어렵게 이긴 보스! 1시간 동안 해서 첫 보스를 깸 정작 PC방에서 친구랑 커스텀마이징 ? 으로 장난쳤다지,, 일단 이 게임은 멘탈이 모래사장이 됩니다!, 하지만 끈기를 가지게 하는 게임이죠 일단 닥치고 해보세요 재미있습니다 TIP 첫번째 보스 반시계 방향으로 돌면서 등을 때리면 됩니다. 두번째 보스 영애를 달인으로 하고 등짝만 때리면 1번에 깬다 추후작성 추후 이 양반은 수많은 유다희양 과의 만남이 지어졌으나 이제는 무슨 일인지 실력이 향상 된건지 유다희 양이 다른 몹 들과 데이트를 하는군요",8,23,True,Recommended,1055,1498318270
다크 소울3,이 게임은 큰 교훈을 주고있습니다. 항구에 정박한 배처럼 화톳불은 편안하고 안전한 공간이지만 화톳불에만 앉아 있으면 진전과 발전을 할수가 없습니다. 배는 항구에 있을때 안전하지만 항구에 정박하라고 있는 존재가 아닙니다. 수많은 실패와 역경을 겪더라도 그 실패를 교훈삼아 끈기로 다시 일어나 계속해서 도전을 하면 끝내 엄청난 성취감과 자신이 성장하였음을 깨달을수 있습니다. 결론은... 태양만세!!!!!!!!!!!!!!!!!!!!!!!!!!!!!!!!!!!!!!!!!!!! T,8,20,True,Recommended,8744,1494578419
다크 소울3,조금 밖에 안해봤지만 재밌네요.,8,13,True,Recommended,21611,1488005656
다크 소울3,"다크소울의 불사자들과 내 방에 기어들어오는 벌레들의 공통점을 보자면 어디선가 툭 튀어나와서 불을 향해, 혹은 자기 목표를 향해 닥돌 하다가 다른데서 시체로 발견됨",8,4,True,Recommended,5490,1462921086
다크 소울3,튜토리얼 보스잡다가 포기했다,7,9,True,Recommended,1086,1721463012
다크 소울3,별로 안했는데 재밌네요. 오래된 게임인데도 진짜 갓겜,7,14,True,Recommended,73708,1640373675
다크 소울3,엿같은 키셋팅 왜 스페이스바에 대쉬 점프 회피 기능이 다 있는지 누가 좀 알려줘 제발 컴퓨터용으로 키보드 조작법 좀 알려달라고,7,36,True,Recommended,3964,1636135977
다크 소울3,아니 스페이스바 눌렀다고,7,8,True,Recommended,6144,1629631836
다크 소울3,시발 뭔 이딴 게임이 다있어,7,3,False,Not Recommended,653,1626447628
다크 소울3,엘든링 언제나오냐고,7,39,True,Recommended,5891,1621632723
다크 소울3,처음할땐 발 이걸 어케깨하는 겜인데 할수록 마법같이 깨지는게임,7,17,True,Recommended,11627,1596069245
다크 소울3,1시간이 지나도 군다를 못 잡으셨다면 환불하세요 1시간이 지나기 전에 군다를 잡으셨다면 성불하세요,7,3,True,Recommended,8286,1581349269
다크 소울3,첨 시작햇는데 따흑 오늘 암령을 없애준 청령분들 덕택에 교주들도 격파햇네요 어제는 암령들 한테 다굴 맞아서 소환사인있던데 이거 막 눌러도 되는건가요?,7,11,True,Recommended,9532,1579526464
다크 소울3,praisesun praisesun praisesun,7,3,True,Recommended,19884,1558453535
다크 소울3,"몹들을 잡다가 소울이 어느정도 모였다 싶으면 제때제때 화방녀한테 가서 레벨업을 하세요,,,, 더 모은다고 괜히 욕심부리다 개쳐맞고 싹 다 날려버린게 한두번이 아닙니다,,,",7,32,True,Recommended,14136,1546955664
다크 소울3,엘든링을 처음했을때보다 더 큰 재미를 가져다준 게임 순수 재미는 스콜라 3 엘든링이라고 생각함 물론 엘든링이 즐길거리가 가장 많기는 하다,7,5,True,Recommended,6373,1538544869
다크 소울3,지역별로 하찮은 잡몹 하나하나 생김새 공격패턴도 다르고 개성넘치고 기괴하며 간지만점의 보스들 연출 등장 거기에 어울리는 박진감 넘치는 사운드 첫보스 군다전 마저 타게임 최종보스급 사운드 밖에서보는 멋들어지는 성배경 내안에 숨어있는 도전의 불씨를 키우는 난이도 십수년전 클레멘타인 감상 이후 다시는 못 느낄줄 알았던 그 이상의 감동과 여운... 드러누워도 포기하지 않고 꾿꾿이 일어나 혈전을 벌이는 두 주인공의 투지와 근성이 너무나도 닮았다 아빠 일어나!!! 재의귀인 일어나!!!,7,18,True,Recommended,11444,1536176628
다크 소울3,이 게임을 한마디로 말하자면.. 태양 만세!,7,12,True,Recommended,6164,1532371018
다크 소울3,일단 존나 재밌다 . . . 화방녀 예쁘다 . . . 룩딸에 쌋다,7,17,True,Recommended,12248,1532075199
다크 소울3,"이 게임을 하면서 내가 잘 해낼 수 있을까 생각해보았다. 다른 분들이 하는 영상을 보고 굉장히 어려워한다는 것을 알기에 말이다. 예상대로. 40분동안 노력을 해봤지만, 환불요정 군다를 못이기고 환불을 해야만 했었다. 하지만 뭔가 이상했다. 내 안에서 무언가가 꿈틀거리기 시작했다. 이대로 끝내버리면 영영 이 게임을 못할 것이다. 이대로 환불은 내 자존심에 상처를 남긴다. 그렇게 다시 거금 들이고 구매했다. 이번에 군다를 못이기면 나는 한국의 스팀러가 아닌 것이다. 그런 신념 하나로 장차 1시간의 화톳불 여행을 끝내고 환불요정의 방어를 드디어 깼습니다. 여태 그 마음 하나로 6회차까지 갔고..... 모든 장비를 모으고..... 그렇게 망자가 되었습니다.",7,5,True,Recommended,16571,1523005308
다크 소울3,T Praise The Sun T,7,7,True,Recommended,40132,1520686301
다크 소울3,"군다는 2트만에, 볼드는 1트만에 잡았다. 더 나아가기가 두려워졌다. 그러나 뒤돌았을 땐 이미 2시간이 지난 후였다.",7,16,True,Recommended,201,1516345291
다크 소울3,쓰레기 게임입니다 우리가 하는 이유입니다 최고,7,17,True,Recommended,94632,1462184339
다크 소울3,보스 하나 할때마다 제가 왜 이 게임을 샀는지 심각하게 고민합니다. 덤으로 보스 잡으러 가다가 잡몹한테 죽으면 하하 웃으며 모니터를 때리고 싶어집니다. 샷건 한번 책상에 쳤다가 책상에 얹어져 있던 건담상자가 쏟아질때 마다 왜 이렇고 있는걸까 라는 의문이 솟구치는 덤의 덤도 받았죠. 그리고 가장 짜증나는 보스때 좀 편하게 싸우려고 뒤는 생각 안하고 무작정 쓴 잔불에 암령이 헤헤 안녕! 하고 들어와서 저를 때릴때 컴퓨터는 강제종료 됩니다.,7,1,True,Recommended,10878,1462111466
다크 소울3,따봉 !,7,11,True,Recommended,31923,1460418377
다크 소울3,"소울류에 재능있는줄 알았지만 군다 이후 길을 1시간째 헤매는중. 하, 문들이 자 잠겨있데. 어케여는데 1",6,6,True,Recommended,89,1753927671
다크 소울3,하지마세요,6,15,False,Not Recommended,37263,1668745293
다크 소울3,당신이 마조히스트라면 공략없이 깨보세요 정말 환상적인 하루를 보낼 수 있을겁니다,6,4,True,Recommended,9588,1654605787
다크 소울3,우리는 왜 거듭된 실패에도 계속해서 도전하는가? 나도 잘 모르겠다. 하지만 당신이 이 게임을 플레이하면서 이유를 찾을 수 있길,6,10,True,Recommended,4039,1648085650
다크 소울3,"조작법을 익혀 나가면서 맞는 타이밍에 구르기가 성공하거나 패링해서 반격할 때의 쾌감은 좋았습니다만, 지인 도움을 받으려고 잔불을 지피면 자꾸 암령이 와서 피곤하게 구네요..... 온라인 플레이를 켠다는 것 자체가 양날의 검이라는 건 인지하고 있습니다만 초보 구간에서 학살하는 건 그만했음 좋겠네요. 인성질하는 인간들 한 두 번 보는 건 아닌데, 정말 짜증납니다. 어떤놈은 무슨 에스트를 무한으로 처먹질 않나... 분명 죽을 정도로 몰아붙이고 그랬는데 에스트를 스무개는 처먹나봐요 이런데다 핵 쓰면 살림살이가 나아지고 뭐 재밌습니까? 비등한 실력으로 일대일 붙는 재미도 아니고 겜에 한참 익숙해지기 시작하는 초보를 일방적으로 죽이면서 즐겁다면 님의 인성 이미 쓰레기통 확정입니다. 암령도 매칭으로 들어온다는 건 알겠는데.. 짜증나요 진짜 초보는 놔둡시다 초보는.",6,25,True,Recommended,320,1628869247
다크 소울3,"보통의 사람이라면 모니터를 반복 구매하게 될 게임이란 말을 듣고 선뜻 구매했지요.. 92시간 동안 1회차 를 돌았습니다. 한 5번의 시간 차를 두고 깬 것 같군요. 2번은 중간까지 하다가 접고 3번째는 좀 더 가서 접었습니다.. 4번째 플레이를 하며 저는 큰 께달음을 얻었지요.. 1 1을 기본으로 하라. 적이 기회를 놓치면 나도 기회를 얻는다. 욕심은 죄악이다. 보스들은 의외로 X밥이다. 일부는 개X끼다... 비로소 저는 가장 남자다운 대형도끼를 들고 적의 대가리를 두쪽으로 갈라 다크소울 최강의 사나이가 되었습니다.. 가끔씩 펫을 타고 나오는 비열한 보스들이 있는데 XX 없는 왕, 썅 왕자... 관용을 베풀고 대가리를 두쪽 내어 솔로 더블킬을 취하시길 바랍니다. 닼소만의 맛이 있습니다. 진짜 후... 추천. 초심자를 위한 팁. 1. 무기를 간간이 바꿔줘야합니다. 설령 사나이 일지라도 특대검이 아닌 대검을 들어야할 때가 있습니다.. 2. 길에서 마주치는 가끔 쎈 녀석들은 굳이 잡을 필요 없습니다. 하지만 반복하다 보면 잡을 수 있고, 속성변질을 통해 쉽게 잡을 수 있습니다. 3. 일반 몹들과의 전투는 꽤나 공정합니다. 가장 사나이다운 1 1을 원칙으로 하고 적의 한 방을 피하면 나의 한 방을 때리는 게지요.. 보스들은 잘 잡으시길 바랍니다. 4. 모든 걸 포기하고 죽는 걸 받아들이십시오.. 적이 나보다 강력하지만 그들을 쓰러뜨릴 수 있는 이유는 반복할 수 있다는 점이지요. 5. 사랑스런 멘탈을 지키기위해 공략도 간간히 봐줍시다.",6,17,True,Recommended,5672,1608800144
다크 소울3,its decent it annoys me but okay game,6,9,True,Recommended,108,1587170428
다크 소울3,게임속 캐릭터가 강해지는것이 아닌 플레이어가 강해지는 게임,6,16,True,Recommended,22985,1581064779
다크 소울3,아직 고이려면 멀었다,6,5,True,Recommended,18044,1579925272
다크 소울3,시작이 반이다란 속담이 있습니다. 군다만 깨면 재미있습니다.,6,34,True,Recommended,15888,1576251629
다크 소울3,널리 알려진 위상에 비해서는 인간적인 난이도의 게임,6,33,True,Recommended,12833,1575990039
다크 소울3,핵좀해결해씨발새끼들아,6,26,False,Not Recommended,68661,1567221956
다크 소울3,"누군가에겐 최악 , 누군가에겐 잊지 못할 추억을 선사한 최고의 게임. 언제나 누구에게나 얘기할때 좋고 그름이 확실한 게임이니 본인의 한계와 부딪혀가면서도 버텨내고 이겨낼때의 쾌감을 즐기는 자에게는 추천을 하곤 했습니다. 처음 만났던건 다크소울2 였습니다. 아무것도 모른채 이 게임의 정의도 모른채 시작했었습니다. 게임을 하면서 언제나 성취감을 느끼길 좋아하고 고난과 역경을 이겨내면 다시금 내가 해냈다는 느낌을 받곤 했습니다. 어려운 난이도의 게임들을 선호하지 않았던 나에게도 다크 소울이라는 게임은 그것 하나만으로도 내 심장을 뛰게했으며 이처럼 재미를 느끼고 관심을 가지게 된 게임은 짧은 인생 살아오며 처음 느껴보았습니다. 물론 플레이어간의 차이점은 존재합니다. 어느 누구는 비교적 쉽게 플레이하며 , 어느 누구는 죽어라 플레이합니다. 그래도 한가지는 확실합니다. 시간?도전? 차이가 있을지언정 목표는 같습니다. 우리 모두는 일상에 지친 몸을 게임으로써 달래려고 합니다. 다만 이 게임은 상당히 어렵습니다. 그래도 차이가 있는 플레이어들 모두 마지막을 향해 달려가며 성공을 해냅니다. 성취감 해냈다는 그 황홀함 그것이 모든 재의 귀인이라 칭하는 플레이어들의 심장을 뛰게합니다. 어느 순간 목표가 없는이상 재미가 반감되는 게임시장속에서 다크 소울은 플레이어들에게 여러가지의 감정을 선물합니다. 누군가에겐 최악의 게임 , 누군가에겐 최고의 게임 . 그래서인지 이 녀석이 제 심장엔 더 와닿고 더욱 설레였던 것 같습니다. 이제 이 친구는 어느새 우리의 기억 저편으로 사라지고 있습니다. 나의 인생에서 한번뿐인 젊음에 찾아와준 아름다운 다크 소울이라는 게임에 다시 한번 가슴이 설레여봅니다. 이제는 마무리가 되어 사라질 지언정 , 다시 돌아오지 않는 나의 젊음과 더불어 이 녀석은 평생 제 가슴속 돌아오지 않을 젊음과 함께 기억될 듯 합니다. 기억할게 . 고마워 .",6,26,True,Recommended,11967,1566678395
다크 소울3,"일단 평가하기 전에, 게임을 지금이라도 사려 하시는 분이 있다면 안내드립니다. 크게 세일할 떄 어차피 세일은 75 고정인 것 같던데 디럭스 에디션으로 사세요. 안 그랬다간 저처럼 4천원 정도 더 손해 봅니다. 2회차까지 돌고 심심해서 DLC를 샀습니다. 4천원 공중분해. ...가 돼도 다크 소울은 진짜 갓겜입니다. 프롬의 게임 철학, 게임으로서 유도하는 바가 잘 드러나 있기 때문이죠. 다크 소울 시리즈, 데몬즈 소울부터 명성이 자자한 게임입니다. 물론 다른 요소들도 있겠지만 게이머들에게 있어서 소울 시리즈의 가장 큰 특징은 아마도 다른 게임들과는 다르게 오지게 어려워서 1회차라도 깬 사람들은 다 고인물이라는 속설이 있는 빌어먹을 난이도 ...일 겁니다. 맞는 말이죠. 다크 소울 시리즈의 몹들은 패턴도 단순하고, 타이밍 맞춰서 피하면 앞무빙도 가능합니다. 근데 단지 단순하고 앞무빙도 가능한 패턴이 어려운 뿐이죠. 하지만 보스들을 클리어 할 때 마다 자신의 손 피지컬이 올라가는 게 확실히 와닿으실 겁니다. 대표적으로 1회차 플레이와 2회차 플레이를 예로 들어 보겠습니다. 물론 장비나 템의 차이도 존재하겠지만, 1회차에서 찐따 엘드리치를 잡을 때의 긴장감은 2회차에선 없죠. 드는 것 같다고요? 단순히 그건 2회차이기 때문에 더 어려워졌을 것이다 라는 생각에서 비롯된 걱정입니다. 저도 1회차때는 찐드리치를 25분이나 걸려 잡았습니다. 2회차에서는? 1 5, 1트만에 클리어했죠. 찐드리치라서 쉽다고요? 1회차에서 좀 죽었던 영웅 군다는 2회차에서 무려 달인 과 함께 1트에 클리어했습니다. 그만큼 피지컬이 올라갔죠. 프롬 소프트웨어의 게임들은 어려워서 종종 샷건이 나가고 입에서도 기관총이 발사되는 게 없잖아 있습니다. 하지만 총도 계속 쏘다 보면 뭐죠? 잠재적 살인자...가 아니라 에임이 좋아지지 않습니까. 입과 손에서 발사되는 총이라 하더라도 프롬 소프트웨어는 그것들을 바로 피지컬과 게임 실력, 나아가 보스의 패턴을 익혀 타이밍을 예측하는 것까지 강화시켜주는 트리거로 이용한다는 것이 아머드 코어 프랜차이즈는 해본 적이 없으니 소울 시리즈만의 매력입니다. 게다가 폰에 3시간짜리 풀 사운드트랙을 담아놓고 질릴 때까지 들어도 안 질리는 사운드트랙과, 겜을 하다 보면 이상한 판정에 속이 뒤집히는 멋들어진 그래픽, 그리고 1편부터 전해내려오는 그윈 아재의 노오오오오오력이 빛을 발하는 찐들의 화신 같은 보스들과 관련된 웅장하지만 게임에는 관여하지 않는 스토리까지. 아, 다크 소울은 스토리 진행 방식의 게임인데 왜 게임에 스토리가 관여하지 않냐고요? 님들이 닼소 처음 사고 환불의 영웅 군다를 처음 만났을 때 꺼무위키를 보면서 아 얘는 이렇게 이렇게 해서 이렇게 됐다 같은 걸 생각하시나요? 아니죠, 깨기에 급급하잖아요. 어떻게든 2페이즈에 나오는 검은 도마뱀을 조지려고 말이죠. 이게 또 프롬 소프트웨어만의 매력인 겁니다. 스토리 자체는 영화 한 편을 만들어도 될 만큼 치밀하고 웅장한데, 게임은 스토리같은 겉치레 없이 심플하고 깔끔하게. 하지만 보스와 지역들은 다 스토리에 연관이 되어 있도록 스토리를 게임이라는 플랫폼에 매우 적절하게, 그리고 완벽하게 녹여낸 조화의 결과물이 프롬만의 스토리텔링 방식인 겁니다. 예를 들어, 수프를 하나 먹는다고 쳐 봅시다. 치즈 수프요. 수프만 딱 봤을 때는 분명 색 때문에 짐작은 가겠지만 뭘로 만들었는지 잘 감이 안 오는 겁니다. 근데 딱 먹어보면 어때요, 치즈 맛이 확 풍기는 거죠. 그거랑 똑같아요. 이렇게나 잘 만든 게임을 그저 난이도가 어렵다는 이유로 플레이하지 않는다는 건, 자신의 피지컬을 올릴 수 있는 기회를 날려버리는 것과 동시에, 프롬만의 괴상하지만 빠져들 수 밖에 없는 스토리텔링 방식, 그리고 쌍화차가 입에서 튀어나올 수 있는 절호의 기회를 놓치는 것이 돼버리잖아요? 그러니 한번 구매 해 보시는 걸 추천드립니다. 지금까지 한 닼소 씹뜨억이 지껄여주신 글을 만약 다 읽으셨다면 읽어주셔서 감사드립니다. p.s. 프리데 완전 H시끼야 진짜...",6,25,True,Recommended,59031,1564140247
다크 소울3,이거 하다가 갑자기 고인물이 들어와서 나 죽이고 시체에 대변경단 던지더라 고인물 인성이 그냥... 근데 게임은 재미있습니다,6,12,True,Recommended,35545,1562765800
다크 소울3,갓겜 나한테 자만을 하지 말라는 교훈을 줌,6,20,True,Recommended,19330,1560666170
다크 소울3,시작해보려고 했는데 핵쟁이 새끼때문에 로딩 끝나면 계속죽네?,6,4,False,Not Recommended,1032,1547881509
다크 소울3,"연말이라고 할인해서 대충 소감문 썼습니다. 플탐은 1850시간이고 회차 PvE 보다는 결투 PvP 위주로 했습니다. PvE 소울시리즈의 가장 큰 장점인 어려워서 못해먹겠는데 뭔가 더하면 될것같은 느낌 이걸 최대한 잘 풀어냈습니다. 다만 시리즈 전통의 패턴에 익숙한 사람들에게는 너무 쉽다는 문제가 있습니다. 사실 깊게 따져보면 지나치게 쉬운 빤스런과 개들의 순간이동, DLC1의 경우 잡몹 떡칠등의 문제가 있지만 가볍게 200시간 내로 즐길거라면 누가 말 안해주면 눈치 못챌수도 있는 이야기 큰문제 없음 PvP 일반적인 RPG와 다르게 만렙은 안찍고 120레벨대에서 제한적인 스텟으로 빌드를 짜서 하는 PvP라는게 가장큰 특징입니다. 장점으로는 어느 태생이든 같은 레벨에는 같은 스텟합을 가지고, 다른 태생이라도 스텟이 같으면 같은 능력치를 가진다는점. 여기에 초반무기라고 나쁘고 후반무기라고 좋은게 아니라 다 다른 스텟 요구치와 리치, 스테미너 소모등을 가지므로 빌드짜서 적용하고 카운터치는 멋진구조 여기까지는 그냥 킹론이였구요, 현실은 레벨과 강화 수치로 매칭되는걸 악용해서 에스트 물약 을 회차 끝까지 진행해서 풀강하고 초반에 얻기 힘든 대인전용 장비들을 들고 양학하는 소위 제초기들의 문제가 있습니다. 이거는 잔불상태일때만 침입이 오니 한두번 정도 당해보면 잠깐의 스트레스 정도로 끝납니다. 아마 이때까지 이겜을 붙잡고 있는 사람들의 주요 컨텐츠인 125렙 결투 유저들 자체 규칙으로 노란 에스트로 HP회복을 하지않고 1 1로 싸우는 방식입니다. 노란 에스트를 금지하는건 소환한측과 불려온측의 에스트 갯수 차이로 불공평함이 발생되기 때문이죠 전작들에 비해서 엄청나게 발전한 강인도 시스템과 나아진 밸런스도 시리즈 PvP중 가장 재밌습니다. 다만 순수하게 피빕에 쏟은 시간만 1600시간이 되서 그런지 밸런스에 구멍이 많이 보입니다. 쓰자면 글하나 써야하니까 있다고만 넘어가고, 사실 위에 PvE쪽에 문제처럼 가볍게 몇백시간 즐길거면 큰 문제 없는 수준입니다.",6,34,True,Recommended,156086,1545353603
다크 소울3,시발 인간이 할 게임이 아닌 듯...,6,9,False,Not Recommended,438,1543684770
다크 소울3,저 쌉고인물임,6,4,True,Recommended,3426,1541323411
다크 소울3,한 100번쯤 뒤지니까 알겠더라,6,14,True,Recommended,9065,1541211898
다크 소울3,욕하면서 게임하다가 팔란의 대검으로 무명왕 잡을때쯤 무언가 이상함을 느낌,6,8,True,Recommended,10827,1537542463
다크 소울3,Praise the Sun!,6,5,True,Recommended,9929,1511618335
다크 소울3,재의 귀인은 죽지 않아요. 단지 플레이어 멘탈이 죽어갈 뿐.,6,22,True,Recommended,29289,1504886150
다크 소울3,재밌다. 화나면서 재밌다.,6,47,True,Recommended,7231,1490339922
다크 소울3,화방년 이랑 러브신은 없나요?,6,2,True,Recommended,4668,1486224526
다크 소울3,"모션이 상당히 빨라지고 경쾌해져서 몹을 잡을 때나 PvP를 할 때나 더 재밌어졌습니다. 1처럼 무한 뺑뺑이 뒤잡질도 없고, 2처럼 감각마비 하벨 창질도 없어서 싸우는 맛 납니다. 다만 아쉬운 점은 에스토크, 다크소드, 장대, 팔란의 대검 같은 PvP 개사기 무기만 보이는게 아쉽습니다. 특히 다크소드3라 해도 무방할 정도로 다크소드는 많이 보이고 실제로도 저 무기는 PvE PvP 양면으로 아주 좋습니다. 밸런싱이 좀 엉망입니다. 대검과 특대검은 패치를 하는데도 스태미나 소모량이나 슈퍼아마 전딜 후딜 고려시 만족스런 데미지가 안나와 쓰긴 어렵다고 느껴집니다. 롱소드같은 직검류나 타도같은 카타나류는 시작부터 엔딩까지 모자람 없이 쓸 수 있는데에 비해 다른 무기류는 너무 디메리트가 큽니다. 대검 특대검 쌍검이나 곡검 등등 잠깐 빛보고 사라지거나 빛도 못보고 있는 무기들이 너무 많아요. 1,2 모두 클레이모어로 돌았는데 3에선 잠깐 쓰고 내버릴 정도로 쓰기 많이 어려워졌습니다. 난이도 쉬워졌다고들 합니다. 저도 2보다 쉽다고 느껴지는데 처음 해보는 친구들은 첫보스, 둘째보스도 힘들어 하는걸 봐서 소울 시리즈 경험 여부가 큰 것 같습니다. 그래도 객관적으로 판단시 3가 가장 쉽고 친절하다 생각되고, 어렵다는 후반부도 생각보다 패턴이 눈에 잘 들어와 마냥 어렵지는 않습니다. 에스트도 초반부터 많이 주고 강화도 빨리 시켜주고, 잔불로 피뻥튀기 시켜주고, 화톳불도 곳곳에 많아서 아주 어렵진 않습니다. 여러모로 시리즈 입문하신다면 적격이라고 생각됩니다. 사람도 많고, 무빙도 빨라지고, 구르기 무적도 늘어나고 난이도도 하향화되었구요. 멋있는 보스들이 1에만 몰리고 2에는 요상한 놈들 태반이었는데 3는 대부분 보스들이 패기넘치고 멋이 넘쳐 흐릅니다. OST가 아주 웅장하고 멋있어서 보스전 진입시엔 사운드 크게하고 플레이 하시는 거 추천드립니다.",6,23,True,Recommended,2429,1462069421
다크 소울3,나는 올라간다. 제사장을.튕긴다. 왜?잃었다. 개념 같은 쓰레기와 필요할것 패치를,6,7,False,Not Recommended,1285,1460422309
다크 소울3,어떤 창자 뽑힌년이 처음 보스한테 2페이즈 를 처넣어놨냐 소울류 처음하는 새끼들은 나가 뒤지라는거냐 잡못은 시발 느그 입안에 세균보다 많아서 보스까지 가지도 못하겠다 이년들아 시이이이 빨,5,7,True,Recommended,1251,1764668011
다크 소울3,"존나 짱 썐 기사, 세계를 지배했던 고룡, 황천의 뒤틀린 거시기들, 뭐 왕이었던 뭐시기들, 꼬깔콘 칼잽이, 거인의 왕, 신을 먹든 똥물, 신 비스무리한 무언가, 모든 주인공들의 의지를 이어받은 어쩌고저쩌고 이런새끼들보다 가끔씩 들어오는 분홍 알몸들이 더 무서움",5,9,True,Recommended,13449,1753323160
다크 소울3,제가 이 게임을 59시간동안 플레이 하며 힘들었던 적이 한순간도 없었습니다. 이 게임을 추천하는 이유는 게임을 하는 내내 행복했고 재밌었던 기억밖에 없어서 모두에게 추천하고싶다는 생각을 했습니다 혹여나 이 게임을 사려고 고민중인 분이시라면 제 평가를 보고 바로 구매하셨으면 합니다 모두에게 행복을 뿌리고 싶습니다. 특히 무명왕 미디르전 노예게일전이 재밌고요 길 가는 도중에 여러 몹들 만나며 여행하는 기분을 느낄 수 있습니다.,5,9,True,Recommended,4161,1726904017
다크 소울3,귀때기귀때기귀때기귀때기귀때기귀때기귀때기귀때기귀때기귀때기귀때기귀때기귀때기귀때기귀때기귀때기귀때기귀때기귀때기귀때기귀때기귀때기귀때기귀때기귀때기귀때기귀때기귀때기귀때기귀때기귀때기귀때기귀때기귀때기귀때기귀때기귀때기귀때기귀때기귀때기귀때기귀때기귀때기귀때기귀때기귀때기귀때기귀때기귀때기귀때기귀때기귀때기귀때기귀때기귀때기귀때기귀때기귀때기귀때기귀때기귀때기귀때기귀때기귀때기귀때기귀때기귀때기귀때기귀때기귀때기귀때기귀때기귀때기귀때기귀때기귀때기귀때기귀때기귀때기귀때기귀때기귀때기귀때기귀때기귀때기귀때기귀때기귀때기귀때기귀때기귀때기귀때기귀때기귀때기귀때기귀때기귀때기귀때기귀때기귀때기귀때기귀때기귀때기귀때기귀때기귀때기귀때기귀때기귀때기귀때기귀때기귀때기귀때기귀때기귀때기귀때기귀때기귀때기귀때기귀때기귀때기귀때기귀때기귀때기귀때기귀때기귀때기귀때기귀때기귀때기귀때기귀때기귀때기귀때기귀때기귀때기귀때기귀때기귀때기귀때기귀때기귀때기귀때기귀때기귀때기귀때기귀때기귀때기귀때기귀때기귀때기귀때기귀때기귀때기귀때기귀때기귀때기귀때기귀때기귀때기귀때기귀때기귀때기귀때기귀때기귀때기귀때기귀때기귀때기귀때기귀때기귀때기귀때기귀때기귀때기귀때기귀때기귀때기귀때기귀때기귀때기귀때기귀때기귀때기귀때기귀때기귀때기귀때기귀때기귀때기귀때기귀때기귀때기귀때기귀때기귀때기귀때기귀때기귀때기귀때기귀때기귀때기귀때기귀때기귀때기귀때기귀때기귀때기귀때기귀때기귀때기귀때기귀때기귀때기귀때기귀때기귀때기귀때기귀때기귀때기귀때기귀때기귀때기귀때기귀때기귀때기귀때기귀때기귀때기귀때기귀때기귀때기귀때기귀때기귀때기귀때기귀때기귀때기귀때기귀때기귀때기귀때기귀때기귀때기귀때기귀때기귀때기귀때기귀때기귀때기귀때기귀때기귀때기귀때기귀때기귀때기귀때기귀때기귀때기귀때기귀때기귀때기귀때기귀때기귀때기귀때기귀때기귀때기귀때기귀때기귀때기귀때기귀때기귀때기귀때기귀때기귀때기귀때기귀때기귀때기귀때기귀때기귀때기귀때기귀때기귀때기귀때기귀때기귀때기귀때기귀때기귀때기귀때기귀때기귀때기귀때기귀때기귀때기귀때기귀때기귀때기귀때기귀때기귀때기귀때기귀때기귀때기귀때기귀때기귀때기귀때기귀때기귀때기귀때기귀때기귀때기귀때기귀때기귀때기귀때기귀때기귀때기귀때기귀때기귀때기귀때기귀때기귀때기귀때기귀때기귀때기귀때기귀때기귀때기귀때기귀때기귀때기귀때기귀때기귀때기귀때기귀때기귀때기귀때기귀때기귀때기귀때기귀때기귀때기귀때기귀때기귀때기귀때기귀때기귀때기귀때기귀때기귀때기귀때기귀때기귀때기귀때기귀때기귀때기귀때기귀때기귀때기귀때기귀때기귀때기귀때기귀때기귀때기귀때기귀때기귀때기귀때기귀때기귀때기귀때기귀때기귀때기귀때기귀때기귀때기귀때기귀때기귀때기귀때기귀때기귀때기귀때기귀때기귀때기귀때기귀때기귀때기귀때기귀때기귀때기귀때기귀때기귀때기귀때기귀때기귀때기귀때기귀때기귀때기귀때기귀때기귀때기귀때기귀때기귀때기귀때기귀때기귀때기귀때기귀때기귀때기귀때기귀때기귀때기귀때기귀때기귀때기귀때기귀때기귀때기귀때기귀때기귀때기귀때기귀때기귀때기귀때기귀때기귀때기귀때기귀때기귀때기귀때기귀때기귀때기귀때기귀때기귀때기귀때기귀때기귀때기귀때기귀때기귀때기귀때기귀때기귀때기귀때기귀때기귀때기귀때기귀때기귀때기귀때기귀때기귀때기귀때기귀때기귀때기귀때기귀때기귀때기귀때기귀때기귀때기귀때기귀때기귀때기귀때기귀때기귀때기귀때기귀때기귀때기귀때기귀때기귀때기귀때기귀때기귀때기귀때기귀때기귀때기귀때기귀때기귀때기귀때기귀때기귀때기귀때기귀때기귀때기귀때기귀때기귀때기귀때기귀때기귀때기귀때기귀때기귀때기귀때기귀때기귀때기귀때기귀때기귀때기귀때기귀때기귀때기귀때기귀때기귀때기귀때기귀때기귀때기귀때기귀때기귀때기귀때기귀때기귀때기귀때기귀때기귀때기귀때기귀때기귀때기귀때기귀때기귀때기귀때기귀때기귀때기귀때기귀때기귀때기귀때기귀때기귀때기귀때기귀때기귀때기귀때기귀때기귀때기귀때기귀때기귀때기귀때기귀때기귀때기귀때기귀때기귀때기귀때기귀때기귀때기귀때기귀때기귀때기귀때기귀때기귀때기귀때기귀때기귀때기귀때기귀때기귀때기귀때기귀때기귀때기귀때기귀때기귀때기귀때기귀때기귀때기귀때기귀때기귀때기귀때기귀때기귀때기귀때기귀때기귀때기귀때기귀때기귀때기귀때기귀때기귀때기귀때기귀때기귀때기귀때기귀때기귀때기귀때기귀때기귀때기귀때기귀때기귀때기귀때기귀때기귀때기귀때기귀때기귀때기귀때기귀때기귀때기귀때기귀때기귀때기귀때기귀때기귀때기귀때기귀때기귀때기귀때기귀때기귀때기귀때기귀때기귀때기귀때기귀때기귀때기귀때기귀때기귀때기귀때기귀때기귀때기귀때기귀때기귀때기귀때기귀때기귀때기귀때기귀때기귀때기귀때기귀때기귀때기귀때기귀때기귀때기귀때기귀때기귀때기귀때기귀때기귀때기귀때기귀때기귀때기귀때기귀때기귀때기귀때기귀때기귀때기귀때기귀때기귀때기귀때기귀때기귀때기귀때기귀때기귀때기귀때기귀때기귀때기귀때기귀때기귀때기귀때기귀때기귀때기귀때기귀때기귀때기귀때기귀때기귀때기귀때기귀때기귀때기귀때기귀때기귀때기귀때기귀때기귀때기귀때기귀때기귀때기귀때기귀때기귀때기귀때기귀때기귀때기귀때기귀때기귀때기귀때기귀때기귀때기귀때기귀때기귀때기귀때기귀때기귀때기귀때기귀때기귀때기귀때기귀때기귀때기귀때기귀때기귀때기귀때기귀때기귀때기귀때기귀때기귀때기귀때기귀때기귀때기귀때기귀때기귀때기귀때기귀때기귀때기귀때기귀때기귀때기귀때기귀때기귀때기귀때기귀때기귀때기귀때기귀때기귀때기귀때기귀때기귀때기귀때기귀때기귀때기귀때기귀때기귀때기귀때기귀때기귀때기귀때기귀때기귀때기귀때기귀때기귀때기귀때기귀때기귀때기귀때기귀때기귀때기귀때기귀때기귀때기귀때기귀때기귀때기귀때기귀때기귀때기귀때기귀때기귀때기귀때기귀때기귀때기귀때기귀때기귀때기귀때기귀때기귀때기귀때기귀때기귀때기귀때기귀때기귀때기귀때기귀때기귀때기귀때기귀때기귀때기귀때기귀때기귀때기귀때기귀때기귀때기귀때기귀때기귀때기귀때기귀때기귀때기귀때기귀때기귀때기귀때기귀때기귀때기귀때기귀때기귀때기귀때기귀때기귀때기귀때기귀때기귀때기귀때기귀때기귀때기귀때기귀때기귀때기귀때기귀때기귀때기귀때기귀때기귀때기귀때기귀때기귀때기귀때기귀때기귀때기귀때기귀때기귀때기귀때기귀때기귀때기귀때기귀때기귀때기귀때기귀때기귀때기귀때기귀때기귀때기귀때기귀때기귀때기귀때기귀때기귀때기귀때기귀때기귀때기귀때기귀때기귀때기귀때기귀때기귀때기귀때기귀때기귀때기귀때기귀때기귀때기귀때기귀때기귀때기귀때기귀때기귀때기귀때기귀때기귀때기귀때기귀때기귀때기귀때기귀때기귀때기귀때기귀때기귀때기귀때기귀때기귀때기귀때기귀때기귀때기귀때기귀때기귀때기귀때기귀때기귀때기귀때기귀때기귀때기귀때기귀때기귀때기귀때기귀때기귀때기귀때기귀때기귀때기귀때기귀때기귀때기귀때기귀때기귀때기귀때기귀때기귀때기귀때기귀때기귀때기귀때기귀때기귀때기귀때기귀때기귀때기귀때기귀때기귀때기귀때기귀때기귀때기귀때기귀때기귀때기귀때기귀때기귀때기귀때기귀때기귀때기귀때기귀때기귀때기귀때기귀때기귀때기귀때기귀때기귀때기귀때기귀때기귀때기귀때기귀때기귀때기귀때기귀때기귀때기귀때기귀때기귀때기귀때기귀때기귀때기귀때기귀때기귀때기귀때기귀때기귀때기귀때기귀때기귀때기귀때기귀때기귀때기귀때기귀때기귀때기귀때기귀때기귀때기귀때기귀때기귀때기귀때기귀때기귀때기귀때기귀때기귀때기귀때기귀때기귀때기귀때기귀때기귀때기귀때기귀때기귀때기귀때기귀때기귀때기귀때기귀때기귀때기귀때기귀때기귀때기귀때기귀때기귀때기귀때기귀때기귀때기귀때기귀때기귀때기귀때기귀때기귀때기귀때기귀때기귀때기귀때기귀때기귀때기귀때기귀때기귀때기귀때기귀때기귀때기귀때기귀때기귀때기귀때기귀때기귀때기귀때기귀때기귀때기귀때기귀때기귀때기귀때기귀때기귀때기귀때기귀때기귀때기귀때기귀때기귀때기귀때기귀때기귀때기귀때기귀때기귀때기귀때기귀때기귀때기귀때기귀때기귀때기귀때기귀때기귀때기귀때기귀때기귀때기귀때기귀때기귀때기귀때기귀때기귀때기귀때기귀때기귀때기귀때기귀때기귀때기귀때기귀때기귀때기귀때기귀때기귀때기귀때기귀때기귀때기귀때기귀때기귀때기귀때기귀때기귀때기귀때기귀때기귀때기귀때기귀때기귀때기귀때기귀때기귀때기귀때기귀때기귀때기귀때기귀때기귀때기귀때기귀때기귀때기귀때기귀때기귀때기귀때기귀때기귀때기귀때기귀때기귀때기귀때기귀때기귀때기귀때기귀때기귀때기귀때기귀때기귀때기귀때기귀때기귀때기귀때기귀때기귀때기귀때기귀때기귀때기귀때기귀때기귀때기귀때기귀때기귀때기귀때기귀때기귀때기귀때기귀때기귀때기귀때기귀때기귀때기귀때기귀때기귀때기귀때기귀때기귀때기귀때기귀때기귀때기귀때기귀때기귀때기귀때기귀때기귀때기귀때기귀때기귀때기귀때기귀때기귀때기귀때기귀때기귀때기귀때기귀때기귀때기귀때기귀때기귀때기귀때기귀때기귀때기귀때기귀때기귀때기귀때기귀때기귀때기귀때기귀때기귀때기귀때기귀때기귀때기귀때기귀때기귀때기귀때기귀때기귀때기귀때기귀때기귀때기귀때기귀때기귀때기귀때기귀때기귀때기귀때기귀때기귀때기귀때기귀때기귀때기귀때기귀때기귀때기귀때기귀때기귀때기귀때기귀때기귀때기귀때기귀때기귀때기귀때기귀때기귀때기귀때기귀때기귀때기귀때기귀때기귀때기귀때기귀때기귀때기귀때기귀때기귀때기귀때기귀때기귀때기귀때기귀때기귀때기귀때기귀때기귀때기귀때기귀때기귀때기귀때기귀때기귀때기귀때기귀때기귀때기귀때기귀때기귀때기귀때기귀때기귀때기귀때기귀때기귀때기귀때기귀때기귀때기귀때기귀때기귀때기귀때기귀때기귀때기귀때기귀때기귀때기귀때기귀때기귀때기귀때기귀때기귀때기귀때기귀때기귀때기귀때기귀때기귀때기귀때기귀때기귀때기귀때기귀때기귀때기귀때기귀때기귀때기귀때기귀때기귀때기귀때기귀때기귀때기귀때기귀때기귀때기귀때기귀때기귀때기귀때기귀때기귀때기귀때기귀때기귀때기귀때기귀때기귀때기귀때기귀때기귀때기귀때기귀때기귀때기귀때기귀때기귀때기귀때기귀때기귀때기귀때기귀때기귀때기귀때기귀때기귀때기귀때기귀때기귀때기귀때기귀때기귀때기귀때기귀때기귀때기귀때기귀때기귀때기귀때기귀때기귀때기귀때기귀때기귀때기귀때기귀때기귀때기귀때기귀때기귀때기귀때기귀때기귀때기귀때기귀때기귀때기귀때기귀때기귀때기귀때기귀때기귀때기귀때기귀때기귀때기귀때기귀때기귀때기귀때기귀때기귀때기귀때기귀때기귀때기귀때기귀때기귀때기귀때기귀때기귀때기귀때기귀때기귀때기귀때기귀때기귀때기귀때기귀때기귀때기귀때기귀때기귀때기귀때기귀때기귀때기귀때기귀때기귀때기귀때기귀때기귀때기귀때기귀때기귀때기귀때기귀때기귀때기귀때기귀때기귀때기귀때기귀때기귀때기귀때기귀때기귀때기귀때기귀때기귀때기귀때기귀때기귀때기귀때기귀때기귀때기귀때기귀때기귀때기귀때기귀때기귀때기귀때기귀때기귀때기귀때기귀때기귀때기귀때기귀때기귀때기귀때기귀때기귀때기귀때기귀때기귀때기귀때기귀때기귀때기귀때기귀때기귀때기귀때기귀때기귀때기귀때기귀때기귀때기귀때기귀때기귀때기귀때기귀때기귀때기귀때기귀때기귀때기귀때기귀때기귀때기귀때기귀때기귀때기귀때기귀때기귀때기귀때기귀때기귀때기귀때기귀때기귀때기귀때기귀때기귀때기귀때기귀때기귀때기귀때기귀때기귀때기귀때기귀때기귀때기귀때기귀때기귀때기귀때기귀때기귀때기귀때기귀때기귀때기귀때기귀때기귀때기귀때기귀때기귀때기귀때기귀때기귀때기귀때기귀때기귀때기귀때기귀때기귀때기귀때기귀때기귀때기귀때기귀때기귀때기귀때기귀때기귀때기귀때기귀때기귀때기귀때기귀때기귀때기귀때기귀때기귀때기귀때기귀때기귀때기귀때기귀때기귀때기귀때기귀때기귀때기귀때기귀때기귀때기귀때기귀때기귀때기귀때기귀때기귀때기귀때기귀때기귀때기귀때기귀때기귀때기귀때기귀때기귀때기귀때기귀때기귀때기귀때기귀때기귀때기귀때기귀때기귀때기귀때기귀때기귀때기귀때기귀때기귀때기귀때기귀때기귀때기귀때기귀때기귀때기귀때기귀때기귀때기귀때기귀때기귀때기귀때기귀때기귀때기귀때기귀때기귀때기귀때기귀때기귀때기귀때기귀때기귀때기귀때기귀때기귀때기귀때기귀때기귀때기귀때기귀때기귀때기귀때기귀때기귀때기귀때기귀때기귀때기귀때기귀때기귀때기귀때기귀때기귀때기귀때기귀때기귀때기귀때기귀때기귀때기귀때기귀때기귀때기귀때기귀때기귀때기귀때기귀때기귀때기귀때기귀때기귀때기귀때기귀때기귀때기귀때기귀때기귀때기귀때기귀때기귀때기귀때기귀때기귀때기귀때기귀때기귀때기귀때기귀때기귀때기귀때기귀때기귀때기귀때기귀때기귀때기귀때기귀때기귀때기귀때기귀때기귀때기귀때기귀때기귀때기귀때기귀때기귀때기귀때기귀때기귀때기귀때기귀때기귀때기귀때기귀때기귀때기귀때기귀때기귀때기귀때기귀때기귀때기귀때기귀때기귀때기귀때기귀때기귀때기귀때기귀때기귀때기귀때기귀때기귀때기귀때기귀때기귀때기귀때기귀때기귀때기귀때기귀때기귀때기귀때기귀때기귀때기귀때기귀때기귀때기귀때기귀때기귀때기귀때기귀때기귀때기귀때기귀때기귀때기귀때기귀때기귀때기귀때기귀때기귀때기귀때기귀때기귀때기귀때기귀때기귀때기귀때기귀때기귀때기귀때기귀때기귀때기귀때기귀때기귀때기귀때기귀때기귀때기귀때기귀때기귀때기귀때기귀때기귀때기귀때기귀때기귀때기귀때기귀때기귀때기귀때기귀때기귀때기귀때기귀때기귀때기귀때기귀때기귀때기귀때기귀때기귀때기귀때기귀때기귀때기귀때기귀때기귀때기귀때기귀때기귀때기귀때기귀때기귀때기귀때기귀때기귀때기귀때기귀때기귀때기귀때기귀때기귀때기귀때기귀때기귀때기귀때기귀때기귀때기귀때기귀때기귀때기귀때기귀때기귀때기귀때기귀때기귀때기귀때기귀때기귀때기귀때기귀때기귀때기귀때기귀때기귀때기귀때기귀때기귀때기귀때기귀때기귀때기귀때기귀때기귀때기귀때기귀때기귀때기귀때기귀때기귀때기귀때기귀때기귀때기귀때기귀때기귀때기귀때기귀때기귀때기귀때기귀때기귀때기귀때기귀때기귀때기귀때기귀때기귀때기귀때기귀때기귀때기귀때기귀때기귀때기귀때기귀때기귀때기귀때기귀때기귀때기귀때기귀때기귀때기귀때기귀때기귀때기귀때기귀때기귀때기귀때기귀때기귀때기귀때기귀때기귀때기귀때기귀때기귀때기귀때기귀때기귀때기귀때기귀때기귀때기귀때기귀때기귀때기귀때기귀때기귀때기귀때기귀때기귀때기귀때기귀때기귀때기귀때기귀때기귀때기귀때기귀때기귀때기귀때기귀때기귀때기귀때기귀때기귀때기귀때기귀때기귀때기귀때기귀때기귀때기귀때기귀때기귀때기귀때기귀때기귀때기귀때기귀때기귀때기귀때기귀때기귀때기귀때기귀때기귀때기귀때기귀때기귀때기귀때기귀때기귀때기귀때기귀때기귀때기귀때기귀때기귀때기귀때기귀때기귀때기귀때기귀때기귀때기귀때기귀때기귀때기귀때기귀때기귀때기귀때기귀때기귀때기귀때기귀때기귀때기귀때기귀때기귀때기귀때기귀때기귀때기귀때기귀때기귀때기귀때기귀때기귀때기귀때기귀때기귀때기귀때기귀때기귀때기귀때기귀때기귀때기귀때기귀때기귀때기귀때기귀때기귀때기귀때기귀때기귀때기귀때기귀때기귀때기귀때기귀때기귀때기귀때기귀때기귀때기귀때기귀때기귀때기귀때기귀때기귀때기귀때기귀때기귀때기귀때기귀때기귀때기귀때기귀때기귀때기귀때기귀때기귀때기귀때기귀때기귀때기귀때기귀때기귀때기귀때기귀때기귀때기귀때기귀때기귀때기귀때기귀때기귀때기귀때기귀때기귀때기귀때기귀때기귀때기귀때기귀때기귀때기귀때기귀때기귀때기귀때기귀때기귀때기귀때기귀때기귀때기귀때기귀때기귀때기귀때기귀때기귀때기귀때기귀때기귀때기귀때기귀때기귀때기귀때기귀때기귀때기귀때기귀때기귀때기귀때기귀때기귀때기귀때기귀때기귀때기귀때기귀때기귀때기귀때기귀때기귀때기귀때기귀때기귀때기귀때기귀때기귀때기귀때기귀때기귀때기귀때기귀때기귀때기귀때기귀때기귀때기귀때기귀때기귀때기귀때기귀때기귀때기귀때기귀때기귀때기귀때기귀때기귀때기귀때기귀때기귀때기귀때기귀때기귀때기귀때기귀때기귀때기귀때기귀때기귀때기귀때기귀때기귀때기귀때기귀때기귀때기귀때기귀때기귀때기귀때기귀때기귀때기귀때기귀때기귀때기귀때기귀때기귀때기귀때기귀때기귀때기귀때기귀때기귀때기귀때기귀때기귀때기귀때기귀때기귀때기귀때기귀때기귀때기귀때기귀때기귀때기귀때기귀때기귀때기귀때기귀때기귀때기귀때기귀때기귀때기귀때기귀때기귀때기귀때기귀때기귀때기귀때기귀때기귀때기귀때기귀때기귀때기귀때기귀때기귀때기귀때기귀때기귀때기귀때기귀때기귀때기귀때기귀때기귀때기귀때기귀때기귀때기귀때기귀때기귀때기귀때기귀때기귀때기귀때기귀때기귀때기귀때기귀때기귀때기귀때기귀때기귀때기귀때기귀때기귀때기귀때기귀때기귀때기귀때기귀때기귀때기귀때기귀때기귀때기귀때기귀때기귀때기귀때기귀때기귀때기귀때기귀때기귀때기귀때기귀때기귀때기귀때기귀때기귀때기귀때기귀때기귀때기귀때기귀때기귀때기귀때기귀때기귀때기귀때기귀때기귀때기귀때기귀때기귀때기귀때기귀때기귀때기귀때기귀때기귀때기귀때기귀때기귀때기귀때기귀때기귀때기귀때기귀때기귀때기귀때기귀때기귀때기귀때기귀때기귀때기귀때기귀때기귀때기귀때기귀때기귀때기귀때기귀때기귀때기귀때기귀때기귀때기귀때기귀때기귀때기귀때기귀때기귀때기귀때기귀때기귀때기귀때기귀때기귀때기귀때기귀때기귀때기귀때기귀때기귀때기귀때기귀때기귀때기귀때기귀때기귀때기귀때기귀때기귀때기귀때기귀때기귀때기귀때기귀때기귀때기귀때기귀때기귀때기귀때기귀때기귀때기귀때기귀때기귀때기귀때기귀때기귀때기귀때기귀때기귀때기귀때기귀때기귀때기귀때기귀때기귀때기귀때기귀때기귀때기귀때기귀때기귀때기귀때기귀때기귀때기귀때기귀때기귀때기귀때기귀때기귀때기귀때기귀때기귀때기귀때기귀때기귀때기귀때기귀때기귀때기귀때기귀때기귀때기귀때기귀때기귀때기귀때기귀때기귀때기귀때기귀때기귀때기귀때기귀때기귀때기귀때기귀때기귀때기귀때기귀때기귀때기귀때기귀때기귀때기귀때기귀때기귀때기귀때기귀때기귀때기귀때기귀때기귀때기귀때기귀때기귀때기귀때기귀때기귀때기귀때기귀때기귀때기귀때기귀때기귀때기귀때기귀때기귀때기귀때기귀때기귀때기귀때기귀때기귀때기귀때기귀때기귀때기귀때기귀때기귀때기귀때기귀때기귀때기귀때기귀때기귀때기귀때기귀때기귀때기귀때기귀때기귀때기귀때기귀때기귀때기귀때기귀때기귀때기귀때기귀때기귀때기귀때기귀때기귀때기귀때기귀때기귀때기귀때기귀때기귀때기귀때기귀때기귀때기귀때기귀때기귀때기귀때기귀때기귀때기귀때기귀때기귀때기귀때기귀때기귀때기귀때기귀때기귀때기귀때기귀때기귀때기귀때기귀때기귀때기귀때기귀때기귀때기귀때기귀때기귀때기귀때기귀때기귀때기귀때기귀때기귀때기귀때기귀때기귀때기귀때기귀때기귀때기귀때기귀때기귀때기귀때기귀때기귀때기귀때기귀때기귀때기귀때기귀때기귀때기귀때기귀때기귀때기귀때기귀때기귀때기귀때기귀때기귀때기귀때기귀때기귀때기귀때기귀때기귀때기귀때기귀때기귀때기귀때기귀때기귀때기귀때기귀때기귀때기귀때기귀때기귀때기귀때기귀때기귀때기귀때기귀때기귀때기귀때기귀때기귀때기귀때기귀때기귀때기귀때기귀때기귀때기귀때기귀때기귀때기귀때기귀때기귀때기귀때기귀때기귀때기귀때기귀때기귀때기귀때기귀때기귀때기귀때기귀때기귀때기귀때기귀때기귀때기귀때기귀때기귀때기귀때기귀때기귀때기귀때기귀때기귀때기귀때기귀때기귀때기귀때기귀때기귀때기귀때기귀때기귀때기귀때기귀때기귀때기귀때기귀때기귀때기귀때기귀때기귀때기귀때기,5,6,True,Recommended,9414,1712140688
다크 소울3,이클리피아와 함께,5,34,True,Recommended,4972,1708098963
다크 소울3,아,5,9,False,Not Recommended,597,1666155716
다크 소울3,"엘든링 하다 오랜만에 하는데, 패턴이 DNA에 각인되어 있는듯 자연스럽게 피해지는걸 보고 내가 망자가 되어버렸구나.. 라고 생각했다",5,11,True,Recommended,44206,1664709379
다크 소울3,아직 뉴비라 좀 더 해보고 평가 해봐야할듯,5,10,True,Recommended,26871,1641812206
다크 소울3,살려줘,5,7,True,Recommended,12103,1639414082
다크 소울3,가볍게 즐기기 좋음,5,11,True,Recommended,15398,1633522041
다크 소울3,개노잼 할거 존나 없네 컨텐츠가 부족함,5,1,False,Not Recommended,63918,1628758823
다크 소울3,"엘든링도 재밌지만 닼소3도 재밌어요!! 조작 시점전환 마우스 앞 W 뒤 S 오른쪽 D 왼쪽 A 락온 조준 Q 상호작용 E 백스텝 멈춰선 상태에서 space 구르기 이동중 space 달리기 space 유지 이동 점프 달리기 도중 space 걷기 alt 무기 양손잡기 오른손 F 무기 양손잡기 왼손 F 유지 아이템 사용 R 마법 교체 휠up or 방향키 위 아이템 교체 휠down or 방향키 아래 오른손 무기 교체 shift 휠down or 방향키 오른쪽 왼손 무기 교체 shift 휠up or 방향키 왼쪽 제스쳐 감정표현 G 메뉴 esc 공격 오른손 약공격 마우스 왼쪽 오른손 강공격 shift 마우스 왼쪽 오른손 강공격 차지 오른손 강공격 유지 왼손 방어 마우스 오른쪽 왼손 약공격 왼손 무기 한정 shift 마우스 오른쪽 발차기 W 마우스 왼쪽 동시에 백덤블링 곡도 한정 W 마우스 왼쪽 백스텝 찌르기 자검 한정 W 마우스 왼쪽 점프공격 달리기 도중 shift 마우스 왼쪽 or W shift 마우스 왼쪽 동시에 대시공격 달리기 도중 마우스 왼쪽 구르기공격 구르기 후 마우스 왼쪽 특수기술 shift 마우스 오른쪽 특수기술 or 특수기술 유지 ctrl or ctrl 유지 특수기술 약공격 ctrl 유지 마우스 왼쪽 특수기술 강공격 ctrl 유지 마우스 오른쪽 or shift 마우스 오른쪽 마우스 왼쪽 활, 석궁 1번슬롯장전 마우스 왼쪽 유지 2번슬롯장전 shift 마우스 왼쪽 유지 발사 마우스 버튼 때기 조준 마우스 오른쪽 유지 특수기술 ctrl 유지 or shift 마우스 오른쪽 유지 따로 키설정 하지 않는 이상은 특수기술 2번슬롯 조준은 불가능 마법 주문에 맞는 촉매 사용 마술 지팡이, 주술 촉매사용 오른손 마우스 왼쪽 촉매로 공격 오른손, 쓸모없음 shift 왼쪽 촉매 사용 왼손 마우스 오른쪽 촉매 사용중 대기 모션이 기도일때 마우스 누르기 유지 촉매 특수기술 ctrl or shift 마우스 오른쪽 메뉴 확인, 선택 E 뒤로가기 Q 장비 해제 R 장비설명 인밴토리 R 메뉴를 닫지 않고 실행 제스쳐 R 다른설명표시 F 제스쳐 교체 제스쳐 메뉴 F 메시지 형태 바꾸기 메시지 F 정렬순서 X 간략히, 자세히보기 C 도움말 G 조작키 생각보다 복잡하네요",5,112,True,Recommended,34944,1615504868
다크 소울3,"몬헌, 스카이림 입문하기 좋은 게임이 다크소울이라는 말을 듣고 했습니다. 하지만 군다선생님과 40번의 면담끝에 게임을 시작했고 설리번에서 키보드가 무사하지 못했습니다. 신기하게도 이 게임은 어려워서 포기라는 느낌보다는 반드시 깨고만다 라는 마음이 자주 들더라고요. dlc보스 미디르 또한 120트 가량했는데 20트는 맛보기 50트부턴 반드시 깨겠다하는 생각이 드는거보아하니... 스토리 좋아하시고 공략하는것을 즐기는 플레이어라면 강력 추천! 만약 너무 어렵다 싶은 보스가 있다면 고인물들에게 부탁을 해보도록하세요. 신기하게도 다크소울3은 고인물들이 다 착해요, 까부는 유저한테는 무섭지만 뉴비한테만은 친절해요, 실제로 암령으로 난입한 유저를 봤는데 길 잃은 저에게는 최고의 길잡이 였습니다 태양만세!",5,31,True,Recommended,9425,1610796191
다크 소울3,생각보다는 쉬움 약간 떡볶이 먹는 느낌? 매워서 못먹겠는데 계속 손이감 재밌음,5,28,True,Recommended,4587,1610623068
다크 소울3,노력하는만큼 배신해주는 멋진게임 ! 마음이 꺾여도 보상따위 없는게임! 그래도 재밌습니다,5,25,True,Recommended,20003,1602903888
다크 소울3,여러분이 만약에 다크소울을 처음 접하고 아니면 누군가 의 권유로 해보신다면 축하드립니다 !! 당신의 첫 여정을 책임질 환불상담원이 기다리고 있으니까요 ! 당신은 처음 캐릭터를 만들고 두근거리는 마음을 움켜잡고 잡몹을 잡고 가다보면 누가봐도 보스처럼 생긴 녀석이 반겨줄껍니다 ! 그 녀석은 살아움직이는 닼린이를 아주 좋아해서 그 녀석의 패턴을 잘 모른다면 곧 유다희 양이 당신과 데이트를 할겁니다 ! 그렇게 열심히 구르고 공격하고 군다를 잡았는데 환불 가능한 시간이 넘었다? 축하합니다 ! 당신은 다크소울을 끝까지 플레이 하거나 다크소울을 지우는 거 밖에 선택지가 없습니다! 당신이 군다를 힘들게 잡았다고 한다면 다음보스인 볼드가 당신을 찢을 껍니다. PS. 볼드를 쓰러뜨리고 다음지역으로 갈려면 깃발이 필요한데 그 깃발은 교회같이 생긴곳에 있습니다. 교회에서 할머니를 만날텐데 그 할머니를 죽이고 맹세의 수반을 가지고 기사동상에 가까이 간다면 당신은 쾌락을 느낄 수 있습니다.,5,5,True,Recommended,31224,1598172605
다크 소울3,1,5,19,True,Recommended,14806,1596765204
다크 소울3,"평소에 주위에서 다크소울 어렵다, 고인물겜이다 하는데, 3는 다크소울 시리즈 중에서 꽤나 쉽고, 친절한 게임입니다. 비록 조작감은 조금 불편하고 초반엔 엄청나게 죽어나가겠지만, 하다 보면 어느샌가 엔딩을 보고 1회차를 완료한 자기 자신을 보게 될겁니다. 모든 적들과 보스들은 강점도 있고, 약점도 있습니다. 강해 보이지만서도 모든 적들의 공격에는 빈 틈이 있고, 그걸 잘 활용한다면 그들을 무찌르는건 손쉬울 겁니다. 계속 죽는만큼, 시간이 지날수록 적들의 공격 패턴이 하나 둘씩 읽히기 시작할것입니다. 이 장르를 처음 점하신다면 꽤나 하드한 난이도지만, 점차 적응할수록 할만해지는 게임성. 막 보여주진 않지만, 어느정도 세계관에 대해 여러가지 상상을 하게 만드는 스토리라인. 멋지고 세련된 무브셋을 보여주는 여러가지 무기들. 암울하면서도 웅장한 OST. 이 모든게, 다크소울 3의 장점입니다. 1,2 는 모르겠지만.... 3은, 한번쯤 해보시길 바랍니다. 그리고 게임이 너무 어렵다면, 이 말을 꼭 염두에 두시길 바랍니다. 이 앞, 강적 있음 그러므로 엉덩이의 시간이다",5,23,True,Recommended,78848,1580997448
다크 소울3,다 좋은데 키보드 조작법좀 알려주라,5,44,True,Recommended,1907,1569998937
다크 소울3,인두로 지짐당하면 진짜 화납니다 이런 씨,5,7,True,Recommended,1774,1567927388
다크 소울3,이거 하나만 기억하자 세이브파일은 꼭 자주 백업하시길 130시간이 날라가서 멘탈이 터져버린 닼린이,5,19,True,Recommended,13412,1565775820
다크 소울3,Git gut casuls,5,14,True,Recommended,12911,1559550945
다크 소울3,"남들이 말한 것처럼 극악의 난이도는 아니다. 잘 구르고 피하면 깰 수는 있다. 게임을 하면서 길 헤매고 계속 죽으면, 내 고통에 무슨 의미가 있나 싶지만, 다른 어떤 게임보다보스를 죽일 수 있을 것 같음 과 내가 죽을 것 같다는 경계가 아슬아슬해 한 명 마리 의 보스를 깼을 때의 성취감이 이루 말할 수 없고 묘하게 심장 뛰면서 희열감 느껴진다. 어둠고 습한, 빛이라곤 하나도 없는 배경을 뚫고 나아가면 간간히 보여주는 그 태양빛을 무심코 감상하며, 아름답다고 생각하게 되는 갓겜.",5,20,True,Recommended,9439,1554294361
다크 소울3,어렵다는 이름에 묻혀버린 갓겜. 신규 유입이 안되는게 매우 안타깝다. 보스를 격파 하기 위하여 여러가지 고민을 하게 되는것이 참 재미있다. PVE PVP 시스템이 모두 출중하며 공격 방어 회피를 적극적으로 활용하여 질리지 않고 오랫동안 천천히 즐길수 있는 게임이다. 근데 고회차에선 어중간한 무기로는 얄짤 없음 뉴비 학살자 있음 처신 잘 하라고,5,39,True,Recommended,21974,1549380381
다크 소울3,이 게임 완전 쉬워요 한번 해봐요,5,10,True,Recommended,15177,1549368949
다크 소울3,보스가 제일 호구인 게임,5,9,True,Recommended,6315,1537772002
다크 소울3,이 게임을 하면서 내가 얼마나 하찮고 게임에 재능이 없다는걸 깨달았다.. 키보드 마우스로도 플레이 가능하지만 기본 패드용으로 나온 게임이라 그런지 모든 튜토리얼 설명이나 인터페이스가 패드 버튼으로 나와서 즉각 반응을 못하고 1초정도 고민하고 뒤늦게 키를 누른다.. 원래부터 지옥같은 게임을 내 낮은 지능으로 더욱 헬오브지옥 수준의 난이도로 높인 기분이다.. 구르기를 자꾸 시프트나 W로 연타하고 아껴야하는 상황에 잘못눌러서 에스트 쳐먹고 .. 덕분에 군다만 잡는데 4시간이 걸렸다.. 그리고 그렇게 어렵게 군다 잡고 모은 소울을 빤쮸보이 벌거숭이 야쓰오한테 다 털렸다.. 복수할거야..빤쮸보이..,5,0,True,Recommended,2439,1530463059
다크 소울3,제발 클라우드 좀 해놔라,5,96,True,Recommended,35472,1528116008
다크 소울3,내 900시간 뺏김,5,13,True,Recommended,56256,1525322662
다크 소울3,"재의귀인, 아직 제 목소리가 들리시나요",5,10,True,Recommended,33730,1521120937
다크 소울3,정말로 제 인생게임이였습니다. 추천은 하지않습니다. 길 개더럽고 불친절하고 어디로가야할지도 모르고 툭하면 떨어지고 욕나옵니다. 잔몹 마저 기본 패턴 5개 이상씩은 다 가지고있습니다. 당신이 왼베기 오른베기 할동안 뒤로 덤블링하고 전방으로 4연타하고 왼쪽으로 꺾을까 말까 심리전좀 걸어줬다가 순간이동해서 갑자기 앞에 나타납니다. 잔몹이 이정돈대 보스가 쉽겠습니까? 그런대 20 30 번 죽어가면서 보스를 쓰러뜨렸을때의 성취감과 희열은 이 게임이 무슨 게임인지 확실하게 알려줄겁니다. 지금까지 살아오면서 게임가지고 이렇게 기뻐했던적이 있었나 싶을정도로 그 성취감은 정말로 보장된다고 생각합니다. 정말 재밌었고 보스 졸라 간지납니다.,5,33,True,Recommended,29543,1520138705
다크 소울3,"설리반 5트 무희 2트 u 무명왕 7트 u 쌍왕자 11트 b 심연의 감시자 38트?? b b 데몬의 노왕 26트???? b 사람들이 어렵다고 하는 보스들보다 쉽다고 하는 보스들이 더 어려웠다. 사실상 평가는 맨 밑에있고 중간은 일기다. 평가만 볼거면 밑으로 쭉 내려버리길. 어려운 게임을 참 좋아하는 나로써는 다크 소울 이라는 게임시리즈를 못 들을수가 없었다. 무명왕의 악명높음은 다크소울이 관련된 어느곳이서든 들려왔고, 인맥들이 하나둘씩 사서 하는 모습을 보고.. 갑자기 삘이 팍 와서 바로 사버렸다. 군다를 3트를 하면서 지나가며 달인에게 8트를 하는등.. 보스들의 트라이수를 전부 기록하면서 전진했다. 패턴 공략따위는 보지 않았고, 보스가 어느정도 남았는지, 어느 순서로 잡아야하는지, 가려면 어떻게 가야하는지 정도만 알아봤다. 막거나, 구르고, 무기를 쳐낸다. 아니면 맞기전에 때리거나. 자신을 보호하는 수단은 사실상 이 4개밖에 없는데. 적들이 이 4가지를 봉인시키려고 애쓰고, 또한 그렇게 봉인시키기 위해 제작자들이 애쓴 흔적이 보여서 플레이하면서도 웃음이 나왔다. 결국 나는 36시간만에 최종보스를 제외한 모든 보스를 잡아버렸고, 옵션칸 플레이어 프로필 시간에 35 49 17 이라고 써져있었다 이 평가를 남긴후에 최종보스를 잡으러 갈 생각이다. 평가 브금이던 그래픽이던 하나도 빠짐없이 모두 훌륭하고, 몬스터나 보스의 개성이 확실하게 드러난다. 보스의 패턴들도 이렇게만 피해라 하는게 딱 보여서 패턴 자체의 섬세함도 뛰어나다. 필드 자체의 구성도 훌륭해서 가는길마다 감탄사가 나온다. 나처럼 어려운 게임을 좋아하고, 멘탈에 금가면서 욕해가며 겜하는게 좋은 사람들은 무조건 살것. 근데 이게임 사실 엄청 쉬워요 유치원생도 깹니.....그걸 믿음? 군다킥!!",5,10,True,Recommended,2657,1514807189
다크 소울3,초반에 무슨 임무같은것도 없고 맵이 하나 열리길래 들어갔더니 이쪽으로 가면 막혀있고 저쪽으로 가도 막혀있으니.. 너한대 나한데 하면서 전진했더니 갑자기 왠 삐까뻔쩍한 기사가 한놈와가지고는 너한대 나 여섯대를 시전한다. 어찌어찌 보스방까지 갔더니 어마어마한 크기와 압박감에 YOU DIED를 반복하고 싸발 영혼들은 가져가지도못한다 4000소울 힘들게 모았는데 기사가 6연콤보로 조지면 진짜 한숨만 나온다 그리고 돌려깎기? 아 그거 기사주위로 구르니 기사가 돌려깎더군요? 기사 기사 기사... 회복할 틈도 주지않아... 그 망할 방패... 방패 뚫으면 공격할 스테미나도 없다.. 그 싸발 기사...... 끝까지 따라와서 찔러넣는다... 내방패는 막아도 스테미나가 거의 절반이 깎인다... 소울을 모으고싶어도 기사에게 죽고 또죽으면 순식간에 사라진다... 4시간했는데 이렇다니.. 앞으로가 정말 기대된다 하지만 어쩌겟는가. 이건 다크소울이다 그딴 추잡한것들에게 강간당할예상은 충분히 했다! 오늘은 누구에게 강간당할까 촉수물일까 수인물일까 생각하며 닼린이는 이몸으로 기쁘게 받아드리겟습니다... 하악.. 좀더..!!!,5,2,True,Recommended,8310,1514331257
다크 소울3,게임을 시작하면 기본 3시간 이상 하시는 분에게 권장합니다.게임이 컨트롤 조차 상당히 어려운데 맵까지 이리저리 꼬여있어서 저 같이 끽해봐야 1 2시간 조금씩 하는 라이트 유저들에겐 권유하기 어려운 작품입니다.,5,23,False,Not Recommended,2555,1513930229
다크 소울3,너 요즘 재의 심판자처럼 군다?,5,1,True,Recommended,14537,1513771968
다크 소울3,"h1 갓겜 그 자체 h1 나무소울,인방소울러들이 어렵다는 이미지를 주입시켜서 정말 심하게 고민했는데 하지만 그건 안해봤기에 또는 토렌트 정품 에디숀으로 조금만 해서 그런 소리가 나온다는걸 느끼게 됩니다. 처음 로스릭의 높은 벽을 지날때 용부터 디테일에 놀라기보다 가면 죽을까가 먼저였고 볼드한테 겁을 먹어서 에스트를 먹다가 다떨어지면 돌진에 죽었지만 죽어도 정말 재밌었습니다. 그리고 처음에는 맵디자인이 평범해 보일수도 있지만 팔란의 늙은늑대,이루실만 가더라도 잘못 생각한거라고 생각하게 됩니다. 스토리도 괜찮은 편이나 세세하게 스토리텔링을 하지않고 아이템의 설명이나 캐릭터의 대사 심지어 더미파일을 통해서 스토리를 유추하는 사람들도 있습니다. 뭐 저는 보는입장이니 그저 좋지요. 이런 스토리텔링의 방식때문엔지 싫어하는분도 있겠지만 사람들의 유추를 보며 입맛 ? 에 맞게 스토리를 판단하는게 저는 괜찮게 느껴졌습니다. 노래는 뭐 퍄.... 그냥 싸버렸다....",5,19,True,Recommended,22144,1508832116
다크 소울3,어렵다는데 해보고 말해라 재밌고 어렵다 ...,5,17,True,Recommended,14653,1506137109
다크 소울3,첫 패드 산 기념으로 다크소울3를 해보았지만 패드에 익숙치 않은 채 이 게임을 하는건 그닥 좋은 선택이 아니였어.. 으흐흑 힘들어요,5,9,True,Recommended,12842,1493405917
다크 소울3,오늘도 재의 빌런의 모험은 계속된다,5,15,True,Recommended,18627,1491647644
다크 소울3,"이 앞, 여자 있다 즉, 엉덩이 만세! 제스쳐 뛰어오르며 환희",5,6,True,Recommended,9015,1485528490
다크 소울3,다크소울 시리즈랑 블러드본 안한 뇌 삽니다.,5,14,True,Recommended,5461,1480038589
다크 소울3,"다크소울 시리즈를 안해보다 이번에 키보드와 마우스로 시작한 유저입니다. 2주? 안되서 레벨 100찍고 엔딩봤네요. 처음에는 조작감도 그지같고 키설정이니 뭐니 그냥 막연하고 답답했는데, 게임을 하면 할 수록 컨트롤이 익숙해지고, 게임에 빠져드는게.. 멈출수가 없더군요. 이 게임 덕분에 지세운 밤이 몇번인지.. 게임엔딩을 보고나서 시리즈들 마다의 스토리글 을 따로 읽어보니 크.. 세계관도 엄청나더군요. 설정 자체도 흥미로웠고 제가 플레이했던 다크소울3에서의 이해 되지 않았던 여러가지 것들이 이해가 되기 시작하면서 이 게임에 완전히 매료 되어버렸습니다. 난이도가 문제일 때는 영체를 부르면 돼서 게임을 하는데에 지장이 있진 않더군요. 다음에 일주일 정도 시간이 되면 2회차 게임을 즐겨야겠습니다 ... 태양만세!! pvp존꿀잼!",5,20,True,Recommended,6863,1471425683
다크 소울3,유다희 씨와의 지속된 만남... 가끔 패드를 던지기도 햇지만... 패드야 못난 주인이 지켜주지 못해서 미안해... 역시 소울시리즈 답게 보스전 끝낫을때의 쾌감이.....하앜하앜... 제 점수는요... 11 10,5,3,True,Recommended,4322,1463048730
다크 소울3,제가 컨트롤이 고자인거 같은데 첫보스 45분만에 잡았습니다 어찌어찌 진행해서 두번째 보스 까지 왔는데 또 그건 어케 잡을지 대략 난감이네요 엄청나게 어려운데요 재밌습니다 엄청나게 죽는데요 재밌습니다 rpg게임 좋아하시는 분들은 한번 사서 해보시면 후회안하실 것 같습니다,5,6,True,Recommended,2524,1462069206
다크 소울3,게임 잘만든거 같지만 나같은 개븅신새끼에게 넘나 어려워서 환불신청함 게임 잘못만든게 아냐 내 손이 좆병신인거지,5,5,True,Recommended,19,1461053031
다크 소울3,"초반엔 할만했다고 방심한 플레이어를 중반부터 뒤통수치는게임 전작들과 마찬가지로 이 시리즈 좋아하시는 분들에겐 매우 재밌을 것이다 OST, 배경, 최적화 전투기술 밸런스 직검 OP, FP 좀 븅신같음 , 특정 구간의 프레임드랍",5,16,True,Recommended,25916,1461044478
다크 소울3,좆같은게임 좆나 좆같게만들어놨네 사지마셈 시발 시발것,5,1,False,Not Recommended,3906,1460425363
다크 소울3,구르고 떄리고 구르고 때리고 재밌습니다 현실에서도 뭔가 행동할때 구르고 해보세요 도파민이 나옵니다 그래도 자주 죽으면 상심이 큽니다 상심이 큰만큼 이겨냈을땐 그만큼 좋다는 사람들이 있는데 그건 성향 차이인것같습니다 저는 약간 좋습니다 이상입니다,4,17,True,Recommended,8556,1714804641
다크 소울3,짜증남,4,14,False,Not Recommended,1754,1691403944
다크 소울3,발컨도 깰 수 있습니다! 1회차 엔딩 보는데 걸린시간 72시간! 와! 혜자다!,4,3,True,Recommended,4323,1686585804
다크 소울3,끈기와 노오력만 있다면 뭐든 할 수 있다는 걸 가르쳐주다 못해 대가리에 쑤셔박아주는 게임,4,6,True,Recommended,10179,1667200496
다크 소울3,꽃이 지고서야 알았다. 그립다 너란게임이,4,40,True,Recommended,505763,1652595535
다크 소울3,"뭐, 말해서 뭐하겠는가. 다크소울1, 다크소울2를 지나서 프롬을 최고의 반열에 놓아준 작품이다. 프롬식 스토리설정은 항상 뇌내망상을 가동 하게하고, 끝내주는 BGM은 항상 유튜브 동영상 오프라인 저장목록에 올라가있으며, 게임성은 소울류 라는 카테고리가 생길정도로 끝내주는 게임성을 가지고 있다. 나는 프롬겜 입문을 다크소울3로 해서 그런지 더욱 애착이 간다. 내 인생의 600시간을 다크소울3에 갈아 넣어도 참 아깝지가 않다. 처음 1회차 돌때는 암령들이 무서워서 청령만 목빠지게 기다렸는데 항상 도와주러 안와서 개빡쳤었는데.. 이제 엘든링이 나오니까 다크소울3도 점점 고리의 도시처럼 뭍히겠지만 엘든링 하더라도 난 다크소울 3는 여전히 할것 같다. 내가 살아온 인생에서 한 작품만 뽑으라고 한다면 단연코 다크소울3 뽑지 않을까 싶다. 재는 언제나 불을 바라며 화톳불 주변을 배회한다.",4,24,True,Recommended,42285,1640692307
다크 소울3,아 이력서에 한줄 추가했다,4,14,True,Recommended,5693,1634647018
다크 소울3,살려줘요,4,17,True,Recommended,1703,1633496652
다크 소울3,미야자키 대머리,4,34,True,Recommended,30990,1633427077
다크 소울3,뭔데 최종보스보다 잡몹이 다구리치는게 더 빡세냐 겁나 허무하네,4,11,True,Recommended,2774,1631000575
다크 소울3,찍먹 조금 했는데 재밌네요,4,2,True,Recommended,37489,1628608410
다크 소울3,지도내놔,4,9,True,Recommended,2021,1624810779
다크 소울3,그냥 하시면 됩니다.,4,16,True,Recommended,16311,1623058101
다크 소울3,군다 씨발 개 같은새끼,4,2,False,Not Recommended,475,1613564240
다크 소울3,만약에 당신이 심심하거나 할것이 없을때 이 게임을 한다면 여러분은 충분히 즐길수 없습니다 이 게임은 당신이 기쁘면 슬프게 만들어주고 슬프면 화나게 만들어주고 화나면 기쁘게 만들어 주는 게임입니다 그리고 명심하세요 당신을 도와줄려는 사람중 70퍼는 변태일가능성이 매우 높습니다 이거는 가능성일 뿐 무조건 그렇다라고 정의할 수없습니다 만약에 그 사람이 당신의 실친이라면 하루빨리 손절 하시길 바랍니다 만약에 그 친구가 성직자를 맨 처음에 했다고 하고 지금 14회차라고 하면 그 누구보다 빠르게 손절하시길 바랍니다 그리고 만약에 그 친구가 처음 게임할때 성직자를 추천한다면 그 친구를 뺑소니 혹은 사기죄로 고소하셔도 정당방위입니다 이 게임은 게임이 아닙니다 감정조절 장치로 만약에 여러분이 저혈압 이시라면 이 게임을 추천합니다 대신 고혈합이 생길수 있습니다 여러분이 만약 공략이 필요하다면 갤러리같은곳에 묻지 마시고 리뷰도 보지 마시고 유튜브에 공략영상만 쳐서 대충 대강 이렇다만 알고 께시면 됩니다. 이 게임은 여러분의 정신건강을 헤칠수 있습니다 게임은 질병이 아니지만 이 게임은 질병입니다. 이 게임을 하실생각이라면 세일할때 사시고 이 게임이 세일한다면 그돈으로 치킨 한마리 맛있게 사 드시길 바랍니다,4,4,False,Not Recommended,1653,1611210196
다크 소울3,? ? ? ?,4,8,True,Recommended,26318,1610671513
다크 소울3,"8회차까지 깬 시점에서 쓰는 주관적인 리뷰 장점 진입장벽이 높은 만큼 한 번 빠지면 멈출 수 없다. 몬스터들이 매력있다. 보스몬스터부터 일반 잡몹까지 전부 매력있게 느껴졌다. npc역시 매력있는 캐릭터들이 많다. 캐릭터들과 연관된 이벤트를 보는 맛이 있다. 꿈도 희망도 없는 세계관이다 보니 분위기 자체가 암울하다. 어두운 분위기를 좋아하는 사람에겐 취향저격 포인트. 플레이어의 도전의식을 자극한다. 1회차때 좆밥이었던 보스가 8회차때 존나 어려울 수도 있다. 다르게 말하면 1회차때 존나 쎘던 보스가 8회차때는 좆밥일 수도 있다. 예를 들어 무띵왕 시간이 지나면 지날 수록 능숙해지는 자신의 실력에 만족감을 느낄 수도 있다. 그와 동시에 재미가 충족 된다. 플레이어를 극한의 상황으로 계속해서 몰아 넣어 도전하게 만든다. 자신의 한계를 뛰어넘는 느낌을 경험한 순간 당신은 중독되어 있을 것이다. 캐릭터를 자신이 원하는 방식대로 키울 수 있다. 운용방법은 무궁무진하며 방패를 든 전사로도, 구르기를 사용하는 도적으로도 키울 수 있다. 아니면 마법사나 성직자로도 문제없다. 그런 고로, 다양한 컨셉플레이를 할 수 있다는 점은 상당히 매력적이다. 침입 이라는 컨텐츠가 있어 오프라인게임인줄 알았던 게임이 온라인게임으로 변모한다. 실제 플레이어인 상대가 자신을 죽이러오는데 이것 자체가 상당히 매력적이다. 청령이라는 동료를 소환해서 침입자들과 전투를 벌이는 것은 다른 게임에서 느껴보지 못한 신선한 재미였다. pvp가 재미있다. 앞서 말한 침입도 pvp의 일부이지만 투기장이 따로 존재한다. 승리를 따냈을 때 쾌감이 오진다. 기존 유저들이 닼린이를 사랑한다. 이건 워낙 유명해서... 필자 역시도 1회차 때 칩입해서 날 죽이러온 암령이 내가 닼린이인것을 눈치 채고 잔불 50개를 던져두고 사라진 기억이 있다. 양파처럼 까도 까도 뭔가가 있다. 1회차때 보이지 않던 것들이 2회차때는 보이기 시작하고, 3회차때와 4회차, 5회차의 풍경이 다르게 느껴진다. 그러니까 게임이 질리지 않는다. 이는 엄청난 매력 포인트. 단점 사실 이 게임의 큰 단점은 두 가지뿐이다. 나머지는 자잘한 단점이라고 생각 게임이 어렵다. 그리고 불친절하다. 소울라이크 종류 게임을 한 번 경험해본 사람들은 나름 쉽게 느낄 수도 있지만 변변찮은 액션 게임 하나 안해본 사람이 이 게임을 처음 시작한다면 지옥을 맞볼 것이다. 그래도 군다만 잡을 수 있으면 끝까지 갈 수 있다. 끈기가 없다면 이 게임을 플레이 할 수 없다. 운이 없다면 혹은 실력이 부족하다면 한 보스에게 100번이상 죽는것 도 감수해야한다. 아무리 도전의식을 자극한다지만 한 보스에게 100번이상 죽으면 사람인 이상 마음이 꺾이기 마련이다. 덕분에 게임을 할 때 정신적으로 상당히 고통스럽다. 지도가 없다는 것은 이 게임을 처음하는 사람을 지옥으로 내몬다. 가는 길에 무슨 몬스터가 있고 무슨 함정이 있는 지 알 수가 없다보니 플레이어는 항상 정신을 바짝 차려야 한다. 이로 인해 스트레스와 혈압이 증가한다. 이 게임에는 난이도 패치 따위는 없다. 다른 게임들 처럼 설정에서 난이도를 쉬움으로 바꿀 수는 없다. 오히려 게임을 하면 할 수록 난이도는 급상승한다. 이 게임에서 잡몹은 잡몹이 아니다. 잡몹 딜이 상상을 초월한다. 6,7회차 쯤 넘어가면 잡몹 평타 몇대 맞으면 무지개 다리를 건너게 된다. 그리고 보스가 존나 쎄다. 1회차 기준으로 군다를 20번 넘게 트라이 했던 나는 무명왕 때 정말 깊은 빡침을 느끼고 말았다. 회차가 넘어가면 넘어갈 수록 보스와 잡몹들은 강해지는데 자신의 캐릭터는 강해지는 데 한계가 있다. 재의 귀인 캐릭터 는 레벨업을 하면 강해지기는 강해지는데 렙업을 했을 때 폭이 1이라면 적들은 1회차당 무슨 100씩 강해지는 기분이다. 결국 이를 극복하기 위해서는 자신의 손가락이 강해지는 수밖에 없다. 스토리의 설명이 매우 불친절하다. 이 게임 자체가 플레이어에게 굉장히 불친절할 게임이지만 솔직히 말해서 스토리를 제대로 이해하기가 너무 힘들게 설계되어 있다. 다만, 이 부분은 다크 소울 시리즈의 전통이기에 호불호가 갈릴 뿐 납득이 안가는 수준은 아니다. 나 역시도 크게 상관하지는 않았다. 게임에 고인물이 많다. 온라인 매칭을 끄고 pve만 할거라면 상관이 없지만 pvp에 입문해보려 한다면 극악무도한 승률을 경험해야 한다. 200시간은 이제 뉴비타이틀을 겨우 달 정도인 이 게임은 1000시간은 가뿐히 넘긴 망자들이 널려있다. 10번 싸우면 1번도 못이길 수도 있다는 것이다. 침입해오는 암령들 역시 원효대사 해골물들이여서 자신이 pvp에 관심이 없거나 좀 더 쉬운 게임 플레이를 즐기고 싶다면 오프라인 상태에서 게임을 하도록 하자. 하지만 추천하지 않는다. 암령에게 죽는 것 역시 컨텐츠의 일부이기 때문. 키보드로 게임을 하는 플레이어는 인터넷에서 키보드 세팅을 잘 읽어보고 그대로 세팅을 한 후 시작하자. 게임의 설명이 전부 패드 기준으로 되어 있어서 키보드로 플레이어하는 유저들은 당황 할 수 있다. 이런 장단점을 가지고 있는 게임이지만 반드시 해봐야 하는 게임이다. 게임이 어렵다는 것을 제외하고 사실상 단점은 없다고 해도 좋으니 믿고 플레이해보자. 난 정가로 샀지만 그 돈이 아깝다고 생각한 적이 한 번도 없다. 요즘은 세일도 많이 하니 세일뜨면 바로 지르자. 존나 갓겜이니까.",4,28,True,Recommended,15872,1601522122
다크 소울3,환불수호자,4,9,True,Recommended,24252,1599059799
다크 소울3,6회차 중 관심이 있다면 한번쯤은 꼭 플레이 해보는것을 추천함 환불의 군다를 넘어가고 회차를 지나갈때마다 얻는 성취감과 진행할수록 알아가는 진또배기는 필드몹이란 것을 알 수 있음 이앞 환불 있다 그러므로 태양만세!!!!,4,16,True,Recommended,19560,1591879728
다크 소울3,어쩌다가 시작한 게임 이지만 어렵다는 말과는 다르게 쉽고재미있었다 스팀 아이디가있다면 무조건 즐겨야되는게임.,4,13,True,Recommended,6420,1582714440
다크 소울3,tlqkf 갓겜,4,12,True,Recommended,13429,1582631808
다크 소울3,"뉴비들을 위한 팁 1. 직업은 성직자가 좋다. 메이스라는 둔기로 적을 후려치면서 높은 데미지를 주고, 회복스킬이 있어서 체력 관리하기도 편합니다. 2. 빨간 표식은 소환하는 것이 좋다. 둥글게 피로 된 표식이 아닌, 소환사인이 있는데, 그중 빨간 사인은 여러분들을 도와주기 위한 플레이어들입니다. 안심하고 소환하세요 3. 장비 중량은 70 이상으로 맞출 것. 장비 중량이라는게 있는데, 장비를 많이 착용할 수록 받는 데미지가 감소합니다 그러므로, 장비 중량은 항상 70 가 되도록 하는 것이 플레이 하기에 편할 것 입니다. 4. NPC들은 모두 죽이는 게 좋다. 대화 가능한 NPC들을 죽일경우, 소울을 줍니다. 이 소울은 여러분들이 레벨업을 하는데 필요한 경험치이자, 화폐같은 개념이니, 많을 수록 좋겠죠? 그러므로, NPC들을 죽이시면 플레이하는 데에 도움이 될 것입니다.",4,5,True,Recommended,27625,1580055066
다크 소울3,"설 할인기간이므로 적어도 몇몇의 유입될 뉴비들을 위해 적어봄 다크소울3에 경우 편리한 화톳불과 정직하고 친절한 몬스터들, 다소 별나면서도 정이가는 npc들, 화방녀, 뉴비들을 탐하고 경쟁하는자, 뉴비는 상관없이 수문장및 제초기를 당담하는자들, 불의 세계에서의 계약에 충실한자들등등 수많은 것들이 한곳에 모여 공존합니다. 그러니 두려워 마십시오. 설령 고인물의 도움이 없다해도 충분히 클리어하고도 남습니다. 겉만 번지르르한 엘리트몬스터들에게도 속지마십시오. 세상모든 뉴비의 앞길에 태양이 있으라!! Long may the sun shine!! T",4,5,True,Recommended,30528,1579845551
다크 소울3,시발 존나 매운데 먹고나서 존나 중독되서 다시 하게 됨. 근데 슬슬 맛에 적응하게되면 조금 애매해지는 게임 . 그러니 뽕 최대한 뽑아내자,4,8,True,Recommended,14556,1577598899
다크 소울3,와!,4,6,True,Recommended,5296,1576511275
다크 소울3,유저 엿 먹이는 게임인데 유저에게 교훈을 주는 게임,4,11,True,Recommended,6079,1573792901
다크 소울3,일단 분위기 소울 3이라 불릴만큼 고딕적이고 어두운 분위기에 묵직묵직한 모션으로 적들을 썰어먹는 액션 RPG게임입니다 문제는 적들만큼 님들도 썰리는게 문제죠 일단 걱정말고 구입하신 뒤에 군다까지만 진행해보면 님이 이 게임에 적합한지 아닌지 군다가 알아서 판단해줄겁니다,4,22,True,Recommended,21246,1573644430
다크 소울3,아니 첫보스부터 난이도가 지랄이야,4,11,True,Recommended,249,1564656773
다크 소울3,진짜 dlc 끝까지 다 깨본사람만 아는 쾌감이 있다 이건 갓겜,4,16,True,Recommended,18665,1561129997
다크 소울3,씹좆같은 고인물겜 나온지 오래돼서 어쩔수 없다 쳐도 개 씨벌 서약템 모으는데 좆같은 고인물 새끼들이랑 DLC랑 초반맵에서 처 나오는 애미뒤진 씹년들이 개씹좆같다 근근웹 좆같은 천옷여캐새끼들 진짜 아무튼 이껨 할 새끼들은 오프라인모드로 하던가 잔불 복지받아서 애니프사새끼들 전부 차단하고 하는걸 추천한다 좆같은새끼들이 전부 애니프사는 아니지만 애니프사는 전부 개씹좆쓰레기같은 새끼들밖에 없다 이것은 과학이다,4,4,False,Not Recommended,11873,1554744512
다크 소울3,내 인생을 망가트리는 수준으로 재밌음,4,2,True,Recommended,81430,1553439912
다크 소울3,내시간 어디감?,4,11,True,Recommended,6128,1552120817
다크 소울3,"명작이라고 해서 해봤는데.. 저에게는 잘 안맞는 것 같습니다. 너무 길찾기가 힘들고, 재미를 많이 느끼지 못하겠네요 .. 흙손의 한계인가 ...",4,10,False,Not Recommended,87,1541254896
다크 소울3,갓겜 항상 롤이나 메이플 같은 게임만 하다가 진짜 갓겜을 보았습니다... 감사합니다..,4,16,True,Recommended,20807,1538447101
다크 소울3,말이 필요한가 태양만세! T,4,4,True,Recommended,41876,1537573900
다크 소울3,여친없을때 데이트하기 딱좋은게임,4,1,True,Recommended,13968,1530009791
다크 소울3,절대 후회하지 않을 갓겜,4,10,True,Recommended,6944,1527398112
다크 소울3,"아직 많이는 안했는데, 재밌네요!",4,2,True,Recommended,40039,1524201618
다크 소울3,"사람들은 이 게임을 극악의 난이도 때문에 유명한 게임이라고 알고 있지만, 이 게임은 단순히 어렵기만 한 게임이 아니야. 그 어려움 속에 녹아있는 이야기를 잘 들어봐. 아, 물론 무슨 이야기를 하는지 이해하기 힘들거야. 심지어 스토리텔링도 어렵게 구성해 놨어, 얘네 들이 만든 모든 게임이 그래. 내가 느낀 다크소울이라는 게임은 1. 정말 아름답게 우울한 배경음악 2. 게임의 끝이 비극이라는 점을 환상적으로 표현한 게임 속 분위기 3. 어려워서 막막하기만 나의 심정 이 세 가지 요소가 버무려져서 넌 정말 긴장하면 이 게임을 하게 될 거야. 매 보스보스 마다 정말 짜증나게 어렵겠지만 그 순간을 음미해 보라구. 한 가지 팁을 주자면 1회 차는 누구의 도움도 받지 말고, 어떤 NPC의 도움도 받지 말고 혼자 극복해 봐. 인생 뭐 혼자 왔다 혼자 가는 거 아니겠어?",4,18,True,Recommended,28364,1522936783
다크 소울3,썅,4,12,True,Recommended,3242,1520784225
다크 소울3,변태가되가고있는 느낌이다.,4,5,True,Recommended,9886,1519358017
다크 소울3,"어려운 게임으로 악명 높은 다크소울, 그 세번째 작품. 쓸데없는 두려움 때문에 나는 왜 이 갓게임을 이렇게 늦게 시작하였을까? 싸우고 살아 남는 법을 익혀감에 따라 재미가 붙는 속도가 굉장히 빠르다. 또한, 단순히 장비와 스탯투자에 의한 캐릭터의 성장이 아닌 플레이어 스스로가 점점 잘 하게 되는 게임. 친구들과 코옵하려고 사 놓고서는 지금은 혼자서 너무 재밌게 즐기고 있다. 물론 몇몇 굉장히 힘든 보스전이 싸울 의지를 꺾어 버릴수도 있으나, 그 피말리는 전투 끝에 보스를 쓰러뜨리는데 성공한다면 지금까지의 모든 고통을 보상이라도 해주 듯 말로 못할 만족감을 얻을 수 있다... 그리고, 그 모든 고통을 감내하는 것이야 말로 진정한 다크소울 유저의 마음가짐 아니겠는가?",4,34,True,Recommended,30230,1511174715
다크 소울3,다크소울에 더이상 무슨 말이 필요하겠습니까. 아시잖아요 다들. 오늘도 유다희 솔직히 처음 시작할 때 제가 이 게임을 이렇게 오래하게 될 줄은 몰랐습니다. 다들 어렵다고 혀를 내두르는 게임이니까 좀만 하다가 포기하고 안 하겠지... 하지만 이 게임에는 묘한 마력이 있습니다. 어렵지만 어? 한 번만 다시 하면 깰 수 있겠는데? 하는 도전의식을 불러일으킵니다. 이 게임이 단지 어렵다는 이유로 아직도 플레이를 망설이시나요? 일단 한 번 해보세요. 며칠 후 멋진 의상을 입고 다양한 무기들로 적들과 놀다가 유다희양과 데이트를 하고 있는 자신의 모습을 발견할 겁니다. 주의 3인칭 시점의 게임에 멀미를 느낀다면 플레이가 힘들 수 있습니다. 친절한 스토리텔링과 인터페이스를 기대하지 마세요. 다크소울입니다. 그 누구도 친절하지 않아요. 실수는 실패가 아닙니다. 다시 도전하세요.,4,20,True,Recommended,5113,1508210817
다크 소울3,이겜을 하면 자기멘탈 수준이 어느정도인지 확인이 가능함,4,37,True,Recommended,5292,1503389485
다크 소울3,"이 앞, 제스처 유효. 그리고 태양 만세!",4,8,True,Recommended,41511,1474792515
다크 소울3,"여느 다크소울 시리즈와 마찬가지로 pvp를 제외한다면 1회차에서 가장 재미있게 진행을 해볼 수 있었어요. 3회차까지 하면서 워닐의 경우 이젠 그냥 팔찌 쾅쾅 때려 부수면 40초 ? 도 안되서 산화하는걸 볼 수 있는데 1회차를 할 땐 묘지기까지 소환하는걸 보면서 쫄깃쫄깃하게 겨우겨우 잡았었어요. 지크벨트 보고 크으 워닐 잡고 이루실 나올 때 크으으 아노르 론도 나올 때 크으으으 포로의 탑 가는 투명길 발견했을 때 크으으으응으으으으으으으앙 ! 1편의 추억이 새록새록 떠오르면서, 길을 헤메고 삽질하는 과정 자체가 다크소울 시리즈의 묘미라고 생각해요. 이번 학기에 조별과제를 많이 해서 그런지, 멀티를 하려고 하면 속이 울렁거려서 공물은 그냥 오프라인으로 노가다 했습니다 시발 . 좀 아쉬웠던 점은 가끔 나오는 10m도 안된다는 생각이 드는 거리에 있는 화톳불이라든가... 암월의 검 매칭은 좀 너무한거 아닌가라든가... 유리아를 보려면 공짜 렙업 5번을 해야된다든가 1회차때 멋도 모르고 찬탈자 엔딩을 봄 ... 회차 재시작 전에 npc들 죽이는게 너무 슬프다든가 ... 앙리 라든가 ... 패치 인성 시발... 등등 무튼 재밌게 할 수 있었어요. 카를라 넘나 귀엽고, 화방녀 인사 받아주는거 너무 귀엽고, 이리나 만지작만지작 귀엽고, 양파 파오후도 귀엽고, 월광대검이랑 결혼하고 싶은 게임이었습니다. 도전과제 100퍼도 했으니 이제 멀티 하면서 월광대검이랑 더 친해져야겠어요.",4,7,True,Recommended,30472,1468983285
다크 소울3,갓겜은 영원히 갓갓갓겜이다.,4,2,True,Recommended,16503,1462072733
다크 소울3,적이있다! 옆으로 도망을갔다! 근데 또 옆에 적이있다! 구른다! 근데 또 구른쪽에 적이있다! 안해!! 빌어먹을!! 그리고 등짝!! 등짝을보자!! 이런 게임입니다..,4,2,True,Recommended,2652,1461244453
다크 소울3,심리학 게임입니다. 처음에 암령에게 당했을 땐 이 싸이코패스들은 왜 남의 게임에 침범해서 사람을 죽이고 희열을 느끼나 했었는데 막상 침입해서 호스트를 죽이고 그 쾌감을 알게 되었습니다. 싸이코는 싸이코끼리 통하죠. 그리고 보스전보다 잡몹 3마리 동시 상대가 더 힘든 게임...,4,5,True,Recommended,24576,1461241276
다크 소울3,다크 소울3 기존 유저 할인혜택 공식 한글화 100 완료 디럭스에디션구매시 시즌패스 무료증정 태생10종 새로운 적 45종 새로운 적 45종 새로운 무기 100개 청소년캐주얼연애시뮬레이션 시즌패스! 즉시이동,4,7,True,Recommended,11545,1460635638
다크 소울3,아니 길 찾기 너무 어려워서 공략 보면서 꾸역꾸역 진행했는데 다시 하려고 켜보니 세이브 파일이 날아갔네요.. 스팀 클라우드 백업 미지원이라니 이런 경우는 처음입니다 이번엔 공략 없이 해봅니다,3,14,True,Recommended,2410,1749249363
다크 소울3,"현 시점에서 다크소울3의 구매를 고려하는 사람이라면, 대부분의 경우 이 두 가지 유형으로 나눌 수 있다고 생각함 1. 엘든링을 매우매우 재밌게 플레이 했거나 2. 소울류 자체에 관심이 생겨서 알아봤더니 다크소울3를 입문작으로 추천 받은 경우 난 세키로를 통해 입문했지만 저 두 가지 경우가 훨씬 많을 것이라고 생각함 결론부터 말하면 사지 마세요 세키로를 엔딩 보는데 일주일이 채 걸리지 않았었고, 4회차까지 즐길 만큼 재밌게 했었는데, 이 게임은 9월 초에 시작해 어제 엔딩을 봤음 그만큼 재밌게 즐겼다는 소리가 아닙니다. 스트레스를 너무 받아서 지웠다 깔았다를 반복하고, 리뷰를 수정하기를 여러번 반복하다가 결국 엔딩을 보긴 했음 제일 짜증났던 건, 공략을 보지 않으면 클리어는 그냥 불가능한 수준이었던 것 악랄한 몹 배치, 괴랄한 길 찾기, 계속되는 죽음이 완급조절 없이 게임 내내 지속되는데, 세키로랑 엘든링이 나오기 전엔 이게 다크소울만의 개성이었을지 몰라도, 지금은 아무 이유가 없는 좆같은 불쾌함이라고 생각함 쓸 수 있는 장비도 마법도 많은 만큼 기본적으로 다회차를 고려하고 만들었다는 게 느껴지고, 여러번 플레이하며 점점 게임에 익숙해지는 자신을 바라보는 데에서 희열을 느끼도록 하는 것이 프롬의 의도였겠지만, 처음부터 다회차까지 염두해두는 사람은 없다고 생각함. 심지어 나처럼 세키로로 입문해서 빨리빨리 보스만 베어 넘기고 싶은 사람에겐 재앙이 따로 없었음 물론 세키로에서도 막힐 때마다 공략이나 스런 영상을 보긴 했지만, 이 게임은 하다하다 너무 지쳐서 그냥 영상 틀어놓고 똑같이 따라하면서 깼음. 실제로 혼자 했으면 절대 몰랐을 법한 숨겨진 기믹들도 굉장히 많았고 그럼 필드는 그렇다치고, 보스전은 어떨까? 박진감 넘치고, 도전적이며, 성취감이 들게 하는 보스전이야 말로, 소울류 경험이 없지만 입문하고자 하는 대부분의 사람들의 관심사라고 생각함 그런데 개인적으론 보스전이야말로 JOAT였음 분신을 소환하며 멀리서 레이저만 쏘아대는 똥게이도 있고, 몸집이 쓸데 없이 커서 패턴 파악조차 힘든 경우도 있으며, 내 피지컬과는 아무 상관 없이 그저 경험을 통해 기믹을 파악해야 하거나, 쓸데없이 존나 싸돌아다녀서 락온이 계속 풀리거나 이것 때문에 패드로 하다 때려치고 키마로 넘어감 , 심지어 몸체에 이상한 오브젝트 판정을 가져서 난 분명 때리는데 데미지가 안 들어가는 보스도 있었음 세키로에선 메인보스들은 다 내 실력으로 극복해야 했는데, 이 게임은 나무위키에 나와 있는 10명이 훨씬 넘는 메인보스들 중에 다른 거 신경쓸 것 없이 오롯이 내 실력만으로 잡을 수 있는 보스가 손에 꼽을 정도였음 아무튼 결론은 사지 마세요. 세키로랑 엘든링을 씹뜯맛즐 하고도 소울류에 굶주렸을 때, 근본 소울 게임은 어떤 맛일까? 라는 생각이 팍 들었을 때, 그 때 사야 후회하지 않는다고 생각함. 사실, 그런 경우라면 오히려 기대 이상으로 만족할 수도 있습니다. 분위기만큼은 진짜 잘 뽑힌 게임이기에, 최종보스 잡았을 때의 여운 만큼은 세키로랑 비교가 안 되긴 했거든요 아무튼, 이 모든 요소를 고려하고 게임을 구매하시는 걸 추천합니다",3,10,False,Not Recommended,3617,1727692622
다크 소울3,태양 만세!,3,14,True,Recommended,7337,1709530440
다크 소울3,재밌다 생각보다 쉽다 너도 한번 시도해봐 쫄?,3,5,True,Recommended,272,1708307260
다크 소울3,"난 이걸 왜 하게 됐을까 청국장같은 게임. 지적 허영심에 책을 읽기 시작했다가 진정으로 책읽기를 즐기게 되어 허영심으로 책을 접하는 것도 좋다는 말이 있다. 다른 소울라이크 게임들을 하다가 생긴 다크소울 시리즈에 대한 궁금증, 혹은 내가 게임 많이 한 사람이고 잘하는 사람인데 그 어렵기로 유명한 다크소울도 안해봤잖아? 이정도는 깨야지 같은 일종의 허영심이 나를 이 게임으로 이끌었고 지금은 진정으로 소울 시리즈를 즐기게 되어 프롬 소프트웨어의 다른 게임들도 하게 되었다. 그렇기에 어떤 이유에서건 이 게임을 할지 고민한다면 꼭 해보길 바람. 엄청난 매력이 있는 게임이다 참고로 클라우드 지원안함. 설치제거하면 다시해야됨. 오히려 좋을 수도?",3,5,True,Recommended,15626,1707370011
다크 소울3,1회차 플레이 회고록 저희 정정당당하게 1대1 해요 1대1 하자고 제발 좀 꺼져 굴렀는데? 이걸 왜 맞아 피 좀 채울게요 제발 때리지마세요 으아아아 이건 또 뭐야 나도 좀 때리자 존나 이기적인 새끼야 응 죽여봐 끝까지 가면 내가 다 이겨 너 개 못하잖아 200전 1승 199패 다크소울 맛있네요. 배가 터질것 같은데 아직도 먹을게 많아요... 신난다...,3,6,True,Recommended,2511,1698588722
다크 소울3,"h1 시련을 극복하고 얻어내는 성취감 그 자체 h1 다크소울 3은 수능을 끝마치고 제가 스팀을 처음 시작하던 스팀 초기 시절에 구매했던 게임입니다. 물론 그때는 몰랐죠. 게임이 어렵다고 들었지만 얼마나 어렵겠어? 하고 덤볐던 5년 전의 제가 떠오르네요 환불의 심판자 군다를 만나고 생각보다 금방 깨서 더더욱 그렇게 느꼈던 거 같네요. 아마 이후 길도 잘 못 들어서 고름이랑 자꾸 싸우다가 어떻게 이런 걸 깨....하고 환불하러 갔던 기억이 납니다... 게다가 다크소울 게임 자체의 색감이 어두운데다가 기본적으로 잡몹들이 매우 세죠. 이건 다크소울 1회차를 마무리한 지금도 여전히 똑같이 느끼는 점입니다. 보스보다 잡몹이 더 무서워... 갑자기 튀어나오는 잡몹들과 특유의 어두운 분위기 때문에 공포게임의 느낌을 받고 말아 더더욱 손이 가지 않았던 것도 있던 거 같네요. 이후 스팀게임은 계속 했고 하프라이프를 시작으로 AAA 게임을 더 즐겨보고 싶다는 생각에 세키로를 구매하는 김에 같이 다시 구매했었습니다. 세키로를 끝내고 다크소울 3로 다시 돌아가보자! 하고 말이죠. 하지만 세키로도 결국 적귀에서 막혀 세키로도 봉인해두고 말아버렸죠. 그렇게 봉인해두고 한참이 지났고 올해 초 알바를 하던 도중 홀을 보고 있는데 앞자리 손님이 다크소울3와 세키로에 대해 열띤 대화를 나누고 있었습니다. 처음에는 에휴...나는 그 게임 못 깨겠더라...하고 생각하고 있었지만 계속 듣다보니 자꾸 다시 한번 플레이 해보고 싶었습니다. 세키로로 복귀를 시도했고 이번에는 제대로 프롬게임을 시도해보겠다고 생각했습니다. 그렇게 약 일주일에 걸쳐 세키로를 결말까지 보았고 살면서 플레이 해 본 게임 중 가장 어려운 게임이라고 느꼈습니다. 하지만 아...이 맛에 이런 게임을 하는 구나! 하고 깨달았죠. 엘든링을 클리어하고 세키로 8회차, 엘든링 5회차를 맞이할 무렵, 뭔가를 슬슬 깨달았습니다 저는 기본적으로 피지컬이 좋지 않아 피지컬을 요구하는 게임을 잘하지 못합니다. FPS 게임이라든지...FPS 게임이라든지... 그렇지만 시간을 때려박으면 언젠간 깰 수 있게 되는 프롬 게임 특성상 이런 류의 게임도 깰 수 있게 되었지만 기본적으로 가드 및 패링의 성능이 뛰어난 세키로 , 피지컬 이외에도 충분히 다른 요소로 보스를 돌파 가능한 엘든링 세키로는 보스 연습도 자유롭고 회차도 고회차로 넘어가다 보니 피지컬도 상당히 올라갔지만, 아무래도 꼼수 여러가지로도 쉽게 깰 수 있는 엘든링을 하다보니 보스 패턴에 맞추어 정확하게 피하고 딜타임을 재는 건 많이 힘들었습니다. 그렇기에 이런 꼼수가 상대적으로 적고 구르기의 비중이 높은 다크 소울 3로 다시 넘어오게 되었죠. 진짜 세키로 엘든링 포함해서 확실히 보스에 걸리는 시간, 길 찾기가 훨씬 어려웠습니다. 다크소울 엄청 어렵드라구요. 이클리피아 공략 보면서 보스 패턴 분석도 하고 욕도 갈기면서 아득바득 깼습니다. 본격적으로 아.... 이거 재밌다라고 느낀 건 용사냥꾼의 갑주부터려나요. 쳐맞고 낙사하고 도끼 양잡 충전 모션 박자 잘못 세서 계속 쳐 맞고 리트라이 하는데도 재밌었습니다. 닼소3 켜면 켠 날은 보스 하나 깨는 걸 목표로 하고 게임하는데 갑주 잡은 날은 로리안까지 달렸었네요 그리고 결국 왕들의 화신까지 처치하며 다크소울3의 결말을 볼 수 있었죠. 엘든링보다, 세키로보다 더 어려운 게임이었지만 그만큼 엄청난 성취감을 느낄 수 있었던 게임이었던 것 같습니다. 올해 프롬 게임 시리즈를 시작한 건 정말 2023 최고의 선택 중 하나 아닐까 싶네요",3,37,True,Recommended,7255,1687408985
다크 소울3,"이 앞, 엉덩이 없다구",3,16,True,Recommended,8954,1674029688
다크 소울3,죽지않고 마지막까지 갈 수 있는 입문용 쉬운 게임. 죽어도 죽지 않는...불사자...,3,10,True,Recommended,84467,1667738590
다크 소울3,만든 새끼 나랑 싸우자,3,3,False,Not Recommended,189,1658005450
다크 소울3,DEEP DARK FANTASY,3,4,True,Recommended,25005,1654441405
다크 소울3,엘든링,3,16,True,Recommended,11465,1637063503
다크 소울3,잔불을 쓰고 칼몇번 휘두르는거 보여줬을 뿐인데 빨간사람들이 도와줬던 게임.... 생각만큼 어려움을 크게 느끼진 않았었습니다,3,9,True,Recommended,1958,1632065441
다크 소울3,이 게임을 클리어하는방법 1. 회피 2. 패링 3. 대방패,3,11,True,Recommended,16280,1631080368
다크 소울3,개 쓰레기 게임,3,2,False,Not Recommended,26451,1628577849
다크 소울3,적당한 고통을 느끼고 싶으면 하세요,3,13,True,Recommended,3019,1624851365
다크 소울3,군다랑 싸우다가 이기고 나니 환불 실패했습니다.,3,1,True,Recommended,93830,1621607282
다크 소울3,나를 마조로 만든겜,3,6,True,Recommended,21395,1613387245
다크 소울3,"처음에 군다선생한테 다크소울에 대해 배웠고, 몹인줄알고 호크우드 선생님 기분상하게 하여 무자비한 컨트롤에 대해 배웠습니다.. 처음에 정말 아무것도 몰라 어려워서 고인물 한분한테 어떻게 하는지에 대해 배우고 하니까 정말 재밌내요",3,6,True,Recommended,4750,1607705617
다크 소울3,아 시작한지 몇시간 안된사람으로써 얘기 하자면 솔직히 소울시리즈는 극찬 받아야 마땅하다고 생각합니다. 아직도 듀토리얼에 반도 모르는 저에 무지함이지만 뉴비를 배척하지 않고 사랑해주는 고인물이 있어서 든든합니다,3,0,True,Recommended,51365,1606627825
다크 소울3,무명왕 루트가 제일 재미있는 연애 시뮬레이션 게임. 남자애가 몸도 좋고 씬도 많아요. 저는 결혼 루트까지 CG 다 모아서 봄. 꼭 하세요 두 번 하세요.,3,1,True,Recommended,34587,1599783575
다크 소울3,으 이 게임 너무 어렵네요 어떻게 하는거죠,3,1,True,Recommended,78357,1598107543
다크 소울3,당신은 이 게임을 플레이 할때 처음으로 분노조절 못하는 보스들을 만날겁니다. 걱정하지 마세요! 한 30번씩 죽으면 못깰 보스는 없습니다!,3,22,True,Recommended,15412,1596889674
다크 소울3,엔딩보면 접는다 시발.............,3,1,True,Recommended,72992,1595160363
다크 소울3,자전거같은 겜 처음엔 타기만해도 그냥 돌아다녀도 그냥 넘어져버려서 그냥 죽어서 고생하고 그 다음에 장애물 보스 를 만나면 뒤에서 누가 잡아줘서 백령 겨우 넘어가고 어디로 가야 자전거 도로 제대로 된 길 인지 고민하지만 나중에 좀 익숙해지면 왜 이런 장애물에서 내가 넘어질 뻔한거지? 하면서 훌륭하게 올챙이 적 모르게된 자신을 발견 할 수 있음.,3,2,True,Recommended,61112,1588849204
다크 소울3,짧게 해봤는데 너무 재밌어요,3,1,True,Recommended,26261,1580561752
다크 소울3,인생게임 어느새 대변 경단을 들고 보스들에게 던져보는 자신을 발견했다,3,1,True,Recommended,52941,1579321635
다크 소울3,YOUDIED,3,2,True,Recommended,5855,1578314918
다크 소울3,그냥 해봐 걍 해보라고 발 그냥 좀 죽닥치고 해봐 하다보면 진짜 재밌다니까?,3,17,True,Recommended,4080,1578304926
다크 소울3,"이 게임은 나를 화나게 하기에 충분히 재밌는 게임입니다. 처음 시작할 때 PC 기준의 키설명이 없다는 것이 아쉬웠다는 것만 빼면 정말 좋습니다. 광활하고 아름다운 맵과 개성 넘치는 몬스터, 멋지며 슬픈 분위기를 담고 있는 컷씬들을 보면 이 게임을 사길 잘했다는 생각이 듭니다. 이 게임을 사시는 분들에게 포기하지 말라는 말을 하고 싶습니다. 다크 소울은 계속 도전하고 쓰러트릴 방법을 몰색하다보면 반드시 깨게 되어있으니 열심히 도전해보시길 바랍니다.",3,8,True,Recommended,18008,1576832471
다크 소울3,소프트하고 가볍게 즐길 수 있는 게임,3,0,True,Recommended,26325,1576807648
다크 소울3,어렵기로 유명한 다크소울 시리즈이지만 특히나 3편은 유저들에게 친절하다. 세이브포인트인 화톳불의 배치도 전작들과 비교하면 많은게 아닌가 싶을 정도로 충분히 배치되어있고 초반부터 유저들을 악랄하게 괴롭히는 시스템도 없다. 마치 롤러코스터 같다고 할 수 있다. 타 보기 전엔 무섭지만 안전장치는 제대로 되어있어서 스릴넘치게 탈 수 있다. 한 번 타고 나면 또 타고 싶은 느낌이 들 것이다.,3,25,True,Recommended,32677,1573211189
다크 소울3,또 죽었어,3,2,True,Recommended,15081,1562807904
다크 소울3,안어렵다고 하는 사람들도 있는데 나는 30분동안 해매다가 끄고 환불때림 단순히 어려운게 아니라 너무 설명이 부실함 친절한 안내를 싫어하는 사람들이라면 당장 구매하도록,3,7,False,Not Recommended,27,1550373174
다크 소울3,팔란의 대검 쓰세요 팔란의 대검,3,0,True,Recommended,10187,1548032035
다크 소울3,유다희,3,1,True,Recommended,182,1543573777
다크 소울3,소환 이지,3,11,True,Recommended,7894,1542867141
다크 소울3,싸워서 죽고 이겨도 죽어라,3,18,True,Recommended,31544,1542202040
다크 소울3,뉴들박하길 바라는 주변사람들 유혹에 속지마시고 소울류랑 안맞는 분이면 사지마세요.. 쩔받으면 노잼이고 쩔안받으면 게임에 스트레스받습니다..,3,9,False,Not Recommended,373,1541098281
다크 소울3,더러운 군다 색기,3,2,True,Recommended,22907,1537121441
다크 소울3,암령일줄은...,3,9,True,Recommended,2055,1534908485
다크 소울3,이게임 만든놈은 죽어서 지옥가셈,3,0,False,Not Recommended,1773,1529915821
다크 소울3,늒네들 군다만 깨줘...형이 다 할게...,3,5,True,Recommended,24616,1523371746
다크 소울3,"90분을 플레이하고도 튜토리얼 보스를 채 못 깼다. 구매 당시 생각으로는 120분 환불 가능한 시간동안 튜토리얼을 깨지 못하면 환불할 생각이었지만, 아무래도 이 자식은 죽여야 할 것 같다. 환불보다 복수가 더 급하다.",3,1,True,Recommended,386,1518921919
다크 소울3,어제 5만원 주고 삿는데 오늘 만원으로 할인했다.,3,0,True,Recommended,8505,1518761376
다크 소울3,이거하는새끼들은 마조히스트들이냐?,3,5,False,Not Recommended,65,1515178451
다크 소울3,게임 내부 설명이 죄다 패드 기준으로 되어있어서 무슨 키를 누르라는 건지 모르겠습니다. 키보드 마우스를 사용하는 일반 PC유저들에 대한 배려가 조금도 없습니다. 이런 디테일한 부분에서 실망을 하게 되네요. 패드를 구입한 뒤에 해볼 생각입니다. 게임을 해본 후에 평가를 바꾸던지 하겠습니다.,3,6,False,Not Recommended,111,1514285937
다크 소울3,막타치러 갔다가 두대맞고 죽지요,3,0,True,Recommended,4371,1511535602
다크 소울3,"YOU DIE 로만 기억되기에는 아까운 게임. 분위기 아트 , 게임성 액션, 조작감 , 몰입도 모두 최상급. 마냥 어려운 게임이 아니며 그 뒤에는 전투 보상감이 훌륭. 게임이 익숙해지더라도 만족감이 좋아 질리지 않고 재밌게 즐길 수 있음. 스토리 배경 역시 좋지만 스토리에 연연하는 게임은 아니며 전작을 하지 않았더라도 무관.",3,4,True,Recommended,6445,1507569218
다크 소울3,멘탈의 한계를 볼 수 있는 게임,3,3,True,Recommended,1890,1505741770
다크 소울3,처음 할땐 어렵지만 하다보면 정말 쉽고 재밋게 할수 있는 갓게임! 태양만세!,3,1,True,Recommended,17115,1505180322
다크 소울3,"정신을 차려보니 플레이타임에 800시간같은 숫자가 떠있고, 학점에는 2.49같은 숫자가 떠있게 만들어버린 갓게임입니다. 다크소울이라는 이름때문에 어려워서 못할거 같다는 분들이 있는거 같은데, 사실 다크소울 3는 캐주얼 게임이기 때문에 걱정없이 사시면 됩니다! 카카오톡을 하면서도 깰 수 있는 캐주얼한 난이도로 게임을 즐기실 수 있습니다",3,1,True,Recommended,65695,1502871003
다크 소울3,당신이 이게임을 온라인으로 플레이하게 된다면 애니프사란 존재를 만나게 될수도 있을것이다. 그리고 그들 대다수의 존재가 무엇을 의미하는 것인지를 깨닫게 될것이다. 숙련되지 않은 기술과 그 인성에 반해 이를 두른 이를 동경하게 되는 이들도 많다. 분명 너도 그렇게 되겠지 아 그리고 대형낫 시리즈들은 눈에 담지도 말아야 할것이다. 프롬소프트웨어 이새끼들은 무기 밸런스들을 생각을 안해놔서 병신인 무기군과 사기인 무기군밖에 없다고 생각하면 될것이다. 그리고 대형낫은 병신이다.,3,5,True,Recommended,28930,1502703877
다크 소울3,"좋은점 완벽한 다크 판타지의 세계 판타지에 취한다. 갑옷과 무기가 다양하고 맵마다 성격도 있고 보스도 개성있고 포켓몬처럼 상성이 있어서 다양한무기가 여러 속성으로 있다. 보스의 갑옷,무기를 얻어서 컨셉플레이도 가능.본격 주인공보다 일반몹이 쎈 RPG. 전작에 비해 좀 쉬웠다는 평이 있다. 다크소울 입문자 추천 다만 그렇다고 만만하지 않다. 다크소울은 다크소울만의 난이도가 있는거다. 유다희양과 미팅을 하게 된다. 그리고 무엇보다도 멀티를 통해 다른사람과 엿을 같이 나눌수 있다.또 다른 사람이 엿을 줄수도 있다. 멀티가 제일 재밌었던 컨텐츠다 다 필요없었다 멀티 꿀잼이다. 단점 단점도 매력으로 보이는 게임이다 그냥 사서 해봐라 강추 하지만 써주겠다. 1.설명이 불친절하다 필자는 1회차후반까지 발차기를 할줄 몰랐다. 2.시점이 개 ...어지럽다 적이 크면 종종 벽이나 보스에게 시야가 막힌다. 3.본격 낙사 유도 게임 언제 어디서 어떻게 낙사할지 모른다. 4.본격 격투권장게임 1회차라면 1 2가 되는순간 유다희다. 화살로 유도해서 싸우는걸 권유한다. 하지만 사실 이러한 것들이 다 다크소울을 더 어렵게 해주는 소재라서 어려운게임의 대명사를 더 부각시킨다. 결론 후회는 안 한다.킬링타임 주인공이죽는",3,1,True,Recommended,25851,1500993581
다크 소울3,가장 좋아하는 게임 굿굿,3,2,True,Recommended,9704,1494566310
다크 소울3,가볍게 플레이해보기 좋은 게임입니다. 일상에 찌들어사는 분들도 짬을 내서 왕 한마리씩 잡을수 있을정도이니 전체구매해도 괜찮을거같습니다,3,7,True,Recommended,51123,1494413924
다크 소울3,유다희 양과의 연애 시뮬레이션 게임입니다. Date simulation game with youdahee 가볍게 즐길 수 있는 쉽고 케쥬얼한 게임입니다. Also light users can enjoy this easy and casual game.,3,4,True,Recommended,558,1492542694
다크 소울3,king god emperor game,3,7,True,Recommended,22319,1487780824
다크 소울3,이번 정유년은 유다희양과함깨,3,9,True,Recommended,502,1483457789
다크 소울3,프롬답지않게 키보드유저를 조금이나마 배려한 3탄,3,3,True,Recommended,47787,1479969898
다크 소울3,유다희를 몇번이나 보더라도 한번 빠지면 계속하게 되는 이 중독성,3,5,True,Recommended,36322,1474559647
다크 소울3,more dlc plz,3,3,True,Recommended,30077,1474351719
다크 소울3,이 게임의 제목 다크 소울은 이 게임을 하느라 정신이 피폐해진 우리의 마음을 간접적으로 보여주는 개발진의 고도의 노림수입니다. 그리고 저는 기꺼이 그 노림수에 걸려들 의향이 있습니다. 스팀어워드를 하길래 이걸 꼽았습니다 솔직히 위쳐3랑 고민하긴 했는데 이겜은 갓겜이에요,3,3,True,Recommended,10937,1462065405
다크 소울3,말이 필요한가?,3,1,True,Recommended,12282,1462065367
다크 소울3,말이 필요없다 1의 향수가 느껴진다,3,1,True,Recommended,28677,1460867234
다크 소울3,개새끼들아,3,1,True,Recommended,20880,1460472417
다크 소울3,불사의 저주를 풀기위해 성직자로 플레이중입니다 열심히 기도를 드리고있지만 저주가 풀릴 기세도 안보여서 직접 저주를 풀러 돌아다니는 요즘은 생각보다 나쁜일상은 아니라는 생각이 드는군요 저는 오늘도 탈리스만을 들고 태양님에게 기도를 드리고있습니다. 태양만세!!,3,2,True,Recommended,13057,1460456482
다크 소울3,불계승 할래말래 해야되긴해 근데 애매하긴해,2,0,True,Recommended,8070,1752939242
다크 소울3,"소울류의 근본 1편의 불편한 점을 많이 개선했고, 엘든링처럼 보스가 개억까 초딩패턴을 쓰는 경우도 거의 없읍니다. 다만, 고리의 도시 최종보스는 조금 짜증날 수 있읍니다.. 근본이라고 하는데엔 다 이유가 있는 작품 스꼴라요? 그거 다크소울 타이틀 무단으로 도용한 게임임니다",2,6,True,Recommended,14028,1746899376
다크 소울3,보스한테 뚜드려 맞는 걸 스트레스로 생각하던 나에게 보스에게 뚜드려 맞는 재미를 가르쳐준 게임,2,5,True,Recommended,2109,1743957632
다크 소울3,This game does not have cloud support. 이 게임은 클라우드 지원을 하지 않습니다.,2,19,True,Recommended,15379,1743762876
다크 소울3,첫보스 어려움 그냥 망겜인듯,2,2,False,Not Recommended,18,1735244521
다크 소울3,Masterpiece. 엘든 링의 자웅동체 핑핑이 따위와는 비교할 수 없는 보스들 무희 엉덩이를 감상하면서 깰 수 있다는 장점 나만 바라보는 화방녀 이건 진짜 게임이 아니라 인생이다,2,2,True,Recommended,7262,1734858200
다크 소울3,"침입 시스템을 통해 아무 죄책감도 대화도 없이 타인, 특히 약자들의 생명과 자유를 짓밟을 수 있도록 한 안배는 미성숙한 인간이 내면을 표출하기 아주 좋은 시스템인듯. 반대로 뉴비를 도와주도록 설정된 몬스터 헌터의 협력 시스템과 매우 대조됨.",2,3,False,Not Recommended,5797,1731950812
다크 소울3,"오직 환경 소리만 존재하는 필드에서 여기저기 얻어맞고 겨우겨우 보스방에 들어갔을 때 흘러나오는 웅장하고 아름다운 BGM ... 그 순간이 참 벅차오르고 좋았다. 오히려 필드에 BGM이 있었다면 이런 감동은 받지 못했을 듯 다른 사람의 메시지를 너무 믿지 마세요... 보고 싶은 엔딩이 있어서 조건만 공략 보면서 진행했는데, 이벤트 마지막 쯤에 맵 구석에 메시지 읽고 가짜벽인 줄 알고 검 휘둘렀다가 엔딩 날려먹고 겜삭할 뻔 했습니다...",2,1,True,Recommended,3462,1725203570
다크 소울3,카악 퉷! 군다련 못잡고 기간 지나서 환불도 못하고 총채적 난국 안해 벌,2,0,False,Not Recommended,205,1722691093
다크 소울3,엘든링은 천하제일 사기무기 대회임. 절제된 다크소울3 가 최고임,2,21,True,Recommended,33174,1716786741
다크 소울3,"유행 지나고 뒤늦게 고리의 도시 DLC 묶음 할인이랑 같이 진입해서 진짜 재밌게 즐기고 있었는데, 법왕 뒷편 공터 PVP 존에서 재수없게 암령 침입 갔다가 핵쟁이한테 무한 저주 난사로 게임 그래픽 에러날 때까지 묶여서 계정 폭파당하고 그대로 접음. 핵은 상대가 썼는데 비정상적 접근으로 내가 멀티 밴 당한 건 진짜 쓰레기 같은 경험이었음.",2,12,False,Not Recommended,5875,1715778123
다크 소울3,진중하지 못한 나의 경박스런 패드조작 덕분에 100전 98패를 하며 3회차를 박복반복하다가...결국 소울류 게임은 나와 맞지 않는다는 결론을 얻고....포기합니다.,2,8,False,Not Recommended,488,1714229544
다크 소울3,거목한테 벽 느낌 총게임였다면 내가 이겼을 것 억울하다,2,1,False,Not Recommended,626,1709737488
다크 소울3,얘네들 틈만나면 불 꺼진 재니 재의 귀인이니 이러면서 불꽃 숭배하는데 막상 싸울때는 화염방사기 버금가는 화력을 아무렇지도 않게 쓰고 상시로 인두에 보일러놓고 고문도 함 싸우는거 보면 모자란건 장작이 아니고 그런 화력을 공격하는데만 쓰는 얘네 머리가 아닐까라는 생각이 듦,2,2,True,Recommended,16000,1708963710
다크 소울3,10잡몹 1보스,2,2,True,Recommended,970,1704078717
다크 소울3,"엘든링으로 유입되서 시작했는데 오히려 이게 더 재밋었음 오픈월드였던 엘든링에선 느낄수 없었던 맵과 맵이 깔끔하게 이어지는 느낌을 느꼈음. 맵이 진짜 세세하게 잘 짜여져 있어서 숏컷이 이렇게 이어질수도 있구나 생각들게 할정도로 맵디자인은 완벽하고 지금보면 그래픽이 안좋을 수도 있겠지만 막상해보면 그래픽도 좋고 맵기믹,숏컷 뚫는 재미도 쏠쏠해서 맵만 돌아다녀도 재밋고 감시자같은 버러지같은 보스 몇몇 제외하면 보스들도 다완성도도 높고 보스 bgm이나 맵분위기도 개지림. 그리고 이겜을 할거면 회차플레이를 꼭 해야됨 회차 올라갈수록 보스들도 어려워지는데 특히 무명왕이나 게일,막보같은 경우는 진짜 회차플레이를 해보면 진짜 벽느낄 정도로 빡셈 그리고 회차마다 여러가지 엔딩 조건 맞추면서 플레이하는것도 재밋음. 그냥 모든 게임 중에서 이정도 완성도, 재미를 느낄수 있는 겜 몇없으니까 무조건하는걸 추천함.",2,2,True,Recommended,7740,1703817790
다크 소울3,어려운 만큼 도전하는 맛이 있는 게임. 근데 법왕 설리번 너무 벽 느껴서 첨으로 유튜브 키고 공략 봤는데 헛웃음이 나오더라 공략 올린 사람은 패링하고 구르고 참 쉽죠? 하는데 난 분신 나오는 순간 븅신되서 참 슬픈 게임..... 설리번 개객기,2,0,True,Recommended,1804,1698322688
다크 소울3,공략 안보고 했다가 npc 다죽었어..,2,5,True,Recommended,2842,1691758269
다크 소울3,다크소울3,2,1,True,Recommended,69476,1687961885
다크 소울3,한국인들의 필수 코스게임,2,5,True,Recommended,7704,1682247143
다크 소울3,완전 MZ한 게임 그래픽 이쁨,2,6,True,Recommended,63781,1677830296
다크 소울3,친구가 샀고 친구를 따라갔고 친구가 대신맞고 친구가 때리고 엔딩만 내가 본 게임,2,1,True,Recommended,856,1675942128
다크 소울3,포기하지 마.,2,10,True,Recommended,21310,1674178932
다크 소울3,아직 뉴비 지만 재밌어요.,2,0,True,Recommended,35509,1671500928
다크 소울3,군다 선생님의 깊은 가르침에 감동 받고 갑니다... 군선생님이 절대 급하게 살지 말라며 휘두르시는 회초리에 수없이 맞고... 리듬감의 지존고수가 되어야 한다며 함께 합을 맞추던 그 나날... 그리고 군다 선생님을 이기던 그 순간 저희는 함께 울었습니다... 군선생님.. 하늘에서 보고 계시죠...? 정말로 즐거웠습니다... 그리고 끄겠습니다 감사합니다 추천합니다 최고의 게임,2,1,True,Recommended,5296,1664099781
다크 소울3,기록상 9.5시간.. 아직도 난 몬스터 한테 얻어 맞는다... 게임은 재미있네요.. 어라...왜..시아가 흐리지?,2,3,True,Recommended,572,1663970030
다크 소울3,첫번째 보스인 재의 심판자 군다는 부러진직검으로 187대를 때리면 군다의 특정제스처 후 자살하는 글리치가 있습니다.한번 시도해보세요,2,1,True,Recommended,20745,1662743211
다크 소울3,아니 어떤 개가 도망을 가면 순간이동으로 따라오냐고,2,2,True,Recommended,12000,1662635664
다크 소울3,조금밖에 안했지만 아주 재밌으,2,5,True,Recommended,56956,1657634791
다크 소울3,팔란의 성채 만든놈 누구냐,2,0,True,Recommended,4470,1657246002
다크 소울3,엘든링 보다 재밌다.,2,13,True,Recommended,6216,1656934804
다크 소울3,찍먹해봤는데 재밌네요,2,3,True,Recommended,12877,1654089345
다크 소울3,처음 구매 후 1시간 동안 환불의 심판자 못 잡고 몇 년을 묵혀뒀었습니다. 그러다 이번 달에 엘든링 할까 하다가 원조라는 닼소를 좀 해보고 하자 해서 난생 처음 보지도 않는 공략을 보고 시작했습니다. 절망을 느끼게 했던 환불의 심판자를 3트에 잡고 여차저차 하니 게일도 1트에 깨버리고 1회차를 끝냈습니다. 그리고 시작한 2회차. 그 절망의 환불의 심판자를 노데미지 패링으로 쳐발라 버리는 제 자신을 보며 이 게임은 진정 유저를 업그레이드 시키는 게임이라는 것을 느끼게 되었네요. 꼭 한 번은 해보세요. 절망을 느끼게 되지만 결국 희망을 보게 되는 게임입니다.,2,7,True,Recommended,9307,1653752105
다크 소울3,8개월 넘게 기다려서 겨우 멀티를 뛰었으나... 마지막 업데이트는 2023년 1월. 아직도 버그가 존재한다는건 문제가 있다.,2,7,False,Not Recommended,319,1650787192
다크 소울3,엘든링이 없으면 다크소울3를 먹으라고 해,2,13,True,Recommended,5918,1646286399
다크 소울3,게임이 친절하고 재미있어요,2,3,True,Recommended,4104,1645578527
다크 소울3,다 좋은데 물건 부수는 소리 좀 작게 해줘...,2,22,True,Recommended,3554,1645315928
다크 소울3,"모르고 경험해보지 못했을뿐이지, 불가능한 것은 아니었다.",2,48,True,Recommended,46873,1644205661
다크 소울3,다크소울3는 일단 쉽고 보스들도 금방금방 잡을수있고 잡몹들도 하나같이 강하지 않아서 전부다 빠르게 진행할수있고 그냥 게임이 쉬워요,2,4,False,Not Recommended,3062,1644073284
다크 소울3,뉴비분들 기사 하지마시고 장비 없이 시작하셔야 편하십니다 장비 받고 시작하면 제약받는게 너무 많아서 불편하거든요 역사적인 힐링겜 갓갓 엔젤소울 모두 해보시고 득도하세요,2,0,True,Recommended,1105,1642575315
다크 소울3,좃같네 씨발새끼진짜,2,0,False,Not Recommended,5600,1640392822
다크 소울3,장점 클리어 하면 되게 기분 좋음 단점 클리어 하면 되게 기분 좋음,2,0,True,Recommended,22795,1640183969
다크 소울3,!독!,2,19,True,Recommended,5146,1638892589
다크 소울3,엘든링 선행학습,2,20,True,Recommended,33553,1638174220
다크 소울3,내 게임불감증 응급처치제,2,19,True,Recommended,33607,1636378606
다크 소울3,"막고, 구르고, 찌르고 참 쉽죠 잉",2,5,True,Recommended,20335,1634293802
다크 소울3,모두가 다크소울 어렵다 어렵다 하는데 사실 정말 어려운 구간들도 있지만 조금씩 그 장소를 알아가면서 앞으로 나아가는 성장형 게임이다. 내 캐릭터가 강해지는 것도 물론 중요하지만 내가 아는 것이 중요하다. 내가 강하다고 무작정 돌진하다가는 아무것도 못하고 죽는 자신을 볼 수 있다. 그리고 마지막 한 대가 가장 어렵고 위험하다. 이 게임의 가장 중요한 교훈은 이 둘이다. 다구리 앞에 장사없다. 객기 부리다간 죽는다.,2,11,True,Recommended,5429,1633202859
다크 소울3,보스 깨고 장작의 왕상태? 이거 맞는지 모르겠는데 어쨋든 그거 되니까 암령이랑 서약령들 대여섯이 우르르와서 다굴빵 놓는다.. 보스 깨고 나면 뉴비들은 오프라인상태로 바꾸는게 좋은거 같다... 깡패들이다 진짜... 겜하다가 울 번한 거는 다크소울이 처음이다,2,0,True,Recommended,12823,1631473662
다크 소울3,상당히 좆같다,2,11,True,Recommended,251,1629171854
다크 소울3,꾸와아아아앆끼에에에엑갸아아악,2,0,True,Recommended,7427,1628273239
다크 소울3,다크소울 3는 매우 쉬운 게임입니다. 얼마나 쉽냐면 업적도 풀업적한 사람들도 많은 게임인만큼 매우 쉬운게임입니다. 강추 드립니다.,2,1,True,Recommended,10603,1627735319
다크 소울3,"아머드코어부터 프롬빠였다 이제 엘든링만 기다리면 돼... 미야자키 제발 다크소울 1,2 블러드본도 리메이크해줘 블러드본PC?블러드본PC?블러드본PC?블러드본PC?블러드본PC?블러드본PC?블러드본PC?블러드본PC?블러드본PC?블러드본PC?블러드본PC?블러드본PC?블러드본PC?블러드본PC?블러드본PC?블러드본PC?블러드본PC?블러드본PC?블러드본PC?블러드본PC?블러드본PC?블러드본PC?블러드본PC?블러드본PC?블러드본PC?블러드본PC?블러드본PC?블러드본PC?블러드본PC?블러드본PC?블러드본PC?블러드본PC?블러드본PC?블러드본PC?블러드본PC?블러드본PC?블러드본PC?블러드본PC?블러드본PC?블러드본PC?블러드본PC?블러드본PC?블러드본PC?블러드본PC?블러드본PC?블러드본PC?블러드본PC?블러드본PC?블러드본PC?블러드본PC?블러드본PC?블러드본PC?블러드본PC?블러드본PC?블러드본PC?블러드본PC?블러드본PC?블러드본PC?블러드본PC?블러드본PC?블러드본PC?블러드본PC?블러드본PC?블러드본PC?블러드본PC?블러드본PC?블러드본PC?블러드본PC?블러드본PC?블러드본PC?블러드본PC?블러드본PC?블러드본PC?블러드본PC?블러드본PC?블러드본PC?블러드본PC?블러드본PC? 엘든링?엘든링?엘든링?엘든링?엘든링?엘든링?엘든링?엘든링?엘든링?엘든링?엘든링?엘든링?엘든링?엘든링?엘든링?엘든링?엘든링?엘든링?엘든링?엘든링?엘든링?엘든링?엘든링?엘든링?엘든링?엘든링?엘든링?엘든링?엘든링?엘든링?엘든링?엘든링?엘든링?엘든링?엘든링?엘든링?엘든링?엘든링?엘든링?엘든링?엘든링?엘든링?엘든링?엘든링?엘든링?엘든링?엘든링?엘든링?엘든링?엘든링?엘든링?엘든링?엘든링?엘든링?엘든링?엘든링?엘든링?엘든링?엘든링?엘든링?엘든링?엘든링?엘든링?엘든링?엘든링?엘든링?엘든링?엘든링?엘든링?엘든링?엘든링?엘든링?엘든링?엘든링?엘든링?엘든링?엘든링?엘든링?엘든링?엘든링?엘든링?엘든링?엘든링?엘든링?엘든링?엘든링?엘든링?엘든링?엘든링?엘든링?엘든링?엘든링?엘든링?엘든링?엘든링?엘든링?엘든링?엘든링?엘든링?엘든링?엘든링?엘든링?엘든링?엘든링?엘든링?엘든링?엘든링?엘든링?엘든링?엘든링?엘든링?엘든링?엘든링?엘든링?엘든링?엘든링?엘든링?엘든링?엘든링?엘든링?엘든링?엘든링?엘든링?엘든링?엘든링?엘든링?엘든링?엘든링?엘든링?엘든링?엘든링?엘든링?엘든링?엘든링?엘든링?엘든링?엘든링?엘든링?엘든링?엘든링?엘든링?엘든링?엘든링?엘든링?엘든링?엘든링?엘든링?엘든링?엘든링?엘든링?엘든링?엘든링?엘든링?엘든링?엘든링?엘든링?엘든링?엘든링?엘든링?엘든링?엘든링?엘든링?엘든링?엘든링?엘든링?엘든링?엘든링?엘든링?엘든링?엘든링?엘든링?엘든링?엘든링?엘든링? 기다림의끝?기다림의끝?기다림의끝?기다림의끝?기다림의끝?기다림의끝?기다림의끝?기다림의끝?기다림의끝?기다림의끝?기다림의끝?기다림의끝?기다림의끝?기다림의끝?기다림의끝?기다림의끝?기다림의끝?기다림의끝?기다림의끝?기다림의끝?기다림의끝?기다림의끝?기다림의끝?기다림의끝?기다림의끝?기다림의끝?기다림의끝?기다림의끝?기다림의끝?기다림의끝?기다림의끝?기다림의끝?기다림의끝?기다림의끝?기다림의끝?기다림의끝?기다림의끝?기다림의끝?기다림의끝?기다림의끝?기다림의끝?기다림의끝?기다림의끝?기다림의끝?기다림의끝?기다림의끝?기다림의끝?기다림의끝?기다림의끝?기다림의끝?기다림의끝?기다림의끝?기다림의끝?기다림의끝?기다림의끝?기다림의끝?기다림의끝?기다림의끝?기다림의끝?기다림의끝?기다림의끝?기다림의끝?기다림의끝?기다림의끝?기다림의끝?기다림의끝?기다림의끝?기다림의끝?기다림의끝?기다림의끝?기다림의끝?기다림의끝?기다림의끝?기다림의끝?기다림의끝?기다림의끝?기다림의끝?기다림의끝?기다림의끝?기다림의끝?기다림의끝?기다림의끝?기다림의끝?기다림의끝?기다림의끝?기다림의끝?기다림의끝?기다림의끝?기다림의끝?기다림의끝?기다림의끝?기다림의끝?기다림의끝?기다림의끝?기다림의끝?기다림의끝?기다림의끝?기다림의끝?기다림의끝?기다림의끝?기다림의끝?기다림의끝?기다림의끝?기다림의끝?기다림의끝?기다림의끝?기다림의끝?기다림의끝?기다림의끝?기다림의끝?기다림의끝?기다림의끝?기다림의끝?기다림의끝?기다림의끝?기다림의끝?기다림의끝?기다림의끝?기다림의끝?기다림의끝?기다림의끝?기다림의끝?기다림의끝?기다림의끝?기다림의끝?기다림의끝?기다림의끝?기다림의끝?기다림의끝?기다림의끝?기다림의끝?기다림의끝?기다림의끝?기다림의끝?기다림의끝?기다림의끝?기다림의끝?기다림의끝?기다림의끝?기다림의끝?기다림의끝?기다림의끝?기다림의끝?기다림의끝?기다림의끝?기다림의끝?기다림의끝?기다림의끝?기다림의끝?기다림의끝?기다림의끝?기다림의끝?기다림의끝?기다림의끝?기다림의끝?기다림의끝?기다림의끝?기다림의끝?기다림의끝?기다림의끝?기다림의끝?기다림의끝?기다림의끝?기다림의끝?기다림의끝?기다림의끝?기다림의끝?기다림의끝?기다림의끝?기다림의끝?기다림의끝?기다림의끝?기다림의끝?기다림의끝?기다림의끝?기다림의끝?기다림의끝?기다림의끝?기다림의끝?기다림의끝?기다림의끝?기다림의끝?기다림의끝?기다림의끝?기다림의끝?기다림의끝?기다림의끝?기다림의끝?기다림의끝?기다림의끝?기다림의끝?기다림의끝?기다림의끝?기다림의끝?기다림의끝?기다림의끝?기다림의끝?기다림의끝?기다림의끝?기다림의끝?기다림의끝?기다림의끝?기다림의끝?기다림의끝?기다림의끝?기다림의끝?기다림의끝?기다림의끝?기다림의끝?기다림의끝?기다림의끝?기다림의끝?기다림의끝?기다림의끝?기다림의끝?기다림의끝?기다림의끝?기다림의끝?기다림의끝?기다림의끝?기다림의끝?기다림의끝?기다림의끝?기다림의끝?기다림의끝?기다림의끝?기다림의끝?기다림의끝?기다림의끝?기다림의끝?기다림의끝? 정신차려정신차려정신차려정신차려정신차려정신차려정신차려정신차려정신차려정신차려정신차려정신차려정신차려정신차려정신차려정신차려정신차려정신차려정신차려정신차려정신차려정신차려정신차려정신차려정신차려정신차려정신차려정신차려정신차려정신차려정신차려정신차려정신차려정신차려정신차려정신차려정신차려정신차려정신차려정신차려정신차려정신차려정신차려정신차려정신차려정신차려정신차려정신차려정신차려정신차려정신차려정신차려정신차려정신차려정신차려정신차려정신차려정신차려정신차려정신차려정신차려정신차려정신차려정신차려정신차려정신차려정신차려정신차려정신차려정신차려정신차려정신차려정신차려정신차려정신차려정신차려정신차려정신차려정신차려정신차려정신차려정신차려정신차려정신차려정신차려정신차려정신차려정신차려정신차려정신차려정신차려정신차려정신차려정신차려정신차려정신차려정신차려정신차려정신차려정신차려정신차려정신차려정신차려정신차려정신차려정신차려정신차려정신차려정신차려정신차려정신차려정신차려정신차려정신차려정신차려정신차려정신차려정신차려정신차려정신차려정신차려정신차려정신차려정신차려",2,1,True,Recommended,14375,1627488674
다크 소울3,"YOU DIED! YOU DIED!!!! YOU DIED 도전과제 100 달성 3회차 클리어 후 작성 다크소울 시리즈를 처음으로 하는 거라 시작부터 조작감이 불친절하고! 불편하고! 어려웠습니다! 키보드 마우스라서 더욱. 바닥에 조작설명 있는데 컨트롤러라........설정 들어가서 키마 조작법 부터 숙지 후에 하시면 되겠습니다. 크리스탈 도마뱀과 군다 잡는다고 계속 죽으면서 고생하면서 계속 도전해서 겨우 잡았습니다. 제사장 가서 NPC들 몹인 줄 알고 죽여버리고....다시 시작... 로스릭 높은 벽부터 불사자의 거리를 진행하면서 조금씩 적응해 나가기 시작했고 재미를 알게 되었습니다. 네임드, 암령, 중간 보스, 보스, 낙사, 함정 등 조금 가서 죽고 또 죽고 계속 죽으면서도 결국 해당 맵의 보스들을 처치하게 될 때마다 짜릿하고 즐거웠습니다. 엔딩을 보고 다음 회차를 진행하며 보스 처치, 이벤트, PVP, 장비 및 아이템 파밍, 도전과제를 하며 더욱 빠져들었습니다. 3회차까지 재밌게 했습니다. 약간의 팁 1. 화톳불 부활거점, 포탈, 회복, 수리 을 잘 이용합시다. 2. 적들의 공격은 근, 원거리 대부분이 유도성이기에 동작을 잘 보고 잘 피해야 살아남을 수 있습니다. 미리 뻘짓하지 말고 잘 봅시다. 패리나 구르기 등 3. 혼자 보스 잡기 어렵다면 획득한 잔불 을 사용, 장작의 왕 상태가 되어서 보스방 입장 전 주변 땅에 흰색 사인 백령 , 황금색 사인 태양만세! 이용해서 다른 사람들의 도움을 받을 수 있습니다. 4. 장작의 왕 상태일 때는 제사장, 특정 장소, 보스방 제외, 암령이 침입해서 당신의 목숨과 잔불을 뺏어갈 수도 있습니다. 5. 반지 같은 경우 2회차나 3회차 이상이 되어야 획득 가능한 것들이 있습니다. 맵 구석구석 돌아다니며 반지 찾는 재미도 있을 수 있습니다. 도전과제 6. 길 찾기가 어려우면 칠색석 제사장의 시녀가 판매 을 중간중간 바닥에 내려놓으면 알아보기 쉽습니다. 미니맵은 존재하지 않음",2,12,True,Recommended,9549,1626274430
다크 소울3,정말 섹스네요,2,1,False,Not Recommended,43,1625214346
다크 소울3,힘들었지만 재미있었던 게임입니다!,2,21,True,Recommended,1510,1623765389
다크 소울3,아주쉽고재밌는게임입니다 무조건사세요,2,1,True,Recommended,1682,1622974519
다크 소울3,미디르 보스전 멀티 특 1 2페이즈 입성 2 야 이거 되겠다! 3 브레스 피해요오오옷!!! 4 데이트,2,0,True,Recommended,23441,1622974366
다크 소울3,조금 해봤는데 게임 참 재미있네요 피빕 좀 가르쳐주실분?,2,1,True,Recommended,210681,1622793200
다크 소울3,"가장 아름답고 세련된 다크소울. 액션은 거침없고, 음악과 미술은 장엄하며, 설계는 더없이 감탄스럽다. 특히나 마지막 DLC인 고리의 도시 는 다크소울 시리즈의 미의식을 집약한 결정체라고 할 만하다. 그러나 시리즈의 최종장에 이르러서도 이야기는 도무지 심화되지를 못하고, 첫 작품에 대한 주석내지는 부록으로만 남는다. 불길의 억지스러운 따스함과 영원한 어둠의 끝없는 대립 그 원죄론적 대립이 초래하는 갈등으로 인해 세계가 폭력과 죽음의 의무적인 순환 속에 고통받는 비극의 처연함은 비록 미완성이었지만 1편에서 보여준 것으로도 충분했다 2편에서 제기된 질문에 대한 답변으로서의 이야기, 즉 비극을 넘어설 새로운 길을 고민하는 궁극적 희망에 관한 이야기는 왜 여기서 본격적으로 탐구되지 않았을까? 무덤으로부터 돌연 호출되어 일어난 주인공의 발걸음은 그래서인지 이입이 어렵고 막연하게만 느껴진다. 그의 모든 행동이 결국에는 기존의 선택을 반복하거나, 해결을 유보해 버리는 안쓰러운 결말로 맺어질 예정이므로. 선명한 것은 살육의 순간뿐이다. 3편에 와서도 세부 플롯은 여전히 수집요소 취급이다. 지난 것에 대한 자기복제에 그칠 뿐이며, 부자연스럽고 성취하는 것이 없다. 요엘의 죽음은 가장 어처구니가 없는 사건. b 이하 스포일러 주의 b DLC인 아리엔델의 재 와 고리의 도시 연작을 마치고 보니, 아쉬움이 더하다. 사견을 덧붙이자면, 회화세계 이야기는 이렇게 곁다리로 빠져있을 것이 아니라 본편의 핵심에 있었어야만 했다. 제사장의 무기력한 화방녀는 없어도 좋다. 그 자리에 대신 아리엔델의 화가 가 있었더라면 어땠을까. 엄마를 잃은 어린아이, 이끌어 주고 보듬어 줄 사람 하나 없이 더러운 세계에 외롭게 남겨져 어리둥절한 상태이다. 나이든 시녀와 노예 기사만이 어둠 속에서 아이를 막연히 돌보다가, 어느 날 종이 울렸지만 기대하던 장작의 왕들은 나타나지 않고 불 꺼진 재인 주인공만이 찾아온다. 그러다가 대장장이와 도둑과 마음꺾인 기사, 하나둘씩 아이의 가족들이 늘어간다고 상상해 보자. 종을 울리러 떠난 것은 아이의 엄마였다고 설정해 볼 수도 있다. 아이의 엄마는 성공했지만, 결코 돌아오지는 못했던 것이다. 이 경우 이야기 초반부의 주인공에게 아이를 위해 어머니를 찾아 준다는 아주 명료하고 감정 이입하기 좋은 사명을 부여할 수도 있을 것이다. 물론 어머니의 정체와 장작의 왕들에 얽힌 진실은 차차 밝혀지는 것으로 하고. 그러나 그 아이는 회화세계의 예비 창조자로서 새로운 세계를, 지금의 세계 다음에 올 세계를 하나 그려낼 수 있다. I b 저는 그릴 거예요 춥고, 어둡고, 굉장히 상냥한 그림 분명 언젠가 누군가의 있을 곳이 되어줄 수 있을만한 그림 화가 b I 회화세계 역시도 모순 속에 썩어가며 끊임없이 윤회하는 불완전한 세계이지만 불과 어둠이 개선의 희망 없이 무한히 교차하는 바깥 의 잔혹한 세계와는 달리 화가의 의지에 따라서는 매번 조금씩 더 나은 곳이 될 가능성이 있는 곳이다. I b ...우리들은, 부패한 세계를 태울 거야. 다음에 올 세계를 위해. 그것만으로도 제대로 된 거 아니겠어? 바깥 녀석들과는 다르게... 아리엔델의 까마귀 주민 b I 그렇다면 플레이어가 주인공으로서 아이에게 무엇을 보여줄 것인가 의 주제가 극의 핵심에 자리하게 된다. 주인공은 아이에게 참혹한 투쟁과 패배의 광경을 보여줄 수도 있다. 정복과 찬탈, 슬픔, 유한한 지배의 역사를 마찬가지로 되풀이하면서. 그윈과 수많은 왕들, 마녀와 모든 영웅적인 괴물들이 그러했듯이. 반면에 주인공은 춥고 어두운 가운데서도 상냥한 에스트병의 온기와도 같은 희망을 지켜 아이에게 전할 수도 있다. 혼돈의 딸이 그랬던 것처럼, 어쩌면 니토의 소망이 그러했던 것처럼. 아니면 주인공은 어느 무엇도, 고통마저도 남지 않는 탐식 또는 무기력의 끝에 맞이할 허무의 시간을 주장할 수도 있을 것이다. 그 모든 걸 함께 겪고 바라본 뒤에, 빈 캔버스만을 두고 어리둥절하던 아이는 결국 성장하여 스스로 무엇을 그릴 것인지를 결정할 수 있게 된다. 재로 덮인 태초의 화로 가운데 앉은 아이는 인간의 가장 어두운 영혼을 휘휘 저어서 안료로 삼고 마지막 남은 신들의 불씨에 그것을 개어서 마침내 다음에 올 세상을 그리는 것이다 회화세계가 더 이상은 세계의 액자 속에 걸리지 않고 도리어 세계가 회화세계의 작은 액자 속에 걸리는 역전, 부조리와 고통은 기록된 역사가 되어버리고, 조그만 피난처였던 것이 곧 미래의 전부가 되는 것. 장작의 왕들이 남긴 모든 비애와 희망을 모아서, 노예기사의 희생과, 주인공과의 시간을 통해 얻은 자신만의 성숙한 시선을 가지고. 아이는 세상으로 하여금 조금은 다르게, 어쩌면 더 따스하게 있도록 하거나 아니면 아무것도 더 이상은 있지 않도록 할 것이다. 기대했던 이야기는 이런 것이었다. 9 10",2,25,True,Recommended,4184,1620030237
다크 소울3,YYYYYYYYYYYYYYYYYYYYYYYYYYYYYYYYYYYYYYYYYYYYYYYYYYYYYYYYYYYYYYYYYYYYYYYYYYYYYYYYYYYYYYYYYYYYYYYYYYYYYYYYYYYYYYYYYYYYYYYYYYYYYYYYYYYYYYYYYYYYYYYYYYYYYYYYYYYYYYYYYYYYYYYYYYYYYYYYYYYYYYYYYYYYYYYYYYYYYYYYYYYYYYYYYYYYYYYYYYYYYYYYYYYYYYYYYYYYYYYYYYYYYYYYYYYYYYYYYYYYYYYYYYYYYYYYYYYYYYYYYYYYYYYYYYYYYYYYYYYYYYYYYYYYYYYYYYYYYYYYYYYYYYYYYYYYYYYYYYYYYYYYYYYYYYYYYYYYYYYYYYYYYYYYYYYYYYYYYYYYYYYYYYYYYYYYYYYYYYYYYYYYYYYYYYYYYYYYYYYY,2,10,True,Recommended,5016,1617293870
다크 소울3,"이 게임은 정말 재밌는 게임입니다. 좆같은 하기는 싫은데 하고싶은 그런 재밌고도 좆같은게임 한번빠지면 100시간은 거뜬히 하게됩니다, 저같은 게임에 소질없는놈은 엔딩보는데 더더욱오래걸리고요. 그래도 숨겨진길 찾는것과 보스격파했을때의 짜릿함과 성취감을 알려주는 갓게임. 보스한테 쳐맞아뒤지고 잔불쓰고 갔다가 암령만나서 쳐맞아 뒤지고 다신안해 시발 하면서 돌아서도 다시 뒤돌아보게하는 좆같은게임. 하지만 암령이 침입해서 나는 안때리고 잔불40개쥐어주고 위대한영웅의소울 20개주고 손흔들며 떠나는 유저친화적 갓게임. 하지만 이번작도 어림없는 중력의 강력함과 갈때마다 혈압오르는 팔란의성채 그루씹새끼들과 대서고가 좆같아서 하기싫은데 정신차리고보면 6회차 달리고있는 나. 그래서 엘든링은 언제나온데요?",2,2,True,Recommended,9793,1613617285
다크 소울3,나는 뉴비다,2,0,True,Recommended,27438,1611627808
다크 소울3,솔직히 1회차가 가장 어려움,2,45,True,Recommended,12179,1611061203
다크 소울3,어렵다길래 조금 해봤는데 재밌네요,2,0,True,Recommended,43455,1610881289
다크 소울3,아니 시발 굴렀다고 아니 시발 막았다고 아니 시발 피했다고,2,0,True,Recommended,11580,1608800574
다크 소울3,"Thanks You Dark Souls. 사실 다크소울3 만 3개 구매했다. 캐릭터 슬롯이 모자라기 떄문이다. 근데 쉐어링한 계정은 3개 더 있다. 즉, 캐릭터가 60개이다. 삭제한거 미포함",2,0,True,Recommended,8970,1607107462
다크 소울3,웬만한 보스몹보다 똥개 한 마리가 더 무서움.,2,0,True,Recommended,2696,1606384350
다크 소울3,죽을때마다 문제하나씩 풀면 인서울 레식 리뷰의 한구절,2,0,True,Recommended,8163,1602239754
다크 소울3,절대하지마세요 모니터 부셔버립니다 잘못하면,2,1,False,Not Recommended,6276,1600967843
다크 소울3,닼린이 군다에서 잠들다..,2,0,True,Recommended,354,1600782554
다크 소울3,갓겜 뉴비들 꼬셔서 겜하는 중이다 근데 암령들아 솔직히 높은벽에서는 들어오지 마라 양심적으로 안그래도 힘든 인생들이다 화이팅,2,20,True,Recommended,14506,1599142870
다크 소울3,요즘 세상에 클라우드 지원 안하는 게임이 어디있어 내 40시간 세이브,2,16,False,Not Recommended,8694,1596609837
다크 소울3,사지마셈,2,1,True,Recommended,4129,1596173324
다크 소울3,YOU DIED EMBER RESTORED YOU DIED EMBER RESTORED YOU DIED EMBER RESTORED YOU DIED EMBER RESTORED YOU DIED EMBER RESTORED YOU DIED EMBER RESTORED YOU DIED EMBER RESTORED YOU DIED EMBER RESTORED YOU DIED EMBER RESTORED YOU DIED EMBER RESTORED YOU DIED EMBER RESTORED 이앞 슬픔있다,2,1,True,Recommended,48753,1595508254
다크 소울3,시발게임 방금 삭제하고 다시했는데 세이브파일이 없어짐 결론 내가 호군데 지금까지의 노력이 먼지가 되버려서 사라짐 에휴 잘가라 블러드본나와라 시발럼,2,2,False,Not Recommended,4683,1594892083
다크 소울3,게임이 너무 어려워서 오래 못하겠어요,2,1,True,Recommended,23688,1594201229
다크 소울3,게임사들 이해안가는 개짓거리 1. 돈 받을거 다받고 갑자기 게임 무료로 풀고 돈내고 산 사람들 보상은 없음. 무료로 즐기게 된 사람들만 좋고 돈내고 즐긴사람들은 먼저즐겼으니 된거라며 호구취급 2. 프롬 새끼들 관리 안하더니 서버 창났다고 온라인 즐기려고 게임 돈주고 사서 즐기던 온라인 유저들 내보내고 서버 쳐닫음. 보상? 그딴거 없고 글하나 띡 올리고 끝. 사실근데 서버가 해킹당했다니 뭐니 그딴거 다 개소리같고 원래부터 신작밀겠다고 전작 서버 닫고 그러던 중소기업 아니었나 싶음. 엘든링도 게임 꼬라지 보니 온라인이 서버 씹창나고 벨런스 씹창나고 글리치 버그 난리났는데 싱글만 생각하고 만들고 온라인은 나중으로 미뤘다가 생긴 대참사 같음. 어떻게든 온라인까지 해주려는건 고마운데 능력안되는 중소라서 닼소 문닫고 엘든링 개판나고 이도저도 안되는 꼴이 됐는데 걍 엘든링을 차라리 좀 천천히 해보고 서버 벨런스 맞추고 온라인 추후에 추가하던지 하지 왜 엘든링보다 훨씬 모양새 좋은 닼소서버를 쳐닫는거여,2,1,False,Not Recommended,1474,1593781099
다크 소울3,h1 다크 소울 3 h1 회피 위주의 쫄깃한 전투방식 뛰어난 성장의 재미 보스 디자인과 음악 불친절하고 애매모호한 스토리텔링 방식 독늪 빡치지만 그만큼 재밌는 게임. 다크 판타지를 좋아한다면 꼭 해봐야 하는 게임이지만 게임하면서 스트레스 받는게 싫다면 무조건 기피해야 하는 게임이다. 그래도 명작은 명작,2,2,True,Recommended,4152,1593677908
다크 소울3,제발 군다만 깨,2,0,True,Recommended,28507,1593623674
다크 소울3,화방녀 맞는거보려고 하는게임,2,0,True,Recommended,32466,1593402431
다크 소울3,태양만세태양만세태양만세태양만세태양만세태양만세태양만세태양만세태양만세태양만세태양만세태양만세태양만세태양만세태양만세태양만세태양만세태양만세태양만세태양만세태양만세태양만세태양만세태양만세태양만세태양만세태양만세태양만세태양만세태양만세태양만세태양만세태양만세태양만세태양만세태양만세태양만세태양만세태양만세태양만세태양만세태양만세태양만세태양만세태양만세태양만세태양만세태양만세태양만세태양만세태양만세태양만세태양만세태양만세태양만세태양만세태양만세태양만세태양만세태양만세태양만세태양만세태양만세태양만세태양만세태양만세태양만세태양만세태양만세태양만세태양만세태양만세태양만세태양만세태양만세태양만세태양만세태양만세태양만세태양만세태양만세태양만세태양만세태양만세태양만세태양만세태양만세태양만세태양만세태양만세태양만세태양만세태양만세태양만세태양만세태양만세태양만세태양만세태양만세태양만세태양만세태양만세태양만세태양만세태양만세태양만세태양만세태양만세태양만세태양만세태양만세태양만세태양만세태양만세태양만세태양만세태양만세태양만세태양만세태양만세태양만세태양만세태양만세태양만세태양만세태양만세태양만세태양만세태양만세태양만세태양만세태양만세태양만세태양만세태양만세태양만세태양만세태양만세태양만세태양만세태양만세태양만세태양만세태양만세태양만세태양만세태양만세태양만세태양만세태양만세태양만세태양만세태양만세태양만세태양만세태양만세태양만세태양만세태양만세태양만세태양만세태양만세태양만세태양만세태양만세태양만세태양만세태양만세태양만세태양만세태양만세태양만세태양만세태양만세태양만세태양만세태양만세태양만세태양만세태양만세태양만세태양만세태양만세태양만세태양만세태양만세태양만세태양만세태양만세태양만세태양만세태양만세태양만세태양만세태양만세태양만세태양만세태양만세태양만세태양만세태양만세태양만세태양만세태양만세태양만세태양만세태양만세태양만세태양만세태양만세태양만세태양만세태양만세태양만세태양만세태양만세태양만세태양만세태양만세태양만세태양만세태양만세태양만세태양만세태양만세태양만세태양만세태양만세태양만세태양만세태양만세태양만세태양만세태양만세태양만세태양만세태양만세태양만세태양만세태양만세태양만세태양만세태양만세태양만세태양만세태양만세태양만세태양만세태양만세태양만세태양만세태양만세태양만세태양만세태양만세태양만세태양만세태양만세태양만세태양만세태양만세태양만세태양만세태양만세태양만세태양만세태양만세태양만세태양만세태양만세태양만세태양만세태양만세태양만세태양만세태양만세태양만세태양만세태양만세태양만세태양만세태양만세태양만세태양만세태양만세 태양만세태양만세태양만세태양만세태양만세태양만세태양만세태양만세태양만세태양만세태양만세태양만세태양만세태양만세태양만세태양만세태양만세태양만세태양만세태양만세태양만세태양만세태양만세태양만세태양만세태양만세태양만세태양만세태양만세태양만세태양만세태양만세태양만세태양만세태양만세태양만세태양만세태양만세태양만세태양만세태양만세태양만세태양만세태양만세태양만세태양만세태양만세태양만세태양만세태양만세태양만세태양만세태양만세태양만세태양만세태양만세태양만세태양만세태양만세태양만세태양만세태양만세태양만세태양만세태양만세태양만세태양만세태양만세태양만세태양만세태양만세태양만세태양만세태양만세태양만세태양만세태양만세태양만세태양만세태양만세태양만세태양만세태양만세태양만세태양만세태양만세태양만세태양만세태양만세태양만세태양만세태양만세태양만세태양만세태양만세태양만세태양만세태양만세태양만세태양만세태양만세태양만세태양만세태양만세태양만세태양만세태양만세태양만세태양만세태양만세태양만세태양만세태양만세태양만세태양만세태양만세태양만세태양만세태양만세태양만세태양만세태양만세태양만세태양만세태양만세태양만세태양만세태양만세태양만세태양만세태양만세태양만세태양만세태양만세태양만세태양만세태양만세태양만세태양만세태양만세태양만세태양만세태양만세태양만세태양만세태양만세태양만세태양만세태양만세태양만세태양만세태양만세태양만세태양만세태양만세태양만세태양만세태양만세태양만세태양만세태양만세태양만세태양만세태양만세태양만세태양만세태양만세태양만세태양만세태양만세태양만세태양만세태양만세태양만세태양만세태양만세태양만세태양만세태양만세태양만세태양만세태양만세태양만세태양만세태양만세태양만세태양만세태양만세태양만세태양만세태양만세태양만세태양만세태양만세태양만세태양만세태양만세태양만세태양만세태양만세태양만세태양만세태양만세태양만세태양만세태양만세태양만세태양만세태양만세태양만세태양만세태양만세태양만세태양만세태양만세태양만세태양만세태양만세태양만세태양만세태양만세태양만세태양만세태양만세태양만세태양만세태양만세태양만세태양만세태양만세태양만세태양만세태양만세태양만세태양만세태양만세태양만세태양만세태양만세태양만세태양만세태양만세태양만세태양만세태양만세태양만세태양만세태양만세태양만세태양만세태양만세태양만세태양만세태양만세태양만세태양만세태양만세태양만세태양만세태양만세태양만세태양만세태양만세태양만세태양만세태양만세태양만세태양만세태양만세태양만세태양만세태양만세태양만세태양만세태양만세태양만세태양만세태양만세태양만세태양만세태양만세태양만세태양만세태양만세태양만세 태양만세태양만세태양만세태양만세태양만세태양만세태양만세태양만세태양만세태양만세태양만세태양만세태양만세태양만세태양만세태양만세태양만세태양만세태양만세태양만세태양만세태양만세태양만세태양만세태양만세태양만세태양만세태양만세태양만세태양만세태양만세태양만세태양만세태양만세태양만세태양만세태양만세태양만세태양만세태양만세태양만세태양만세태양만세태양만세태양만세태양만세태양만세태양만세태양만세태양만세태양만세태양만세태양만세태양만세태양만세태양만세태양만세태양만세태양만세태양만세태양만세태양만세태양만세태양만세태양만세태양만세태양만세태양만세태양만세태양만세태양만세태양만세태양만세태양만세태양만세태양만세태양만세태양만세태양만세태양만세태양만세태양만세태양만세태양만세태양만세태양만세태양만세태양만세태양만세태양만세태양만세태양만세태양만세태양만세태양만세태양만세태양만세태양만세태양만세태양만세태양만세태양만세태양만세태양만세태양만세태양만세태양만세태양만세태양만세태양만세태양만세태양만세태양만세태양만세태양만세태양만세태양만세태양만세태양만세태양만세태양만세태양만세태양만세태양만세태양만세태양만세태양만세태양만세태양만세태양만세태양만세태양만세태양만세태양만세태양만세태양만세태양만세태양만세태양만세태양만세태양만세태양만세태양만세태양만세태양만세태양만세태양만세태양만세태양만세태양만세태양만세태양만세태양만세태양만세태양만세태양만세태양만세태양만세태양만세태양만세태양만세태양만세태양만세태양만세태양만세태양만세태양만세태양만세태양만세태양만세태양만세태양만세태양만세태양만세태양만세태양만세태양만세태양만세태양만세태양만세태양만세태양만세태양만세태양만세태양만세태양만세태양만세태양만세태양만세태양만세태양만세태양만세태양만세태양만세태양만세태양만세태양만세태양만세태양만세태양만세태양만세태양만세태양만세태양만세태양만세태양만세태양만세태양만세태양만세태양만세태양만세태양만세태양만세태양만세태양만세태양만세태양만세태양만세태양만세태양만세태양만세태양만세태양만세태양만세태양만세태양만세태양만세태양만세태양만세태양만세태양만세태양만세태양만세태양만세태양만세태양만세태양만세태양만세태양만세태양만세태양만세태양만세태양만세태양만세태양만세태양만세태양만세태양만세태양만세태양만세태양만세태양만세태양만세태양만세태양만세태양만세태양만세태양만세태양만세태양만세태양만세태양만세태양만세태양만세태양만세태양만세태양만세태양만세태양만세태양만세태양만세태양만세태양만세태양만세태양만세태양만세태양만세태양만세태양만세태양만세태양만세태양만세태양만세태양만세태양만세 태양만세태양만세태양만세태양만세태양만세태양만세태양만세태양만세태양만세태양만세태양만세태양만세태양만세태양만세태양만세태양만세태양만세태양만세태양만세태양만세태양만세태양만세태양만세태양만세태양만세태양만세태양만세태양만세태양만세태양만세태양만세태양만세태양만세태양만세태양만세태양만세태양만세태양만세태양만세태양만세태양만세태양만세태양만세태양만세태양만세태양만세태양만세태양만세태양만세태양만세태양만세태양만세태양만세태양만세태양만세태양만세태양만세태양만세태양만세태양만세태양만세태양만세태양만세태양만세태양만세태양만세태양만세태양만세태양만세태양만세태양만세태양만세태양만세태양만세태양만세태양만세태양만세태양만세태양만세태양만세태양만세태양만세태양만세태양만세태양만세태양만세태양만세태양만세태양만세태양만세태양만세태양만세태양만세태양만세태양만세태양만세태양만세태양만세태양만세태양만세태양만세태양만세태양만세태양만세태양만세태양만세태양만세태양만세태양만세태양만세태양만세태양만세태양만세태양만세태양만세태양만세태양만세태양만세태양만세태양만세태양만세태양만세태양만세태양만세태양만세태양만세태양만세태양만세태양만세태양만세태양만세태양만세태양만세태양만세태양만세태양만세태양만세태양만세태양만세태양만세태양만세태양만세태양만세태양만세태양만세태양만세태양만세태양만세태양만세태양만세태양만세태양만세태양만세태양만세태양만세태양만세태양만세태양만세태양만세태양만세태양만세태양만세태양만세태양만세태양만세태양만세태양만세태양만세태양만세태양만세태양만세태양만세태양만세태양만세태양만세태양만세태양만세태양만세태양만세태양만세태양만세태양만세태양만세태양만세태양만세태양만세태양만세태양만세태양만세태양만세태양만세태양만세태양만세태양만세태양만세태양만세태양만세태양만세태양만세태양만세태양만세태양만세태양만세태양만세태양만세태양만세태양만세태양만세태양만세태양만세태양만세태양만세태양만세태양만세태양만세태양만세태양만세태양만세태양만세태양만세태양만세태양만세태양만세태양만세태양만세태양만세태양만세태양만세태양만세태양만세태양만세태양만세태양만세태양만세태양만세태양만세태양만세태양만세태양만세태양만세태양만세태양만세태양만세태양만세태양만세태양만세태양만세태양만세태양만세태양만세태양만세태양만세태양만세태양만세태양만세태양만세태양만세태양만세태양만세태양만세태양만세태양만세태양만세태양만세태양만세태양만세태양만세태양만세태양만세태양만세태양만세태양만세태양만세태양만세태양만세태양만세태양만세태양만세태양만세태양만세태양만세태양만세태양만세태양만세태양만세 태양만세태양만세태양만세태양만세태양만세태양만세태양만세태양만세태양만세태양만세태양만세태양만세태양만세태양만세태양만세태양만세태양만세태양만세태양만세태양만세태양만세태양만세태양만세태양만세태양만세태양만세태양만세태양만세태양만세태양만세태양만세태양만세태양만세태양만세태양만세태양만세태양만세태양만세태양만세태양만세태양만세태양만세태양만세태양만세태양만세태양만세태양만세태양만세태양만세태양만세태양만세태양만세태양만세태양만세태양만세태양만세태양만세태양만세태양만세태양만세태양만세태양만세태양만세태양만세태양만세태양만세태양만세태양만세태양만세태양만세태양만세태양만세태양만세태양만세태양만세태양만세태양만세태양만세태양만세태양만세태양만세태양만세태양만세태양만세태양만세태양만세태양만세태양만세태양만세태양만세태양만세태양만세태양만세태양만세태양만세태양만세태양만세태양만세태양만세태양만세태양만세태양만세태양만세태양만세태양만세태양만세태양만세태양만세태양만세태양만세태양만세태양만세태양만세태양만세태양만세태양만세태양만세태양만세태양만세태양만세태양만세태양만세태양만세태양만세태양만세태양만세태양만세태양만세태양만세태양만세태양만세태양만세태양만세태양만세태양만세태양만세태양만세태양만세태양만세태양만세태양만세태양만세태양만세태양만세태양만세태양만세태양만세태양만세태양만세태양만세태양만세태양만세태양만세태양만세태양만세태양만세태양만세태양만세태양만세태양만세태양만세태양만세태양만세태양만세태양만세태양만세태양만세태양만세태양만세태양만세태양만세태양만세태양만세태양만세태양만세태양만세태양만세태양만세태양만세태양만세태양만세태양만세태양만세태양만세태양만세태양만세태양만세태양만세태양만세태양만세태양만세태양만세태양만세태양만세태양만세태양만세태양만세태양만세태양만세태양만세태양만세태양만세태양만세태양만세태양만세태양만세태양만세태양만세태양만세태양만세태양만세태양만세태양만세태양만세태양만세태양만세태양만세태양만세태양만세태양만세태양만세태양만세태양만세태양만세태양만세태양만세태양만세태양만세태양만세태양만세태양만세태양만세태양만세태양만세태양만세태양만세태양만세태양만세태양만세태양만세태양만세태양만세태양만세태양만세태양만세태양만세태양만세태양만세태양만세태양만세태양만세태양만세태양만세태양만세태양만세태양만세태양만세태양만세태양만세태양만세태양만세태양만세태양만세태양만세태양만세태양만세태양만세태양만세태양만세태양만세태양만세태양만세태양만세태양만세태양만세태양만세태양만세태양만세태양만세태양만세태양만세태양만세태양만세태양만세태양만세 태양만세태양만세태양만세태양만세태양만세태양만세태양만세태양만세태양만세태양만세태양만세태양만세태양만세태양만세태양만세태양만세태양만세태양만세태양만세태양만세태양만세태양만세태양만세태양만세태양만세태양만세태양만세태양만세태양만세태양만세태양만세태양만세태양만세태양만세태양만세태양만세태양만세태양만세태양만세태양만세태양만세태양만세태양만세태양만세태양만세태양만세태양만세태양만세태양만세태양만세태양만세태양만세태양만세태양만세태양만세태양만세태양만세태양만세태양만세태양만세태양만세태양만세태양만세태양만세태양만세태양만세태양만세태양만세태양만세태양만세태양만세태양만세태양만세태양만세태양만세태양만세태양만세태양만세태양만세태양만세태양만세태양만세태양만세태양만세태양만세태양만세태양만세태양만세태양만세태양만세태양만세태양만세태양만세태양만세태양만세태양만세태양만세태양만세태양만세태양만세태양만세태양만세태양만세태양만세태양만세태양만세태양만세태양만세태양만세태양만세태양만세태양만세태양만세태양만세태양만세태양만세태양만세태양만세태양만세태양만세태양만세태양만세태양만세태양만세태양만세태양만세태양만세태양만세태양만세태양만세태양만세태양만세태양만세태양만세태양만세태양만세태양만세태양만세태양만세태양만세태양만세태양만세태양만세태양만세태양만세태양만세태양만세태양만세태양만세태양만세태양만세태양만세태양만세태양만세태양만세태양만세태양만세태양만세태양만세태양만세태양만세태양만세태양만세태양만세태양만세태양만세태양만세태양만세태양만세태양만세태양만세태양만세태양만세태양만세태양만세태양만세태양만세태양만세태양만세태양만세태양만세태양만세태양만세태양만세태양만세태양만세태양만세태양만세태양만세태양만세태양만세태양만세태양만세태양만세태양만세태양만세태양만세태양만세태양만세태양만세태양만세태양만세태양만세태양만세태양만세태양만세태양만세태양만세태양만세태양만세태양만세태양만세태양만세태양만세태양만세태양만세태양만세태양만세태양만세태양만세태양만세태양만세태양만세태양만세태양만세태양만세태양만세태양만세태양만세태양만세태양만세태양만세태양만세태양만세태양만세태양만세태양만세태양만세태양만세태양만세태양만세태양만세태양만세태양만세태양만세태양만세태양만세태양만세태양만세태양만세태양만세태양만세태양만세태양만세태양만세태양만세태양만세태양만세태양만세태양만세태양만세태양만세태양만세태양만세태양만세태양만세태양만세태양만세태양만세태양만세태양만세태양만세태양만세태양만세태양만세태양만세태양만세태양만세태양만세태양만세태양만세태양만세태양만세태양만세태양만세,2,2,True,Recommended,11749,1591508222
다크 소울3,킹갓겜 같이하자 다크소울하자,2,4,True,Recommended,62463,1590662482
다크 소울3,"요즘 너 무 할 게임이 없으시다구요??? 과장된 홍보와 광고에 짱개식 양산형 게임들에 지쳐있다구요??? 아 물론 우리나라 과금유도 개 쩌는 사행성 게임성에도 지쳐있다구요??? 그렇다면.. 다크소울 시리즈를 시작해보는 것이 가아아아장 좋은 대안책이 될 수도 있겠군요!! 바로 게임을 아예 접을 수 있는 선택지 말이죠!!! 시작부터 나를 반겨주는 해골 친구들과 더불어, 도끼들고 나를 훈련시켜주는 녀석은 여러분들이 지쳐있는 게임메커니즘에 죽음을 불어 넣드릴 겁니다! 아, 물론 2시간 전에는 선택하셔야합니다. 왜냐구요? 환불을 무조건 하게 될테니 말입니다!",2,1,True,Recommended,3315,1589224719
다크 소울3,다크소울3을 비롯하여 다크소울 시리즈는 스팀클라우드를 지원하지 않습니다. Windows User Username Appdata Roaming DarkSoulsIII 앞으로는 잊지말고 꼭 백업해두자 미래의 나야... 힝힝,2,44,True,Recommended,60013,1588781707
다크 소울3,이 게임 아주 쉽습니다. 슈퍼 마리오 깰 정도의 컨트롤이면 다들 즐겁게 클리어 할 수 있어요 모두 세일할때 사서 즐겨보아요 7,2,0,True,Recommended,4585,1588564207
다크 소울3,세일 안할떄 다 따로사서 8만원쯤 들인 흑우입니다. 사실 저는 청정수이기 때문에 노히트를 성공한 보스조차 반이 조금 넘는정도밖에 안됩니다. 여러분도 하루빨리 이 게임을 구매하셔서 매운맛 청정수가 되어보세요!,2,1,True,Recommended,34475,1587963369
다크 소울3,행님덜 제발 이 게임을 사주십시오 게임을 사주신다면 잔불 소울 다 드리겟읍니다 그러니 제발 많이 오십시오,2,1,True,Recommended,24906,1587426849
다크 소울3,족같네요,2,0,True,Recommended,549,1587163918
다크 소울3,벌써부터 킹받음,2,1,False,Not Recommended,1062,1587034031
다크 소울3,까무잡잡 영혼,2,2,True,Recommended,13962,1587028299
다크 소울3,다른 게임에서 템이나 레벨이 낮아 어려울때. 닼소하기 전 아 템이 안좋은가? 닼소를 접한 후 아 그냥 어려운 임무인가보다 클리어,2,5,True,Recommended,38700,1585755718
다크 소울3,R.I.P DarkSouls 3,2,0,False,Not Recommended,228672,1584329773
다크 소울3,이제야 군다 잡았네요,2,0,True,Recommended,20040,1583371199
다크 소울3,클리어 후 드라이 오르가즘 시뮬레이션,2,2,True,Recommended,19956,1583139710
다크 소울3,망령들한테 찢기다 보니 보스가 더 쉬운 느낌,2,18,True,Recommended,23300,1582801705
다크 소울3,환불사유 심연의 감시자,2,0,False,Not Recommended,976,1582739999
다크 소울3,게임이 너무 어려우신가요? 그래서 제가 이런 평가를 준비했습니다. 실력을 빨리 키울수있는3가지를 빨리 알려드릴게요. 1. 피하기 이것만 잘하면 절반 50 는 먹고 들어갑니다 2.기술 잘 활용하기 무기마다 사용하는 기술이 다르므로 무기를 잘아시는게 좋습니다. 30 정도 비중을 차지하고 3.떄리기 보스가 피하거나 암령들이 재 공격을 피하는경우가 있어요. 100 공격 맞게끔 공격합시다. 20 비중을 차지합니다. 이게임 정말 재밌으니까 한번씩 해보시고 가끔씩바닥에 빨간글씨 써진 암령분들중에 친절한분있는데. 그분들 소환하면 소매넣기 해주시거나 길 안내해주실수도있는분들입니다. 가끔씩 암령 소환해서 같이 플레이해보세요. 근데 고인물 보시면 도망가시는게 좋습니다 실력 좋은분들은 3 1 이기시더라고요. 가끔 진짜 비공식적으로 기본사람의 3배 뛰어난 다크소울계의 챌린저분들이 존재합니다. 그분들 만나면 어쩔수없지만 살려달라고 기도합시다.,2,2,True,Recommended,97353,1579687193
다크 소울3,오홍홍 망자가 되보아옹,2,0,True,Recommended,3090,1578497223
다크 소울3,개 빡치게 하네요,2,0,True,Recommended,714,1578372880
다크 소울3,재의묘소도 못나가면 환불해라.,2,5,True,Recommended,123,1576883804
다크 소울3,암령 들어왔을때 일단 한번 인사 오지게 박아보셈 귀여워서 살려줄수도 있음,2,0,True,Recommended,2936,1576248836
다크 소울3,조금했다고 생각했더니 2년이 사라졌네요. 군대에서 2년은 길었는데,2,1,True,Recommended,117862,1574688871
다크 소울3,단언컨데 한번빠지면 헤어나올 수 없는 내 인생 최고의 게임.,2,0,True,Recommended,24788,1570749667
다크 소울3,"재밌다길래 살짝 맛만 봤는데요, 정말 재밌는 게임인 것 같습니다 아직 늅늅이인데도 회차 도는게 들었던 것 만큼 어렵진 않네요 D 워닐은 너무 어려웠습니다 반엽의 대도 상향좀",2,1,True,Recommended,57671,1570525122
다크 소울3,이 앞에 헛됨 있음,2,8,True,Recommended,5177,1569586316
다크 소울3,다크소울3는 얼마 안해봤지만 정말 재미있는 것 같네요 하하,2,1,True,Recommended,24559,1567647560
다크 소울3,살려주세요,2,0,True,Recommended,649,1565285720
다크 소울3,"이 앞, 태양만세 유효",2,0,True,Recommended,2782,1562931143
다크 소울3,이 앞 유다희 유효,2,0,True,Recommended,18913,1562908453
다크 소울3,처음엔 이 게임을 구매한 나 자신이 싫었다. 환불 타이밍을 놓친 내가 미웠다. 하지만 해냈다. 나는 잡았다. 노예기사 게일까지. 뿌듯하다.,2,11,True,Recommended,3605,1562490997
다크 소울3,고통과 쾌락은 종이 한 장 차이 강력 추천 9.5 10,2,0,True,Recommended,2028,1561733830
다크 소울3,당신이 제일 많이 볼 메세지 이앞 점프 유효,2,0,True,Recommended,14810,1561621473
다크 소울3,아직 조금밖에 해보지 못했지만 아주 재밌네요,2,0,True,Recommended,38078,1561531491
다크 소울3,아직 잘 모르겠는데 재미있는게임인거같아요. 더 즐기면 알 것 같은데 서버가 닫혀있어요. 서버가 열렸는데도 아직 잘 모르겠어요. 이 게임 접고싶어요 이 게임 접고 다른 게임 하고싶은데 pvp같은경우엔 다크소울3에 재미가 붙으면 이 게임과 같은 재미를 찾기 힘드네요. 공물작만 하고 pvp는 하지 마세요. 접어야지만 5년째임,2,5,True,Recommended,234181,1558858954
다크 소울3,굴러서 바닥청소하는겜,2,2,True,Recommended,1131,1557761961
다크 소울3,"2회차를 끝냈다 dlc도 끝냈다.. 밀려오는 허무함... 내가 망자인가 캐릭터가 망자인가.. 처음 이게임을 사고 딱 3시간 플레이해봤다.. 튜토군다에서 2시간 있었다.. 로스릭의 벽으로 갔다.. 1시간동안 길을 잃었다.. 그리고는 게임을 삭제했다.. 잊고지낸지 3개월.. 아..어차피 환불도 안되는거 다시 해볼까..? 설치를 감행했다.. 내가 만들어 놓은 캐릭터가 그자리 그대로 날 반겨주고있다.. 살짝 망설였지만 들어갔다.. 아 다시보는 이 황폐한 장소..로스릭의 높은벽.. 도대체 어디로 가야한단 말인가.. 괜한 자존심으로 공략은 보지 않았다.. 그리고는 잔불이라는 아이템을 썼다.. 이게뭐지..? 체력이 늘어나네? 어찌저찌 보스방앞으로 찾아온것 같다. 근데 보스방 앞에 이상한 글자가 생겨났다. 어라 이건 또 뭐지? 이벤튼가? 소환사인이라고 한다. 눌러보았다. 웬걸 거기서 다른 플레이어가 나타났다. 그러더니 행동으로 손가락질을 하며 저쪽으로 가라는 사인을 한다. 난 대충 알아들어서 그렇게 보스방으로 들어간다. 두번째 보스 볼드가 나타났다.. 내가 한건 없었다. .오직 백령들이 처치해주었기 때문이지.. 난 허탈감을 느꼈다.. 아니..내가 그렇게 힘들게 찾아온 보스방을 왜 지들이 다 죽이는거지? 그 뒤로 npc 백령 이외에는 소환을 하지 않았다.. 허무하니까.. 그렇게 꾸역꾸역 거목, 노야, 엘드리치, 욤, 무명왕, 로스릭 쌍왕자, 데몬, 심연의 감시자, 교주 여러 마리의 보스를 잡았다.. 무명왕은 60트라는 힘겨운 싸움아래 잡았다.. 점점 재밌어진다. 패턴을 파악하고 피하고 구르고 때리고 아 두번이상은 안 된다. 명심하자. 잡았을때 몰려오는 쾌감! 희열! 아 이래서 다크소울 하는구나! 물론3는 그전작품에 비하면 쉽다고 하지만 난3부터 했는데 어쩌겠는가? 그렇게 난 다시한번 군다를 맞이하게된다. 다 죽어가는 녀석이 아니라 쌩쌩하던 그 시절 영웅이라 불리던 군다를.. 하지만 이미 수많은 보스들을 상대해온 나에게 네 녀석은 하룻강아지다! 이런 내가 강아지였나보다.. 군다에서 55트를 했다.. 그래 이젠 강해졌어! 기다려라 쌍왕자! 이런 쌍왕자도 강했다..내가 약한건가.. 20트를 해버렸다.. 후..만만치 않았지.. 가자 이젠 정말 엔딩뿐이야 화신으로 향했다. 무릎을 꿇고 기다리고 있는 왕의 화신.. 네 녀석만 잡으면 된다 이말이지 가자! 어라? 한번에 잡았다.. 왜지..? 정말 강해진건가.. 오히려 최종보스가 이러니 더 허무했다.. 그래서 무심코 2회차로 가버렸다.. dlc를 하지않은채.. 2회차로 넘어왔다.. 튜토군다가 보인다.. 안녕 군다야..이제 너와의 긴장감 넘치는 썸은 못느끼겠구나.. 너무나도 간단히 잡아버렸다.. 볼드를 만났다.. 안녕 볼드야 1회차때는 너의 패턴을 볼 기회가 없었어! 이제좀 보자! 이런 너무나도 쉽게 잡아버렸다..그 뒤로 만나는 보스마다 모두 1트만에 잡아버렸다.. 심지어 나를 괴롭힌 무명왕까지! 1트만에 잡히는걸 보고 너무나도 1회차때의 내가 한심했다.. 2회차는 무려 10시간 뭐 천천히 한것도 있지만 1회차에 비하면 너무나도 빨리 끝나버렸다.. 허.. 순간 아무생각없이 캐릭터를 움직이는 나를보고 이게 망자인건가..싶은 생각이 들었다.. 아 그래 dlc가 있지! 힘차게 dlc로 향했다 수많은 몬스터 게닥 4천왕까지! 날 다시 가슴뛰게 해줘 다크소울!그래 dlc는 괜찮았다! 프리데! 무려 3페이즈 까지있는 망할년! 괜찮아 힘겹게 잡긴 했지만 이게 다크소울이지!! 하하!! 묘지기 늑대왕!! 덤벼라!! 어라? 얘는 너무 쉽잖아..2트안에 끝났네..괜찮아 고리의 도시 게일과 데몬 그리고 미디르가 있잖아!! 가즈아!! 데몬왕자를 만났다. 어려워! 힘들어! 그래 익 다크소울이야! 얍얍!!7트안에 간신히 잡았다! 하하 이젠 정말 게일과 미디르를 볼차례인가!! 고리의 도시로 향하였다 입구에서 부터 반겨주는 거인의 소환술! 이야 개새끼! 요리졸 피해서 화톳불을 키고! 이제 본격적으로 움직여 보실까! 난 그 선택을 하지 말았어야했다.. 고리의 도시에서 1시간 30분동안 못나갈줄 누가 알았겠어..저주에 죽고..암령에 죽고.. 그냥 다죽고..휴.. 겨우겨우 잘피해서 미디르까지 왔다!! 그래 미디르 부터면 그래도 내 심장이 뛸만하지!! 일단 위에서 깝죽대는 미디르를 보내고 난 뒤! 어디선가 봤던 신뢰의 도약 장소를 찾기위해 30분간 찾아다녔다! 결국 못찾았다.. 어쩔수 없지 게일 영감님 부터 가즈아! 멋져 한소녀를 위해 맹목적인 자신의 목적을 가지고 돌진하는 그 충신! 내 장례희망은 노예다! 수 많은 명성을 뒤로한채 도전했다!! 이런..1트만에 잡아버렸다..왜 이걸 어렵다고 한거지...모르겠다.. 패턴이 너무 단순해..무명왕보다 쉬워..왜지...난 강해지지 않았는데.. 그래 미디르가 남았어 날 실망시키지 마라 미디르 겨우겨우 엘리베이터 중간길을 발견! 가즈아 미디르 신뢰의 도약! 그래 미디르는 날 가슴뛰게 해주었다. 많은 체력 넓은 패턴 마치 몬스터헌터를 하는 것 같은 느낌! 그래 이거야 이걸 원했어!! 30트만에 클리어한 나는 소리를 질렀다 태양만세!! 그리고 5분뒤..허무함이 밀려왔다.. 난 무엇을 위해 다크소울을 하였는가..그리고 조심스레 화톳불로 가 3주차를 눌렀다..",2,1,True,Recommended,8386,1556015219
다크 소울3,조금 해봤는데 놀랄만큼 쉽고 재밌습니다!,2,1,True,Recommended,44883,1555164848
다크 소울3,마.술.조.아.,2,10,True,Recommended,75275,1554450888
다크 소울3,다크소울이 어려운 당신곁엔 언제나 당신을 도와주는 영체들이 함께합니다 Ps.붉은애들이랑 보라색 애들이 같은편입니다,2,2,True,Recommended,3460,1552563614
다크 소울3,도... 도와주세요 장작의왕 머리5개 모아서 마을에서 화방녀가 가운데로 오고 무릎끓는 장면을 보다가 동영상으로 남기고 싶어서 Alt F4로 껐다가 다시 켰습니다. 하지만 소울연성해주는 장작의왕이 죽은 상태로 되어있고 무릎끓기 커맨드가 안 나오는 상태입니다 어떻게해야 다시 무릎을 끓을 수 있나요? 제발 가르켜주세요 처음으로 엔딩보는 순간이였는데 이렇게 넘길수는 없습니다 도와주세요!!,2,0,True,Recommended,11139,1551802207
다크 소울3,탈모의 버려진 자식,2,0,True,Recommended,30602,1550593655
다크 소울3,씨1발,2,3,True,Recommended,301,1549696610
다크 소울3,뉴비학살자 군다에게 1시간동안 썰리고 패드 던졌다가 부서져서 게임을 지웠습니다.,2,0,True,Recommended,76,1549451646
다크 소울3,산책겜,2,1,True,Recommended,43501,1549022941
다크 소울3,"갓 겜 현재 기준 1회차 욤을 잡은 닼린이가 평을 하자면 이겜을 처음할때는 충격적이었고 어려웠고 군다 달인 암령 잡몹 최근엔 설리반한테 혼나면서 게임을 키기도 무서웠지만 수십번 맞고 죽어가면서 배우고 설리반한테 패링을 배우고 현재까지 하면서 나도 하면 된다 를 느꼈다. 패턴을 외워가는 재미와 패턴을 다 외웠을때 집중 안하고 대충 굴렀을때 피해지는 쾌감이 너무 좋다 몇번을 죽어도 플레이어가 포기하지 않으면 주인공도 포기하지 않는다는 점이 마음에 들었다 단점 장점만 요약해서 말하자면 단점 게임이 불친절하다 미니맵 없음, 중요한 아이템 숨겨짐, 키보드용 버튼 입력법 안보임, 게임내 낯선 스탯 설명 없음 등 좀 어렵다, 특정 보스 다시 하기 기능이 없다는게 아쉬움, 클라우드 저장좀 장점 하다보면 재밌다, 브금 좋다, 성취감, 인성교육 등 마지막으로 재의 귀인에 태양 있으라! T",2,12,True,Recommended,19486,1547216437
다크 소울3,굿,2,0,True,Recommended,424,1546010718
다크 소울3,좆같아서 못해먹겠네,2,0,True,Recommended,10666,1545548960
다크 소울3,닼특 갓겜 맞음,2,2,True,Recommended,3124,1544891199
다크 소울3,아아...재의 귀 .....망자이시어...부디 자비를 내려 저들에게 무기로 죽여주시길 바랍니다....,2,3,True,Recommended,18058,1544708370
다크 소울3,유다희양과의 데이트는 오늘도 즐겁습니다,2,1,True,Recommended,24592,1542992127
다크 소울3,별로 재미 없,2,0,True,Recommended,37865,1542936083
다크 소울3,모르면 죽어라,2,11,True,Recommended,38602,1542932753
다크 소울3,갓 갓 띵작 어렵긴 아직 덜 죽은것이다 더 죽어보고 와라!,2,0,True,Recommended,13537,1542858652
다크 소울3,렉걸려,2,0,True,Recommended,340,1541905038
다크 소울3,군바씹새끼떄매 환불한다,2,0,False,Not Recommended,141,1541316669
다크 소울3,이앞 게임접음 있다,2,1,True,Recommended,2894,1541316166
다크 소울3,말이 필요없는 최애 게임,2,8,True,Recommended,2271,1540974586
다크 소울3,"다크소울 시리즈중에서 가장 쉬운 다크소울 3. 잘 보고, 피하면 됩니다. 좆같은 약정의 증표 좀 잘나오게 해주면 안되냐",2,4,True,Recommended,19828,1539860619
다크 소울3,"할 게임이 없으시다구요? 더이상 뻔하고 뻔한 게임은 질렸다구요? 그런당신을 위해 준비했습니다! 다크소울3! 이 게임은 할인하면 2만원대의 가격으로 유다희양과 데이트도 할 수 있고, 갑옷을 좋아하신다면 이 게임에 더욱 눈이 가실것입니다! 이런, 아직도 이 게임을 사지 않으셨다구요? 지금당장 구매하세요! dlc까지사면 더 재미있습니다! 무기도 좋은거 줍니다 아무튼 짱짱맨 유다희양 채고얏",2,1,True,Recommended,13683,1538316285
다크 소울3,사고 후회없는게임중 하나 언제 죽을지 모르는 게임 dlc도 후회없으며 미디르 씨 바 래 모 게임 자체는 어렵고 난 재능충이라 쉬웠더라 키보드 조작감 패드쓰고 키보드쓰니까 오히려 더 잘피해지고 타격감이나 그런건 말할필요도없이 최고 그래픽은뭐 그런거 따질려고 이겜하는것도아니다 정가로 사도 후회없으며 단지 잔불을 쓰면 암령들이 뿅뿅오는고시다 단점이라고하면 이루실 지하감옥이 무섭다 오죽하면 보스보다 거기서 많이죽었다 성장은 여러가지로 할수있고 마법이든 칼질이든 상태이상으로 딜을 넣든 무엇을하든 재미를보장한다 dlc 지역으로 들어가면 어머나 섹상에 이게 뭐람 이라고 할정도로 판타지 무기가 많다 너무좋다 스토리를볼꺼면 dlc 전부를사는걸 추천하지만 재미만느끼겟다면 1번째 dlc를 추천안한다 그래서 뭐라고? 걍 사라고,2,2,True,Recommended,26712,1536669883
다크 소울3,시리즈의 마지막에 어울리는 작품,2,1,True,Recommended,9967,1536383499
다크 소울3,프리데 뒤졌으면,2,0,True,Recommended,27390,1536068043
다크 소울3,피하고 때리는 것만 잘하면 된다.,2,7,True,Recommended,2949,1536059699
다크 소울3,아.. 애들아 길좀 가자... 길 지키는 애들이 너무 지겹다... 그래 여기서 뛰는게 유효다고? 그래? ... 으아아아아아아아아 아까 걔들 또 살아났네! 길좀 가자 좀!!!!!!!!!! 으아아아아아아아아앙 . .. 내 소울!!! 으아앙라아아아아아아아... 레벨업을 할수가없어! 으아아아아아아아라랄아 아!! 거기 마음꺽인 아저씨 옆에 저도 좀 앉을게여... 근데 아저씨 왜이리 쎄여? 으아아아아으라 아아아 기사 말고 다른애들좀 해볼까? 존나 구리네 으 아라아아라아아아 아르라 나아아,2,1,True,Recommended,6360,1535127296
다크 소울3,DLC 꼭 사세요!,2,14,True,Recommended,43450,1534925719
다크 소울3,유다희의 시간이다.,2,5,True,Recommended,10835,1534194630
다크 소울3,이 아래 혹은 아래에 있는 리뷰를 믿지말라. 내가 당신들에게 해줄 수 있는 최고의 조언이다.,2,7,True,Recommended,123,1533442914
다크 소울3,"재미 읍니다 일단 군다에서 구르면 넘어져서 슬프고일 덜러짜리 나사롷 서죄송하고 무희가맞은편애볼드랑있어요볼 드를죽이면화신이 왈 들이랑나오는대그보잗다여러분들라면먹지마세요 짬뽕,우동 많이먹어라 그리고 면종류는먹으면 힘빠진다는이유가 면이전부다밀가루음식이라서 라면 밀가루 ?생끝에 낙이온다 오픈핑거글러브 끼고 손가락으로싸우는상대 눈찌르지마라 반칙이다이즘가면또상왕자가나온느대게 2게이임 아 그 거목이치킨먹을때만친구들아정태수 싸움스타일 주먹으로치고박",2,4,True,Recommended,24667,1532428615
다크 소울3,다크소울을 하며 많은 핵쟁이을 보았으며 절대 중국인과는 게임을 하지 않길 바란다. 게임 자체는 굉장히 추천함,2,2,True,Recommended,27881,1531929095
다크 소울3,멋있고. 웅장하고. 어둡고. 슬프고. 아프고. 괴롭고. 외롭고... 꼭 해보세요.,2,28,True,Recommended,37041,1531877203
다크 소울3,"2018 07 16 이 게임은 내게 있어서 유튜브에서 본 여러가지 동영상에서 스쳐 지나가듯 알게된 어려운 게임들 중 하나였습니다. 머리를 써야되는 추리게임이나 퍼즐게임, 탈출게임 또는 딱히 컨트롤이 필요하지않은 리듬게임이나 비쥬얼노벨 류의 게임만을 즐기던 제게 이 게임을 즐기는 게이머들은 다른 세계의 사람이었습니다. 하지만, 한편으로는 마치 현실에서 이세계를 꿈꾸듯 현란한 무빙과 날카로운 판단으로 자신의 한계를 알게되고 더욱 성장하기위해 자신을 갈고닦는 그런 게임을 즐겨보고 싶다는 생각에 결국 본편만 구매하게 되었습니다. 간단한 초보자 공략만을 읽고 기사 클래스로 시작한 저는 열심히 만든 여캐의 얼굴이 보이지않는다는 이유로 캐릭터 삭제를 하고 마법사 클래스로 시작하게 됩니다. 시작하고 캐릭터마이징 하는데만 2시간을 넘게 사용해버렸기 때문에 환불을 할 수 없는 저에게 환불의 심판자 군다는 정말이지 넘기 버거운 벽이었습니다. 뭐 이런 게임이 다 있나 욕을 하면서도 죽어라 구르고 도망가며 결국 쓰러뜨렸을 때 느낀 해냈다! 는 몇십번을 죽으며 느낀 무력감, 피곤함, 좌절감을 전부 보상해주는 값진 경험이었고, 이런 기분을 몇 번이고 느껴야한다는 사실에 눈 앞이 깜깜했지만 한편으로는 가슴이 뛰었습니다. 이제 저는 그 악명높은 무명왕을 3시간 넘게 70번 정도를 시도해서 겨우 쓰러뜨렸고, 마지막 보스인 왕들의 화신도 쓰러뜨리며 1회차를 끝냈습니다. 아직 현란한 무빙과 날카로운 판단력으로 지금까지 쓰러뜨린 보스들을 단번에 쓰러뜨릴 자신은 없지만, 더 성장한 제 자신을 믿으며 포기하지않고 도전하면 2회차도 아마 힘들지만 가슴뛰는 여행이 될 거라 믿습니다. 이 앞에 태양만세 있으라 !!! 2024 06 17 도전과제 100 완성 이 앞에 태양 만세 유효",2,0,True,Recommended,13991,1531687155
다크 소울3,암령 시벌럼들.,2,1,True,Recommended,7349,1531214364
다크 소울3,이 게임을 시작하고 암이 암에걸려 나았습니다.,2,0,True,Recommended,3095,1531148210
다크 소울3,이게임은 어려운게 전부가 아니다 너무나 잔인하고 슬픈 게임이다.,2,20,True,Recommended,25262,1530670136
다크 소울3,캐주얼하고 킬링타임용으로 제격입니다. 전작들과 달리 친구나 지인들끼리 코옵하기가 훨씬 쾌적하네요. 캐주얼... 킬링타임.... 킬링.... 킬......유........다희...,2,3,True,Recommended,22532,1530388683
다크 소울3,하드하구만,2,1,True,Recommended,3380,1530170435
다크 소울3,"당신이 어떤것을 상상하든 그이상입니다. 재미,스토리,캐릭터성,공포,좌절,분노,빡침,개빡침 게임을 시작하기전에 패드나 컴퓨터를 부쉴 자신을 말려줄 가족이나 친구를 주위에 두고 하세요 구르기는 사랑입니다 강공은 쓸모가 없습니다 좆밥처럼 보여도 당신보다는 쌤니다 당신에겐 잡몹도 보스입니다 나 이제 좀 잘하는 것같은데?하는 개소리는 하지마세요 쓸모없습니다 단돈 50000원 세일가 12450원에 간디도 비폭력에서 be폭력으로 바꿔버리는 진정한 게임 당장구매하세요 당신의 참을성,분노조절장애,찌질함 이게임하나로 고칠 수 있습니다. 희망넘치고 활기차고 밝은 미래가 있는 다크소울3 o 남들은 닼소1,2가 더 어렵다지만 그것은 박근혜가 좆같냐 최순실이 좆같냐의 차이기때문에 신경쓰지 마세요 o 솔직히 하다보면 좀 수월하게 하고 있는 당신을 발견할수 있으실 겁니다 그렇다고 자만하지 마세요 그다음은 지옥이니까 o 소울은 그때그때 사용하세요 괜히 모으다가 못쓰고 멘붕하시지 마시고요",2,0,True,Recommended,1204,1529813628
다크 소울3,그렇게까지 어렵지 않은데 다들 어렵다는 소문 듣고 도망가는 게임...,2,0,True,Recommended,52474,1527231531
다크 소울3,내가 몬스터를 죽인만큼 내가 몬스터한테 죽는 갓게임,2,1,True,Recommended,3951,1526640654
다크 소울3,마조가 되는 게임,2,6,True,Recommended,10457,1526198460
다크 소울3,이 게임 갓겜입니다 보스가 절 잡아용,2,6,True,Recommended,2714,1525077847
다크 소울3,힘을 원하는가 재의 귀인? 소울의 힘으로 아무리 재의 귀인을 강하게 만든다해도 플레이어의 실력이 그대로라면 우리 재의 귀인만 고통받겠지... 강해져라 유저들이여 그렇게 된다면 더이상 그대의 힘앞에 무릎을 꿇게될것이다. 망자의 왕을 목표로 한발자국 더 다가가길...,2,14,True,Recommended,26777,1524227915
다크 소울3,리듬 게임의 혁명,2,2,True,Recommended,7758,1524133062
다크 소울3,"우리가 보고 싶은 문장 HEIR OF FIRE DESTROYED, LORD OF CINDER FALLEN 우리가 현실에서 보게 되는 문장 YOU DIED 익숙해지세요. 안 익숙하시다고요? 그럼 죽으면서 배워야죠, 뭐.",2,1,True,Recommended,22694,1523523180
다크 소울3,"무작정 어렵다고 생각하셧다면 그 생각은 맞습니다. 하지만 첫번째 보스 군다만 잡으신다면 주변 커뮤니티를 통해 석유가된 플레이어의 도움을 받아 즐겁게 플레이 하실수 있습니다. 사람은 적응하는 동물이듯 처음에 보스만 보면 무작정 구르기만 했던 사람이 어느세 패링으로 보스를 농락하고있는 당신을 볼수있습니다. 다크소울은 100시간을 넘게해도 컨텐츠는 줄어들지 않습니다. 모든 마법을 모으거나 제스쳐, 무기 , 배경화면찍기, 엔딩을 다보는것 , 옷입히기 , 다른 외국인이나 플레이어를 효율적으로 찢는방법을 생각하는등 여러가지가 있지만 그중 제일 처음으로 접할수있는 유다희양을 만나보세요! 특히 솔로이신 당신을 위해 유다희양이 환영해줍니다. 주의하실껀 정말 이 게임은 어렵고 절망적이다. 싶으신분들은 사시고 1시간 50분정도를 알람설정 하시고 첫번째 튜토리얼을 못깨셧다면 환불하는걸 추천합니다. ps. 전 환불타이밍이 늦어서 첫번째 보스인 군다만 5시간을 붙잡았습니다.",2,3,True,Recommended,23082,1523087996
다크 소울3,"1. 섹션 참가에 실패했습니다 다른 세계에 침입중입니다 뜬 뒤 1분동안 안잡히다가 이거만 계속 뜨고 시간만 낭비하게 하고.. 2. 매칭이 중지되었습니다. 남은 인원수가 분명 0임에도 계속 매치중이라고 뜨다가 한참 후에 매칭이 중지되고.. 3. 무한 로딩 매치가 돼서 불려가더라도 무한 로딩만 하다 모든 투사가 본래 세계로 돌아갔습니다. 원래 세계로 돌아갑니다. ... 4. 핑렉 대형 무기로 직검을 카운터쳐도 판정이 늦게 와서 자신도 두대 맞고 강인도가 풀려버리고, 패리 타이밍은 사람마다 가지각색 맞으면서 하는 패리도 셋업 패리도 불가, 어느 타이밍에 백스탭을 시도해도 상대가 굴러나가기 가능! 멀리서 공중에 칼질 하는데 연타맞고 사망, 모션 없는 공격, 텔레포트, 매직 리치도 이거에 해당이 될런지 5. 지역외 매치 이거 막을라고 지역 외 매칭을 꺼도 캐나다, 호주인을 만나는 신비 6. 고치지 않는 버그 10개월 전에도 있던 무기 스왑 버그가 아직까지 유효하고, 핵을 막을 생각은 일절도 없어보이고.. 투명 벽을 때리는 순간 지하로 낙하! 총애 반지만 있으면 무한히 달릴수도 있고 사다리의 망부석도 가능! 7. Connection error occured! 당신이 암령과 싸우기 싫으시다구요? 암령과 싸우다 질거같다구요? 교회의 창과 싸우다가 패배했다구요? pvp를 하다가 질거같다구요? 당장 뽑으세요 랜선! 당장 누르세요 alt f4! 당신은 이 짓을 한번에 27번 반복하면 하루짜리 밴을 먹을 수 있으니 조심하십시오! 아 물론 백교의 고리가 있으니 안심하셔도 됩니다! 근거 없는 제 실력상의 문제에서 비롯한것 다크소울의 특징 프롬의 게임 제작 스타일에 대한 언급은 일절도 하지 않았습니다. 다들 한번쯤은 겪어보셨을겁니다. 왜 이런 문제가 있음에도 전혀 조치를 취하지 않을까요?",2,0,True,Recommended,37372,1522587742
다크 소울3,이거 너무너무 재미있음 너무 쉬워요,2,1,True,Recommended,2445,1521721132
다크 소울3,1회차 겜 줫같네 진짜 2회차 직검질리는데 다음무기 뭐들지 3회차 일언제끝나지 닼소해야되는데,2,1,True,Recommended,40350,1520902153
다크 소울3,씨2발,2,1,True,Recommended,819,1520319350
다크 소울3,뭐 시발 불사대 처음봐?,2,1,True,Recommended,30606,1519663941
다크 소울3,몹들이너무무섭다,2,0,True,Recommended,3099,1519052948
다크 소울3,암걸려서 못하겠으,2,3,False,Not Recommended,7186,1519010998
다크 소울3,"참 잘 만들고 재밌는 게임이라고 평가받지만 취향과 플레이 성향에 안맞으면 돈낭비가 따로 없습니다. 코어 게이머가 아닌 빡빡하고 바쁜 일과에 지친 몸을 녹이는 정도로만 가볍게 즐기고 싶은 분들 , 특히 게임에서 까지 에너지를 쏟아가며 도전하는게 너무 지치고 피곤하신 분들이라면 더더욱 권해드리고 싶지 않습니다. 튜토리얼같은 첫 보스도 몇시간씩 상대하고 나면 더이상 게임이 아니라 야근이더군요. 라이브러리 볼때마다 좀 더 빨리 환불하지 못한게 후회됩니다.",2,2,False,Not Recommended,14464,1518881427
다크 소울3,한대만 더 라는 생각이 한판을 더 하게만들것이다,2,3,True,Recommended,11330,1518225054
다크 소울3,"가족분들과 화기애애하게 이야기하며 즐길 수 있는 밝고 유쾌한 게임입니다. 유쾌하게 플레이하지못했다면 참 안타깝네요. 어렵더라도 친절한 고인물 망자분들이 잘 도와주실껍니다 아마도요 . 게임을 못하는 편인 저도 많아봐야 7 8트 했습니다. 결론은 할인도 자주하고 최근에는 50 60 할인도 하니까 돈이 없으신분들, 소문때문에 무섭다는 분들 두려움을 가지지말고 해보세요. 그런데 해보니까 너무 어렵다구요? 어쩌라구요",2,1,True,Recommended,9752,1518050328
다크 소울3,화면에선 피가나오고 손에선 땀이나오고 눈에선 눈물이나오는게임,2,1,True,Recommended,10575,1515486107
다크 소울3,자꾸 죽어서 접었어요,2,0,True,Recommended,2723,1514087518
다크 소울3,하... 게임 겁나 빡세네요.. 물론 전 무모하기때문에 무쌍이 가능했지만요,2,0,True,Recommended,8777,1514020154
다크 소울3,죽음이 곧 즐거운 게임. 유다희와 함께하는 아름다운 러브스토리,2,2,True,Recommended,50935,1512496020
다크 소울3,"2편은 갑자기 뜬금없는 지역 스토리니까 넘버링으로 해주긴 싫으니 넘어가고 1편의 선택받은 불사자에 비하면 계승하지 못하고 타버린 재라 그런지 힘겹고 약하게 타오르는 화톳불이나, 플레이어의 캐릭터를 보자면 짠하기도 함 스토리나 이런것을 떠나 1편에서 진짜 지원을 하는건지 장난하는건지 알수없던 마우스 지원이 훨씬 편해지며 게임을 하는데 키보드 마우스로 큰 지장없이 플레이 하였고 몬헌의 전작들과 같이 꼭 제자리에 굳건하게 서서 먹어야 했던 에스트병을 걸으며 먹을 수 있다거나 편의성 면에서도 전작들에 비해 상당히 좋아졌음 전작들을 재미있게 했다면 3또한 충분히 만족하며 즐길 수 있음은 확실함 다크소울3에서 아쉬운점은 이게 시리즈의 스토리상 마지막이 된다는것과 이후 차기작인 세키로의 공개 영상을 보면 소울시리즈의 기본 플레이 스타일을 가지고 있어 보이긴 하는데 갑자기 입체기동을 하고 점프를 하는등.. 좀 심하게 변화된 부분이 있으며 플레이어블 캐릭터가 왜놈 사무라이가 등장하는데다 이미 이런 사무라이나 닌자가 등장하는 소율라이크 물건들은 자기들이 만든 소울시리즈에 영향받아 나온 인왕이나 토귀전 같은 물건도 있는데 굳이 프롬이 왜 컨셉을 저걸로 잡았는지가 많이 아쉬울뿐... 갠적으로 신작인 세키로의 컨셉을 생각하면 소울시리즈에서의 그 팬티 여러번 갈아입게 만드는 OST 가 니뽄 스타일이 될경우가 크기에 더 아쉽.. 뭣보다 이제 스팀클라우드 지원좀 하자 프롬.... 프리페어투다이는 그래도 지원하더니 왜 더 후속작인 3는 또 회귀했니...",2,1,True,Recommended,9551,1512387012
다크 소울3,살짝 플레이해보았는데 재밌는 게임이라는걸 알았다.,2,1,True,Recommended,17793,1512131157
다크 소울3,적들의 스폰 장소는 고정이지만 내가 죽는 위치는 랜덤이다. 심지어 이미 밥먹듯이 지나다닌 길에서도 죽을 수 있다. P.S 심오한 다크소울의 스토리를 알고나면 더 재밌고 애절한 감동명작,2,2,True,Recommended,8705,1512032073
다크 소울3,"보스 보다 데미지 많이 나오는 호드릭아, 니가 세상 구해라 그냥",2,1,True,Recommended,18467,1511625237
다크 소울3,그렇게 어렵지 않습니다.,2,3,True,Recommended,5686,1511537249
다크 소울3,이겜은 갓겜입니다,2,1,True,Recommended,19821,1511435367
다크 소울3,하다보면 얼마나 삶이 행복하지 알게되는 게임,2,0,True,Recommended,1472,1511411279
다크 소울3,점점 자신이 망령이 되가는 게임,2,6,True,Recommended,22292,1509715947
다크 소울3,추천 평가를본다 어차피 살 운명인데 그냥 얼마나 좋은지 떠본다 비추천을 본다 진짜 고민중이다 평가 요소 전투 스토리 공략 및 세팅 전투는 솔직히 초반에 쓰는 장비가 어느정도 비슷비슷하긴한데 빌드야 어찌됐든 의외로 소울라이크 게임인데 타격감이 무시하면 안될정도임 이런게임을하면서 죽고또죽고혹은 뭔가를 찾는데있어 전투자체의 재미가 높다면 이건 정말 중요한 요소 중 하나라고 봄 스토리...그냥 소울존나 모아서 계승한다..이건 좀 오래되서 까먹었는데 애초에 뭐 스토리 그렇게 풀어주는것도 없고 식상하다면 식상하다고 할 수 있는데 솔직히 RPG게임이 그런건 일단 흔한일이니가 크게 신경안쓰고 드시면 됨 공략 및 세팅 아 여기서 세팅은 장비나 빌드말고 게임 환경설정말하는거. 이런저런 콘솔게임 PC판 해봤으면 키설정같은거 좀 복잡한거 금방 적응하는데 난 닼소가 그런거 처음 입문한거라 갱장히 힘들엇슴 이건 알아서 잘 만지다보면 금방 편해짐 공략..이 내가 뭐 피지컬이 좋아서 이런게임 그냥 산책하듯이 이거잡고저거잡고요거줍고저거줍고만들어보고 그런게..가능하다면 가능하긴한데 여간 쉬운편이 아님 어느정도 공략정보를 요구함 이런 진행에 있어 방향성?이라고 해야하나 그게 조금 애매한거같음 물론 어느쪽으로 가도 재밌긴한데 급식때 썼던 리뷰 몬가 같아서 다시 수정해봤음,2,1,False,Not Recommended,12883,1508625386
다크 소울3,어렵지만 성취감 예감,2,2,True,Recommended,12284,1507833097
다크 소울3,어려우니까 재미있는거다.,2,2,True,Recommended,23067,1506715587
다크 소울3,너무 재미따,2,0,True,Recommended,27620,1506666180
다크 소울3,"세계관의 최강이 되어보세요! 끝없이 몰려오는 약해빠진 적들을 계속 무찔러가며 여러분의 무기를 점점 강하게 만드세요! 저 약해빠진 적들을 죽일수록 당신의 무기와 방어구는 점점 강해질 것입니다! 저 약해빠진 적에게서 나오는 소울은 어려분의 능력치를 폭발적으로 올려주고 새로운 기술들도 마구마구 쓸수 있다구요! 딱히 전력으로 공격하지 않아도 저절로 쓰러지거나 살짝 밀치기만해도 저 약해빠진녀석들은 알아서 절벽으로 떨어져 죽어버릴 겁니다! 이곳저곳의 숨겨진 유적지와 도시를 탐험하고,멋진 배경이 장관인 로스릭성에서 여러분의 멘탈을 정화하세요! 명심하세요! 여러분이 이 세계의 주인공들입니다! ..........이상 다크소울3 몬스터 채용 광고였습니다.",2,0,True,Recommended,12291,1506261313
다크 소울3,"이 게임을 살려고 또는 볼려고 왔다면 멘탈이 와장창 아작난다는 소문을 듣고 오거나 했을 것 인데 어려워 보인다고, 못깰거 같다고 게임을 사는걸 꺼리지말자. 닼소시리즈는 분명 초반이나 잡몹에 죽다보면 어렵다고 느껴서 때려치고 싶은 욕구가 생길텐데 그것을 무언가를 깨거나 목적을 이뤘을때 성취감이 다 깨트려준다. 다크소울은 먼저 선입견을 가지고 꺼리지말고 해보고 판단하는게 확실하다. 리뷰나 뭘 보든 사람마다 관점, 취향도 다르고 멘탈의 강도도 다를테니 말이다. 이게임을 죽어가면서 어렵게 플레이 하였다면 그 고생한만큼 달콤한 과실이 맺힐 것이다",2,20,True,Recommended,4041,1504877979
다크 소울3,미디르 시발것.......,2,2,True,Recommended,21631,1504260399
다크 소울3,1발,2,1,False,Not Recommended,254,1503424007
다크 소울3,이 게임은 친구랑 같이 멀티를 하다보면 의도하지않아도 계속 상황극이 나와서 재밌게 플레이 할 수 있다 그러나 당신이 친없찐이라면 마조여야 플레이가 가능할듯하다,2,12,True,Recommended,5219,1501594213
다크 소울3,투표하실?,2,9,True,Recommended,6021,1501158245
다크 소울3,꿀잼!,2,0,True,Recommended,20025,1499180684
다크 소울3,"내 인생은 잿빛인생이였다. 이 게임에서 유다희양을 만나기 전까진. 그녀는 패배한 나를 정성껏 치료해주며 격려해주고, 용기를 북돋아주었다. 언제나 터벅터벅 걸어오는 상처투성이의 나를 걱정해주며 조언해주었다. 내가 어디에 있든, 무엇을 하든, 유다희양은 언제나 나에게 다가와 활짝 웃으며 나를 반겨주었다. 처음에는 그녀를 부정했지만, 그녀는 더 이상 남이 아니다. 나의 일부이다. 나의 껍질이며, 나의 잔불이다. 그녀가 있기에 지금의 내가 존재하며 나 또한 그녀를 위해 존재한다. 그녀는 내 첫번째 사랑이였고 또한 마지막 사랑이 되리라. My Love, My Ash, My Eternal.",2,1,True,Recommended,3435,1498965076
다크 소울3,와 방금 개꿀잼 시나리오 생각하냄 ??? 불의 주인이 암령하고 1v1 맞다이 뜰때 백령으로 역으로 몰카 하는거임 서로 간만 보고 있는데 갑자기 청령이 등장함 이때 ppap 음악 소리 들리면서 암령이랑 청령이 ppap 춤추기 시작함 불의주인 뭐얔 와 개꿀잼몰카인가? 이런반응 근데 불의 주인이 정색하면서 순간 반응 싸해짐 그순간 갑자기 숨어있던 백령 깜짝등장 ppap 노래소리 들리고 둘이 같이 ppap춤. 알고보니 몰카에 몰카였던거임,2,2,True,Recommended,9539,1498639305
다크 소울3,사방이 적이요 하늘에는 용이라 건곤일척하여 쓰러트린 적은 헤아릴 수 없고 우두머리와의 전투는 이란투석이라 참패하고 벗을 불러 위풍당당 전투에 임하나 백송골을 만난 두터비 마냥 각자도생 구제할 이 없도다 난공불락의 절망 안고 화톳불로 돌아가 각골통한의 마음 안고 심기일전하여 싸워 이기니 두려울 것이 없도다,2,0,True,Recommended,8121,1498372308
다크 소울3,이 앞 평가 있다,2,4,True,Recommended,16683,1496930483
다크 소울3,개 같은 게임입니다. 너는 정말 개 같은 게임이야 으아아아아!!!! 그런데 재미있다.,2,0,True,Recommended,6178,1496575434
다크 소울3,정말 재밌는 게임! 추천합니다!,2,8,True,Recommended,102180,1495224440
다크 소울3,"처음이자 아마도 마지막으로 산 악명높은 다크소울 시리즈 입니다. 솔직히 스토리를 파고싶진 않았어요. 화톳불에 앉아야 다시 차오르는 에스트 병때문에 맵이랑 적 위치를 외워서 죽고살아나서 반복해야 하는데 안질리는게 신기한 게임입니다. 무엇보다 암령 시스템이 재밌다고 생각해요. 암령으로 쳐들어 간적은 없지만 친구와 청령과 같이 암령을 두둘겨 패는게 참 재밌더라구여. 전 똑똑해서 바닥에 써진 수많은 낚시글에 안낚이고 정직한 글만 썼습니다. 흥미 돋는 요소가 많아서 글 제한이 좀 아쉬웠어요. 무엇보다 이 게임이 진짜로 어려운 게임이구나 하고 통감한게 정식루트로 가는데 낙사데미지를 입는곳이 있었다는 겁니다. 실피라면 거기서 완전 막히는거라는 뜻이죠. 첫보스인 군다부터 무슨 레이드 보스급 포스를 뿜어서 꽤나 쫄았지만 어찌어찌 깼는데, 군다를 못넘고 좌절해서 환불하는 사람이 있다고 하니 꽤나 자부심이 생겼네요. 난 게임을 존나 못하지는 않구나 하고 안심도 됐습니다. 다크소울 시리즈가 두려워도 다크소울이 있는 친구가 있다면 도움을 받을수 있으니 호기심이 있다면 사서 같이 멀티해보는것도 아주 좋은 경험이에요.",2,1,True,Recommended,2618,1494928435
다크 소울3,최고의 명작. 인간찬가의 끝. 이 작품은 인간의 추악함과 동시에 인간의 가능성과 희망을 품고있다,2,16,True,Recommended,21913,1493358811
다크 소울3,죽다보면 즐기게 되있습니다.,2,11,True,Recommended,6727,1492080263
다크 소울3,여자랑 잘 안노는 저도 매일매일 데이트할수있는 유다희양과 함께 게임할수있습니다 그리고 r는 r끔 l발 샷건을 친다...,2,0,True,Recommended,2691,1491574272
다크 소울3,엄청난 멘탈과 자비없는 보스를 보고 정말 대단한 게임이라고 생각함,2,0,False,Not Recommended,242,1491574208
다크 소울3,하지마 시발 살고싶다면 도망쳐 시방,2,3,False,Not Recommended,1327,1491570549
다크 소울3,몹들이 대체로 온순해서 할만합니다,2,4,True,Recommended,4687,1490784609
다크 소울3,말에 필요 없는 게임. 유다희양이랑 연애하고 싶어지는 사랑스러운 러브 스토리,2,9,True,Recommended,9725,1487682990
다크 소울3,이새끼들은 대체 왜 스팀클라우드지원도 안하면서 툭하면 크래쉬에 세이브날라가는거냐 휴가나와서 dlc만 해볼려했더니 다 날라가서 할려면 처음부터 다시해야함 좆망겜 안해시발,2,8,False,Not Recommended,5245,1486122607
다크 소울3,19시간만에 로스릭의 높은벽 깻습니다 아무리 처음이여도 손이 너무 그지인거 아닙니까?,2,1,True,Recommended,22819,1485974929
다크 소울3,누가 자진해서 죽으며 희열을 느끼겠어... 최척화 잘되있음 유저에게 자비없음 다른 유저도 나한테 자비없음 엔딩이 다 우울함 컨트롤도 타 게임에 비해 어려움 이 모든게 콜라보되어 유다희양을 만들어내었다.,2,7,True,Recommended,8823,1483741411
다크 소울3,다크소울2를 해보고 알았다 그나마 이거는 선녀였음을.....,2,1,True,Recommended,7064,1483269204
다크 소울3,"다크소울 시리즈 중 제일 쉽다고 평가되는 작품 3편. 그나마 제일 쉬운 편에 속하지만 다른 게임에 비하면 어려운 수준이란 건 동일하고, 입문자한테는 불편한 1편보다 3편이 더 자연스러울거라고 봄. 1편과 2편이 못 만들었다는 건 아닌데 그만큼 부드럽고 길도 찾기 쉬운 게임이라 입문은 3편으로 추천. 1편을 하지 말라는 건 아닌데 아마 수 많은 노력이 동반될 것으로 보임.",2,21,True,Recommended,26125,1483142154
다크 소울3,정신 안정에 탁월.,2,0,True,Recommended,13727,1482912265
다크 소울3,이야... 다크소울2하다가 3로 넘어오니 확실히 좀 하는 맛이난다 어려운 게임 종류는 잘 안하는 편인데 정말 꿀잼,2,10,True,Recommended,5199,1481876471
다크 소울3,어렵다 어렵다라고 유명한 게임이지만 사실 해보면 그리 어려운 게임은 아니에요. 테마가 극복 가능한 시련!인지라 처음 겪어보면 대체 어떻게 깨야하나라고 고민하게 되지만 시행착오를 거치면서 극복하고 격파하면 성취감이 아주 강하게 느껴지고 정말 좋은 게임이에요. 거품에 쌓인 게임의 겉모습에 주저하지말고 지르세요!,2,6,True,Recommended,14019,1480225468
다크 소울3,닼소를 한번도 안 해 본 사람은 있지만 한번만 해본 사람은 없다. 빨갱이 파랭이 노랭이들 사이에 끼어서 가족간에 느낄 수 있는 화목함을 느낄수 있다. 정신없이 죽다보면 죽음을 즐기게 해 줄 것이다.,2,3,True,Recommended,27481,1479978383
다크 소울3,시발시발시발시발,2,0,True,Recommended,17236,1479967239
다크 소울3,보스 소울 안에 싼닷,2,2,True,Recommended,14857,1475827884
다크 소울3,4만9천8백원하는게임! 유 다 희 양 어두운 영혼 셋 퍼거스 당신의 멘탈을 수리시켜주지! 열라게 빠른 거인과 난쟁이들과 함께 신나고 재미있는 어두운 영혼 세계에 오세요! 샷건! 나쁜 악당들을 처치하고! 당신이 얻은 영혼을 화방녀에게 받쳐보세요! 뫄이 프뤠 셔 쓰으 으으 자신만의 무기를 얻어보세요! 이게 주술도 못거는게 까불어! 위기에 처한 주인공처럼 될수있습니다! 살.....려......줘........ 전작보다는 아니지만 자유로운 캐릭터 커스터마이징! 하악...이뿌당 침입해오는 나쁜 암령들을 처리해보세요! 나한테 왜그래... 친구와 함께 보스를 잡으세요! 이히히히히히!!! 이 새X는.. 얼마나 한거야.. 자연스러운 모션! 태양만세 다크소울만이 가진 특 별 한 지역 너무 이뿌 ... YOU DIED 그럼 당신의 선택은!!! OVERWATCH,2,2,True,Recommended,4622,1473912341
다크 소울3,태양만세 Y,2,4,True,Recommended,7137,1473758437
다크 소울3,게임 난이도가 너무 어려워서 힘든 점 빼곤 재밌네요. 너무 어려워서 친구한테 쩔받아야 재밌는거 같아요 ...,2,1,True,Recommended,2233,1473635267
다크 소울3,추천 인생게임,2,7,True,Recommended,39518,1473396139
다크 소울3,유다희... 그분은 항상 우리를 따라다닌다. 여러번 플레이 해봐도 그분은 우리 곁을 떠나가실줄을 모른다. 하지만 그렇기에 더 재미있는 게 아닐까,2,0,True,Recommended,15859,1472392865
다크 소울3,다들 어렵다 어렵다 헬게임 해도 대부분은 엔딩 보더라고요 그러니까 여러분도 엔딩 보러 떠나세요,2,2,True,Recommended,3033,1467620936
다크 소울3,존나 어렵다 시발,2,0,False,Not Recommended,1130,1463884731
다크 소울3,회차는 갓이였으며 PVP는 갓갓갓이였다,2,1,True,Recommended,8613,1462652894
다크 소울3,"보스방에 침입하는 갓컨텐츠가 발견되어 갓겜이 되었다. 이걸 발견하지 못하고 갓야자키를 좆야자키, 씹야자키라고 까던 놈들은 지금 당장 셋푸쿠 해라. 킹야자키 갓게임 메이커 센세의 빅 비전을 알아보지 못해 센송합니다... 트루 게임메이커 킹야자키 만세!",2,1,True,Recommended,31869,1462455028
다크 소울3,좋은 게임이긴한데 내 정신을 직접 타격하는거같다 으아,2,3,True,Recommended,2538,1462350775
다크 소울3,끔찍한 맵 길찾기 매우 힘들고 짜증난다 그리고 그걸 다 했을때 쾌감이 이 게임에 장점 이루실의 지하감옥에서 느꼇던 그 발암은 잊지못할거같다 단점 도전과제 멀티플레이 반강제 인데 pvp는 사실상 운빨인거 같다.. 태양만세,2,2,True,Recommended,5862,1461386045
다크 소울3,일단 1회차 거의 다왔음 출근 하면서 짬짬히 해서 결국 1회차 엔딩을 이제 볼수있네요 발암한갑 주세요 암덩어리긴 하지만 뭐 이렇게 깬 내가 대견스럽기도하고... 무튼 집중은 잘되네요 결국은 빠져들어서 계속하게 되는 참고로 저는 평가의견에 많은 프리징과 클리치를 전혀 느껴보지 못했습니다 아니 없었습니다 단언하지요 아 그리고 법왕 설리번 화톳불 나가면 엘드리치를 섬기는 자였나 거기 암령 자동으로 잡히니 조심,2,4,True,Recommended,11495,1460967017
다크 소울3,보스 클리어할때 오르가즘 화톳불 밝힐때 오르가즘 지름길 찾아낼때 오르가즘 채고으 마스터베이션 꼐임,2,0,True,Recommended,6610,1460729415
다크 소울3,어렵다. 맵 구성 빡친다. 손이 제멋대로 논다. 근데 어느 순간 희열을 느끼는 순간이 있다. 그 순간을 느끼려고 계속 한다. 태양 만세!,2,14,True,Recommended,7939,1460537003
다크 소울3,어려워서 환불합니다,2,0,False,Not Recommended,3742,1460452385
다크 소울3,"화톳불이 당신을 태울 것입니다! 출시 초 답게 게임 진행이 불가능할 정도의 버그가 있으므로, 관련 패치가 나오고 구입하는걸 추천함. 죽는 것 보다 크래시 때문에 화나서 못 하겠습니다. 화톳불의 빛에 눈이 너무 부셔 새하얀 크래시가 일어나는 것이므로.. 광원 효과 품질 만 저로 바꾸면 크래시가 사라짐.",2,13,True,Recommended,3626,1460447464
다크 소울3,화톳불 왜 이리 멀어,1,0,True,Recommended,2636,1765381077
다크 소울3,내가 20년도인가 쯤 처음한 소울라이크류 게임임 소울라이크류가 처음이다보니 처음보스인 군다한테 던져지고 맞고 쉽지않았음 그래도 그걸 딛고 일어서서 깻을때 그 감정은 다른게임에선 절대 못느낄감정이었음 지금 다른 소울라이크도 많이나오고 했지만 다크소울3는 거기에 밀리지않는다 생각함 꼭하셈,1,1,True,Recommended,10455,1763653015
다크 소울3,남자라면 .. 다크 소울 용까지 잡고 컨 미숙으로 못하겠습니다,1,1,True,Recommended,2486,1759995877
다크 소울3,병 게임 어려움은 둘째치고 카메라 무빙 개 같음 진짜 개스트레스 받아서 순수 피지컬로만 싸우다가 카메라 무빙때문에 안보여서 죽는거 개많음 카메라 돌아가는 옵션 다 꺼도 존 돌아감 피지컬 이외에 같은 부분 개많음 전체 화면 창모드 안됨 가끔 알텝 누르고 다시 게임돌아가면 끊겨서 걍 게임 껏다 켜야함,1,4,False,Not Recommended,4321,1759727873
다크 소울3,과거의 영광 뽕에 취해 심하게 올려치기된 그냥 옛날 게임 엘든링 DLC 해병짜장원숭이두창호모게이 개초딩 패턴보고나니 닼소3는 근본 명작이 맞는 것 같다,1,1,False,Not Recommended,3305,1757874399
다크 소울3,친구가 하라해서 했어요,1,0,True,Recommended,2585,1757839200
다크 소울3,"소울라이크라는 말이 왜 나오게 되었는지 잘 보여주는 클래식 로그라이크 게임. 적당한 난이도, 모험에 몰입을 할 수 있는 분위기, 다양한 무기와 개성넘치는 보스들 덕에 재밌게 플레이 할 수 있었음.",1,1,True,Recommended,6829,1757605494
다크 소울3,지금 연결6번이상끊김 서버왜이따구임?,1,0,False,Not Recommended,7008,1756512666
다크 소울3,중국인들이나 할만한 겜,1,0,False,Not Recommended,300,1756308098
다크 소울3,안해,1,0,False,Not Recommended,252,1754544552
다크 소울3,그만때려그만때려그만때려그만때려그만때려그만때려그만때려그만때려그만때려그만때려그만때려그만때려그만때려그만때려그만때려그만때려그만때려그만때려그만때려그만때려그만때려그만때려그만때려그만때려그만때려그만때려그만때려그만때려그만때려그만때려그만때려그만때려그만때려그만때려그만때려그만때려그만때려그만때려그만때려그만때려그만때려그만때려그만때려그만때려그만때려그만때려그만때려그만때려그만때려그만때려그만때려그만때려그만때려그만때려그만때려그만때려그만때려그만때려그만때려그만때려그만때려그만때려그만때려그만때려그만때려그만때려그만때려그만때려그만때려그만때려그만때려그만때려그만때려그만때려그만때려그만때려그만때려그만때려그만때려그만때려그만때려그만때려그만때려그만때려그만때려그만때려그만때려그만때려그만때려그만때려그만때려그만때려그만때려그만때려그만때려그만때려그만때려그만때려그만때려그만때려그만때려그만때려그만때려그만때려그만때려그만때려그만때려그만때려그만때려그만때려그만때려그만때려그만때려그만때려그만때려그만때려그만때려그만때려그만때려그만때려그만때려그만때려그만때려그만때려그만때려그만때려그만때려그만때려그만때려그만때려그만때려그만때려그만때려그만때려그만때려그만때려그만때려그만때려그만때려그만때려그만때려그만때려그만때려그만때려그만때려그만때려그만때려그만때려그만때려그만때려그만때려그만때려그만때려그만때려그만때려그만때려그만때려그만때려그만때려그만때려그만때려그만때려그만때려그만때려그만때려그만때려그만때려그만때려그만때려그만때려그만때려그만때려그만때려그만때려그만때려그만때려그만때려그만때려그만때려그만때려그만때려그만때려그만때려그만때려그만때려그만때려그만때려그만때려그만때려그만때려그만때려그만때려그만때려그만때려그만때려그만때려그만때려그만때려그만때려그만때려그만때려그만때려그만때려그만때려그만때려그만때려그만때려그만때려그만때려그만때려그만때려그만때려그만때려그만때려그만때려그만때려그만때려그만때려그만때려그만때려그만때려그만때려그만때려그만때려그만때려그만때려그만때려그만때려그만때려그만때려그만때려그만때려그만때려그만때려그만때려그만때려그만때려그만때려그만때려그만때려그만때려그만때려그만때려그만때려그만때려그만때려그만때려그만때려그만때려그만때려그만때려그만때려그만때려그만때려그만때려그만때려그만때려그만때려그만때려그만때려그만때려그만때려그만때려그만때려그만때려그만때려그만때려그만때려그만때려그만때려그만때려그만때려그만때려그만때려그만때려그만때려그만때려그만때려그만때려그만때려그만때려그만때려그만때려그만때려그만때려그만때려그만때려그만때려그만때려그만때려그만때려그만때려그만때려그만때려그만때려그만때려그만때려그만때려그만때려그만때려그만때려그만때려그만때려그만때려그만때려그만때려그만때려그만때려그만때려그만때려그만때려그만때려그만때려그만때려그만때려그만때려그만때려그만때려그만때려그만때려그만때려그만때려그만때려그만때려그만때려그만때려그만때려그만때려그만때려그만때려그만때려그만때려그만때려그만때려그만때려그만때려그만때려그만때려그만때려그만때려그만때려그만때려그만때려그만때려그만때려그만때려그만때려그만때려그만때려그만때려그만때려그만때려그만때려그만때려그만때려그만때려그만때려그만때려그만때려그만때려그만때려그만때려그만때려그만때려그만때려그만때려그만때려그만때려그만때려그만때려그만때려그만때려그만때려그만때려그만때려그만때려그만때려그만때려그만때려그만때려그만때려그만때려그만때려그만때려그만때려그만때려그만때려그만때려그만때려그만때려그만때려그만때려그만때려그만때려그만때려그만때려그만때려그만때려그만때려그만때려그만때려그만때려그만때려그만때려그만때려그만때려그만때려그만때려그만때려그만때려그만때려그만때려그만때려그만때려그만때려그만때려그만때려그만때려그만때려그만때려그만때려그만때려그만때려그만때려그만때려그만때려그만때려그만때려그만때려그만때려그만때려그만때려그만때려그만때려그만때려그만때려그만때려그만때려그만때려그만때려그만때려그만때려그만때려그만때려그만때려그만때려그만때려그만때려그만때려그만때려그만때려그만때려그만때려그만때려그만때려그만때려그만때려그만때려그만때려그만때려그만때려그만때려그만때려그만때려그만때려그만때려그만때려그만때려그만때려그만때려그만때려그만때려그만때려그만때려그만때려그만때려그만때려그만때려그만때려그만때려그만때려그만때려그만때려그만때려그만때려그만때려,1,1,True,Recommended,1924,1752994142
다크 소울3,요르시카 씹 련. 니때매 죽은 은기사의 수를 기억해라,1,0,True,Recommended,6208,1752908183
다크 소울3,이거 환불 되나요,1,0,True,Recommended,780,1752033897
다크 소울3,"잡몹 배치랑 설계가 아주 악랄해서 보스전까지 갈 의욕이 사라짐 확실히, 이 게임이 무엇을 추구하는가는 잘 알 것 같고 그 의도대로 만들어졌음 게임을 개좆같이 만들었는데도 칭찬받는 새끼들은 이새끼들이 업계 최고일듯",1,3,False,Not Recommended,143,1750051759
다크 소울3,여기서 구르고 평타...여기서 구르고 평타...여기서 구르고 평타....여기서 구르고 평타......,1,1,True,Recommended,1510,1750051134
다크 소울3,정말 재미있네요 친구들한테 추천해야겠어요,1,1,True,Recommended,5605,1749640125
다크 소울3,설명 부실하고 길찾기힘듬 전투가 어려워서 재밌던거같은데 그외는 전부불편함,1,1,False,Not Recommended,544,1748748668
다크 소울3,쉽고 재밌습니다 꼭 해보세요,1,0,True,Recommended,6717,1748661477
다크 소울3,재의 귀인 ..,1,0,True,Recommended,18665,1747422892
다크 소울3,모르면 외워 다크소울3,1,0,True,Recommended,3170,1746892010
다크 소울3,빡치는데 왜 재밌냐,1,0,True,Recommended,6477,1745069152
다크 소울3,tq 굴렀잖아 아주 은 게임 한번 해보시면 천국을 경험 하실것 조작감은 엘든링 보단 안좋습니다 소울 입문용으로 딱 적합한 난이도 꼭 해보시길 바랍니다 진짜 꼭이요.,1,2,True,Recommended,10354,1744016630
다크 소울3,dog같네,1,0,False,Not Recommended,5122,1742609765
다크 소울3,"시작한지 1시간, 지우고 싶음 시작한지 5시간, 슬슬 재밌고 나 재능 있는거같음 시작한지 10시간, 심연의 감시자들 만나고 나 재능 없는거 같음 시작한지 15시간, 나 진짜 재능 있는거같음 시작한지 20시간 이상, 어떻게 이 게임은 하면 할수록 더 재밌어지지?",1,1,True,Recommended,7010,1740552728
다크 소울3,내가 이겼다,1,0,True,Recommended,4192,1738687282
다크 소울3,길 어디냐고.,1,0,False,Not Recommended,312,1738651786
다크 소울3,존 나 어렵네 시 펄,1,0,True,Recommended,80,1738492262
다크 소울3,"2025 1 31 작성 원인 미상의 서버 로그인 불가능 이슈가 발생. 각종 네트워크 설정 및 충돌 예상 프로그램 제거 이후에도 로그인 불가능. 또한 모바일 핫스팟을 통해 네트워크에 연결된 스팀덱으로는 로그인 및 멀티플레이가 가능함을 확인함. 또한 이러한 문제는 모든 사람에게 발생하는 문제는 아닌 것으로 보임. 당연하지만 계정 밴 상태는 아님. 계정 밴 상태였다면 스팀덱으로도 플레이가 불가능했을 것이며, 애초에 밴을 당했다고 해서 서버상에 로그인 자체가 불가능하지는 않음. 몇 년 만에 다시 플레이 해보려다가 열이 뻗쳐가지고...",1,1,False,Not Recommended,27062,1738266807
다크 소울3,소울류 게임 힘들다 하지만 그만큼 신선함과 재미가 있다 하다 말고 하다 말고 했지만 이번엔 다시 처음 시작하는 마음으로 천천히 최종 보스까지 가보자!!!,1,0,True,Recommended,4865,1738256219
다크 소울3,마지막 보스들 어거지로 난이도 어거지로 올리려고 엇박에 딜타임 안주려고 지혼자 턴다쓰는 애미 뒤진 불합리한 게임 처 만듬 피의거짓보다 못만든 병신게임,1,0,False,Not Recommended,1609,1738248588
다크 소울3,아 닼소 쉽네 게임 못하시는 분들도 충분히 쉽게 하실듯 따봉 박고 가요 ! !,1,0,True,Recommended,2758,1737368355
다크 소울3,부인 분노 타협 우울 수용 을 몸소 느끼며 현자가 될 수 있습니다!,1,1,True,Recommended,1984,1737363709
다크 소울3,이 게임의 진가는 미믹머리와 노 갑옷 재앙반지가 시작이다. 여러분도 해보세요 갓겜,1,2,True,Recommended,2385,1737339142
다크 소울3,왜 처맞는데,1,0,True,Recommended,1312,1735726649
다크 소울3,아직도 소울류 입문은 엘든링보다 닼소3임,1,0,True,Recommended,12874,1735352824
다크 소울3,프롬 게임의 몇 안되는 입문 추천작 나름 오래된 게임이라고는 믿기지 않는 그래픽과 약간은 혐오스럽게 생겨먹은 프롬 전통 졷구대기 캐디를 갖고있는 적들 당신이 어려운 게임에 박아가며 도전하는것을 즐긴다면 이게임 정말 추천합니다 정신을 차렸을때에는 군다에게 50트이상 막히고 환불 가능시간이 지나버려서 환불도 못할탠데 아싸리 피할수 없으니 즐겨보는건 어떠신가요?,1,0,True,Recommended,18573,1734774092
다크 소울3,발차기 시발 발차기 시발 발차기 시발 발차기 시발 발차기 시발 발차기 시발 발차기 시발 발차기 시발 발차기 시발 발차기 시발 발차기 시발 발차기 시발 발차기 시발 발차기 시발 발차기 시발 발차기 시발 발차기 시발 발차기 시발 발차기 시발 발차기 시발 발차기 시발 발차기 시발 발차기 시발 발차기 시발 발차기 시발 발차기 시발 발차기 시발 발차기 시발,1,2,False,Not Recommended,5395,1734261862
다크 소울3,문외한인 나조차 감탄한 레벨 디자인과 어두우면서도 아름다운 세계관 강력한 보스와 성취감의 적절한 조화,1,5,False,Not Recommended,2755,1733469636
다크 소울3,엘든링을 해봤다면 역시나 해봐야할 게임. 엘든링을 안해봤다면 역시나 해봐야할 게임.,1,1,True,Recommended,3289,1733398403
다크 소울3,무희 개새끼야,1,1,False,Not Recommended,2175,1733151431
다크 소울3,"게임을 시작하면 반겨주는 친절한 마을 주민들과 강아지들이 있어요. 주민들은 저를 되게 좋아해서 손을들고 반겨주고, 종종 선물도 주고 가요. 강아지들은 멍멍 짖으며 꼬리를 흔들면서 달려오는데 너무 귀여운거 있죠? 모험을 하다가 가끔 지역 이장님께서 맞이해주시는데 이것저것 알려주시고 돈도 챙겨주세요. 그리고 사람들이 물건을 잘 흘리고 다니더라고요. 길을 걷는데 여기저기 떨어져있는 물건이 많더라고요.. 누가 먼저 가져갈지 모르니 떨어져있는 아이템이 보이면 바로 달려가 줍는게 좋을 것 같아요!",1,5,True,Recommended,19725,1733000988
다크 소울3,옛날에 할떄 정말 어려웠는데.. 엘든링 하고 나니까 세상 정직한 새끼들,1,1,True,Recommended,6888,1732797900
다크 소울3,만약 화가 나는일이 생겼거나 기분이 우울하거나 암튼 기분이 안좋을때 이게임을 해라 그러면 더 빡쳐서 과거의 내가 뭐때문에 우울하고 화가 났으며 기분이 안좋았는지 잊게 될것이다,1,0,True,Recommended,1299,1732382174
다크 소울3,잔불..? 최대체력을 올려준다고? 개꿀인데? 암령이 침입하였습니다. ???머지 이새끼 뭐야?! 화톳불로 도망가!! 휴식이 왜 안돼!!! ....YOU DIED,1,2,True,Recommended,3561,1731998544
다크 소울3,명성에 비하면 많이 쉬우니 걱정말고 편하게 플레이하면 됩니다. 단 길찾기는 역시나 어렵습니다. 다만 호불호가 갈리겠지만 그게 매력입니다. 몰입이 됩니다. 심장을 조이며 나아가 함정과 몬스터를 피해 보스를 향해가는 이 감정 하나만으로 훌륭합니다.,1,1,True,Recommended,4322,1731515203
다크 소울3,왜 굴렀는데 안 피해짐? X 칼과 방패를 들고 구르는 건 힘들겠구나 O,1,1,True,Recommended,2322,1730806613
다크 소울3,"기대가 켰던만큼 실망이 커서 리뷰를 또 씀 이번에는 DLC 진행하다가 씀 이름 없는 왕 1페 용이 본체임 2페는 너무 느려서 찐밥임 얘도 어렵다고 기대 많이 했는데 쉬워서 김샘 프리데 지금까지 잡은 보스 중에서 제일 재밌음 패턴이 보스처럼 행동함 공격 후 잠깐 틈이 있어 때리러가면 뒤로 회피하고 지가 때리는 아주 나쁜년이지만 처음으로 만나는 보스같은 보스임 다른 보스는 목각 치는 느낌이였음 3페까지 있는데 1페에 사라지는 패턴 대응못해서 애먹음 2페는 거져먹고 3페도 1페처럼 잡으면 쉽게 잡을 수 있음 미디르 거인 욤 잡을때 무기스킬 쓸 줄 몰라서 때려서 죽였는데 딱 그런 느낌임 열심히 때렸는데 이제 반피 뺀거 보고 게일보러감 얘도 어렵다고 하던데 2페를 3번 밖에 못봐서 모르겠음 그냥 밑에 있을때 불쏘는거 못피해서 계속 물약 먹음 오래 떄린거 같은데 피가 너무 안빠져서 다시 잡을지 모르겠음 게일 얘도 잘만든 보스임 그래도 패턴 자체는 단순하지만 속도가 빨라서 하는 맛이 있음 엇박 패턴만 잘 피하면 금방 잡을거 같음 1페 패턴에 빠르게 두방 연속으로 치는 패턴이 있는데 체력을 작게 찍어서 한번 맞으면 죽어 서 스킬 초기화 NPC 찾다가 게임 끔 2페는 화살 막쏘고 망령 같은거 막날리는데 정신없음 얘도 피가 잘 안따라서 그렇긴한데 미디르보다는 재밌어서 스텟 초기화하고 다시 잡아볼 예정 본편 막보 마지막에 잡으려고 남겨둠 10년전 게임이라 그럴수도 있다고 생각들지만 엘든링 하고 싶은 생각이 싹사라짐 폴링엣지 방식, 선입력이 제일 큰 장벽임 그렇다고 라이징 엣지 방식에, 선입력 조건이 타이트 해진다면 게임이 너무 쉬워져 어찌할 방법이 없어보임 나왔을때는 잘만든 게임인지 모르겠으나 지금 내 기준으로 보면 60점정도 밖에 안됨 검은신화 오공이나 세키로가 요즘 게임이라 그런지 더 재미있음 그래도 인왕2보다는 덜 지겨웠음 이름 없는 왕 앞까지 진행함 소울라이크 추천작이자 근본이라 길래 기대를 가지고 시작함 이 게임을 하면서 느낀점은 불합리하게 게임을 만들면 그게 소울라이크라고 부르며 그게 얼마나 불합리하느냐에 따라서 혹은 유저를 얼마나 불편하게 하느냐에 따라서 잘만들었다고 하는거 같음 보통 게임이 어렵다고 하면 가는 길이 어렵거나 보스가 어렵거나 둘중 하나야 되는데 그런게 하나도 없음 길 찾는데 3시간씩 걸리는데 보스전은 30분이면 끝남 어렵다고 하는 보스전도 전부 동일함 보스를 잡는데 단순한 패턴으로 긴장감은 없고 지루하기만하고 오히려 잡몹 잡을때 더 긴장감있고 재미있음 보스가 어렵게 느껴지는 이유는 폴링엣지방식의 회피, 느린 공격속, 선입력 이렇게 3가지임 기대가 컸던만큼 실망감이 너무 크고 엘든링도 동일하지 않을까 걱정됨",1,0,False,Not Recommended,2821,1730020297
다크 소울3,적당히 불쾌하고 적당히 어려워야지! 난 소울라이크랑 안맞네!,1,0,False,Not Recommended,46,1728829958
다크 소울3,길 찾는 시간 보스잡는 시간,1,0,True,Recommended,1698,1728449483
다크 소울3,이걸 식당으로 비유하면 주인이 불친절하고 음식은 매운데 맛은 끝내준다는거임,1,0,True,Recommended,3295,1728217454
다크 소울3,"개 망겜 쓰레기겜. 내가 인생에서 가장 후회한 순간을 고르라고하면, 진짜 단 1초 아니, 0.0000000000001초의 고민도 없이 이딴게임을 샀다는걸 제일 후회한다고 말하고 싶음. 진짜 나같은 사람 없길 바람. 환불 시간도 넘어서 환불도 못하고 돈아까워서 꾸역꾸역 하는데 진짜 보스 잡아서 얻는 희열감도 없고 맵만 같아서 스트레스만 받고, 세상에 나와서는 안되는 게임. 친구말 믿고 이딴게임 살게 아니라. dlc까지 다 주는 스콜라를 샀어야했는데 진짜로 1만원이어도 안살 게임. 꺠저는 레벨 디자인도 없고, 맵은 유기적이지도 않고, 메듀라나 아노르론도처럼 개쩌는 장관을 가진 맵도 없이 다 거무칙칙한게 회색빛이라 거기가 거기임. 이딴 게임을 거진 5만원에 팔아먹는게 진짜 얼마나 양심이 없는지 알 수 있는 부분. 엘든링이나 스콜라하러 가지 진짜 시간되돌릴 수 있으면, 이 겜 사려고 한 순간으로 돌아가서 구매하려는 내 손을 잘랐음. 이딴 겜 하지말고, 그냥 p의 거짓 하던가 다른 소울류겜 하러가셈.",1,0,False,Not Recommended,1792,1728035001
다크 소울3,이 게임 쉬워요 한번만 해봐요,1,0,True,Recommended,8580,1727785074
다크 소울3,그래서 에스트는 무슨 맛인가요,1,4,True,Recommended,16122,1727527242
다크 소울3,전작보다는 쉬워진 편이지만 그래도 어려워요 극한의 난이도를 경험하고 싶으시면 추천드립니다.,1,2,True,Recommended,13675,1727208114
다크 소울3,검 하나와 고성능 손가락이면 충분한 게임,1,1,True,Recommended,8909,1727183819
다크 소울3,까마귀마을이 진짜 씨발이다,1,0,True,Recommended,1139,1727057566
다크 소울3,인생도 구르면 피해지나요?,1,0,True,Recommended,17929,1726598034
다크 소울3,처음 할 때 키보드 조작법 안알려줘서 조금 답답했는데 찾아보고 익숙해지니까 재밌네요,1,1,True,Recommended,7153,1726464827
다크 소울3,아슬아슬 할 것 같은데? 라는 생각이 들면 보통 가능함. 개힘들뿐이지 가능하단게 문제임,1,0,True,Recommended,17492,1725720943
다크 소울3,이게임 너무 쉬워요 다들 친구한테 선물해주세요,1,0,True,Recommended,4699,1725637529
다크 소울3,말이 필요없는 최고의 다크소울. 남들은 구리다 해도 팔란대검으로 다 머리통을 부수는 그 모험은 잊을수 없을듯! 근데 미디르 십련은 좀 열받아,1,0,True,Recommended,11504,1724682478
다크 소울3,아직 조금밖에 안해서 잘 모르겠지만 재밌는 것 같습니다. 첫 번째 보스를 잡으신다면 얼마든지 엔딩까지 무리없이 보실 수 있으니 한번쯤 도전해보시길 바랍니다. 시간과 노력에 정비례하는 성장이 생각보다 성취감이 큽니다.,1,0,True,Recommended,9849,1724254889
다크 소울3,잘못 사놓고 까먹어서 강제로 맛보는데 너무 어려워요 도와주실분 구함,1,0,True,Recommended,3748,1722565764
다크 소울3,"싸움 은 춤 과 같아 그 격렬한 아름다움은 아무나 흉내낼 수 없는 법이지. 전투광이라 불리는 자들을 그저 피와 살육만을 원하는 광인으로 판단내리는 것은 그들의 영혼까지도 모욕하는 것이야. 짙은 먼지의 막을 반으로 가르며 무대로 나서던 그대의 모습은 얼마나 아름다웠던가. 수십 번이 넘도록 눈이 멀 광채를 내뿜는 칼날에 죽은 것은 나에겐 너무 과분한 은혜일지도 모르겠네. 그러니 심연의 감시자여, 다시 한 번 둘만의 연무곡에 맞춰 소인의 미천한 발놀림에 합을 맞춰주실 수 있겠습니까.",1,1,True,Recommended,3103,1722319981
다크 소울3,별로 어렵지는 않네요. 마지막 에스트를 마시며,1,7,True,Recommended,3339,1721578152
다크 소울3,이게임 사놨다가 멘탈터져서 안했는데 엘든링 3회차 하고나서 하니까 재미있어요!,1,0,True,Recommended,4253,1721281672
다크 소울3,왜 제 친구들은 안한다는 걸까요왜 제 친구들은 안한다는 걸까요왜 제 친구들은 안한다는 걸까요왜 제 친구들은 안한다는 걸까요왜 제 친구들은 안한다는 걸까요왜 제 친구들은 안한다는 걸까요왜 제 친구들은 안한다는 걸까요왜 제 친구들은 안한다는 걸까요왜 제 친구들은 안한다는 걸까요왜 제 친구들은 안한다는 걸까요왜 제 친구들은 안한다는 걸까요왜 제 친구들은 안한다는 걸까요왜 제 친구들은 안한다는 걸까요왜 제 친구들은 안한다는 걸까요왜 제 친구들은 안한다는 걸까요왜 제 친구들은 안한다는 걸까요왜 제 친구들은 안한다는 걸까요왜 제 친구들은 안한다는 걸까요왜 제 친구들은 안한다는 걸까요왜 제 친구들은 안한다는 걸까요왜 제 친구들은 안한다는 걸까요왜 제 친구들은 안한다는 걸까요,1,0,True,Recommended,5210,1720017333
다크 소울3,니들 보스 간지나는건 알겠는데 나도 좀 간지나게 해달라고 시발,1,0,False,Not Recommended,3861,1719639518
다크 소울3,보스보다 잡몹이 더 짜증나요 근데 재밌어요,1,0,True,Recommended,2770,1719306223
다크 소울3,"공략X, 영체소환X, 무희까지 클리어.. 과거엔 명작이었다지만 현재에는 대체품이 너무 많고, 대체품에 비해 가격말고는 나은점이 없음. 현 시점에 중소개발사 신작 게임으로 나온다면 흥하기 어려운 게임. 길찾기의 불쾌감이 크고, 보스전의 성취감이 적어 최종적으로 불쾌감만 남음 모르면 맞아야지 혹은 모르면 죽어야지와 같은 불친절함은 현재 사장되가고 있는 격투게임과 동일한 구조로 개선 없이 이대로 갔다간 비슷한 결말을 맞이하지 않을까 게임을 하는 이유가 현실에서 맛볼 수 없거나 맛보기 어려운 힐링과 모험, 적당한 도전과 노력에 대한 정당한 성취, 다양한 종류의 아이템 수집을 원하는 유저라면 매우 안맞는 게임임. 다만, 학습해가며 발전해서 클리어한다는 과정과 결과가 명확해서 소울장르가 무엇인지 알 수 있게 해주었으며, 다크판타지 세계관도 잘 구현해놨기에 이를 원하는 유저에게는 갓겜일 수 있음. 최종적으로 2016년도에 출시한 게임이다보니, 동일 게임사의 신작도 2개나 출시된 현 시점에 굳이 이걸 사서 플레이해야할 이유가 없다고 보임. 돈이 부족해서 게임을 못하는게 아닌, 시간이 부족해서 게임을 못하는 입장에서 이 게임을 지금 시점에 플레이할바엔 엘든링, 세키로, P의거짓과 같은 게임을 하는게 맞다고 봄. 그러나, 소울 장르를 아직 안해본 유저가 소울장르에 입문해보고자 가볍게 할만한 가격이나 접근성 등 게임을 찾는다면 이게 제격이라고 봄.",1,1,False,Not Recommended,977,1717417394
다크 소울3,군다잡는데 2시간 넘어갈것 같으면 하지마라,1,2,False,Not Recommended,1977,1716517237
다크 소울3,"다크소울...내 소울류 입문겜 직검 한 자루로 환불의 심판자 군다를 이겨냈을 때... 죽기직전 화톳불을 발견했을 때... 푸르른 달이 우리를 비추던 이루실에 입성했을 때... 대방패 빌드로 설리번 선생님을 넘었을 때... 그리고 붉은 태양이 떠있는 그곳에서 왕들의 화신을 정복했을 때........ 화톳불 앞에 앉아 내가 걸어왔던 길들을 되뇌어 보았다. 당시에는 정말 힘들게 깼지만 돌아보니 즐거웠던 기억밖에 남지 않았다. 이 게임을 처음 플레이 했을 때의 절망감, 에스트가 하나도 남지 않았을때의 두려움, 날 가로막던 거대한 벽을 넘어섰을 때의 황홀함... 다크소울을 처음 마주했을때의 감정을 다시 느끼려 해봐도 이 길은 이미 걸었던 익숙해진 길들일 뿐이다. 이 게임을 알지 못했더라면 지금 그 감정들을 느낄 수 있었을까..? 처음 이 게임을 접했던 그때로 돌아가고 싶을 따름이다. 근데 팔란의 성채 부분은 대체 누가 만든거냐? 미야자키 너냐? 하... 이건 진짜 추억보정이 하나도 안되네",1,1,True,Recommended,9431,1715868598
다크 소울3,엘든링 먼저 시작하고 온게 천추의 한이다... 엘든링 데모버전 플레이 하는 기분임,1,0,True,Recommended,2496,1715752266
다크 소울3,발차기 좀 하지마 점프 좀 하지마 발차기 좀 하지마 점프 좀 하지마 발차기 좀 하지마 점프 좀 하지마 발차기 좀 하지마 점프 좀 하지마 발차기 좀 하지마 점프 좀 하지마 발차기 좀 하지마 점프 좀 하지마 발차기 좀 하지마 점프 좀 하지마 발차기 좀 하지마 점프 좀 하지마 발차기 좀 하지마 점프 좀 하지마 발차기 좀 하지마 점프 좀 하지마 발차기 좀 하지마 점프 좀 하지마 발차기 좀 하지마 점프 좀 하지마 발차기 좀 하지마 점프 좀 하지마 발차기 좀 하지마 점프 좀 하지마 발차기 좀 하지마 점프 좀 하지마 발차기 좀 하지마 점프 좀 하지마 발차기 좀 하지마 점프 좀 하지마 발차기 좀 하지마 점프 좀 하지마 발차기 좀 하지마 점프 좀 하지마 발차기 좀 하지마 점프 좀 하지마 발차기 좀 하지마 점프 좀 하지마 발차기 좀 하지마 점프 좀 하지마 발차기 좀 하지마 점프 좀 하지마 발차기 좀 하지마 점프 좀 하지마 발차기 좀 하지마 점프 좀 하지마 발차기 좀 하지마 점프 좀 하지마 발차기 좀 하지마 점프 좀 하지마 발차기 좀 하지마 점프 좀 하지마 발차기 좀 하지마 점프 좀 하지마 발차기 좀 하지마 점프 좀 하지마 발차기 좀 하지마 점프 좀 하지마 발차기 좀 하지마 점프 좀 하지마 발차기 좀 하지마 점프 좀 하지마 발차기 좀 하지마 점프 좀 하지마 발차기 좀 하지마 점프 좀 하지마 발차기 좀 하지마 점프 좀 하지마 발차기 좀 하지마 점프 좀 하지마 발차기 좀 하지마 점프 좀 하지마 발차기 좀 하지마 점프 좀 하지마 발차기 좀 하지마 점프 좀 하지마 발차기 좀 하지마 점프 좀 하지마 발차기 좀 하지마 점프 좀 하지마 발차기 좀 하지마 점프 좀 하지마,1,0,True,Recommended,4002,1713270189
다크 소울3,에스트를 발 구분동작으로 처먹고 있네 에스트 들어! 에스트 열어! 에스트 빨어! 에스트 넣어! 9 10,1,0,True,Recommended,3764,1712186606
다크 소울3,인생 최고의 게임,1,1,True,Recommended,9709,1711796256
다크 소울3,재미있네 인생게임이다 가장 많이 죽은 보스가 튜토 군다라니..,1,0,True,Recommended,9396,1710775828
다크 소울3,역시 소울라이크의 근 본은 다크소울 아닐까? 재밌다. 본인이 아직 소울라이크에 관심이 있는 뉴비라면 꼭 해보길 바란다. 그리고 죽어라. 죽고 또 죽어라,1,0,True,Recommended,2535,1708225249
다크 소울3,겨드랑이 냄새같은 좋같은 게임,1,0,True,Recommended,340,1708111050
다크 소울3,시작할때 직업 성직자로 하세요. 완전 사기에요 게임이 재미없어짐,1,0,True,Recommended,1202,1707754556
다크 소울3,굴렀잖아 시발아,1,0,True,Recommended,177,1707577598
다크 소울3,도전과제 때문에 비추줌,1,1,False,Not Recommended,7731,1706016282
다크 소울3,갓게임,1,2,True,Recommended,6862,1705764895
다크 소울3,할배들 점프없이 소울류 어캐한거냐?,1,2,False,Not Recommended,59,1704992923
다크 소울3,군다 1트 쉽다,1,0,True,Recommended,1432,1704967707
다크 소울3,에스트 좀 마시자고 씨발,1,0,True,Recommended,12520,1704795317
다크 소울3,난 내가 길눈이 어둡다는걸 이 게임 하면서 다시 한번 느끼게 되었어 왜 바로 옆에 있는 스위치를 못보냐고,1,0,True,Recommended,2383,1702111072
다크 소울3,꼭 한번은 해봐야 하는 게임,1,8,True,Recommended,13415,1700922635
다크 소울3,이상하게 손이 안감. 난이도보다 고독한 분위기에 몰입하기 힘듦,1,14,False,Not Recommended,351,1700826639
다크 소울3,재밌고 다 좋다 이거야 근데 좆차기 는 빼자 좀 이거 쓰는 사람 있긴함? 하필 주요키랑 겹치는데다 키설정 변경도 못하게 막아둠 좆차기 없었으면 5점 만점인데 난 3점줌,1,1,True,Recommended,27353,1700766240
다크 소울3,정신을 차리고 보니 모든 업적을 달성했다.,1,1,True,Recommended,11612,1700546834
다크 소울3,말이 필요없는 닥추 겜,1,0,True,Recommended,241696,1700061096
다크 소울3,"장점 적절히 어려운 난이도, 다양한 NPC 이벤트 존재 단점 NPC 이벤트가 복잡함, 도전 과제 달성을 위해 강제로 3회차까지 진행해야 함",1,0,True,Recommended,8849,1697116828
다크 소울3,"하지만, 그렇기에 재는 잔불을 바라는거야.",1,0,True,Recommended,16414,1697093202
다크 소울3,엘든링보다 재밌음,1,0,True,Recommended,14967,1695735479
다크 소울3,중간 중간 멈췄지만 결국 해냈다 너무 좋은 경험이었다,1,0,True,Recommended,8015,1695138201
다크 소울3,어렵지만 접지는 않고 계속 도전해서 성취감을 느낄 정도의 난이도로 조절을 잘한겜,1,2,True,Recommended,3575,1694951043
다크 소울3,시리즈의 피날레를 장식한 작품들 중 가장 아름답게 끝마친 종결작 중 하나,1,6,True,Recommended,57638,1694868285
다크 소울3,아싸 환불했다,1,0,True,Recommended,71,1694318291
다크 소울3,5 시간동안 튜토 구간 벗어나는 법 몰라서 헤멤... 난 내가 진짜 심각한 길치인 줄 알았음 맞긴한데 왜 화톳불을 지피고 텔포하라는 지시가 없냐 이제야 이 게임의 참 맛을 느끼는 중 넘무 재밌다 근데 길치면 막혔을 때 꼭 공략 참고하세요 저처럼 접지말고,1,0,True,Recommended,2445,1693731721
다크 소울3,유다희 씨발년,1,0,True,Recommended,2239,1693222476
다크 소울3,GREATEST OF ALL TIME 엘든링과는 비교도 안되는 프롬 최고의 게임 그렇기에 재는 잔불을 바라는거야..,1,0,True,Recommended,3026,1692725791
다크 소울3,처음 플레이 하시는 분들은 가지지 못한자 하시면 게임이 쉬워요,1,0,True,Recommended,8111,1691738248
다크 소울3,"그때는 몰랐지, 군다를 쉽게 깬 게 끝없이 이어질 고통의 시작이었을 줄은",1,8,True,Recommended,4190,1691699443
다크 소울3,함께해요...,1,0,True,Recommended,4502,1690201515
다크 소울3,성취감 지림,1,0,True,Recommended,3042,1688784044
다크 소울3,"키보드를 3개를 샷건치면서 망가뜨렸지만, 잼있게 하고 있습니다. 잼있긴 한데 하면서 매우 화가 납니다 자꾸만 화가 납니다 . 그런데 잼있긴 잼있습니다.",1,0,True,Recommended,2735,1688518262
다크 소울3,개같은 보스,1,1,True,Recommended,4452,1688290283
다크 소울3,"다크소울3 처음 시작하면 아무것도 알려주지도 않고 잡몹들도 강력해서 잡을 때마다 목숨을 걸어야하고 맵은 어디로 가야되는지도 모르는 미로처럼 되어있고 튜토리얼 보스도 꽤나 고역이다. 하지만 조작이 익숙해지고 이 다크소울의 세계에 대한 궁금증이 생기기 시작하면 그때 비로소 이 게임이 재미있어지기 시작한다. 망자들로 가득찬 세계를 탐험하며 세계의 비밀을 탐색하고 여러 적들을 격파하며 길을 연다. 세계를 탐험하는 중간중간 마다 나는 강렬하고 오싹한 분위기를 풍기는 강적, 즉 보스들을 만나게 된다. 처음 그 거대한 모습을 접하면 제일 먼저 드는 감정은 공포감이다. 기본적으로 보스는 나보다 몇 배는 더 거대하며 그들이 들고 있는 무기는 마치 나를 도마 위에 올리고 채를 썰 수도 있을 것만 같다. 나는 도망을 가려고한다. 하지만 보스룸에 들어온 이상 들어온 입구는 안개 장막에 가로막혀 나갈 수 없게 된다. 뒤로 갈 수 있는 길이 없기에 나는 어쩔 수 없이 보스에게 천천히 걸어가 무기를 든다. 보스의 몸짓에 집중한다. 그의 팔이 어깨를 축으로 회전하며 지평선와 수직을 이루었을 때가 비로소 구를 찬스라는 것을 몇 번 맞아보고 알았다. 그가 나에게 멀어지면 돌진기를 사용한다. 어쩔 수 없이 접근해야 한다. 이상하다. 정신을 차려보니 나보다 수준이 몇 배는 더 높아 보이는 적과 내가 비등비등하게 싸우고 있다. 짜릿하다. 보스의 패턴을 하나 둘 외운다. 지금 오는 패턴은 아까 봤던 거다 구른다. 이번 패턴은 처음 보는 패턴이라 HP가 깎여버렸다... 잠시 뒤로 빠져 에스트를 마신다. 에스트를 다 먹어버렸고 내 피는 많지 않다. 초조해진다. 하지만 보스의 피도 그렇게 많이 남지는 않았다. 위기는 곧 기회. 심호흡을 한다. .......깼다...? 내 앞에 화톳불이 나타나고 화면 중앙에는 강렬한 글귀가 불타오른다. 그리고 새로운 모험으로 가는 길이 열린다. 이게 다크소울이구나!",1,13,True,Recommended,3093,1684850534
다크 소울3,길좀 알려줘 Tlqkf,1,0,False,Not Recommended,464,1684705613
다크 소울3,"원래라면 이 게임은 나온지도 오래되었고, 신작도 나왔으니, 사람들이 빠져있는게 정상입니다. 근데 정상인이 소울류를 하겠습니까? 이 게임을 즐기고 싶으시다면 적어도 고인물 친구하나는 두시면 좋습니다. 당신이 볼드하나도 잡기 힘드셔서 환불을 하셨던 분이라면 더더욱이요. 이 겁쟁이 같으니라고, 나는 그런거 하나없이 다 하나하나 뒤져가면서 했었는데 말이야!? 요오오오오!즈으음 새로 들어오는 신병들은 하나같이 떠먹여주기만을 바라고 말이야!! 어! 이러는 사람도 없으니 조금 더 클린하게 즐기실 수 있습니다. 그래도 요즘 것들은 말이야?!! 다 그 엘든 뭐시긴가로 넘어가서 고향에 돌아올 생각을 안해요! 에이이 이이 잉!! 이러는 사람도 없습니다. 거기에 있으신 분들도 어차피 왔다갔다 하실겁니다. 그렇게 하시는 분들은 새로운 신병을 만나게 되면 어떻게 해서든 도와주려고 하시기에, 타 게임에 비해 트롤링도 적을테고요. 다크소울이 어려운 게임으로 소문이 나긴 했지만, 어려움을 헤치고 나아가는 과정에서 오는 고양감. 그리고 보스를 드디어 해치웠을 때에 느끼는 성취감은 정말 짜릿하기에 당신의 시간을 조금만 투자해 보시는 것은 어떠하신가요?",1,0,True,Recommended,26009,1682688641
다크 소울3,우리아이 술안주 망자의 영양간식 온가족이 즐기는 다크소울 매운맛,1,0,True,Recommended,5473,1682424522
다크 소울3,혹시나 엘든링으로 소울시리즈 입문한사람들은 사서 해봐도 절대 후회없을거임 비주얼만 더 기괴하지 오히려 난이도는 더 쉬움 그리고 잔불은 웬만하면 끄고다니는걸 추천함 몇년이 지난 게임인데 아직도 암령이 돌아다니냐 미친것들,1,10,True,Recommended,1673,1682230510
다크 소울3,드디어!!! 닼3!!! 군다님 안녕 ? 두근두근 2023.4.15 이상하다... 엘든링보다 어렵고... 잡몹 엘든링보다 쉬운데... ? 보스들,1,1,True,Recommended,14737,1680384850
다크 소울3,보라색 암령이 들어와서 잔불 10개를 주고 제 뒤를 찔러 죽이고 갔어요.,1,0,True,Recommended,4661,1680277003
다크 소울3,이 앞 행복 있다,1,5,True,Recommended,16267,1676341549
다크 소울3,시발 운영자 애미 존나 개 찢어 죽이고 싶을만큼 좆같이 잘만들었다.운영자 애미애비도 존나 다구리 놓고 싶네,1,0,False,Not Recommended,7154,1676097859
다크 소울3,설정도 보스도 음악도 분위기도 모두 멋진 갓겜이지만 이걸 처음 했을 때 나는 이런 게임을 한 번도 해보지 않았기에 환불심판자 앞에 무릎을 꿇었다. 하지만 몬스터 헌팅을 932시간. 연습을 하고 다시 도전하러 왔다. 진짜 잊고 싶어도 잊을 수가 없는 게임,1,0,True,Recommended,293,1676023125
다크 소울3,아 또죽었네....,1,0,True,Recommended,408,1675945760
다크 소울3,생각보다 안어려움 이라고 무명왕을 만나기 전까지 생각했습니다,1,1,True,Recommended,16979,1675856750
다크 소울3,상인이라면서 돈없다니깐 소울이랑 아이템 막 주는데 뭔가 묘하네요 이게 말로만 듣던 소매넣기인가?,1,0,True,Recommended,3773,1675840468
다크 소울3,1편과 꼴에 비해 길찾기는 쉽고 재미는 더욱 풍부해짐 750 글픽카드로 렉걸려가면서 군다잡고 유기한 겜을 새컴으로 정복,1,20,True,Recommended,6262,1675710715
다크 소울3,그러니까 이게.. 16년도 출시작이라는거지..?,1,9,True,Recommended,3229,1675592684
다크 소울3,쇠사슬 뒤로 말려있는건 미믹이고 앞으로 뻗어있는게 진짜 상자에요 참고하세용,1,4,True,Recommended,3888,1675161268
다크 소울3,재의 귀인.. 당장 도망치세요.. 이 게임은 시8 사람이 할게 아닙니다..! 앙 재밌띠,1,0,True,Recommended,524,1674988387
다크 소울3,어렵다 어렵다 하는데 솔직히 구르기가 무적이라 어렵지 않다,1,0,True,Recommended,25788,1674461229
다크 소울3,와 이거 초딩때 유튜버들이 어렵다고 개 호들갑 떨어서 할 엄두도 안나는데 하고는 싶고 그러다 고3때 크리스마스 세일로 사서 해봤는데 소울류 입문이라 락온 하는법 앞 뒤잡 하는법도 모르고 걍 했는데도 어렵지 않게 깸 현재 400렙 무한 회차 돌고 있음 대신 고리의 도시는 아직도 힘들다 일단 정말 재밌음 이거 하고 엘든링 하면 진짜 재미가 몇배는 더 올라감 정말 강추하며 엘든링이 씹갓겜 소리를 듣게한 기반을 다진 겜임 엘든링보다 무기 전투기술 자유도와 다양성은 떨어지지만 회피하고 평타치고 하는 플레이 스타일은 엘든링보다 좋음 또한 닼소가 더 각진 이펙트를 가지고 있음 엘든링은 부드러운 이펙트 그리고 엘든링은 평화로운 지형의 분위기 닼소는 금방이라도 세계가 멸망할 것 같은 어두운 분위기 등등 후속작 엘든링의 하위 호환이라고 하기에는 서로 좀 다르고 장단점도 다름 결론 그냥 돈 여유 있으면 무조건 사셈 정말 개재밌음,1,1,True,Recommended,19912,1674400148
다크 소울3,아직 2회차밖에 안돌았지만 재밌긴 개뿔 어려움,1,0,False,Not Recommended,7927,1673513281
다크 소울3,하...친구가 추천해줘서 같이하는데... 이상한 고인물 암령아저씨가 두들겨 패고감....난 회복물약...3개밖에 없는데..물약 엄청 많더라... 화염탄 같은거 던지면서 전기돋는 칼? 로 쑤시고 가더라...고인물 친절하다 들었는데 아닌가벼..,1,0,False,Not Recommended,424,1673457043
다크 소울3,"이 앞, 망자 있다.",1,0,True,Recommended,2384,1671859351
다크 소울3,컨트롤러 말고 키보드로 할거면 안사는게 좋을듯 모든게 컨트롤러로만 할 수 있고 키보드로 는 진짜 못하겠음,1,0,False,Not Recommended,163,1671807485
다크 소울3,많이 안 해봐서 잘 모르겠네요 진짜 모름 그래도 재밌어요 사람이라면 한번쯤 깨봐야 함,1,0,True,Recommended,109740,1670213040
다크 소울3,구르기. 때리기.,1,14,True,Recommended,4446,1669462460
다크 소울3,"재미있게했습니다 1,2 없이 엘든링하고 다크소울만 했는데 딱히 같은거없이 부드럽고 레벨 디자인 잘되있는데다가 숨겨진 물건들도 많은데 딱히 찾은 안찾든 문제되는것들도 아니고 보스 디자인도 멋있어서 즐겁게 한거같음",1,0,True,Recommended,8074,1665292035
다크 소울3,함부로 삭제 하면 모든게 날라간다 처음 부터 하는중,1,0,True,Recommended,5713,1665247880
다크 소울3,친구랑 같이 하자 했는데 친구가 안 해워요,1,5,True,Recommended,267,1664850727
다크 소울3,님 죽음,1,0,True,Recommended,25323,1664504678
다크 소울3,갓겜입니다... 밥먹고 유저 킹받게하는거연구하는사람들의혼끼가느껴집니다,1,0,True,Recommended,2301,1663756720
다크 소울3,일어서라! 일어서! 넌 로스릭의 자존심이야!,1,4,True,Recommended,20534,1662268153
다크 소울3,태양 만세!태양 만세!태양 만세!태양 만세!태양 만세!태양 만세!태양 만세! 태양 만세!태양 만세!태양 만세!태양 만세!태양 만세!태양 만세!태양 만세! 태양 만세!태양 만세!태양 만세!태양 만세!태양 만세!태양 만세!태양 만세! 태양 만세!태양 만세!태양 만세!태양 만세!태양 만세!태양 만세!태양 만세! 태양 만세!태양 만세!태양 만세!태양 만세!태양 만세!태양 만세!태양 만세!,1,0,True,Recommended,3407,1662201571
다크 소울3,친절할수도있는게임,1,0,True,Recommended,3135,1661675755
다크 소울3,엘든링이 나왔지만 아직도 이곳을 잊지 않았습니다 서버가 열렸으니 다시 돌아가야죠 재의 귀인에게 태양 있으라,1,1,True,Recommended,45937,1661531662
다크 소울3,처음 해본 프롬 게임이고 소울 게임이었다... 환불 미터기라는 군다는 유명세가 드높다 보니 막상 리트 하면서 별로 화도 안 났음. 오히려 그 이후의 게임 진행이 너무 막막해서 결국 공략영상 보면서 초회차 겨우 다 돌았음... 개뿌듯함 일단 연출 배경음악 영상 보스 패턴 등 호평할 거리가 차고 넘쳤음. 이외에도 뭐 맵에 장치되있는 다양한 재미있는 개빡치는 요소들도 좋았음. 중간중간 엔피씨 이벤트도 웃기기도 하고 좀 슬프기도... 아니 존나 슬프기도 하고... 즐길거리가 많음 아쉬운 점은... 스토리 영상 찾아보기 전까지 내가 뭐하는 건지 감이 안 왔음. 처음에 불 계승 하라고 왕들 찾아가서 설득 약간의 무력을 곁들인 하고 데려오는 건줄 알았는데... 아니 장작의 왕 어찌 목만 오셨소...사태가 일어나서 당황함. 중간중간 엔피씨들 이야기도 궁금하긴 한데 게임 내에서 많은 정보를 얻기는 어려워서 나무위키나 유튜브 보고 있게 됨. 뭐 매력이라면 매력...,1,8,True,Recommended,4192,1660417134
다크 소울3,이제서야 뉴비티를 벗어난 것 같아요,1,0,True,Recommended,98544,1660309988
다크 소울3,쥰내 어렵다 그냥,1,5,True,Recommended,2939,1660232302
다크 소울3,재밌어용,1,1,True,Recommended,4679,1660204581
다크 소울3,응애 서버 열어,1,0,True,Recommended,18396,1660122526
다크 소울3,지금 당장 로드릭으로,1,0,True,Recommended,12545,1659018389
다크 소울3,무희한테 30000소울 인질 잡힌 거 빼고 긍정적 경험밖에 없었음,1,1,True,Recommended,3220,1658333796
다크 소울3,"이 게임을 끝까지, 32시간 동안 플레이 하면서 막보를 클리어하고 느낀게 뭔지 아십니까? 다시는 키고 싶지 않다는 겁니다. 실제로 가끔 닼소3 생각은 나도, 다시 하고싶지는 않았습니다. 같은게 한두가지가 아닙니다. 항상 제 소울을 수거하러 갈때마다 두려움에 떨어야 했습니다. 여태까지 했던 게임중에서는 재미로는 원탑인데, 절대 다시는 키지 않겠다고 자신과 서약했습니다.",1,0,True,Recommended,2009,1657548181
다크 소울3,awdawd,1,0,False,Not Recommended,19914,1656917657
다크 소울3,가격은 비싸도 귀여운 몬스터들이 많아요,1,0,True,Recommended,8371,1656404592
다크 소울3,서버 열오어어어어어어어어 l발,1,6,True,Recommended,309,1655978419
다크 소울3,"모르고 하면 개 엿같고, 알고 하면 재밌는 신기한 게임",1,0,True,Recommended,2195,1652607108
다크 소울3,구른다! 맞는다! 구른다! 죽는다!,1,0,True,Recommended,7354,1652593419
다크 소울3,엘든링 하기 전에 먼저 소울류 해보려고 샀는데 엘든링이 필요없을정도,1,0,True,Recommended,18059,1652546559
다크 소울3,"다크소울3는 괴랄한 난이도의 게임으로 잘 알려져 있습니다. 그렇기에 저도 구매한 후 막상 손도 못대고 라이브러리에 썩혀두기만 했습니다. 그러나 약 40시간에 걸쳐 1회차 엔딩을 보고나니, 그 동안 제가 왜 이런 명작 게임을 썩혀두었는지 뼈저리게 후회되네요. 물론 다크소울3는 정말 어렵습니다. 하지만, 누구나 깰 수 있습니다. 왜냐하면, 다크소울3는 다른 rpg 게임과는 다르게 게임 속 캐릭터와 게임을 하는 플레이어가 함께 성장하기 때문입니다. 처음에는 넘지 못할 벽처럼 느껴지던 무시무시한 보스일지라도, 죽음을 통해 재도전을 하게되면 점점 패턴이 보이게 되면서 돌파구가 생깁니다. 무수히 많은 시도를 통해 스스로 보스를 잡게 되었을 때의 이 짜릿한 성취감은 다른 어떤 게임에서도 느낄 수 없는, 오직 다크소울에서만 가능한 경험입니다. 다크소울3 구매를 망설이고 계시다면, 일단 구매하세요. 다른 사람들보다 피지컬, 동체시력이 안좋고 게임을 못하신다구요? 그럼 그냥 남들보다 더 많은 시간을 투자하시면 됩니다. 다시 한번 말씀드리지만, 누.구.나. 클리어가 가능한 게임입니다. 제발 한 분이라도 더 이런 명작 게임을 접하게 되기를 바라는 마음에서 이렇게 장문의 후기를 남깁니다.",1,13,True,Recommended,6441,1650987998
다크 소울3,엘든 링도 재미있지만 근본은 역시 이거야,1,9,True,Recommended,25166,1650944878
다크 소울3,"내가 이 게임을 조금만 더 일찍 알았다면 몇십회차까지 밀어버리는 망자가 되었을 것이다 1회차를 끝낸 재의 귀인은 이만 빛바랜 자가 되기 위해 틈새의 땅으로 떠나지만, 정말 깊은 여운을 남겨준 게임 다크 소울 서사의 종극을 제 손으로 체험할 수 있어 너무 좋았습니다 매력적인 세계, 고귀한 스토리, 긴장되는 플레이요소 등 어느 하나 빼놓을 수 없는 띵작",1,5,True,Recommended,6702,1650181759
다크 소울3,아직 닼린인데 소울류 처음하시는 뉴비분들이 할만한 게임인것 같아요!! 타겜에 비해 그렇게 어렵지 않구 길도 편하게 찾을 수 있네용 여러분도 할 수 있다 같이 즐겨용,1,0,True,Recommended,13566,1649533560
다크 소울3,"난 분명히 다크판타지를 별로 좋아하지 않았는데, 다크소울과 엘든링을 해보지 않아서 잘못 알고 있었던 것 같다.",1,8,True,Recommended,7582,1649016729
다크 소울3,엘든링 6회차및 모든 도과 완료하고 예전에 사놓았던 닼소3를 건드려봤음. 플스로는 블본을 다깸 예전에 할때 뉴비절단기 군다라길래 2트만에 잡아버리니 ? 하며서 노잼이여서 접었는데 보스전은 쉽더라 패왕 머시기인가 금마도 무슨 끝판왕같이 등장하더니 빛나는 팔찌 부수니까 걍 삭제됨. 현재까지 진행해서 잡은 보스들은 걍 패니까 끝나져있더라. 확실히 엘든링이 보스랑 싸우는 맛이 있음. 엘든링에서 엇박에 신명나게 쳐맞고 와서 그런가 쉽기도 하고 아쉬움. 오히려 길에 깔려 있는 잡몹이 더 빡셈.,1,0,True,Recommended,1336,1648558998
다크 소울3,어려운데 재미있는 이 불닭같은 매력이랄까?,1,1,True,Recommended,3439,1648552544
다크 소울3,엑스.... 칼리버!!!!!!!!!!,1,0,True,Recommended,2346,1648397911
다크 소울3,아잇 쉬 펄!!!!! ....................................,1,0,True,Recommended,1646,1648284699
다크 소울3,EZ,1,0,True,Recommended,1865,1647116889
다크 소울3,이런 게임을 안해본다고? 이런 게임을 안해본다고? 이런 게임을 안해본다고? 이런 게임을 안해본다고? 이런 게임을 안해본다고? 이런 게임을 안해본다고? 이런 게임을 안해본다고? 이런 게임을 안해본다고? 이런 게임을 안해본다고? 이런 게임을 안해본다고? 이런 게임을 안해본다고? 이런 게임을 안해본다고? 이런 게임을 안해본다고? 이런 게임을 안해본다고? 이런 게임을 안해본다고?,1,1,True,Recommended,6452,1646784655
다크 소울3,시발 존나 어렵네,1,0,True,Recommended,452,1646208898
다크 소울3,로스릭에서 못나가겠어,1,0,True,Recommended,362,1646130810
다크 소울3,양심 없는겜,1,1,False,Not Recommended,3704,1645962801
다크 소울3,다크소울 3로 시작한 소울류 플레이인데 어느샌가 엘든링을 목빠지게 기다렸다. 세계관은 어둡고 깊으며 몬스터들의 디자인은 하나하나 공을 들인게 눈에 보인다. 첫 시작할땐 사람들이 그 어려운걸 왜 굳이 찾아서 하나 하는 호기심에 할인할때 구매했고 마지막 엔딩을 볼때는 이걸 왜 도대체 찾아서 하지 않는지 생각했다. 스팀게임중에 가장 오래 플레이한 게임이고 내 인생게임이다 존나 사랑한다 다크소울,1,0,True,Recommended,20565,1645958531
다크 소울3,엘든링 기념 다시해도 즐거울거같은 게임 더 이상 설명은 생략.,1,0,True,Recommended,11053,1645361202
다크 소울3,엘든링 나올것같애,1,10,True,Recommended,840,1645272901
다크 소울3,군다 못깨서 접은 겜. 환불이나 할 걸..,1,0,True,Recommended,137,1644912131
다크 소울3,태양만세 T,1,0,True,Recommended,6523,1644803878
다크 소울3,게일 원트못한 흑우없지?,1,0,True,Recommended,6120,1644684953
다크 소울3,엘든링 하기전 체험학습,1,22,True,Recommended,2378,1644391651
다크 소울3,진짜 설리번 깨다가 접을뻔했네,1,1,True,Recommended,14590,1644223599
다크 소울3,구르기 조심,1,0,True,Recommended,19553,1644213730
다크 소울3,조아조아너무조아존나짱세소드 연특검,1,0,True,Recommended,13147,1643734626
다크 소울3,진짜 갓겜,1,1,True,Recommended,4371,1643704158
다크 소울3,왜 중세시대엔 내비게이션이 없는가,1,0,False,Not Recommended,281,1643441444
다크 소울3,내 인생에 욕심을 부리면 대가를 치르게 된다는 걸 깨닫게 해준 때가 두가지 있는데 하나는 적당히 달달하게 오른 코인을 팔지 않았을 때고 하나는 이껨에서 딱 한대만 더때리고 빠져야징 카는 안일한 생각을 했을 때였다.,1,0,True,Recommended,13530,1643418951
다크 소울3,hey 츄라이 츄라이,1,1,True,Recommended,3755,1643273658
다크 소울3,앞으로 나아갈 용기가 꺾임 내 용기 누가 돌려주냐,1,0,True,Recommended,11432,1643161720
다크 소울3,sdfs,1,0,True,Recommended,3493,1643109607
다크 소울3,초반에 군다 볼드 못잡아서 미치지만 할수록 재미있는겜,1,0,True,Recommended,13187,1642772488
다크 소울3,존나 재밌다,1,0,True,Recommended,7089,1642744743
다크 소울3,즐거워요 초반에 죽으면서 배우다보면 더 이상 죽음이 두렵지 않게되는 게임 캐릭터와 더불어 성장해가는 나 자신을 돌아보게 해주는 갓겜 불투에서 사기무기 쓴다고 짜증내는 사람들은 그 사기무기 쓰시면 됩니다! 역지사지의 마음을 갖게해주는 갓겜 불투에서 지고나서 사기무기라 귓보내는 머저리들에게 어차피 결투는 에스트 없고 시간제한 있는 말그대로 모든 방법을 동원해서 이기는 맞짱입니다. 그거가지고 사기무기네 비매너네 하는건 의미가 없어요 결투에서는 승자가 강한거고 강한자가 승자입니다. 그리고 어둠변질 파이크는 절대 사기무기가 아니야 병신들아,1,0,True,Recommended,36432,1642647073
다크 소울3,4회차까지 해서 모든 엔딩 봤습니다 세키로가 더 재밌음 세키로 하러 가라,1,0,True,Recommended,6899,1642339572
다크 소울3,이 게임은 저의 영혼을 빼앗어 간 게임입니다,1,1,True,Recommended,114549,1642168874
다크 소울3,예? 이게 일반몹 이라고요??,1,0,True,Recommended,11661,1641823348
다크 소울3,군다는 5트정도에 꺳다 볼트도 카메라 시점만 아니라면 쉽게 잡았다 거목도 약점만 잘 패면 쉬웠다 노아는 약간 짜증났지만 초반에 반피내서 뚜드러 팼다 은기사도 뒤잡안하고 막고라로 잡았다 근데 이 개같은 심연의 감시자 새끼는 한번이라도 맞고 넘어지면 바로 억까 패턴으로 죽이고 뒤잡을 할려해도 뒤로 빽스탭한다 이 년의 회전베기랑 강돌진은 멀리있는거 아니면 그냥 확정으로 맞는다 애초에 대검을 한손으로 잡는 것부터가 개자식인거는 알았지만 시점때문에 죽는게 더 빡친다 내가 그냥 카메라 돌리면서 싸우는게 더 잘된다 언젠가 이 새끼 반드시 죽이고 소울 쪼개서 레벨링할거다,1,0,True,Recommended,6185,1641571271
다크 소울3,아니 시발 내 세이브,1,0,True,Recommended,11404,1641533974
다크 소울3,재밌는데어려운,1,0,True,Recommended,3333,1641259666
다크 소울3,어찌 저찌해서 군다 꺠고 기뻐하다가가 지나가던 잡몹한테 3대 맞고 죽었다 I발,1,0,True,Recommended,247,1641254135
다크 소울3,걍 하드코어게임이다,1,0,True,Recommended,2573,1641196465
다크 소울3,진짜 재밌는 게임. 소울류 게임에 맛을 들여버렸다.,1,0,True,Recommended,4621,1641117409
다크 소울3,딴겜 500시간 하고 오니 다시 뉴비가 되었습니다 살려줘,1,0,True,Recommended,47143,1640960498
다크 소울3,npc 다시는 안떄릴게 미안해,1,0,True,Recommended,936,1640662629
다크 소울3,이 앞 보물상자 있다,1,1,True,Recommended,12816,1640586334
다크 소울3,희대의 갓겜이지만 동시에 망겜.,1,0,True,Recommended,363,1640399836
다크 소울3,친구랑 할거 아니면 조용히 스크롤 내리세요 아니면 첫 튜토리얼 보스깨고 환불하던가,1,1,False,Not Recommended,6011,1640340946
다크 소울3,100시간은 명함도 못내미는게임,1,1,True,Recommended,9653,1640272075
다크 소울3,이 앞 태양만세 유효,1,1,True,Recommended,14811,1640162845
다크 소울3,망자들이 이상하게 쳐다봤을때 저는 늦었다는 것을 알았어요.,1,0,True,Recommended,8800,1639718371
다크 소울3,한 50회차 넘기다 보면 재밌음 그냥 웃음밖에 안 나옴,1,5,True,Recommended,7237,1639661522
다크 소울3,너무 쉽다. 이제 한손으로 코파면서도 한다.,1,0,True,Recommended,8197,1639376739
다크 소울3,b,1,0,True,Recommended,31774,1639319327
다크 소울3,튜토리얼 발 락온있는걸 심연의 감시자 깨고알았네,1,1,True,Recommended,7179,1639313727
다크 소울3,유다희양을 무서워 말라!! 그녀에게는 소울이 있다!! 하면 할수록 빠져든다!!,1,0,True,Recommended,485,1638692555
다크 소울3,어머니가 안계시는 게임,1,0,True,Recommended,5408,1638652802
다크 소울3,낭낭하게 즐기기 좋네요,1,12,True,Recommended,7753,1638156913
다크 소울3,정말 초순애 미연시 갓겜입니다 선택지에 따라서 상대가 호의적일지 악의적일지 정해지면서 그런 미연시에 액션까지!! 쵸 갓 겜!,1,1,True,Recommended,21342,1637984553
다크 소울3,스트레스 받으면서 겜하기 싫으면 절대 하지 마셈 어느 정도의 경지에 오를 때까지 걸리는 시간과 그 정신력 소모가 막대함 그냥 라이트하게 스트레스 풀려고 겜하는 사람들은 절대 하지마셈 길 찾고 몹 패턴 외우고 공략도 봐야 하고 진짜 개짜증남 근데 이걸 이겨내고 스토리를 진행했을 때 오는 쾌감이 있음 그러나 단호하게 말하는데 투입 대비 산출이 너무 비효율적임,1,0,False,Not Recommended,2240,1637474820
다크 소울3,3개월 뒤면 퇴물겜,1,1,True,Recommended,28965,1637242264
다크 소울3,만약 당신이 이 게임을 해볼거라면 해보세요! 게임은 당신이 와주기만을 기다릴겁니다 그리고 당신이 보스를 깨는걸 기다릴것이죠 한번 시도해보세요 언제나 그들은 당신만을 기다린답니다 귀인에게 태양있으리라!,1,0,True,Recommended,12129,1636888821
다크 소울3,애미,1,0,True,Recommended,282,1636769835
다크 소울3,프롬소프트웨어의 소울시리즈의 종장인 게임이니만큼 완성도가 높고 재밌는 게임이다. 보스들이 어렵다는 사람들은 죄다 폰닼소다. 이 겜의 플레이타임에서 보스 트라이가 차지하는 시간은 1 10도 되지 않는다. 심지어 공략을 봤음에도 그러하다.,1,0,True,Recommended,3748,1636634134
다크 소울3,재밌다,1,0,True,Recommended,21687,1636281990
다크 소울3,카메라 고치라고,1,0,False,Not Recommended,29368,1635715933
다크 소울3,해보면 앎,1,0,True,Recommended,11504,1635337452
다크 소울3,패링패링패링패링패링패링패링패링패링패링패링패링패링패링패링패링패링패링패링패링패링패링패링패링패링패링패링패링패링패링패링패링패링패링패링패링패링패링패링패링패링패링패링패링패링패링패링패링패링패링패링패링패링패링패링패링패링패링패링패링패링패링패링패링패링패링패링패링패링패링패링패링패링패링패링패링패링패링패링패링패링패링패링패링패링패링패링패링패링패링패링패링패링패링패링패링패링패링패링패링패링패링패링패링패링패링패링패링패링패링패링패링패링패링패링패링패링패링패링패링패링패링패링패링패링패링패링패링패링패링패링패링패링패링패링패링패링패링패링패링패링패링패링패링패링패링패링패링패링패링패링패링패링패링패링패링패링패링패링패링패링패링패링패링패링패링패링패링패링패링패링패링패링패링패링패링패링패링패링패링패링패링패링패링패링패링패링패링패링패링패링패링패링패링패링패링패링패링패링패링패링패링패링패링패링패링패링패링패링패링패링패링패링패링패링패링패링패링패링패링패링패링패링패링패링패링패링패링패링패링패링패링패링패링패링패링패링패링패링패링패링패링패링패링패링패링패링패링패링패링패링패링패링패링패링패링패링패링패링패링패링패링패링패링패링패링패링패링패링패링패링패링패링패링패링패링패링패링패링패링패링패링패링패링패링패링패링패링패링패링패링패링패링패링패링패링패링패링패링패링패링패링패링패링패링패링패링패링패링패링패링패링패링패링패링패링패링패링패링패링패링패링패링패링패링패링패링패링패링패링패링패링패링패링패링패링패링패링패링패링패링패링패링패링패링패링패링패링패링패링패링패링패링패링패링패링패링패링패링패링패링패링패링패링패링패링패링패링패링패링패링패링패링패링패링패링패링패링패링패링패링패링패링패링패링패링패링패링패링패링패링패링패링패링패링패링패링패링패링패링패링패링패링패링패링패링패링패링패링패링패링패링패링패링패링패링패링패링패링패링패링패링패링패링패링패링패링패링패링패링패링패링패링패링패링패링패링패링패링패링패링패링패링패링패링패링패링패링,1,0,True,Recommended,10875,1634512759
다크 소울3,도망가,1,2,False,Not Recommended,18283,1634384525
다크 소울3,정말 재밌고 쉽다! 올 한해를 뒤집어줄 세상에서 가장 재밌는 게임!!!!,1,1,True,Recommended,16556,1634271403
다크 소울3,닼소 시리즈중에 젤 입문작으로 좋다고 생각될 정도로 친절한편임.,1,3,True,Recommended,59892,1632595808
다크 소울3,노력만 하면 누구든 가능!,1,1,True,Recommended,11998,1632473083
다크 소울3,정말 쉽고 간편한 게임이네요,1,12,True,Recommended,8502,1632224438
다크 소울3,"입문으로는 이게 괜찮긴 한데, 그래도 1편부터 하는게 개인적으로는 더 좋은것 같다. 3편이 마음에 들었다면, 1편으로 가고... 2편에서 욕하겠지...으... 스콜라도 나쁘지만은 않긴 한데...으...",1,0,True,Recommended,22148,1632148181
다크 소울3,이 앞 갓겜 있다,1,3,True,Recommended,11420,1631980297
다크 소울3,얼마 안해봤는데 재밌네요,1,3,True,Recommended,121471,1631031173
다크 소울3,악명 때문에 나같은 발컨에게는 과분한 게임이겠구만 싶어 그동안 안 했는데 변덕이 나서 구매하고 엔딩까지 본 바... 어렵다는 말로 일축하기엔 무척 아까운 게임이라고 생각합니다. rpg의 귀감.,1,12,True,Recommended,2453,1631031111
다크 소울3,SO EASY GAME,1,0,True,Recommended,6334,1630415584
다크 소울3,너무 어려워 진심으로,1,0,False,Not Recommended,5297,1630389637
다크 소울3,친절한 게임,1,0,True,Recommended,4828,1629950248
다크 소울3,1시간동안 게임에서 아무것도 못하고 이렇게 맞기만 했던 건 처음임,1,0,True,Recommended,149,1629655736
다크 소울3,정가에 주긴 너무 아까운 게임 그리고 스트레스 너무 많이 받음 너무 어렵고 화면조절이 지 맘대로 움직임,1,1,False,Not Recommended,16207,1629626277
다크 소울3,잘하는 암령 침입했는데 인사하니까 암령이 받아주고 볼드깨기 전에 잔불 61개줌. 갓겜,1,0,True,Recommended,25323,1629524313
다크 소울3,보스한테 죽는것보다 잡몹한테 더죽은듯.,1,0,True,Recommended,873,1629210419
다크 소울3,소문난 것 보단 쉬움,1,1,True,Recommended,3996,1628612277
다크 소울3,보통 이게임에 대해서 어렵다는 편견을 가지고 있지만 생각보단 어렵지 않습니다. 방패 잘들고 다니면서 3인칭 시점이라는 이점으로 배그마냥 방을 체크하고 들어가면 그렇게 어렵진 않을겁니다. 그래도 몹 여러마리하고 싸우면 어려운건 사실이지만 필드에서 중요한건 각개격파입니다. 한마리씩 어그로를 끌어 안전한곳까지 끌고와서 싸우세요. 쉽진 않겠지만 적으면 적을수록 상대하기는 쉽습니다. 무엇보다 활을 얻게 된 이후부터는 활로 하나씩 쏴서 끌어들여서 처리하면 힘든 상황이 그다지 나오지 않습니다. 그리고 필드아이템에 목숨을 걸지마세요. 사실 다 안먹어도 되서 본인은 다 먹을려고 안간힘을 썼지만 일단 보스룸까지 뛴다! 같은 전략도 있습니다. 마치 악당들의 단골대사 18번 두고보자! 같은 느낌이긴 하지만요. 길찾기도 게임이 어려운 이유지만 길이 어딘지 모르겠다고 생각하면 그제서야 맵 곳곳을 돌아다니며 아이템 회수에 전념하세요. 소울은 떨구지만 아이템은 먹기만 하면 안사라지니까요. 약간 그렇게 본인을 한번 쓰고 버리는 화성 탐사선 마냥 굴리다 보면 길도 찾게될겁니다. 물론 그전에 레벨업도하고 남은 소울로 화살같은 잡템을 잔뜩 사두는걸 잊지마세요 그리고 보스전은... 깰때 까지 도전하는 수밖에 없습니다. 패턴이 있으니 패턴을 찾을때 까지는 회피에 전념하다 후딜레이가 큰 패턴을 기억하고 그때만 딜하면 됩니다. 무엇보다 절대 욕심부리지 마세요. 한대만 더 때릴려다가 본인이 골로가는 수가 있습니다. 뉴비들에게 해주고 싶은 말이 많아서 이것 저것 많이 썼네요. 그럼 즐거운 다크소울 하시길 바라면서 이제 2회차 겨우 끝낸 수돗물이 청정수에게 조언합니다. 사실 위에거 다 필요 없고 고인물이랑 겜하세요. 가장 좋은것은 고인물 친구를 구해서 하는겁니다. 고인물 친구들이 다 알려주고 납석 그으면 보스도 밀어줄꺼에요.,1,2,True,Recommended,6836,1628581086
다크 소울3,생각보다 할만함 어려운 보스를 몇트만에 깼을때 성취감이 큼,1,3,True,Recommended,5378,1628523089
다크 소울3,A faster and smoother game than ds and ds2. Very good game!,1,1,True,Recommended,3689,1628038936
다크 소울3,해냈다!,1,2,True,Recommended,4178,1627825823
다크 소울3,초보자도 쉽게 즐길수있는 케주얼 게임,1,2,True,Recommended,6418,1627730923
다크 소울3,개굿,1,1,True,Recommended,119208,1627718281
다크 소울3,이게 게임이지,1,0,True,Recommended,23370,1627444414
다크 소울3,나의 게임 인생을 바꿔 버린 게임 그 전까지 쉬엄쉬엄 할 수 있는 턴제 게임들 위주로 하고 어려운 게임은 극혐하고 쉽고 가볍게 즐길 수 있는 게임들만 해왔었는데 이 게임 이후로 게임을 선택하고 바라보는 기준이 완전히 바뀌어 버렸다 아무리 해도 넘을 수 없을 것 같던 보스를 수많은 도전 끝에 잡아냈을 때의 그 저릿저릿한 쾌감과 전율은 지금까지의 게임 인생을 통틀어도 오로지 닼소 첫회차에서 밖에 느낄 수 없었다 그 이후로 수많은 소울류 게임을 해왔지만 아직까지도 그 때만큼의 짜릿함은 찾아오지 못 하고 있음 아무튼 내 게임 인생을 완전히 바꾸어 버린 두 개의 게임 중 하나로써 인생게임을 꼽는다면 무조건 꼽을 수 있는 명작이라 할 수 있겠다 아직도 심심하면 한 번씩 켜서 회차 한 번 쭉 돌면 그렇게 재밌을 수가 없음 사랑해요 닼솔,1,0,True,Recommended,36175,1627213908
다크 소울3,내 생에 최고의 게임,1,0,True,Recommended,26433,1627176334
다크 소울3,탈영병들 재입대 시키려는 공익의 이야기,1,0,True,Recommended,8825,1626759021
다크 소울3,Tlqkf,1,0,True,Recommended,12087,1626493795
다크 소울3,끝까지 가면 내가 다이겨!!!!!!!!!!!!!!!!!!!!!!!!!!!!!!!!!!!!!!!!!!!!!!!!!!!!!!!!!!!!!!!!!!!!!!!!!,1,0,True,Recommended,2998,1626411588
다크 소울3,행복해져요,1,0,True,Recommended,20185,1626275948
다크 소울3,좆같네,1,0,True,Recommended,14992,1625978858
다크 소울3,31시간 다크소울 장인출신으로써 하지 마세요,1,1,True,Recommended,9358,1625742279
다크 소울3,우와 재밌다,1,1,True,Recommended,2702,1625640390
다크 소울3,진짜 스레기게임 튜툐리얼도 못끝냄 걍 하루종일 쳐맞다 울면서 꺼야함,1,0,False,Not Recommended,391,1625576537
다크 소울3,너무 쉬웠다. 애기도 쉽게 깰거같은 난이도 힐링게임을 선택하신 거면 이겁니다. 맞아요.,1,0,True,Recommended,1717,1625272564
다크 소울3,롤창에서 벋어나 영화같은 경험을 얻은겜 강추합니다.,1,2,True,Recommended,6404,1625211910
다크 소울3,갓껨 어려움 그러나 갓껨임 하다가 떄려치고 싶고 그럴떄도있음...... 근데 끄면 다시하고싶음 갓겜임,1,2,True,Recommended,3504,1625208891
다크 소울3,Praise the sun! t,1,0,True,Recommended,13879,1625060643
다크 소울3,"이앞, 절망있다 그러나 태양만세!",1,0,True,Recommended,23580,1624774697
다크 소울3,엘든링이 쉬웠던 거였구나,1,0,True,Recommended,1883,1624717163
다크 소울3,시발 길이 어디야,1,0,True,Recommended,4250,1624543621
다크 소울3,보스 ........ 뭐,1,0,True,Recommended,4258,1624542169
다크 소울3,욕하면서 하지만 끝내고나면 이만한게 없는 게임,1,0,True,Recommended,7715,1624166648
다크 소울3,123발,1,0,False,Not Recommended,298,1624108355
다크 소울3,난 이게임이 가지고싶다 얼른 할인해라 다크소울!!,1,3,True,Recommended,7146,1623666699
다크 소울3,꿀잼,1,0,True,Recommended,17775,1623148643
다크 소울3,유다희 YOU DIED 씨 만나러 왔습니다,1,0,True,Recommended,1856,1623123784
다크 소울3,재밌어요 근데.... 하지마요...계속 하게되는데 힘들어요.....,1,0,True,Recommended,23726,1622974090
다크 소울3,god game,1,0,True,Recommended,10081,1622972383
다크 소울3,다크소울 다크소울 하는 이유를 알겠다. 항상 암령이 무서워 오프라인으로 하는데 온라인 플레이 시간도 100시간이 넘었다는 건...,1,0,True,Recommended,10054,1622943256
다크 소울3,어찌저찌 로스릭의 높은 벽까지는 갔는데... 검은 변신몹한테 죽고 브레스 맞아서 죽고 암령 만나서 죽고 길 잃어서 뱅뱅 돌고... 그러다가 소환한 백령 한 분이 몹이건 암령이건 다 패버리고 보스까지 관광시켜주심. 감사의 의미로 인사를 연타했더니 잔불 50개랑 다크핸드까지 챙겨주셨습니다. 고맙긴 한데 뭔가 무섭네요.,1,0,True,Recommended,616,1622881769
다크 소울3,애미 씨팔 내가 하는 플레이 캐릭터가 기사인지 병신인지 모르겠습니다,1,0,False,Not Recommended,2553,1622225939
다크 소울3,내가 이걸 왜샀지?,1,1,True,Recommended,172,1622070493
다크 소울3,에이 드러운게임,1,0,True,Recommended,7814,1622024815
다크 소울3,"인생겜중 하나 다 깨고 몇 번을 깨고서도 모드라도 깔아서 해보려고 온갖 발악을 하게 만드는, 대체제 없는 게임 유다이밈으로 이미지가 씹헬하드코어로 낙인찍힌 지 꽤 됐는데, 사실 진실된 의미에서 도전 정신, 탐험 정신을 유발시키고 유저에게 경험을 전달하는 다크 소울류야말로 게임계의 교과서라 할 만 하다 눈에 크게 띄는 게임적 허용은 없고, 게임 내 거의 대부분은 설정에 녹아내렸기 때문에 설정충들 니즈에도 어느정도 들어맞을 것 그러니 어서 엘든링을 내지 못할까 좆소머장 대머리야 몇년째 이러고 있는 줄 아느냐 머리에 빛만 찬 모른다 같은 놈아",1,9,True,Recommended,8380,1621472381
다크 소울3,조금 밖에 안했지만 재밌습니다,1,0,True,Recommended,29386,1621381043
다크 소울3,2주차가 초기화인가요? 되돌릴법 없나요? dlc해야 하는데...........,1,0,True,Recommended,2430,1621340098
다크 소울3,화방녀가 이뻐서 한다,1,0,True,Recommended,1999,1621033885
다크 소울3,태양만세,1,1,True,Recommended,19082,1620794134
다크 소울3,라프송진클모에 검은화염병 들고 오는 씹게이 제초새끼들은 왜 자살 안함? 그렇게 셋팅하고 렙 35짜리 잡으면 오르가즘 느끼냐?,1,0,False,Not Recommended,15165,1620546860
다크 소울3,쉽고 간단한 조작 귀여운 캐릭터들,1,0,True,Recommended,8082,1620383416
다크 소울3,진짜 쉬움 다들 해보셈,1,0,True,Recommended,562,1619924941
다크 소울3,날개기사 개씨빨럼아,1,0,True,Recommended,2375,1619181460
다크 소울3,나는 재능충인줄 알았지.. 군다1트로 깼어서 하지만 어림도 읎지 게임하면서 여자이름 이렇게 많이 본적 처음이야 유다희씨 우리 제발 그만봐요,1,1,True,Recommended,540,1618721002
다크 소울3,군다 잡았아여헤헤,1,0,True,Recommended,3439,1618580341
다크 소울3,입문하지마,1,0,False,Not Recommended,15989,1618476427
다크 소울3,Praise the sun! T,1,0,True,Recommended,4387,1618471208
다크 소울3,군다 이거 뭐하는 놈이여,1,1,True,Recommended,18759,1618371566
엘든 링,피했다고 씨발아,1162,1594,True,Recommended,14552,1646182946
엘든 링,트리가드 씨벨럼아,526,424,True,Recommended,7659,1647805812
엘든 링,"확실히 엘든링을 사고 나서 내 인생이 달라졌다. 원래는 고딩때 일진 눈도 못마주치고 쓰레기 아무데나 버리고 침 찍찍 뱉고 했는데, 엘든링 빛바랜 자 오너가 되고나니깐 품위유지 할려고 스스로 노력할려고한다. 방금도 길바닥에 포스틱봉지 버려져있길래 주워서 쓰레기통에 버리고왔다. 학생때는 일진은 커녕 같은 찐따 눈도 못마주쳤는데 이제는 배달음식 주문할때도 큰 소리로 또박또박말하고, 편의점 피시방에서도 알바생이랑 눈마주치기 가능해졋다 아무리 기분 나쁜 거 같은 일이 생겨도 샤워하면서 혼자 나는 누구? 엘든링 빛바랜 자 하면서 웃으니깐 기분도 좋아지네 이래서 자리가 사람을 만든다는말이 나온거같다.",376,220,True,Recommended,3201,1645869447
엘든 링,트리가드 얘때문에 빡종하고 롤키니깐 헤카림 나와서 롤도 끔,359,319,True,Recommended,1501,1646177519
엘든 링,"이 너머, 점프 유효하다 이 앞, 거짓말쟁이 있다",283,512,True,Recommended,4322,1646189703
엘든 링,컨텐츠 할 거 없네,185,124,True,Recommended,269313,1693984876
엘든 링,응 엘든링 계속 까봐 xD 나만 재밌으면 그만이얔 환경설정 조금만 건들이면 프레임 잡히는데 불타고 있네 다들,183,234,True,Recommended,15722,1645763348
엘든 링,이새끼들아 사니까 할인을 해?,161,202,True,Recommended,8482,1696578560
엘든 링,여러분들의 인생을 구할 수 있는 방법은 비추천을 누르는 것 뿐,135,994,False,Not Recommended,13239,1645753665
엘든 링,얼마 해보진 않았지만 그럭저럭 할만한 게임인거 같아요,127,156,True,Recommended,125414,1661571711
엘든 링,밥 처먹을때도 엇박으로 먹을새끼들,120,96,True,Recommended,5605,1677422749
엘든 링,라단 이씨발섀끼야,112,102,False,Not Recommended,14266,1678950000
엘든 링,곰 어떤새끼가 만들었냐,104,156,True,Recommended,22592,1654227099
엘든 링,엘든 링인 것 같지?,101,237,True,Recommended,35742,1646996650
엘든 링,"이 앞, 숨겨진 길 있다. 없음 이 앞, 점프 유효하다. 점프하면 뒤짐 이 앞, 적 없다. 적 있음 이 앞, 거짓말쟁이 조오온나게 있으라..",95,149,True,Recommended,10505,1648678070
엘든 링,"이 앞, 거짓말쟁이 있다. 오픈월드입니다. 넒은 맵에서 자유도가 보장된만큼 저같은 길치는 게임내내 좆같다는 이야기지요. 게다가 최적화는 발로했는지 프레임드랍이 심합니다. 길치들은 같음을 느끼면서 프레임드랍에도 시달려야합니다. 엇박이 심합니다. 보스는 이해하겠는데 잡몹조차도 어어어엇 박으로 공격을 합니다. 뻐 킹 프롬 제작자들은 숨도 엇박으로 쉬는게 분명합니다 시발. 하지만 장점도 있습니다. 전작에 비해서 공격할 수단이 많이 늘어났습니다. 멀리서 활을 쏴도되고 마술,기적,전회,영체 등 공격이 많이 다양해졌습니다. 반대로 저처럼 멋있지만 구린 특대검 하나들고 낭만을 찾겠다고 돌아다니는 사람은 배로 같습니다. 그래도 이모든 요소를 감안하더라도 굉장히 재밌습니다. 그리고 이 평가를 보고 사는 모든 빛바랜자들 부디 숨도 엇박으로 쉬시고 밥도 엇박으로 드시기바랍니다.",94,76,True,Recommended,9715,1649590349
엘든 링,내가 바닥에 있는 글씨를 믿을 바에 내 주식을 믿겠다 이새끼들아,87,137,True,Recommended,8057,1716642345
엘든 링,맵이 넓습니다 할게 많다는뜻이죠 반대로 저같은 길치는 겜 내내 좃 같다는 뜻입니다. 하지만 좃 같음을 넘어선 재미가 있습니다 정가로 샀지만 후회없구요 하지만 몇몇 보스가 뒤지게 꼬울수는 있습니다. 당신이 똥고집을 부려서 나는 영체도 필요없고 마법도 필요없는 새끼다 하고 고집을 부리면 안 그래도 좃같던 게임이 개좃이 되는 경험을 하실수있습니다.로망도 좋지만 나는 혼자 싸우는데 적은 둘이 덤비는 상태에선 친구를 부르는것도 역시 공평한게 아닐까요?빛 바랜자 화이팅,80,161,True,Recommended,7665,1647224908
엘든 링,이 개 새끼들은 밥도 엇박으로 쳐먹고 똥도 엇박으로 싸고 딸도 엇박으로 칠 새끼들임 탁 타닥 타닥 탁 게임은 재밌었습니다 개새끼들아,79,91,True,Recommended,5930,1751376246
엘든 링,처음에 당황하지 마시고 트리 가드라는 몬스터가 있을텐데 그거 안잡으면 스토리 진행이 안됍니다 뉴비 분들은 꼭 잡고 가야 하는 몬스터 입니다 쌔더라도 당황하지 마시고 천천히 하시면 될것 같습니다 엘든링 갓겜 맞습니다,76,143,True,Recommended,3404,1735360662
엘든 링,어리석은 야심은 잊고 환불하러 갑니다,76,290,True,Recommended,8665,1645753751
엘든 링,아이 엠 말레니아 블레이드 오브 미켈라 아이 엠 말레이나 블레이드 오브 미켈라 아이 엠 말레이나 블레이드 오브 미켈라 아이 엠 말레이나 블레이드 오브 미켈라 아이 엠 말레이나 블레이드 오브 미켈라 아이 엠 말레이나 블레이드 오브 미켈라 아이 엠 말레이나 블레이드 오브 미켈라 아이 엠 말레이나 블레이드 오브 미켈라 아이 엠 말레이나 블레이드 오브 미켈라 아이 엠 말레이나 블레이드 오브 미켈라 아이 엠 말레이나 블레이드 오브 미켈라 아이 엠 말레이나 블레이드 오브 미켈라 아이 엠 말레이나 블레이드 오브 미켈라 아이 엠 말레이나 블레이드 오브 미켈라 아이 엠 말레이나 블레이드 오브 미켈라 아이 엠 말레이나 블레이드 오브 미켈라아이 엠 말레이나 블레이드 오브 미켈라 아이 엠 말레이나 블레이드 오브 미켈라 아이 엠 말레이나 블레이드 오브 미켈라 아이 엠 말레이나 블레이드 오브 미켈라 아이 엠 말레이나 블레이드 오브 미켈라 아이 엠 말레이나 블레이드 오브 미켈라 아이 엠 말레이나 블레이드 오브 미켈라 아이 엠 말레이나 블레이드 오브 미켈라 아이 엠 말레이나 블레이드 오브 미켈라 아이 엠 말레이나 블레이드 오브 미켈라 아이 엠 말레이나 블레이드 오브 미켈라 아이 엠 말레이나 블레이드 오브 미켈라아이 엠 말레이나 블레이드 오브 미켈라아이 엠 말레이나 블레이드 오브 미켈라 아이 엠 말레이나 블레이드 오브 미켈라,74,67,True,Recommended,8915,1647439392
엘든 링,씨기트 멀발련아,71,74,False,Not Recommended,203,1696771869
엘든 링,엘짐 씨발련 존나 도망다니네,70,116,False,Not Recommended,12769,1668677394
엘든 링,말레니아 씨발년 겜 졷같이하네,70,93,True,Recommended,15068,1649489873
엘든 링,패턴 개 좆같이 만들었네 씨발새끼들,68,101,True,Recommended,27702,1657933572
엘든 링,알겠는가? 미켈라의 칼날 말레니아를. 알겠는가? 미켈라의 칼날 말레니아를. 알겠는가? 미켈라의 칼날 말레니아를. 알겠는가? 미켈라의 칼날 말레니아를. 알겠는가? 미켈라의 칼날 말레니아를.,67,130,True,Recommended,9725,1687313367
엘든 링,화가나도 사랑한다 씹새야,65,195,True,Recommended,10350,1646191684
엘든 링,"엘든링이 인생인 것이 아니다. 인생이 엘든링이다. 튜토가 끝나고 문을 열어 림그래이브의 햇빛을 받는 것이 출생이며, 트리가드 멀기트 사자혼종에게 대가리가 깨지는 것이 성장이고, 어디간건지 말도 안하는 mpc를 찾아 돌아다니거나 지하묘지 속에서 길을 잃는 것이 방황이며, 어느새 빈틈없어 보이던 기사몹이나 중간보스들을 무덤덤하게 썰어죽이는 것이 성숙이고, 데미갓들을 모두 담그고 엘데의 왕이 되는 것이 성공이며, 현생에 지쳐 돌아오니 예전같으면 피할 패턴을 3연속으로 처맞는 것이 노화다. 그렇기 때문에 엘든링은 인생이다.",62,153,True,Recommended,72619,1704080996
엘든 링,b 목표는 구멍 그리고 씨앗 바쳐라,62,141,True,Recommended,25929,1646654288
엘든 링,사자마자 다음날 할인하네 발련들이,61,69,True,Recommended,1908,1696562835
엘든 링,알겠는가?미켈라의칼날말레니아를.알겠는가?미켈라의칼날말레니아를.알겠는가?미켈라의칼날말레니아를.알겠는가?미켈라의칼날말레니아를.알겠는가?미켈라의칼날말레니아를.알겠는가?미켈라의칼날말레니아를.알겠는가?미켈라의칼날말레니아를.알겠는가?미켈라의칼날말레니아를.알겠는가?미켈라의칼날말레니아를.알겠는가?미켈라의칼날말레니아를.알겠는가?미켈라의칼날말레니아를.알겠는가?미켈라의칼날말레니아를.알겠는가?미켈라의칼날말레니아를.알겠는가?미켈라의칼날말레니아를.알겠는가?미켈라의칼날말레니아를.알겠는가?미켈라의칼날말레니아를.알겠는가?미켈라의칼날말레니아를.알겠는가?미켈라의칼날말레니아를.알겠는가?미켈라의칼날말레니아를.알겠는가?미켈라의칼날말레니아를.알겠는가?미켈라의칼날말레니아를.알겠는가?미켈라의칼날말레니아를.알겠는가?미켈라의칼날말레니아를.알겠는가?미켈라의칼날말레니아를.알겠는가?미켈라의칼날말레니아를.알겠는가?미켈라의칼날말레니아를.알겠는가?미켈라의칼날말레니아를.알겠는가?미켈라의칼날말레니아를.알겠는가?미켈라의칼날말레니아를.알겠는가?미켈라의칼날말레니아를.알겠는가?미켈라의칼날말레니아를.알겠는가?미켈라의칼날말레니아를.알겠는가?미켈라의칼날말레니아를.알겠는가?미켈라의칼날말레니아를.알겠는가?미켈라의칼날말레니아를.알겠는가?미켈라의칼날말레니아를.알겠는가?미켈라의칼날말레니아를.알겠는가?미켈라의칼날말레니아를.알겠는가?미켈라의칼날말레니아를.알겠는가?미켈라의칼날말레니아를.알겠는가?미켈라의칼날말레니아를.알겠는가?미켈라의칼날말레니아를.알겠는가?미켈라의칼날말레니아를.알겠는가?미켈라의칼날말레니아를.알겠는가?미켈라의칼날말레니아를.알겠는가?미켈라의칼날말레니아를.알겠는가?미켈라의칼날말레니아를.알겠는가?미켈라의칼날말레니아를.알겠는가?미켈라의칼날말레니아를.알겠는가?미켈라의칼날말레니아를.알겠는가?미켈라의칼날말레니아를.알겠는가?미켈라의칼날말레니아를.알겠는가?미켈라의칼날말레니아를.알겠는가?미켈라의칼날말레니아를.알겠는가?미켈라의칼날말레니아를.알겠는가?미켈라의칼날말레니아를.알겠는가?미켈라의칼날말레니아를.알겠는가?미켈라의칼날말레니아를.알겠는가?미켈라의칼날말레니아를.알겠는가?미켈라의칼날말레니아를.알겠는가?미켈라의칼날말레니아를.알겠는가?미켈라의칼날말레니아를.알겠는가?미켈라의칼날말레니아를.알겠는가?미켈라의칼날말레니아를.알겠는가?미켈라의칼날말레니아를.알겠는가?미켈라의칼날말레니아를.알겠는가?미켈라의칼날말레니아를.알겠는가?미켈라의칼날말레니아를.알겠는가?미켈라의칼날말레니아를.알겠는가?미켈라의칼날말레니아를.알겠는가?미켈라의칼날말레니아를.알겠는가?미켈라의칼날말레니아를.알겠는가?미켈라의칼날말레니아를.알겠는가?미켈라의칼날말레니아를.알겠는가?미켈라의칼날말레니아를.알겠는가?미켈라의칼날말레니아를.알겠는가?미켈라의칼날말레니아를.알겠는가?미켈라의칼날말레니아를.알겠는가?미켈라의칼날말레니아를.알겠는가?미켈라의칼날말레니아를.알겠는가?미켈라의칼날말레니아를.알겠는가?미켈라의칼날말레니아를.알겠는가?미켈라의칼날말레니아를.알겠는가?미켈라의칼날말레니아를.알겠는가?미켈라의칼날말레니아를.알겠는가?미켈라의칼날말레니아를.알겠는가?미켈라의칼날말레니아를.알겠는가?미켈라의칼날말레니아를.알겠는가?미켈라의칼날말레니아를.알겠는가?미켈라의칼날말레니아를.알겠는가?미켈라의칼날말레니아를.알겠는가?미켈라의칼날말레니아를.알겠는가?미켈라의칼날말레니아를.알겠는가?미켈라의칼날말레니아를.알겠는가?미켈라의칼날말레니아를.알겠는가?미켈라의칼날말레니아를.알겠는가?미켈라의칼날말레니아를.알겠는가?미켈라의칼날말레니아를.알겠는가?미켈라의칼날말레니아를.알겠는가?미켈라의칼날말레니아를.알겠는가?미켈라의칼날말레니아를.,59,75,True,Recommended,7570,1651419532
엘든 링,그럴 자격 없다 오오 그럴 자격없다,59,89,True,Recommended,8919,1647069952
엘든 링,왜 군대가니까 dlc발표해?왜 군대가니까 dlc발표해?왜 군대가니까 dlc발표해?왜 군대가니까 dlc발표해?왜 군대가니까 dlc발표해?왜 군대가니까 dlc발표해?왜 군대가니까 dlc발표해?왜 군대가니까 dlc발표해?왜 군대가니까 dlc발표해?왜 군대가니까 dlc발표해?왜 군대가니까 dlc발표해?왜 군대가니까 dlc발표해?왜 군대가니까 dlc발표해?왜 군대가니까 dlc발표해?왜 군대가니까 dlc발표해?왜 군대가니까 dlc발표해?왜 군대가니까 dlc발표해?왜 군대가니까 dlc발표해?왜 군대가니까 dlc발표해?왜 군대가니까 dlc발표해?왜 군대가니까 dlc발표해?왜 군대가니까 dlc발표해?왜 군대가니까 dlc발표해?왜 군대가니까 dlc발표해?,56,51,True,Recommended,11231,1678465230
엘든 링,이 시발 보스 엿같이 만들어놨네,54,67,False,Not Recommended,4182,1688240896
엘든 링,떄릴까말까 십새끼야,54,77,True,Recommended,8907,1658242536
엘든 링,이게 섹스지 엘든링으로 아다를 탈출했습니다,52,84,True,Recommended,377,1674186424
엘든 링,"가격 정가 줘도 좋음 20 세일까지 존버 50 세일까지 존버 70 이상 세일까지 존버 90 이상 세일까지 존버 무료 그래픽 황홀함 멋있고 개성 있음 개성 있음 괜찮음 못 봐줄 수준은 아님 불편함 눈을 가리고 싶어짐 사운드 기저귀 갈아야 됨 찰짐 알맞음 괜찮음 싫증남 구림 고막을 찢고 싶음 인터페이스 게임이 나를 엄마보다 잘 챙겨줌 유저 친화적 크게 불편하지 않음 약간 귀찮음 비효율적이고 답답함 플레이 자체가 노동 사양 할머니댁 컴퓨터 노트북 보급형 컴퓨터 적당한 컴퓨터 고사양 컴퓨터 초고사양 컴퓨터 한글화 번역이 원본을 뛰어넘음 제대로 한글화가 되어있음 한글화가 되어있는데 애매함 유저 한글화가 되어있음 유저 한글화가 되어있는데 애매함 비한글화지만 지장 없음 비한글화로 플레이가 어려움 DLC 없음 캐릭터 꾸밈 컨텐츠나 가벼운 추가 컨텐츠 무기, 아이템, 추가 임무 를 구매할 수 있음 확장판 수준의 컨텐츠 추가 DLC가 하나 혹은 몇 개 있음 컨텐츠의 대부분을 DLC로 발매함 DLC를 구매하지 않으면 게임 플레이에 지장이 있음 모드 모드가 이 게임의 핵심 BLT mod 설치는 필수입니다. 다양하고 종류가 많음 비공식 추가 컨텐츠 모드들이 있음 텍스처 개선 및 커스텀 스킨 추가 가능 모드 설치 불가능 모드 제작자 없음 난이도 손가락 몇 개 없어도 가능 우리 엄마도 가능 켠김에 왕까지 문제 없음 난이도를 줄이는 방법이 있음 적응되면 할 만함 고인물 게임 사람이 할 짓이 아님 스토리 소름 돋음 튼튼하고 독창적임 튼튼함 평범하지만 개성있음 무난함 무난하지만 엉성함 부실함 발로 썼냐 뇌를 씻고 싶다 레벨 디자인 레벨 디자인 교과서 독보적임 참신함 평이함 허술함 부조리함 한숨이 절로 나옴 플레이타임 100시간 이상 50시간 이상 30시간 이상 10시간 이상 5시간 가량 1시간 이하 스토리엔딩까지는 마음 맞는 팀원만 있으면 수십시간안에 볼수 있으나, 고 악명레벨등 고인물 컨텐츠나 데센난이도를 위해서는 수백시간의 플레이 타임이 필요함. 버그 전혀 없음 1 2개 있음 자주 보임 꽤 많음 플레이 불가 수준 게임 자체가 버그 덩어리 몰입도 정신을 차리고 보니 다음날 시간이 너무 잘 감 빠져듬 적당함 집중이 안 됨 합법 고문 중독성 일상생활이 안 됨 다른 일을 하다가도 생각이 남 가끔씩 하고 싶음 엔딩 본 이후로 안하게 됨 이런 게임이 있었나..? 노가다 필요 없음 필수는 아니지만 노가다를 하면 게임이 편해짐 노가다를 해야 해금되는 요소가 있음 악명 게임 내의 불편한 점을 해소하려면 노가다를 해야함 노가다를 여러가지 해야 됨 노가다를 하지 않으면 아예 진행이 안 됨 게임성 완벽에 가까움 정교함 쫄깃함 적절함 부족함 지루함 게임이 아님 AVGN",52,453,True,Recommended,15792,1656169913
엘든 링,아직은 잘모르겠어요....초보라,51,60,True,Recommended,158957,1693401185
엘든 링,알겠는가? 미켈라의 칼날 말레니아를 알겠는가? 미켈라의 칼날 말레니아를 알겠는가? 미켈라의 칼날 말레니아를 알겠는가? 미켈라의 칼날 말레니아를 알겠는가? 미켈라의 칼날 말레니아를 알겠는가? 미켈라의 칼날 말레니아를 알겠는가? 미켈라의 칼날 말레니아를 알겠는가? 미켈라의 칼날 말레니아를 알겠는가? 미켈라의 칼날 말레니아를 알겠는가? 미켈라의 칼날 말레니아를 알겠는가? 미켈라의 칼날 말레니아를 알겠는가? 미켈라의 칼날 말레니아를 알겠는가? 미켈라의 칼날 말레니아를 알겠는가? 미켈라의 칼날 말레니아를 알겠는가? 미켈라의 칼날 말레니아를 알겠는가? 미켈라의 칼날 말레니아를 알겠는가? 미켈라의 칼날 말레니아를 알겠는가? 미켈라의 칼날 말레니아를 알겠는가? 미켈라의 칼날 말레니아를 알겠는가? 미켈라의 칼날 말레니아를 알겠는가? 미켈라의 칼날 말레니아를 알겠는가? 미켈라의 칼날 말레니아를 알겠는가? 미켈라의 칼날 말레니아를 알겠는가? 미켈라의 칼날 말레니아를 알겠는가? 미켈라의 칼날 말레니아를 알겠는가? 미켈라의 칼날 말레니아를 알겠는가? 미켈라의 칼날 말레니아를 알겠는가? 미켈라의 칼날 말레니아를 알겠는가? 미켈라의 칼날 말레니아를 알겠는가? 미켈라의 칼날 말레니아를 알겠는가? 미켈라의 칼날 말레니아를 알겠는가? 미켈라의 칼날 말레니아를 알겠는가? 미켈라의 칼날 말레니아를 알겠는가? 미켈라의 칼날 말레니아를 알겠는가? 미켈라의 칼날 말레니아를 알겠는가? 미켈라의 칼날 말레니아를 알겠는가? 미켈라의 칼날 말레니아를 알겠는가? 미켈라의 칼날 말레니아를 알겠는가? 미켈라의 칼날 말레니아를 알겠는가? 미켈라의 칼날 말레니아를 알겠는가? 미켈라의 칼날 말레니아를 알겠는가? 미켈라의 칼날 말레니아를 알겠는가? 미켈라의 칼날 말레니아를 알겠는가? 미켈라의 칼날 말레니아를 알겠는가? 미켈라의 칼날 말레니아를 알겠는가? 미켈라의 칼날 말레니아를 알겠는가? 미켈라의 칼날 말레니아를 알겠는가? 미켈라의 칼날 말레니아를 알겠는가? 미켈라의 칼날 말레니아를 알겠는가? 미켈라의 칼날 말레니아를 알겠는가? 미켈라의 칼날 말레니아를 알겠는가? 미켈라의 칼날 말레니아를 알겠는가? 미켈라의 칼날 말레니아를 알겠는가? 미켈라의 칼날 말레니아를 알겠는가? 미켈라의 칼날 말레니아를 알겠는가? 미켈라의 칼날 말레니아를 알겠는가? 미켈라의 칼날 말레니아를 알겠는가? 미켈라의 칼날 말레니아를 알겠는가? 미켈라의 칼날 말레니아를 알겠는가? 미켈라의 칼날 말레니아를 알겠는가? 미켈라의 칼날 말레니아를,50,95,True,Recommended,8249,1668588688
엘든 링,원준아 씨발 별을 먹는자까지 같이 잡았잖아 나 그다음 내용 궁금한데 왜 니 혼자 엔딩보고 DLC 사고 지랄 염병을 해 이럴거면 안샀지,48,34,True,Recommended,1912,1758540241
엘든 링,알겠는가?알겠는가?알겠는가?알겠는가?알겠는가?알겠는가?알겠는가?알겠는가?알겠는가?알겠는가?알겠는가?알겠는가?알겠는가?알겠는가?알겠는가?알겠는가?알겠는가?알겠는가?알겠는가?알겠는가?알겠는가?알겠는가?알겠는가?알겠는가?알겠는가?알겠는가?알겠는가?알겠는가?알겠는가?알겠는가?알겠는가?알겠는가?알겠는가?알겠는가?알겠는가?알겠는가?알겠는가?알겠는가?알겠는가?알겠는가?알겠는가?알겠는가?알겠는가?알겠는가?알겠는가?알겠는가?알겠는가?알겠는가?알겠는가?알겠는가?알겠는가?알겠는가?알겠는가?알겠는가?알겠는가?알겠는가?알겠는가?알겠는가?알겠는가?알겠는가?알겠는가?알겠는가?알겠는가?알겠는가?알겠는가?알겠는가?알겠는가?알겠는가?알겠는가?알겠는가?알겠는가?알겠는가?알겠는가?알겠는가?알겠는가?알겠는가?알겠는가?알겠는가?알겠는가?알겠는가?알겠는가?알겠는가?알겠는가?알겠는가?알겠는가?알겠는가?알겠는가?알겠는가?알겠는가?알겠는가?알겠는가?알겠는가?알겠는가?알겠는가?알겠는가?알겠는가?알겠는가?알겠는가?알겠는가?알겠는가?알겠는가?알겠는가?알겠는가?알겠는가?알겠는가?알겠는가?알겠는가?알겠는가?알겠는가?알겠는가?알겠는가?알겠는가?알겠는가?알겠는가?알겠는가?알겠는가?알겠는가?알겠는가?알겠는가?알겠는가?알겠는가?알겠는가?알겠는가?알겠는가?알겠는가?알겠는가?알겠는가?알겠는가?알겠는가?알겠는가?알겠는가?알겠는가?알겠는가?알겠는가?알겠는가?알겠는가?알겠는가?알겠는가?알겠는가?알겠는가?알겠는가?알겠는가?알겠는가?알겠는가?알겠는가?알겠는가?알겠는가?알겠는가?알겠는가?알겠는가?알겠는가?알겠는가?알겠는가?알겠는가?알겠는가?알겠는가?알겠는가?알겠는가?알겠는가?알겠는가?알겠는가?알겠는가?알겠는가?알겠는가?알겠는가?알겠는가?알겠는가?알겠는가?알겠는가?알겠는가?알겠는가?알겠는가?알겠는가?알겠는가?알겠는가?알겠는가?알겠는가?알겠는가?알겠는가?알겠는가?알겠는가?알겠는가?알겠는가?알겠는가?알겠는가?알겠는가?알겠는가?알겠는가?알겠는가?알겠는가?알겠는가?알겠는가?알겠는가?알겠는가?알겠는가?알겠는가?알겠는가?알겠는가?알겠는가?알겠는가?알겠는가?알겠는가?알겠는가?알겠는가?알겠는가?알겠는가?알겠는가?알겠는가?알겠는가?알겠는가?알겠는가?알겠는가?알겠는가?알겠는가?알겠는가?알겠는가?알겠는가?알겠는가?알겠는가?알겠는가?알겠는가?알겠는가?알겠는가?알겠는가?알겠는가?,44,52,True,Recommended,22674,1649861392
엘든 링,사다리앞에 교묘하게 메세지깔아놔서 못타게한 놈들 세로쉬처럼 찢어버리고싶다,44,64,True,Recommended,30571,1648975052
엘든 링,한대만,42,126,True,Recommended,761,1647507447
엘든 링,아 굴렀다고!!!!!!!!,41,60,True,Recommended,9707,1671731399
엘든 링,장미꽃 니가 먼저 재수없게 굴었잖아 Tlqkf아,38,63,True,Recommended,24294,1652488056
엘든 링,"...오오, 당신은... 빛바랜 자군요 그리고 엘든 링을 찾아 수복하거나 새 시대를 열었다. 알고 있습니다, 알고말고요. 하지만 참 슬프지요, 당신은 DLC 없는 자 입니다. 아, 나의 당신, 잘 왔습니다 선물은 마음에 드신 모양이군요 아아, 내 생각대로입니다 당신은 정말 DLC가 잘 어울립니다 정식으로 당신을, 우리의 일원으로 맞이하고 싶습니다 또다른 DLC 있는자 들과 같이 새 컨탠츠들을 쌓아 올릴 사람으로 DLC 있는자 는 힘과 의지와 사랑이 있습니다 답은 정해져 있겠죠, 나의 당신?",37,50,True,Recommended,15146,1704832555
엘든 링,눌렀다고!! 눌렀다고!! 눌렀다고!! 눌렀다고!! 눌렀다고!! 눌렀다고!! 눌렀다고!! 눌렀다고!! 눌렀다고!! 눌렀다고!! 눌렀다고!! 눌렀다고!! 눌렀다고!! 눌렀다고!! 눌렀다고!! 눌렀다고!! 눌렀다고!! 눌렀다고!! 눌렀다고!! 눌렀다고!! 눌렀다고!! 눌렀다고!! 눌렀다고!! 눌렀다고!! 눌렀다고!! 눌렀다고!! 눌렀다고!! 눌렀다고!! 눌렀다고!! 눌렀다고!! 눌렀다고!! 눌렀다고!! 눌렀다고!! 눌렀다고!! 눌렀다고!! 눌렀다고!!,36,31,True,Recommended,5328,1649685172
엘든 링,"나이를 먹어서 그런가. 다크소울3는 어떻게든 깻는데 지금은 실력으로 깰 수가 없다. 말레니아 고회자 1 1 상황 베이고, 차이고, 찔리고, 갈리고, 잡히고. 얼마나 죽었던가. 500번? 600번 어느세 숫자를 헤아릴 수 없다. 아득해지는 모니터와 꺽여가는 마음. 스물 스물 올라오는 절망은 포기를 제촉하였다. 왜 스트레스를 받아? 그냥 사기 무기 써! 그냥 영체 소환해, 포기하면 편해! 한편으로는 포기하고 싶었다. 그런데도 포기 하지 않는 것은 자존심 때문. 이것은 도전이고, 내기이며, 나 자신과 싸움이다. 이 게임에 절대 못 잡는 보스따위 존재하지 않는다. 1회차 말레니아를 250번만에 잡았으니 분명 잡을 수 있다. 아직 성공하지 못 했을 뿐, 포기 하지 않으면 이길 수 있다. 이 게임에는 그런 낭만이 있다. 그렇게 나는 다시 패드를 잡는다.",35,138,True,Recommended,23516,1688380460
엘든 링,시발 시발 개시발 거리면서도 하게되는 내 모습을 보니 빛바랜 자 최적화 지능인듯,34,139,True,Recommended,23599,1646011893
엘든 링,내가 못피하는게 아니라 렉걸려서 안피해지는거였네 트리가드새끼 최적화패치되면 뒤졌다 사실 트리가드 씹새끼때문에 환불시간 놓쳤어요 제발 용서해주세요 한시간만 돌려주세요 제발 용서해주세요 한시간만 돌려주세요 제발 용서해주세요 한시간만 돌려주세요 제발 용서해주세요 한시간만 돌려주세요 제발 용서해주세요 한시간만 돌려주세요 제발 용서해주세요 한시간만 돌려주세요 제발 용서해주세요 한시간만 돌려주세요 제발 용서해주세요 한시간만 돌려주세요 제발 용서해주세요 한시간만 돌려주세요 제발 용서해주세요 한시간만 돌려주세요,34,23,True,Recommended,12090,1645775897
엘든 링,이 앞 점프 있다. 오오 시벌련아,32,48,True,Recommended,20044,1714156982
엘든 링,피했다고 시발련아,32,38,True,Recommended,3595,1704147873
엘든 링,당신은 새로운 이세계에 왔습니다 이제 이쁜 npc들이 당신주위를 둘러싸 용사님 세계를 지켜주세요라고 말할겁니다 자! 이제 당신은 세계를 구하기위해 수많은 악당들과 싸울 것입니다 그리고 당신에게 주어진 무기도 있을겁니다! 하지만 이런...당신에게 없는것이 있군요? 당신은 당신의 손을 쳐다봅니다 이런? 당신 손은 있지만 손가락이 없군요... 괞찬습니다! 그런 당신을 위해 에든링은 손가락을 제공할겁니다! 물론 그손가락을 원하는 이들도 있을겁니다! 그러니 이제 그 손가락을 원하는 보라색 에 전라 상태의 소환된 적과 맞설준비를 하시면 됩니다 물론 그들은 방어구도 무기도 없지만 당신을 조지기 충분한 손가락이 준비되어 있습니다 그럼 즐거운 이세카이 생활을 경험하시기 바랍니다,31,34,True,Recommended,4888,1656766862
엘든 링,"엘든 링이라는 게임 말이죠. 제가 이 게임을 하면서 느낀 건, 이건 그냥 게임이 아니라 제 삶 그 자체라는 겁니다. 야구하면서 힘들었던 시절이 떠오르더라고요. 트리가드라는 첫 보스를 보자마자, 이거야말로 저를 시험하는 신의 장난 같았어요. 처음에는 딱 보자마자 아, 이 정도는 껌이지 라고 생각했죠. 그런데 아니더라고요. 던지자마자 맞고, 굴렀는데도 맞고, 그러다 결국 다섯 시간을 죽도록 싸우고 나서야 겨우 이겼습니다. 그때 느낀 감정이 뭐였냐면요. 아, 이건 그냥 내 영혼이 싸운 거다. 야구로 따지면 2회에 갑작스럽게 마운드에 올라가서 볼넷 던지고 나서, 코치님이 올라와서 긴장하지 마라, 편하게 던져라 라고 했던 순간이 떠올랐어요. 그때처럼, 이 게임도 포기하지 않고 계속 던지다 보니 공이 포수 글러브에 쏙쏙 들어가듯, 보스의 패턴이 보이기 시작하더라고요. 결국 직구처럼 강하게 한 방 날리고, 트리가드를 쓰러뜨렸습니다. 이게 뭐랄까요, 그 짜릿함은 그냥 표현할 방법이 없습니다. 그리고 이 게임의 오픈월드는 말이죠, 제가 처음 미국으로 가서 야구장에서 길을 잃었던 그때를 떠올리게 했습니다. 길을 걷다 보면 갑자기 동굴이 나타나고, 그 안에는 무시무시한 보스가 기다리고 있어요. 그런데 그걸 깨고 나면 이상한 아이템이 나오고, 그게 또 나중에 엄청난 역할을 하더라고요. 야구로 따지면, 마이너리그에서 그 힘들었던 날들이 나중에 메이저리그에서 자신감을 주는 것과 같았어요. 그 과정 하나하나가 소중한 추억이 되고, 나를 단단하게 만들어주는 거죠. 스토리도 참 난해하더라고요. NPC들이 무슨 말을 하는데, 딱 제 영어 초창기 시절 생각났어요. 감독님한테 Hey, how are you? 한 마디 하려고도 얼마나 연습했는지 몰라요. 근데 그 어색한 대화 속에서, 오히려 진짜 나를 찾게 되는 느낌이 있었습니다. 이 게임도 마찬가지예요. 이 세상이 왜 이렇게 망가졌는지, 내가 왜 싸워야 하는지 고민하다 보면, 아, 이건 그냥 내 이야기구나 싶더라고요. 결론적으로 엘든 링은 그냥 게임이 아닙니다. 이건 우리 삶 그 자체입니다. 어려운 상황에서 넘어지고 다시 일어서고, 그러면서 성장하는 그 과정이야말로 우리가 왜 도전하고, 왜 살아가는지를 보여주는 것 같아요. 제가 은퇴 후에도 팬들 덕분에 새로운 길을 걸을 수 있었던 것처럼, 이 게임도 플레이어에게 새로운 길을 열어주는 힘을 가진 것 같아요.",29,53,True,Recommended,17511,1736990597
엘든 링,여러 히로인이 있으며 선택지에 따라 스토리의 내용이 변화하는가? O 히로인과 맺어지는 루트가 존재하는가? O 해변가에서 축제를 벌이는 이벤트가 있는가? O 주인공에게 안기고 싶어하는 내용이 있는가? O 학교에 가는 길에 달려오는 상대와 부딪히는 이벤트가 있는가? O 이건 미연시가 맞네요.,29,14,True,Recommended,5066,1736764320
엘든 링,알겠는가? 미켈라의 칼날 말레니아를 알겠는가? 미켈라의 칼날 말레니아를 알겠는가? 미켈라의 칼날 말레니아를알겠는가? 미켈라의 칼날 말레니아를알겠는가? 미켈라의 칼날 말레니아를알겠는가? 미켈라의 칼날 말레니아를알겠는가? 미켈라의 칼날 말레니아를알겠는가? 미켈라의 칼날 말레니아를알겠는가? 미켈라의 칼날 말레니아를알겠는가? 미켈라의 칼날 말레니아를알겠는가? 미켈라의 칼날 말레니아를알겠는가? 미켈라의 칼날 말레니아를알겠는가? 미켈라의 칼날 말레니아를알겠는가? 미켈라의 칼날 말레니아를알겠는가? 미켈라의 칼날 말레니아를알겠는가? 미켈라의 칼날 말레니아를알겠는가? 미켈라의 칼날 말레니아를알겠는가? 미켈라의 칼날 말레니아를,29,38,True,Recommended,15527,1661274249
엘든 링,"오늘도 나는 그들에게 메세지를 남긴다 이 너머, 숨겨진 길 있다",28,61,True,Recommended,28264,1645745705
엘든 링,사양 충분히 맞췄는데 프레임 20 시발년들아,27,72,False,Not Recommended,30214,1645843887
엘든 링,잘만든 스꼴라2,26,169,False,Not Recommended,5552,1645934350
엘든 링,불의 거인 애 미뒤진새끼,25,54,True,Recommended,16836,1700740296
엘든 링,알겠는가? 미켈라의 칼날 말레니아를 알겠는가? 미켈라의 칼날 말레니아를 알겠는가? 미켈라의 칼날 말레니아를 알겠는가? 미켈라의 칼날 말레니아를 알겠는가? 미켈라의 칼날 말레니아를 알겠는가? 미켈라의 칼날 말레니아를 알겠는가? 미켈라의 칼날 말레니아를 알겠는가? 미켈라의 칼날 말레니아를 알겠는가? 미켈라의 칼날 말레니아를,25,35,True,Recommended,14455,1698506905
엘든 링,멀기트 씨발련아,25,21,False,Not Recommended,5673,1688971605
엘든 링,"h1 지1도 보여줌 탈1것 보여줌. 골수 프롬팬에겐 아쉬운 점도 있지만 대중성에선 BEST, 추천 게임. h1 첫 백1면바레까지 소요시간 튜토리얼 할 시 6분 안팎 프롬을 스콜라로 입문해서 블본, 다크소울3, 리마스터를 거치며 거의 1000시간 가량 한 상태에서 접한 게임입니다. 사실 아트워크가 워낙 독특해서 기대를 안하고 있다가 커뮤니티와 인방을 중심으로 화제가 되며 얼떨결에 달아올라 구매하게 됐습니다. 그리고 1년도 안돼 1000시간을 더 찍었고 가히 성공적이었다고 할 수 있습니다. 중간에 변화구로 껴있는 세키로를 제외하면 프롬소프트의 게임이 점점 액션이 강화되고 캐쥬얼해져왔다고 생각하는데 엘든링 역시 그 기조를 그대로 이어받았습니다. 기본적인 풍미는 우리가 프롬 하면 떠올리는 그 안정적인 맛입니다만 오픈월드 장르가 되면서 지1도, 탈1것, 제1작 같은 요소들이 추가되며 모험의 재미가 강화되었습니다. 이 게임에서 가장 높게 사는 건 전회 시스템인데 다크 소울, 블본, 세키로에 있었던 무기, 모션과 이펙트, 점프 등의 요소를 총망라하여 빌드수립이나 전투 등 무기를 통한 쾌감이 상당히 높게 구현돼있습니다. 프롬답게 특정 몹에게 특정 기술을 쓰면 특수한 반응이 나오거나 동물 고기 같은 잡템에도 세계관이 반영돼있는 등 변태같은 디테일도 살아있고 상시 소환 가능한 영체라는 것도 추가돼서 수집하는 맛이 상당합니다. 게다가 메시지랑 혈흔 보겠다고 온라인으로 해도 코옵만 안 부르면 암1령이 들어올 수 없습니다. 오오 그럴 자격 없다. strike 그런데 이 부분은 침입 매니아들이 매칭 창내서 안좋아함 strike 그러나 회사 전통의 병신같은 설원맵, 회차를 거듭할수록 너무 지나치게 어려워지는 보스들 ex 에브레펠 알몸녀 , 복붙보스 등 밸런스 면에선 훌륭하다고 볼 수 없습니다. 아인여왕만 다섯 마리에 3 파수견, 3 결정인 같은 보스들을 보면 성의가 의심될 정돕니다. 이런 막장 보스들을 잡기 위해 특정 사기 빌드가 강요된다는 점은 골수 프롬팬들이 가장 치를 떠는 단점입니다. 사실 피빕 플랫폼까지 만들어놓곤 감자서버와 망측한 매칭시스템으로 고통받게 하는 걸 보면 얘네가 대중성을 노린 건 맞나? 싶습니다. 그 외에 유명 작가 불러다가 세계관 짜놓곤 미완성 컨텐츠가 수두룩이라 원래는 데미갓들 다 서약이랑 엔딩 있을 예정이었는데 같은 불만도 있습니다만 저 같은 개씹덕들 아니면 공감 안될 테니 일일히 언급 안하겠습니다. 갠적으로 안타까운 건 세키로에서 도입됐던 좋은 요소들 닼소로 치면 에스트파편이 2회차부터 여신의 축복으로 바뀌는 점, 보스러시 모드, 대화 통스킵 커맨드 등 이 제작기간이 겹치기라도 했는지 죄다 유기됐다는 것입니다. 얘네가 사실 회사 규모는 중소인데 동시개발이랑 크런치로 적당한 출시간격을 유지하는 거라 깊게 생각할 틈이 없었던 것 같습니다. 업적은 그 쥿같은 서약작이 없어져서 컴플릿하기 상당히 쉽고 앞서 말했듯 무기를 모으고 써보는 재미가 역대급이라 프롬 특유의 파고들기를 눈여겨보신다면 시간순삭이 가능합니다. 트위치에서도 꾸준히 플레이되고 있고 DLC 역시 출시 예정이니 1년 반 된 게임이지만 아직 입덕하실만하다고 봅니다. 사기템 목록 화신의 물방울, 사자베기, 거인 사냥, 얼음창, 황금패리, 그레이트 소드, 명도 월은, 시산혈하, 모독의 성검, 그랑삭스의 벼락 p.s. 라단 장군님 말고 알몸녀 좀 너프해라 아니면 납득되게 스토리라도 보강하든지...",23,26,True,Recommended,120900,1690589550
엘든 링,발적화 좆병1신겜. 어째서 발적화인지는 겜 시작하자마자 만나는 기마병 새1끼한테 한대 줘터져보면 알수있다. 씨1발련이 중갑무장 중세기사 코스프레하고 컴퓨터에 EMP를 쳐갈긴다,23,48,False,Not Recommended,72,1645752771
엘든 링,"모두가 미야자키의 어린 시절을 알고 있다. 미야자키의 아버지는 어린 미야자키를 가죽 벨트로 학대할 때, 미야자키가 피할 수 없도록 엇박으로 허리띠를 휘둘렀다는 것이다.",20,41,True,Recommended,18463,1764502861
엘든 링,엘든링을 좋아하는 사람 중에 나쁜 사람은 없어,20,128,True,Recommended,74528,1718301916
엘든 링,이 앞 점프 있다 이 앞 거짓말쟁이 있다 이 앞 거짓말쟁이 있다 이 앞 거짓말쟁이 있다 이 앞 거짓말쟁이 있다 이 앞 거짓말쟁이 있다 이 앞 거짓말쟁이 있다 이 앞 거짓말쟁이 있다 이 앞 거짓말쟁이 있다 이 앞 거짓말쟁이 있다 이 앞 거짓말쟁이 있다 이 앞 거짓말쟁이 있다 이 앞 거짓말쟁이 있다 이 앞 거짓말쟁이 있다 이 앞 거짓말쟁이 있다 이 앞 거짓말쟁이 있다 이 앞 거짓말쟁이 있다 이 앞 거짓말쟁이 있다 이 앞 거짓말쟁이 있다 이 앞 거짓말쟁이 있다 이 앞 거짓말쟁이 있다 이 앞 거짓말쟁이 있다 이 앞 거짓말쟁이 있다 이 앞 거짓말쟁이 있다 이 앞 거짓말쟁이 있다 이 앞 거짓말쟁이 있다 이 앞 거짓말쟁이 있다 이 앞 거짓말쟁이 있다 이 앞 거짓말쟁이 있다 이 앞 거짓말쟁이 있다 이 앞 거짓말쟁이 있다 이 앞 거짓말쟁이 있다 이 앞 거짓말쟁이 있다 이 앞 거짓말쟁이 있다 이 앞 거짓말쟁이 있다 이 앞 거짓말쟁이 있다 이 앞 거짓말쟁이 있다 이 앞 거짓말쟁이 있다 이 앞 거짓말쟁이 있다 이 앞 거짓말쟁이 있다 이 앞 거짓말쟁이 있다 이 앞 거짓말쟁이 있다 이 앞 거짓말쟁이 있다 이 앞 거짓말쟁이 있다 이 앞 거짓말쟁이 있다 이 앞 거짓말쟁이 있다 이 앞 거짓말쟁이 있다 이 앞 거짓말쟁이 있다 이 앞 거짓말쟁이 있다 이 앞 거짓말쟁이 있다 이 앞 거짓말쟁이 있다 이 앞 거짓말쟁이 있다 이 앞 거짓말쟁이 있다 이 앞 거짓말쟁이 있다,20,35,True,Recommended,13087,1688726257
엘든 링,말레니아 씨발년아,20,47,True,Recommended,9551,1646744075
엘든 링,엘든링 공략법 1. 게임 삭제 2. 엔딩 영상 시청,19,42,True,Recommended,13975,1675745234
엘든 링,발 피했잖아,19,28,True,Recommended,6015,1672339360
엘든 링,인간 굴렁쇠가 되어보세요 시발,19,32,True,Recommended,4361,1672316001
엘든 링,h1 날파리 어떤 새끼가 만들었냐 h1,19,33,True,Recommended,12502,1666535815
엘든 링,개같이 멸망,19,146,False,Not Recommended,8718,1645750905
엘든 링,"h1 엘든 링 30시간을 하고 느낀 소감입니다. h1 최적화에 대한 말들이 엄청나게 심한데, 이것은 확실한 프롬 소프트웨어의 잘못입니다. 최소사양이 1060 3GB에 권장사양이 1070인 탓에 여러 유저들의 사이에서도 최적화가 이상한 것 아니냐, 아니면 그래픽이 황홀해서 그런 것이냐 이런 말들이 나왔었는데.. 막상 나온 후 뚜껑을 열어보니 세키로와 다크소울3에서 보여준 퍼포먼스에서 약간 상향된 그래픽 수준에 개떡같은 최적화인 것을 알 수 있었습니다. 심지어 보스를 잡을 때도 프레임드랍과 스타터링이 생기는 바람에 여러 보스들을 격파하는데에 생각지도 못한 프레임 드랍이 발목을 잡을 정도였습니다. 이런 AAA급 게임에서 최적화가 개떡같이 되어 있다는 것이 너무나도 아쉽습니다. 프롬 소프트웨어에서도 최적화 패치를 빨리나마 해주었으면 하는 바람입니다. 그래도 출시 첫날의 최적화와 지금의 최적화를 비교해보면 조금은 나아졌다고 할 수 있습니다. 하지만 단언컨데 b 이 최적화는 메타크리틱 97점짜리 게임, 혹은 일반 게임들에서 볼 수 있는 최적화가 절대 아닙니다. b 하지만 다크소울이나 블러드본, 세키로에서 보여주었던 어두침침하지만 세밀한 배경을 엘든 링에서도 화려하게 보여주었습니다. 황금 나무가 뿜어내는 빛, 해가 밝아와서 또 다시 희망을 불어넣어 주는 것만 같은 아침과 낮, 비바람이 불어서 어두컴컴해져 무슨 일이 일어날지 두려워지는 밤과 폭우, 그리고 전전작의 로스릭 성과 전전전작의 야남에서 보여준 치밀한 맵 디자인까지, 우리가 흔히 알고 있는 프롬 소프트웨어의 소울라이크 게임입니다. 하지만 이 치밀한 맵 디자인에도 어느 정도의 하자가 있었습니다. 바로 다크 소울2에서 자주 보였던 b 몬스터 레벨 디자인 b 입니다. 필드 몬스터가 더럽게 어려운데 보스가 쉬운 그런 것 말입니다. 이런 것들은 이미 프롬 소프트웨어의 소울라이크 게임을 자주 접한 분들이라면 하나의 전통으로 볼 수 있을 겁니다. 일명 쉬어가는 보스 죠. 다크 소울2 처럼 모든 보스가 다 쉽고, 모든 몬스터들이 물량이나 깡스탯을 믿고 우르르 몰려들진 않으니 걱정하지 마세요. 30시간을 하면서 b 에이 씨123발 이런 구간도 있었구나 b 라고 한 적도 별로 없습니다. 아니 그럼 보스들과 몬스터들은 도대체 어떤 맛이냐, 지옥불맛이냐, 아니면 풋고추맛이냐, 라고 하실 분들을 위해 간단히 말하자면, 10마리 중에 3 4마리 정도를 제외하고 다 지옥불맛입니다. 제외된 3 4마리들은 풋고추맛이라고 볼 수 있겠죠. 그러면 마지막으로 물어보자, 게임의 난이도는 니 체감상 어느 정도냐? 라고 물어보신다면, 이건 하나 확실히 말씀드릴 수 있을 것 같습니다. b 다크 소울3 보다 어렵습니다. b 아무래도 오픈 월드라는 것을 채택한 게임인 만큼 보스룸도 넓어진 곳이 많고, 또 그 보스룸을 이리저리 돌아다니는 빛바랜 자를 개패기 위해서 범위가 넓고 묵직한 공격을 하는 보스들이 많습니다. 그렇게 어려운 난이도 때문에 보스랑 전투를 하는 게 짜증나지 않냐? 라고 하시는 분들께 말씀드리는 겁니다. b 소울라이크 게임들의 보스는 짜증보다는 재밌어야 합니다. b 보스들이 투박한 패턴과 깡공격력으로 빛바랜 자를 개패면 그런 불합리한 전투로 인해 이미 엘든 링의 평가는 끝났어야 했어요. 즉, 엘든 링에 등장하는 보스들과의 전투는 재밌습니다. 저는 엘든 링을 하며, 그리고 엘든 링에 등장하는 보스들을 상대하면서 죽을 때까지 전투를 하는 게 재밌다고 느꼈습니다. strike 트리 가드 개새끼 strike 몬스터들은 어떻냐고 물어보신다면, 당연히 오픈월드를 돌아다니는 빛바랜 자를 추노하기 위해 이속증가한 몬스터들과 함정들이 여럿 있어요. 그렇지만 말 탄 빛바랜 자가 더 빠른 상황이 많으니 걱정하지 마세요. 다크 소울3 를 생각하며 플레이를 하셔도 좋지만, 다크 소울3의 플레이만을 고집하는 것이 아닌 다크 소울 1,2 그리고 세키로의 플레이 방식도 살짝씩 생각하며 플레이를 하시면 더 원활하게 플레이를 하실 수 있을 것 같습니다. 오픈월드는 어떻냐고 물어보신다면.. 글쎄요. 여러 평론가들은 젤다 야생의 숨결을 운운하며 이 게임을 평가하였지만 야생의 숨결만큼의 오픈월드를 보여준다고 하기엔 너무나도 제 양심에 찔리기도 하고, 무엇보다 오픈월드가 야생의 숨결에 비해 비어있는 느낌을 받을 수 있습니다. 야생의 숨결은 엄청난 양의 오브젝트와 상호작용이 존재하는 한 편, 엘든 링의 오픈월드는 야생의 숨결의 오픈월드를 살짝 b 첨가 b 한 정도 밖에 안 되는 것 같습니다. 더군다나 넓은 대지를 돌아다니며 발견한 오브젝트들은 프롬 소프트웨어의 소울라이크식 퍼즐로 해결해야 합니다. 이런저런 말이 많은 오픈월드이지만 제게는 이만한 오픈월드 게임은 가뭄의 단비같은 게임인 것 같습니다. 저는 엘든 링의 오픈월드를 이렇게 말하고 싶습니다. b 속 빈 강정인데, 강정에 발린 소스들이 존123나 맛있다. b 엘든 링에 대한 여러가지를 느끼고, 생각한 상태로 평가를 한 번 해봤습니다. 지금 당장은 최적화 이슈가 상당한 문제거리로 자리를 잡은 탓에 구매를 하실 분들에게는 한 번 더 생각을 해보라고 말씀을 드리고 싶습니다. 허나, 최적화 이슈도 고쳐진 후 프롬 소프트웨어가 자기들의 명성을 회복할 만큼 열심히 업데이트를 해서 떨어진 평가를 회복한 날이 온다면 엘든 링 꼭 사서 해봐라, 라고 권유를 해보고 싶습니다. 정말로 기대를 한 게임이기도 하고, 더 이상은 정말 기대한 게임이 나락으로 떨어진 게 사이버펑크와 라오어2만으로 족한다는 마음으로 엘든 링 많이 해보고 느껴보겠습니다. 03.01 수정 제 컴퓨터가 무리를 한 탓에 생긴 버그인지는 모르겠지만 지금 불의 거인을 트라이 하는 도중에 보스 3 페이즈로 넘어가는 컷씬을 스킵을 하거나, 혹은 컷씬을 다 본 후 3 페이즈로 들어갔을 때 게임이 튕기는 버그가 발견되었습니다. 불의 거인 트라이 하실 분들은 3 페이즈로 넘어가는 컷씬을 넘기지 말고 다 보신 후 플레이를 하시길 권장드립니다. 만약 컷씬을 다 본 후에도 튕기는 경우가 있었다면 프롬이 제발 빨리 좀 픽스해달라고 기도를 올릴 수 밖에 없습니다... 해결 방법을 찾았습니다. 3 페이즈로 넘어가는 컷씬을 보기 전, 반드시 b 말에서 내린 후 b 진행하시길 바랍니다. 03.04 수정 불의 거인 버그가 고쳐졌고, 최적화 이슈도 어느 정도 나아진 것 같습니다. 최적화가 완전히 좋아진 건 아니지만 출시 첫날과 출시 이틀째에 보여주었던 최적화는 이제 더 이상 없습니다. 이제 비교적 쾌활한 플레이를 하실 수 있을 것 같습니다.",18,325,True,Recommended,9421,1645961074
엘든 링,제발 pvp에서는 중국서버 잠구는게 좋다 생각합니다. 핵쓰고 선빵치고 아래 가르키며 약올리고 지 질거 같으니까 귀환하고 별의별 추한짓 하는 꼴통은 싹다 중국인이었습니다. 제발 중국인들 서버는 잠궈주세요.,17,534,False,Not Recommended,33901,1651892377
엘든 링,젤다병에 걸린 나는 이 맵에 있는 모든걸 완벽히 샅샅히 다 뒤지고 나서 다음지역으로 이동하는 병이 있다. 난 아직 림그레이브다.,16,40,True,Recommended,2085,1753880019
엘든 링,게임이 으이익 이익 으으윽 하는 느낌인데 으이익해서 깨면 이익함,16,47,True,Recommended,8737,1715332678
엘든 링,"...떨어진 등급들이 말한다 아슬아슬한 예비 번호는 떨어졌다 서울 저편, 지잡의 고향인 강원의 땅에서 영원한 미성년 나의 학창생활은 끝났고 대학수학능력시험의 음모가 있던 밤, 고교생활이 처음으로 죽었다 나의 벗들인 MZ들은 대학의 선택을 얻어 그 힘에 일그러지고 미쳐 술자판을 일으켜... 여학우들 없는 음주 끝에 현자의 시간에 취해버렸다 오오, 그렇기에 재수 하는 자여 미처 대학에 입학하지 못 한 이들이여 머나먼 과거에 낭비했던 시간이 우리를 부른다 ...그리고 잃어버린 학업은 다시 주어진다 아직 계획도 없는 재수 하는 자 에게 대치동 너머로 가 재종반의 층에 도달하여 선생들을 뵈어라 그리고, 재수의 왕이 되어라",16,12,True,Recommended,12923,1676035824
엘든 링,"미리암, 이 씨발 좆게이 새끼",16,20,True,Recommended,33468,1672121172
엘든 링,"뉴비 절단기 밀키트, 식목일 환경운동가 나무 지킴이, 접목 광신도 고드릭, 대학원생 부려먹는 꼬깔콘 마법사를 모두 제치고, 드디어 황금나무 궁전에 당도하였도다. 왕좌를 향해, 성의 중심부로 이동하던 그때, 우물에서 이상한 소리가 들리는것 아니겠는가? 니힐의 냄새가 나 들어간 그곳엔, 웬 작은 파리들이 여럿 있었다. 그 파리들은 이 세계의 생물이 아니였다. 머리는 파리와 같으면서, 4개의 다리가 달렸고, 꼬리가 있는, 마치 지옥에서 온 듯한 생명체였다. 그곳은 좁디좁은 원통형 길목이였는데, 보잘것없는 파리들이 빛이 바래져버린 귀인을 감싸는게 아니겠는가? 곧이어 다리가 달린 그 파리들은 검은 연기를 내뿜더니, 어느새 주변은 칠흑같이 어두워졌다. 귀인은 흑의 장막 속에서 검을 휘둘렀지만, 얼마 뒤, 그 검은 귀인의 손에서 떨어지고야 말았다. 무엇이 기사의 생명과도 같은 검을 놓게 만들었는가? 귀인은 느꼈다. 뾰족한 가시 여럿이 자신의 몸을 뚫는 느낌을. 황금나무에 당도하기 위해 젖먹던 힘까지 사용해 버텨오고 이겨내온 빛바랜자는 마지막 남은 한줄기의 희망마저 잃어버리고 말았다. 용감하고, 용맹한 기사나, 지적이고 지혜로운 마법사, 황금나무의 은총을 받고 충성을 다하는 병사들에 의한 것이 아니였다. 그저 몇마리의 파리들에 의해 그가 쌓아온 탑들이 무너져 버린 것이다. 다른이들이 보기에 이 참혹한 광경은 마치 그가 황금나무의 규율을 어긴 죄에 대한 재판, 판결과 같았으며, 그가 이루려 했던 목표는 이대로 사라지는듯 했다. 하지만 그와 같은 목표를 가진 이들은 수없이 많았다. 귀인이 남긴 마지막 흔적은, 목표를 이어가는 이들에게 휼륭한 길잡이가 되었으며, 이후 보잘것없는 파리에게 사망하는 일은 일어나지 않았다면 좋겠지만 수십번을 파리녀석한테 죽어버렸다고 한다. 바실리스크 삭제좀",16,21,True,Recommended,20331,1660805907
엘든 링,말라리아 모기 씹새끼야 제발 피흡하지말고 돌진하지말고 뒤져라 씨발,16,27,True,Recommended,20273,1647867026
엘든 링,Nihil ! Nihil ! Nihil !!!,15,44,True,Recommended,4863,1718644667
엘든 링,음식점이 있는데 사장님이 불친절함 근데 음식이 존나 맛있음 그런 느낌의 게임,15,44,True,Recommended,5931,1683181783
엘든 링,"권모술수라는 말이 있습니다. 우리가 원하는 목적을 이루기 위해서는, 다른 건 신경쓰지 말고 모든 수단과 방법을 동원하여 이루라는 뜻이라고 합니다. 이 말이 왜 이 게임과 관련되어 있냐고 물으신다면, 해석의 여지는 항상 열려있지만, 저는 이 게임을 오픈월드로 만든 프롬의 목적과 연관된다고 생각합니다. 한때 우리는 멀기트에 발이 묶여있던 적이 있었습니다. 그 때 여러분들은 어떻게 멀기트를 잡았을까요? 근접무기로 패버리는 플레이로 잡았든, 당시 최고의 주문인 휘석 돌팔매로 잡았든, 구속구를 구매해서 페이즈를 날로 먹든, 영체로 다굴을 까든지, 사기적인 무기를 얻어서 효과를 톡톡히 보던지, 여러가지 방법을 이용했을 것입니다. 사람마다 보스를 처치하는 방법이 다 다른 만큼, 이 게임에서 처음 등장한 오픈월드라는 존재는 그 방법의 다양성에 시동을 걸었습니다. 우리는 장비를 찾아 맵 여기저기를 돌아다닐 겁니다. 가는 길에 유적을 찾든, 동굴, 묘지 등 던전을 찾을 수도 있습니다. 호기심에 들어가 호되게 당하든, 끝까지 진행해 필요한 물건을 획득하는 등 그 모든 것을 플레이어가 선택할 수 있게 되었습니다. 트리가드를 피하든, 오기로 잡든 여러분의 선택이며, 멀기트를 지금 잡든 아예 잡지 않든 여러분 마음대로입니다. 당장 닥친 시련을 피할 수 있는 것과, 혹은 그 시련에 다양하게 도전하여 원하는 것을 얻는 여러분의 선택은 프롬이 원하는 오픈월드의 의의를 어느정도 유추할 수 있다고 봅니다. 어떤 장비에 어떤 전회를 선택해서 적에게 임할지, 그 요소들도 우리에 선택을 더욱 다양하게 만들 겁니다. 전회와 쌍수의 추가로 우리의 빌드는 더욱 무궁무진해졌으며, 보스들은 우리의 빌드에 아주 알맞은 실험체가 될 것입니다. 밤꽃검? 월은? 서리밟기? 도읍결의? 출혈? 트리가드 방패 글리치? 다 상관없습니다! 장비와 주문을 다양하게 선택할 수 있도록 프롬이 문을 열어주었는데, 날먹을 쓰든 뭘 하든 우리는 아무런 제약이 없습니다. 우리가 사기적인 장비나 주문을 쓰든, 메시지로 조언을 알려주든 섹드립을 치든 그것은 모두 프롬이 의도한 것입니다. 게임사가 해보라고 열어놓은 문을 우리가 그냥 지나칠 수 있을까요? 그러니 여러분, 모든 수단과 방법을 가리지 마십시오. 우리가 어떤 권모술수를 부리든간에, 그것조차 우리가 게임을 즐기는 하나의 방법이 될 테니까요.",15,167,True,Recommended,10267,1647242524
엘든 링,트리가드 개새1끼,15,32,True,Recommended,7197,1645754026
엘든 링,DLC언제나와DLC언제나와DLC언제나와DLC언제나와DLC언제나와DLC언제나와DLC언제나와DLC언제나와DLC언제나와DLC언제나와DLC언제나와DLC언제나와DLC언제나와DLC언제나와DLC언제나와DLC언제나와DLC언제나와DLC언제나와DLC언제나와DLC언제나와DLC언제나와DLC언제나와DLC언제나와DLC언제나와DLC언제나와DLC언제나와DLC언제나와DLC언제나와DLC언제나와DLC언제나와DLC언제나와DLC언제나와DLC언제나와DLC언제나와DLC언제나와DLC언제나와DLC언제나와DLC언제나와DLC언제나와DLC언제나와DLC언제나와DLC언제나와DLC언제나와DLC언제나와DLC언제나와DLC언제나와DLC언제나와DLC언제나와DLC언제나와DLC언제나와DLC언제나와DLC언제나와DLC언제나와DLC언제나와DLC언제나와DLC언제나와DLC언제나와DLC언제나와DLC언제나와DLC언제나와DLC언제나와DLC언제나와DLC언제나와DLC언제나와DLC언제나와DLC언제나와DLC언제나와DLC언제나와DLC언제나와DLC언제나와DLC언제나와DLC언제나와DLC언제나와DLC언제나와DLC언제나와DLC언제나와DLC언제나와DLC언제나와DLC언제나와DLC언제나와DLC언제나와DLC언제나와DLC언제나와DLC언제나와DLC언제나와DLC언제나와DLC언제나와DLC언제나와DLC언제나와DLC언제나와DLC언제나와DLC언제나와DLC언제나와DLC언제나와DLC언제나와DLC언제나와DLC언제나와DLC언제나와DLC언제나와DLC언제나와DLC언제나와DLC언제나와DLC언제나와DLC언제나와DLC언제나와DLC언제나와DLC언제나와DLC언제나와,14,74,True,Recommended,29010,1703250432
엘든 링,닼소3 서버나 열어,14,112,False,Not Recommended,71045,1653952274
엘든 링,초반부 해봤는데 딱히 아무 문제 없고 프레임드랍 없던데요..? PC 사양은 다음과 같습니다. CPU 5800x RAM 32GB 4000mhz GPU RTX3090 FE 수정 한 5시간정도에 한번정도 스타터링 일어나긴 하는데 거슬릴정도는 아니네요,14,3,True,Recommended,5207,1645779421
엘든 링,마술 그게뭔가요. 남자는 특대검 하나로 갑니다..,13,55,True,Recommended,6850,1686496009
엘든 링,이 앞 엉덩이 유효하다.,13,34,True,Recommended,8647,1667694404
엘든 링,알겠는가? 미켈라의 칼날 말레니아를알겠는가? 미켈라의 칼날 말레니아를알겠는가? 미켈라의 칼날 말레니아를알겠는가? 미켈라의 칼날 말레니아를알겠는가? 미켈라의 칼날 말레니아를알겠는가? 미켈라의 칼날 말레니아를알겠는가? 미켈라의 칼날 말레니아를알겠는가? 미켈라의 칼날 말레니아를알겠는가? 미켈라의 칼날 말레니아를알겠는가? 미켈라의 칼날 말레니아를알겠는가? 미켈라의 칼날 말레니아를알겠는가? 미켈라의 칼날 말레니아를알겠는가? 미켈라의 칼날 말레니아를알겠는가? 미켈라의 칼날 말레니아를알겠는가? 미켈라의 칼날 말레니아를알겠는가? 미켈라의 칼날 말레니아를알겠는가? 미켈라의 칼날 말레니아를알겠는가? 미켈라의 칼날 말레니아를알겠는가? 미켈라의 칼날 말레니아를알겠는가? 미켈라의 칼날 말레니아를알겠는가? 미켈라의 칼날 말레니아를알겠는가? 미켈라의 칼날 말레니아를알겠는가? 미켈라의 칼날 말레니아를알겠는가? 미켈라의 칼날 말레니아를알겠는가? 미켈라의 칼날 말레니아를알겠는가? 미켈라의 칼날 말레니아를알겠는가? 미켈라의 칼날 말레니아를알겠는가? 미켈라의 칼날 말레니아를알겠는가? 미켈라의 칼날 말레니아를알겠는가? 미켈라의 칼날 말레니아를알겠는가? 미켈라의 칼날 말레니아를알겠는가? 미켈라의 칼날 말레니아를알겠는가? 미켈라의 칼날 말레니아를알겠는가? 미켈라의 칼날 말레니아를알겠는가? 미켈라의 칼날 말레니아를알겠는가? 미켈라의 칼날 말레니아를알겠는가? 미켈라의 칼날 말레니아를알겠는가? 미켈라의 칼날 말레니아를알겠는가? 미켈라의 칼날 말레니아를알겠는가? 미켈라의 칼날 말레니아를알겠는가? 미켈라의 칼날 말레니아를알겠는가? 미켈라의 칼날 말레니아를알겠는가? 미켈라의 칼날 말레니아를알겠는가? 미켈라의 칼날 말레니아를알겠는가? 미켈라의 칼날 말레니아를알겠는가? 미켈라의 칼날 말레니아를알겠는가? 미켈라의 칼날 말레니아를알겠는가? 미켈라의 칼날 말레니아를알겠는가? 미켈라의 칼날 말레니아를알겠는가? 미켈라의 칼날 말레니아를알겠는가? 미켈라의 칼날 말레니아를알겠는가? 미켈라의 칼날 말레니아를알겠는가? 미켈라의 칼날 말레니아를알겠는가? 미켈라의 칼날 말레니아를알겠는가? 미켈라의 칼날 말레니아를알겠는가? 미켈라의 칼날 말레니아를알겠는가? 미켈라의 칼날 말레니아를알겠는가? 미켈라의 칼날 말레니아를알겠는가? 미켈라의 칼날 말레니아를알겠는가? 미켈라의 칼날 말레니아를알겠는가? 미켈라의 칼날 말레니아를알겠는가? 미켈라의 칼날 말레니아를알겠는가? 미켈라의 칼날 말레니아를알겠는가? 미켈라의 칼날 말레니아를알겠는가? 미켈라의 칼날 말레니아를알겠는가? 미켈라의 칼날 말레니아를알겠는가? 미켈라의 칼날 말레니아를알겠는가? 미켈라의 칼날 말레니아를알겠는가? 미켈라의 칼날 말레니아를알겠는가? 미켈라의 칼날 말레니아를알겠는가? 미켈라의 칼날 말레니아를알겠는가? 미켈라의 칼날 말레니아를알겠는가? 미켈라의 칼날 말레니아를알겠는가? 미켈라의 칼날 말레니아를알겠는가? 미켈라의 칼날 말레니아를알겠는가? 미켈라의 칼날 말레니아를알겠는가? 미켈라의 칼날 말레니아를알겠는가? 미켈라의 칼날 말레니아를알겠는가? 미켈라의 칼날 말레니아를알겠는가? 미켈라의 칼날 말레니아를알겠는가? 미켈라의 칼날 말레니아를알겠는가? 미켈라의 칼날 말레니아를알겠는가? 미켈라의 칼날 말레니아를알겠는가? 미켈라의 칼날 말레니아를알겠는가? 미켈라의 칼날 말레니아를알겠는가? 미켈라의 칼날 말레니아를알겠는가? 미켈라의 칼날 말레니아를알겠는가? 미켈라의 칼날 말레니아를알겠는가? 미켈라의 칼날 말레니아를알겠는가? 미켈라의 칼날 말레니아를알겠는가? 미켈라의 칼날 말레니아를알겠는가? 미켈라의 칼날 말레니아를알겠는가? 미켈라의 칼날 말레니아를알겠는가? 미켈라의 칼날 말레니아를알겠는가? 미켈라의 칼날 말레니아를알겠는가? 미켈라의 칼날 말레니아를알겠는가? 미켈라의 칼날 말레니아를알겠는가? 미켈라의 칼날 말레니아를알겠는가? 미켈라의 칼날 말레니아를알겠는가? 미켈라의 칼날 말레니아를알겠는가? 미켈라의 칼날 말레니아를알겠는가? 미켈라의 칼날 말레니아를알겠는가? 미켈라의 칼날 말레니아를알겠는가? 미켈라의 칼날 말레니아를알겠는가? 미켈라의 칼날 말레니아를,13,21,True,Recommended,6318,1662656695
엘든 링,4시간 반 했는데 트리가드 못잡고 있습니다. 원래 이런 게임인건가요?,13,138,True,Recommended,2062,1662539759
엘든 링,이것이 나의 스탠드... 화신의 물방울 이다,12,23,True,Recommended,44274,1683886040
엘든 링,개추받은 사인 무조권 거름 어느정도 추천박힌 사인 트루,12,49,True,Recommended,18146,1667718826
엘든 링,"DLC떄문에 화가 나신 여러분들의 기분은 알겠습니다만. 여기는 본편에 대한 추천여부이니, 조금 진정하시고, 적을 제대로 보십쇼. DLC에 혹평을 남겨주시길 바랍니다. 본편은 즐겼잖아요 여러분.",11,153,True,Recommended,44455,1719126102
엘든 링,이 갓겜 엔딩보면 진짜 너무너무 멋진겜이였다 라고 평가 작성 할려했는데 지금 일년이 다되가는데 엔딩을 못봣음,11,26,True,Recommended,4854,1700661816
엘든 링,DLC내줘DLC내줘DLC내줘DLC내줘DLC내줘DLC내줘DLC내줘DLC내줘DLC내줘DLC내줘DLC내줘DLC내줘DLC내줘DLC내줘DLC내줘DLC내줘DLC내줘DLC내줘DLC내줘DLC내줘DLC내줘DLC내줘DLC내줘DLC내줘DLC내줘DLC내줘DLC내줘DLC내줘DLC내줘DLC내줘DLC내줘DLC내줘DLC내줘DLC내줘DLC내줘DLC내줘DLC내줘DLC내줘DLC내줘DLC내줘DLC내줘DLC내줘DLC내줘DLC내줘DLC내줘DLC내줘DLC내줘DLC내줘DLC내줘DLC내줘DLC내줘DLC내줘DLC내줘,11,120,True,Recommended,7880,1675852668
엘든 링,프롬게임의 유일한 단점은 다른 게임들을 재미없게 만드는 것 뿐이다,11,154,True,Recommended,16624,1670320808
엘든 링,재미있는데? 이 한마디로 정리가 가능한 게임 본인은 엘든링으로 소울류 시리즈를 입문했고 천천히 즐기면서 게임했음. 게임은 오픈월드라 맵도 크고 지형도 이쁘고 로딩도 없어서 좋긴 한데 맵이 커서 내가 어디로 가는지도 모르겠지만 길을 잃어도 할게 나와서 좋았음. 가끔 억까 그자체인 새끼들이 있지만...시발 그래도 잡으니깐 기분은 좋더라... 마지막으로 말을 남긴다.. 알겠는가? 미켈라의 칼날 말레니아를. 알겠는가? 미켈라의 칼날 말레니아를. 알겠는가? 미켈라의 칼날 말레니아를. 알겠는가? 미켈라의 칼날 말레니아를. 알겠는가? 미켈라의 칼날 말레니아를. 알겠는가? 미켈라의 칼날 말레니아를. 알겠는가? 미켈라의 칼날 말레니아를. 알겠는가? 미켈라의 칼날 말레니아를. 알겠는가? 미켈라의 칼날 말레니아를. 알겠는가? 미켈라의 칼날 말레니아를. 알겠는가? 미켈라의 칼날 말레니아를. 알겠는가? 미켈라의 칼날 말레니아를. 알겠는가? 미켈라의 칼날 말레니아를. 알겠는가? 미켈라의 칼날 말레니아를. 알겠는가? 미켈라의 칼날 말레니아를. 알겠는가? 미켈라의 칼날 말레니아를. 알겠는가? 미켈라의 칼날 말레니아를. 알겠는가? 미켈라의 칼날 말레니아를.알겠는가? 미켈라의 칼날 말레니아를. 알겠는가? 미켈라의 칼날 말레니아를. 알겠는가? 미켈라의 칼날 말레니아를.알겠는가? 미켈라의 칼날 말레니아를. 알겠는가? 미켈라의 칼날 말레니아를. 알겠는가? 미켈라의 칼날 말레니아를.알겠는가? 미켈라의 칼날 말레니아를. 알겠는가? 미켈라의 칼날 말레니아를. 알겠는가? 미켈라의 칼날 말레니아를.알겠는가? 미켈라의 칼날 말레니아를. 알겠는가? 미켈라의 칼날 말레니아를. 알겠는가? 미켈라의 칼날 말레니아를.,11,13,True,Recommended,8604,1654326696
엘든 링,오오 그럴자격없다 오오 그럴자격없다,11,25,True,Recommended,29779,1653109735
엘든 링,소울류를 경험한 사람과 아닌사람은 아래 내용이 다르게 읽히는 마법 보스전이 지나치게 불합리하다. 컨탠츠가 토할만큼 많다. 스토리를 지나치게 유추해야 한다.,11,50,True,Recommended,21510,1647995574
엘든 링,혹시라도 나는 문제없이 잘 돌아가겠지 라고 생각하는 사람들 보세요 니 얘기야,11,49,False,Not Recommended,23360,1645768657
엘든 링,고드프리 개 씨 발 새 끼야 엄마없냐? 너떄문에 스트레스성 탈모 오겠다 씨 발 련아 이 좆같은 새끼 제발 나가 뒤져 씨 발럼라 개좆같은 새끼야,10,5,True,Recommended,2212,1735400935
엘든 링,다음 축복만 찍고 꺼야지 다음 축복만 찍고 꺼야지 다음 축복만 찍고 꺼야지 다음 축복만 찍고 꺼야지 다음 축복만 찍고 꺼야지 다음 축복만 찍고 꺼야지 다음 축복만 찍고 꺼야지 다음 축복만 찍고 꺼야지 다음 축복만 찍고 꺼야지 다음 축복만 찍고 꺼야지 ... AM 2 00,10,40,True,Recommended,4543,1721218028
엘든 링,떄릴까말까떄릴까말까떄릴까말까떄릴까말까떄릴까말까떄릴까말까떄릴까말까떄릴까말까떄릴까말까떄릴까말까떄릴까말까떄릴까말까떄릴까말까떄릴까말까떄릴까말까떄릴까말까떄릴까말까떄릴까말까떄릴까말까떄릴까말까떄릴까말까떄릴까말까떄릴까말까떄릴까말까떄릴까말까떄릴까말까떄릴까말까떄릴까말까떄릴까말까떄릴까말까떄릴까말까떄릴까말까떄릴까말까떄릴까말까떄릴까말까떄릴까말까떄릴까말까떄릴까말까떄릴까말까떄릴까말까떄릴까말까떄릴까말까떄릴까말까떄릴까말까떄릴까말까떄릴까말까떄릴까말까떄릴까말까떄릴까말까떄릴까말까떄릴까말까떄릴까말까떄릴까말까떄릴까말까떄릴까말까떄릴까말까떄릴까말까떄릴까말까떄릴까말까떄릴까말까떄릴까말까떄릴까말까떄릴까말까떄릴까말까떄릴까말까떄릴까말까떄릴까말까떄릴까말까떄릴까말까떄릴까말까떄릴까말까떄릴까말까떄릴까말까떄릴까말까,10,11,True,Recommended,8205,1707989375
엘든 링,프롬 소프트웨어는 섹스가 필요 없는 세상을 만들었다. 이 게임을 섹스라고 하지 않으면 어떤 게임을 섹스라고 말할 수 있겠는가? 이로써 프롬 소프트웨어는 지구 인류 감소의 첫번째 한 획인 콘돔에 이어 두번째 큰 획을 그었다고 할 수 있다고 생각한다. 타노스는 인피니티 스톤의 힘을 사용해서 핑거 스냅을 할 것이 아니라 엘든링을 만들었더라면 어벤져스와의 대립도 없이 계획을 성공할 수 있었을 것이다. 아아 두렵다 과연 엘든링 dlc가 나온다면 과연 지구 상에 철학적 의미로 살아있다고 일컬어지는 사람이 존재할 수 있을까? 전 세계의 인류가 엘든링 속에 들어가 모두가 하나가 되는 그런 세계가 오는 것이 아닐까? 오오.. 그럴 자격 있다..,10,9,True,Recommended,5432,1700919201
엘든 링,이 앞 거짓말쟁이 있다,10,17,True,Recommended,12724,1664556377
엘든 링,씨발 렉 멈춰!!!!!!!!!!!,10,32,True,Recommended,4339,1645846208
엘든 링,"모두가 미야자키의 어린 시절을 알고 있다. 미야자키의 아버지는 어린 미야자키를 가죽 벨트로 학대할 때, 미야자키가 피할 수 없도록 엇박으로 허리띠를 휘둘렀다는 것이다. 그러나 이 훌륭한 이야기의 비하인드를 아는 사람은 거의 없다. 어느 날, 미야자키는 아버지의 패턴에 적응하게 되었다. 허리띠의 피격 판정 프레임을 전부 외워, 아버지의 채찍질을 단 한대도 맞지 않고 전부 피하게 된 것이다. 하지만 아버지는 포기하지 않았고, 사랑하는 아들을 놀래킬 방법을 찾기 위하여 꼬박 2년이라는 시간을 보냈다. 그 결과, 미야자키의 아버지는 한 번의 채찍질로 이전보다 10배가 넘는 피해를 입히고, 미친 사람처럼 방을 뛰어다니며, 이전에 하던 엇박과 함께 빠른 연속 타격을 가함으로써, 미야자키가 그 패턴을 눈으로 쫓기 조차 힘들 정도로 변화했다. 하지만 아버지는 이 정도로도 아들을 놀라게 하기에는 충분하지 않다는 것을 알았기에, 이제 그 가죽 벨트는 아들이 자신의 뒤쪽로 구르기를 할 때를 대비하여 본체 주변에 광역딜까지 추가되었다. 심지어 미야자키가 안전하게 음료수를 마실 수 있는 타이밍이라 생각했을 때에도, 방 건너편까지 채찍질이 닿게 되었다. 이러한 기억들은 미야자키에게 큰 영감을 주었고, 미야자키는 자신의 게임 의 DLC 전반에 이 경험을 바쳤다.",9,5,True,Recommended,844,1729346756
엘든 링,보스 하나 트라이하는데 이틀 걸리는 븅신도 잘만 하고 있습니다. 핑계 멈추시고 한입 잡솨봐,9,67,True,Recommended,23897,1721312414
엘든 링,dlc언제나와dlc언제나와dlc언제나와dlc언제나와dlc언제나와dlc언제나와dlc언제나와dlc언제나와dlc언제나와dlc언제나와dlc언제나와dlc언제나와dlc언제나와dlc언제나와dlc언제나와dlc언제나와dlc언제나와dlc언제나와dlc언제나와dlc언제나와dlc언제나와dlc언제나와dlc언제나와dlc언제나와dlc언제나와dlc언제나와dlc언제나와dlc언제나와dlc언제나와dlc언제나와dlc언제나와dlc언제나와dlc언제나와dlc언제나와dlc언제나와dlc언제나와dlc언제나와dlc언제나와dlc언제나와dlc언제나와dlc언제나와dlc언제나와dlc언제나와dlc언제나와dlc언제나와dlc언제나와dlc언제나와dlc언제나와dlc언제나와dlc언제나와dlc언제나와dlc언제나와dlc언제나와dlc언제나와dlc언제나와dlc언제나와dlc언제나와dlc언제나와dlc언제나와dlc언제나와dlc언제나와dlc언제나와dlc언제나와dlc언제나와dlc언제나와dlc언제나와dlc언제나와dlc언제나와dlc언제나와dlc언제나와dlc언제나와dlc언제나와dlc언제나와dlc언제나와dlc언제나와dlc언제나와dlc언제나와dlc언제나와dlc언제나와dlc언제나와dlc언제나와dlc언제나와,9,40,True,Recommended,11111,1695471374
엘든 링,난 보스보다 잡몹이 같다 시발,9,47,True,Recommended,664,1690123578
엘든 링,말레니아 개련아,9,13,True,Recommended,15659,1650224461
엘든 링,시발! 날 엘든링 속으로 보내줘,9,22,True,Recommended,4908,1647434873
엘든 링,요즘 게임 불감증 이었는데 오랜만에 진짜 재밌게한거 같음,9,89,True,Recommended,17999,1646240357
엘든 링,말레니아는 진짜 유명한 개시발임,8,56,True,Recommended,18542,1716121068
엘든 링,"이 앞,구매 유효하다.",8,52,True,Recommended,4785,1701871972
엘든 링,DLC가 필요해요DLC가 필요해요DLC가 필요해요DLC가 필요해요DLC가 필요해요DLC가 필요해요DLC가 필요해요DLC가 필요해요DLC가 필요해요DLC가 필요해요DLC가 필요해요DLC가 필요해요DLC가 필요해요DLC가 필요해요DLC가 필요해요DLC가 필요해요DLC가 필요해요DLC가 필요해요DLC가 필요해요DLC가 필요해요DLC가 필요해요DLC가 필요해요DLC가 필요해요DLC가 필요해요DLC가 필요해요DLC가 필요해요DLC가 필요해요DLC가 필요해요DLC가 필요해요DLC가 필요해요DLC가 필요해요DLC가 필요해요DLC가 필요해요DLC가 필요해요DLC가 필요해요DLC가 필요해요DLC가 필요해요DLC가 필요해요DLC가 필요해요DLC가 필요해요DLC가 필요해요DLC가 필요해요DLC가 필요해요DLC가 필요해요DLC가 필요해요DLC가 필요해요DLC가 필요해요DLC가 필요해요DLC가 필요해요DLC가 필요해요DLC가 필요해요DLC가 필요해요DLC가 필요해요DLC가 필요해요DLC가 필요해요DLC가 필요해요DLC가 필요해요DLC가 필요해요DLC가 필요해요DLC가 필요해요DLC가 필요해요DLC가 필요해요DLC가 필요해요DLC가 필요해요DLC가 필요해요DLC가 필요해요DLC가 필요해요DLC가 필요해요DLC가 필요해요DLC가 필요해요DLC가 필요해요DLC가 필요해요DLC가 필요해요DLC가 필요해요DLC가 필요해요DLC가 필요해요DLC가 필요해요DLC가 필요해요DLC가 필요해요DLC가 필요해요DLC가 필요해요DLC가 필요해요DLC가 필요해요DLC가 필요해요DLC가 필요해요DLC가 필요해요DLC가 필요해요DLC가 필요해요DLC가 필요해요DLC가 필요해요DLC가 필요해요DLC가 필요해요DLC가 필요해요DLC가 필요해요DLC가 필요해요DLC가 필요해요DLC가 필요해요DLC가 필요해요DLC가 필요해요DLC가 필요해요DLC가 필요해요DLC가 필요해요DLC가 필요해요DLC가 필요해요DLC가 필요해요DLC가 필요해요DLC가 필요해요DLC가 필요해요DLC가 필요해요DLC가 필요해요DLC가 필요해요DLC가 필요해요DLC가 필요해요DLC가 필요해요DLC가 필요해요DLC가 필요해요DLC가 필요해요DLC가 필요해요DLC가 필요해요DLC가 필요해요DLC가 필요해요DLC가 필요해요DLC가 필요해요DLC가 필요해요DLC가 필요해요DLC가 필요해요DLC가 필요해요DLC가 필요해요DLC가 필요해요DLC가 필요해요DLC가 필요해요DLC가 필요해요DLC가 필요해요DLC가 필요해요DLC가 필요해요DLC가 필요해요DLC가 필요해요DLC가 필요해요DLC가 필요해요DLC가 필요해요DLC가 필요해요DLC가 필요해요DLC가 필요해요DLC가 필요해요DLC가 필요해요DLC가 필요해요DLC가 필요해요DLC가 필요해요DLC가 필요해요DLC가 필요해요DLC가 필요해요DLC가 필요해요DLC가 필요해요DLC가 필요해요DLC가 필요해요DLC가 필요해요DLC가 필요해요DLC가 필요해요DLC가 필요해요DLC가 필요해요DLC가 필요해요DLC가 필요해요DLC가 필요해요DLC가 필요해요DLC가 필요해요DLC가 필요해요DLC가 필요해요DLC가 필요해요DLC가 필요해요DLC가 필요해요DLC가 필요해요DLC가 필요해요DLC가 필요해요DLC가 필요해요DLC가 필요해요DLC가 필요해요DLC가 필요해요DLC가 필요해요DLC가 필요해요DLC가 필요해요DLC가 필요해요DLC가 필요해요DLC가 필요해요DLC가 필요해요DLC가 필요해요DLC가 필요해요DLC가 필요해요DLC가 필요해요DLC가 필요해요DLC가 필요해요DLC가 필요해요DLC가 필요해요DLC가 필요해요DLC가 필요해요DLC가 필요해요DLC가 필요해요DLC가 필요해요DLC가 필요해요DLC가 필요해요DLC가 필요해요DLC가 필요해요DLC가 필요해요DLC가 필요해요DLC가 필요해요DLC가 필요해요DLC가 필요해요DLC가 필요해요DLC가 필요해요DLC가 필요해요DLC가 필요해요DLC가 필요해요DLC가 필요해요DLC가 필요해요DLC가 필요해요DLC가 필요해요DLC가 필요해요DLC가 필요해요DLC가 필요해요DLC가 필요해요DLC가 필요해요DLC가 필요해요DLC가 필요해요DLC가 필요해요DLC가 필요해요DLC가 필요해요DLC가 필요해요DLC가 필요해요DLC가 필요해요DLC가 필요해요DLC가 필요해요DLC가 필요해요DLC가 필요해요DLC가 필요해요DLC가 필요해요DLC가 필요해요DLC가 필요해요DLC가 필요해요DLC가 필요해요DLC가 필요해요DLC가 필요해요DLC가 필요해요DLC가 필요해요DLC가 필요해요DLC가 필요해요DLC가 필요해요DLC가 필요해요DLC가 필요해요DLC가 필요해요DLC가 필요해요DLC가 필요해요DLC가 필요해요DLC가 필요해요DLC가 필요해요DLC가 필요해요DLC가 필요해요DLC가 필요해요DLC가 필요해요DLC가 필요해요DLC가 필요해요DLC가 필요해요DLC가 필요해요DLC가 필요해요DLC가 필요해요DLC가 필요해요DLC가 필요해요DLC가 필요해요DLC가 필요해요DLC가 필요해요DLC가 필요해요DLC가 필요해요DLC가 필요해요DLC가 필요해요DLC가 필요해요DLC가 필요해요DLC가 필요해요DLC가 필요해요DLC가 필요해요DLC가 필요해요DLC가 필요해요DLC가 필요해요DLC가 필요해요DLC가 필요해요DLC가 필요해요DLC가 필요해요DLC가 필요해요DLC가 필요해요DLC가 필요해요DLC가 필요해요DLC가 필요해요DLC가 필요해요DLC가 필요해요DLC가 필요해요DLC가 필요해요DLC가 필요해요DLC가 필요해요DLC가 필요해요DLC가 필요해요DLC가 필요해요DLC가 필요해요DLC가 필요해요DLC가 필요해요DLC가 필요해요DLC가 필요해요DLC가 필요해요DLC가 필요해요DLC가 필요해요DLC가 필요해요DLC가 필요해요DLC가 필요해요DLC가 필요해요DLC가 필요해요DLC가 필요해요DLC가 필요해요DLC가 필요해요DLC가 필요해요DLC가 필요해요DLC가 필요해요DLC가 필요해요DLC가 필요해요DLC가 필요해요DLC가 필요해요DLC가 필요해요DLC가 필요해요DLC가 필요해요DLC가 필요해요DLC가 필요해요DLC가 필요해요DLC가 필요해요DLC가 필요해요DLC가 필요해요DLC가 필요해요DLC가 필요해요DLC가 필요해요DLC가 필요해요DLC가 필요해요DLC가 필요해요DLC가 필요해요DLC가 필요해요DLC가 필요해요DLC가 필요해요DLC가 필요해요DLC가 필요해요DLC가 필요해요DLC가 필요해요DLC가 필요해요DLC가 필요해요DLC가 필요해요DLC가 필요해요DLC가 필요해요DLC가 필요해요DLC가 필요해요DLC가 필요해요DLC가 필요해요DLC가 필요해요DLC가 필요해요DLC가 필요해요DLC가 필요해요DLC가 필요해요DLC가 필요해요DLC가 필요해요DLC가 필요해요DLC가 필요해요DLC가 필요해요DLC가 필요해요DLC가 필요해요DLC가 필요해요DLC가 필요해요DLC가 필요해요DLC가 필요해요DLC가 필요해요DLC가 필요해요DLC가 필요해요DLC가 필요해요DLC가 필요해요DLC가 필요해요DLC가 필요해요DLC가 필요해요DLC가 필요해요DLC가 필요해요DLC가 필요해요DLC가 필요해요DLC가 필요해요DLC가 필요해요DLC가 필요해요DLC가 필요해요DLC가 필요해요DLC가 필요해요DLC가 필요해요DLC가 필요해요DLC가 필요해요DLC가 필요해요DLC가 필요해요DLC가 필요해요DLC가 필요해요DLC가 필요해요DLC가 필요해요DLC가 필요해요DLC가 필요해요DLC가 필요해요DLC가 필요해요DLC가 필요해요DLC가 필요해요DLC가 필요해요DLC가 필요해요DLC가 필요해요DLC가 필요해요DLC가 필요해요DLC가 필요해요DLC가 필요해요DLC가 필요해요DLC가 필요해요DLC가 필요해요DLC가 필요해요DLC가 필요해요DLC가 필요해요DLC가 필요해요DLC가 필요해요DLC가 필요해요DLC가 필요해요DLC가 필요해요DLC가 필요해요DLC가 필요해요DLC가 필요해요DLC가 필요해요DLC가 필요해요DLC가 필요해요DLC가 필요해요DLC가 필요해요DLC가 필요해요DLC가 필요해요DLC가 필요해요DLC가 필요해요DLC가 필요해요DLC가 필요해요DLC가 필요해요DLC가 필요해요DLC가 필요해요DLC가 필요해요DLC가 필요해요DLC가 필요해요DLC가 필요해요DLC가 필요해요DLC가 필요해요DLC가 필요해요DLC가 필요해요DLC가 필요해요DLC가 필요해요DLC가 필요해요DLC가 필요해요DLC가 필요해요DLC가 필요해요DLC가 필요해요DLC가 필요해요DLC가 필요해요DLC가 필요해요DLC가 필요해요DLC가 필요해요DLC가 필요해요DLC가 필요해요DLC가 필요해요DLC가 필요해요DLC가 필요해요DLC가 필요해요DLC가 필요해요DLC가 필요해요DLC가 필요해요DLC가 필요해요DLC가 필요해요DLC가 필요해요DLC가 필요해요DLC가 필요해요DLC가 필요해요DLC가 필요해요DLC가 필요해요DLC가 필요해요DLC가 필요해요DLC가 필요해요DLC가 필요해요DLC가 필요해요DLC가 필요해요DLC가 필요해요DLC가 필요해요DLC가 필요해요DLC가 필요해요DLC가 필요해요DLC가 필요해요DLC가 필요해요DLC가 필요해요DLC가 필요해요DLC가 필요해요DLC가 필요해요DLC가 필요해요DLC가 필요해요DLC가 필요해요DLC가 필요해요DLC가 필요해요,8,58,True,Recommended,11846,1676868481
엘든 링,"내 인생 최고 존엄 갓겜 등극! 와 진짜 엘든링덕에 하루 하루 폐인처럼 살았다 엘든링과 함께하면서 소름 돋게 몰입했고 소름 돋게 열받았고 소름 돋게 감탄했고 소름 돋게 감동했다 손 라도 누구나 쉽게 클리어할 수 있고, 모든 도전과제 달성도 쉬운편임. 130시간만에 1회차 모든 도전과제 달성! 복수 엔딩 분기점 세이브 로드 신공, 로데일 불태우기 전에 챙길것만 주의할것 고맙다 프롬소프트! 폐인처럼 살았지만 내 인생 최고의 선물이었다. ps. 2회차는 안한다.",8,24,True,Recommended,14183,1674987313
엘든 링,사랑받았기에 사랑한 것이 아니다. 그는 그저 사랑했던 것이다. 트루킹 모르고트,8,116,True,Recommended,2657,1673286762
엘든 링,나만 못맞춰 나만 못피해 나만 못잡아 나만 이벤트못봐 나만 랙걸려,8,27,True,Recommended,39970,1647907909
엘든 링,존나재밌네뒤질래?,8,31,True,Recommended,4293,1646418649
엘든 링,"여러분 만약에 어쩌다가 저어 기 짐승신전 오시게 되시면 흑드라군이 하나 뒤돌아 서있을텐데, 엥간하면 건들지마요..... 트리가드놈이랑 달리 여러분을 원큐에 축복으로 발사 해줍니다.. 물론 소환수 늑대도 한방에 다들 퇴근들 해버리시니 참고 바닥에 보면 원거리로 공략하라는 말이 있는데 법사는 모르겠지만, 일반캐로 그러면 모래알갱이 던지는 데미지 볼수있고 또한 내부라고 안심하고 개기다가 사자후 두방맞고 축복으로 돌아가는 신비로움도 겪게되니까 알아둬용",8,43,True,Recommended,29690,1646104704
엘든 링,트리가드 이 놈하고 투닥거리다 환불타이밍 놓쳤네 걍 한다,8,8,True,Recommended,12073,1645765244
엘든 링,싯팔 실행이 안되서 평가고 나발도 못하겟네,8,100,False,Not Recommended,18,1645757248
엘든 링,"엄마, 저는 눈에서 노란색 불을 뿜고 팔 4개인 파워에이드같은 피부를 가진 여자랑 결혼하면서 엘데의 왕이 되었습니다.",7,19,True,Recommended,16069,1755260303
엘든 링,공략 안보고 하면 1년은 충분히 즐길 수 있을듯,7,94,True,Recommended,11922,1718032254
엘든 링,아아.. 마음이 꺾일 것 같다..,7,17,True,Recommended,7768,1715012529
엘든 링,개 새 곰 새우,7,33,True,Recommended,18855,1683307828
엘든 링,제작자 대가리 깨고 싶은데 계속 도전하면 클리어는 돼서 계속 유예 중임.,7,13,True,Recommended,38664,1680326689
엘든 링,최적화 개판,7,48,False,Not Recommended,35,1671815510
엘든 링,밥 쳐먹을때도 엇박으로 먹을 새끼들,7,3,True,Recommended,18736,1648797442
엘든 링,엘든링을 출시일에 사고 멀기트잡은 이후 한번 접었었는데 2년뒤 다시 시작했다. 처음엔 길 한걸음 한걸음 빡새다고만 생각하고 보스도 힘들고 지친다 생각했는데 나같은 똥손을 배려한 소울류가 딱 엘든링인거같다. 쉬운빌드와영체로 덜 피로하고 유투브와 블로그의 힘으로 어려운길도 찾고 두달 알차게 하고 엔딩까지보고 dlc로 넘어간다. 나처럼 플레이하면 무슨재미냐고 누군가는 얘기 하겠지만 시바 난 이거도 빡세다고...충분히 재밌다고! 근데 여전히 로데일지하 같고 말레니아는 다신 안만나고싶다. 제발 다음 시리즈에선 길 좀 그만 지랄했음 좋겠다.,6,14,True,Recommended,42691,1720031716
엘든 링,나는 모험을 즐기고 싶었는데 게임 디자인이 계속 내 마음을 피폐하게 만듦. 모험을 하면 할 수록 림그레이브를 떠나기 싫어져,6,15,False,Not Recommended,2941,1707234742
엘든 링,dlc,6,47,True,Recommended,16915,1707207087
엘든 링,"혼자서 깨자니, 오픈월드라서 뭘 해야할지 몰라서 방황해. 다같이 코옵모드로 하자니, 이새끼들이 1일차엔 잘 하다가 2일차땐 아무도 안와. 그렇다고 혼자 밀어놓으니깐 왜 미냐고 랄해. 씨발 그래서 우리 언제 엔딩보냐? 출시일에 사고 이제 2년 다가오는데 엔딩을 못봤다 시발련들아.",6,3,True,Recommended,6895,1703459925
엘든 링,고드릭 씨발아,6,15,True,Recommended,8937,1684293414
엘든 링,얘넨 시발 내는 겜마다 참 신박하게 씨발이네 따봉드립니다 후반부 진입하면서 지금까지 느낀 점 이 게임 단점이 존나게 많다. 진짜 씨발 존나게 많다 얘네 게임 만든지가 몇 년인데 맵에서 마우스를 못 쓰냐 포팅 이따구로 계속 할래? 그리고 가장 큰 문제. 레벨 스케일링이 없는 게임이면서 레벨디자인을 개좆같이 못했다. 애초에 가이드가 훨씬 친절한 게임이었으면 나앗지 여전히 존나 불친절한 게임이기에 실패한 디자인이다. 뭣도모르고 하는 뉴비들 죄다 트리가드랑 멀키트에서 나가 떨어진다 그래도 이 새끼들이 양심은 있는건지 소울류 최초로 메인 스토리 가이드를 화톳불이 해준다 그럼 뭐하나 다른 서브퀘들은 지들만 아는 씹덕용어로 죄다 얼버무려서 씨발 알지를 못 하겠는데 막히면 주저 말고 공략봐라 근데 씨발거리고 신랄하게 까면서 왜 따봉을 주냐 단점이 상쇄될 정도로 진짜 존나게 재밌다. GOTY 맞고 소울류 GOAT 맞다 아트팀 진짜 오래 살아라 고맙다 니들 덕에 게임 오래 힐링받으면서 했다 진짜 고맙다 그러니깐 꼭 해라 2회차도 해라,6,36,True,Recommended,10021,1678564075
엘든 링,닼소 시리즈를 모두 해본 유저들은 나오자마자 눈앞에 있는 트리가드가 살아있는 거 못 참습니다.,6,12,True,Recommended,9195,1673202035
엘든 링,맛있게 매운 다크소울4,6,32,True,Recommended,6237,1669300529
엘든 링,할게 없음...,6,24,True,Recommended,14968,1667034833
엘든 링,트레스 두오 우누스 니힐! 니힐! 니히이이이일!!! i b 미켈라는 내 것이다 b i,6,5,True,Recommended,12018,1652160337
엘든 링,"스케일이 매우매우 크다. 친구들과 진행 상황을 공유하는데 서로 다른 게임을 하는 것 같은 생각이 들 정도로 사람에 따라 자유도와 진행 순서가 천차만별이다. 그만큼 초회차때는 탐험하고 던전을 찾는 재미가 쏠쏠하다. 다크 소울 시리즈를 해보고 평타만 남발해서 적을 죽이는 버릇이 들었다면 꽤 힘들 것이다. 엘든 링에서는 전회, 강공격, 점프공격의 데미지와 효율이 소울 시리즈보다 월등히 좋아졌다. 이러한 기술들과 마상 전투 등의 시스템을 적절히 섞어 쓰면 난이도가 내려가는 구성으로 짜여 있으며, 다크소울 하듯이 가드 R1 평타만 눌러서는 스트레스 엄청 받을 적들도 존재한다. 특히 출혈 터뜨리기가 엄청나게 좋아졌다. 피통 많은 적들한테는 출혈을 써보는것도 좋다. 마법도 욕나오게 세고 밤불검같은 무기도 있는걸로 보아서 우리가 너네한테 좋은거 줬으니까 그거 맘껏 쓰면서 더 세진 애들하고 싸워봐라 하는 느낌이다. 활도 착실히 강화하면 전작보다 더 유의미한 데미지를 보여준다. 잡몹정도는 멀리서 몇명 썰고 들어가기가 수월해졌다. 무기 카테고리가 더 다양해진 점이 맘에 든다. 다크소울 2에서 나왔던 양날검이 재등장했고 독특한 특대형 무기군이 생겼기 때문에 무기 여러가지 써보는걸 즐기는 사람은 좋아할 것이다. 최적화나 서버 문제만 고치면 너무 좋을 것 같다. 소울본 팬들은 당연히 해봐야 하고 소울시리즈가 처음이라도 공략 보고 천천히 진행하면 충분히 재밌게 즐길 수 있다고 생각한다. 초반에 충분히 스펙업이 가능한 던전들이 많으니 거기부터 돌아보는걸 추천한다. 처음 나오는 트리가드한테 닥돌 박치기하고 환불하지 말고... 아직도 엘든링을 안샀다고? 2022.03.17 추가 밤불검이랑 서리밟기는 너프를 먹었다. 그 외에 무기 풀강 버그랑 보정치 적용이 안되는 버그는 수정되었다. 방패의 버티기 성능이 올라갔고 일부 마법이 버프되었다. 좀 미흡하다 싶은 npc 이벤트가 추가되었으며 플레이 중 겪을 수 있는 자잘한 버그도 수정한 것 같다. 출시 초반이라 여러가지 밸런스 패치와 버그 수정이 진행되고 있다. 이런 과정을 함께 겪는것도 나름 괜찮다고 생각함.. 버그부터 수정 과정까지 하나하나 씹고뜯고 즐겨야 맛이지, 안그런감?",6,66,True,Recommended,39503,1646931799
엘든 링,인생게임 그 어떤 게임에도 큰 흥미를 느끼지 않았던 내가 회사도 쉬고 애인에겐 몸이 안좋다고 거짓말하고 미친듯이 개임만 했다 어딜가도 새롭고 초반에 느꼈던 감동이 마지막까지 높은 수준의 게임 퀄리티로 이어졌다 진입장벽을 걱정하는 유저가 많겠지만 생각보다 훨씬 쉽게 클리어할 수 있는 빌드가 존재합니다 안해보시면 인생 절반 손해보시는거에요 !,6,35,True,Recommended,11267,1646276633
엘든 링,worst game release of 2022 i would rather play anything else dont waste your money and time on this edit most overrated game of 2022 also,6,8,False,Not Recommended,55,1646262236
엘든 링,"이 너머, 기쁨 있다 즉 엘든 링 오오 엘든 링",6,30,True,Recommended,8597,1646135767
엘든 링,이새끼들 닼소3 군다에서 막히고 바로 환불 때리니까 엘든링에서는 초반에 좀 재미 느끼게 하고 2시간 채워서 환불 막은 다음에 같은거 나오노,6,27,True,Recommended,5449,1645759671
엘든 링,울트라와이드를 지원 안한다고? 왜?? 중소기업이라 그런가,6,115,False,Not Recommended,115,1645753962
엘든 링,일어나는데 한세월 포션먹는데 한세월 뒤지는데 한세월 병신같네 진짜,5,8,False,Not Recommended,1924,1751475537
엘든 링,뉴비 1시간 동안 고드릭 패거리 폐허에 있는 놈들 한테 방패로 맞고 칼로 맞고 창으로 맞다가 게임 끄고 환불신청했다 내가 다시는 소울류 게임을 사는 일이 없을 것이다,5,7,False,Not Recommended,75,1735059170
엘든 링,난이도가 있으며 프롬게임 특성상 길찾기도 어렵게 해놔서 진입장벽이 있습니다. 다양한 무기와 강화 시스템으로 다회차를 플레이해도 재밌게 플레이 가능하며 도전정신과 끈기가 있으신 분께 추천드립니다.,5,5,False,Not Recommended,20987,1732772946
엘든 링,"처음엔 재밌나 안 재밌나 긴가민가 했는데 무기와 갑옷 등 아이템을 모으는 요소가 매우 맛있고 보스를 잡았을 때의 그 짜릿함은 잊을 수 없습니다. 더 즐겨야겠네요 너무 재밌어요,, 군대 가기 싫어요...",5,27,True,Recommended,1738,1714059414
엘든 링,이 게임의 엔딩을 다 봤지만 항상 생각합니다 가고일 애미 뒤짐,5,23,True,Recommended,13579,1710481224
엘든 링,"저는 이 게임을 극 초기에 플레이 하였고, 현재 유튜브에 올라가 있는 공략집들에도 많은 도움을 준 한 닝겐입니다. 이 게임이 현재 할인을 하고 있기에, 구매를 고려하시는 분들에 대해 큰 장단점만 간략히 적어드리겠습니다 장점 거대하고 화려한, 아름다운 월드들 오픈월드에 황금나무라는 이펙트를 잘 살려내어, 맵 자체는 말만 타고다니면서 구경해도 정말 이쁘고 재밌게 만들어놨습니다. 어쩌면 이 게임을 사람에 따라서는 눈을 즐기며 할수도 있겠네요 간지 다크소울 시리즈들보다는 확실히 이펙트와 검술에 큰 변화가 존재했습니다. 엄청, 엄청나게요. 심지어 땅바닥에 굴러다니는 작대기 하나도 전회만 잘 붙이면 간지가 나는 마술을 느끼실수 있습니다. 나는 멋있고 간지나게 싸울거야! 하시는 분들, 열심히 하셔서 꼭 숙련되어 보시길바랍니다 히로인 이쁩니다. 후욱.. 성우 생각보다 성우에 꽤 투자를 많이 한 것 같습니다. 굉장히 보스들과 잘 어울리는 목소리가 들어가 있어서, 플레이 할 때 몰입감을 높혀주었어요! 기술 분배 이 게임은 전회라 하여, 다른 무기에 다른 무기 기술을 붙일 수 있는데, 이게 꽤 쩌는 시스템이에요. 외관이 맘에 드는데 기술이 별로여서 못쓰거나, 무기 성능은 좋은데? 기술이 맘에 안드는 경우를 최대한으로 줄일 수 있고, PVP나 PVE에서도 변수 창출이 많기 때문이죠. 이 말고도 정말 많은 장점이 존재합니다! 그럼 가볍게 단점으로 가볼게요 딜레이 일단 이것은 제가 다크소울3과 비교를 하였을때, 큰 딜레이가 있었습니다. 한.. 모든 행동에 딜레이가 0.2? 0.3초 정도 있는거 같아요. 이건 정말 큰 치명상 ? 이라 생각해요. 다크소울3이었으면 굴러서 피했다라는 말이 괜히 떠오르는게 아니었습니다. 단점중에 가장 큰 이유인거 같아요 PVP 망했습니다. 물론 하는 분들이 있어요! 없는게 아니에요. 그러나 특정 무기군에 특정 기술이 붙으면 무한 경직이 가능하다던가, 접근이 불가하다던가, 도주만 해야한다던가 하는 적폐 노잼 빌드가 너무나 많아졌어요. PVP는 안하시는게 좋을거 같아요. 과도한 딜 지금은 좀 나아졌다곤 들었는데, 제가 막 할때는 빔 한방에 최종보스가 죽거나, 망치 두방에 머리가 터지거나, 출혈로 한방에 반피가 뜯기거나 하는 등의 효과가 있었어요. 이건 PVP에서도 그대로 적용되더라구요 쓸때없이. 쨌든 이건 장단점이 있으니 이정도가 있구나 하고 넘겨주세요 오픈월드가 안 알참 맵은 커요. 물론 가다보면 할거도 있고 미니 던전도 있는데, 문제는 그게 끝이라는거에요. 옆집 젤다를 들고와보면, 뭐..가다가 이벤트도 있고, 채집물이나, 강화물, 뭐 몬스터들이 모여있는 곳도 있고, 사당도 있고 그렇잖아요? 여긴.. 확실히 달리다보면 그냥 달리는 비중이 너무나 많아요.. 그래서 하다보면 굉장히 지루해질수도 있어요. 던전 보스들의 복붙 정말 너무한거 같아요. 보스들이 정말 거기서 거기에요. 자 기사1 기사2 기사1 1 석상1 보석1 용암물고기1 무한반복. 가끔 다른 속성 나오고. 심지어 다른 곳에서는 필드 몹으로 나오기까지해요. 이건 아니라 생각해요 60fps 뭐야.. 144fps 지원해줘요... 다른 의견도 많지만, 제가 생각하기에 객관적인 평은 이정도인거 같아 딱 요정도만 적어봅니다.. 누추한 글 봐주져서 감사합니다",5,64,True,Recommended,7253,1696654033
엘든 링,오오 황금나무 오오,5,17,True,Recommended,25045,1694956287
엘든 링,"엘든링이 없었다면 저는 아직도 저세상 그래픽인 전작 다크소울 시리즈를 붙잡고 허구헌날 군다랑 놀았을거에요... 멀기트는 저에게 좌절과 공포, 다시 펴지지 않는 무릎관절을 선사했지만 전 마음이 꺾이지 않았어요 이 게임은 지금껏 다른 게임들에 쏟아부엇던 돈들이 아까워 지는 게임입니다 그냥 이거 할걸.... 왜 이상한 게임 돈주고 사서 쓸데없이 돈 쳐바르고 쓰레기같은 짓 했구나... 그냥... 그냥 엘든링 샀으면 됬는데...",5,35,True,Recommended,16879,1676800925
엘든 링,수능 끝나자마자 사서 바로 시작하고 장신차려보니까 10시간 삭제되어있음...,5,45,True,Recommended,18380,1668738342
엘든 링,말레니아 모기 씨발련아,5,17,True,Recommended,37373,1667663773
엘든 링,마법사로 할거면 구르지 말지어다.. 안굴러도 죽이거든.. 전사로 할거면 구를지어다.. 안그럼 죽거든 활잡이로 하거든.. .. .. 아 이건 말 못하겠다 아,5,13,True,Recommended,23259,1660384185
엘든 링,1회차는 축복 다 키고 돌아다니면서 맛있었는데 2회차 들어서면 켜놓은 축복이 다 사라지면서 의욕도 같이 사라짐 300개 넘는 축복을 다 없애버리는건 너무한거 아니냐 미야자키 씨1발놈아,5,1,True,Recommended,14090,1649301385
엘든 링,알겠는가? 미켈라의 칼날 말레니아를. 알겠는가? 미켈라의 칼날 말레니아를. 알겠는가? 미켈라의 칼날 말레니아를. 알겠는가? 미켈라의 칼날 말레니아를. 알겠는가? 미켈라의 칼날 말레니아를. 알겠는가? 미켈라의 칼날 말레니아를. 알겠는가? 미켈라의 칼날 말레니아를. 알겠는가? 미켈라의 칼날 말레니아를. 알겠는가? 미켈라의 칼날 말레니아를. 알겠는가? 미켈라의 칼날 말레니아를. 알겠는가? 미켈라의 칼날 말레니아를. 알겠는가? 미켈라의 칼날 말레니아를. 알겠는가? 미켈라의 칼날 말레니아를. 알겠는가? 미켈라의 칼날 말레니아를. 알겠는가? 미켈라의 칼날 말레니아를. 알겠는가? 미켈라의 칼날 말레니아를. 알겠는가? 미켈라의 칼날 말레니아를. 알겠는가? 미켈라의 칼날 말레니아를. 알겠는가? 미켈라의 칼날 말레니아를. 알겠는가? 미켈라의 칼날 말레니아를.,5,4,True,Recommended,11315,1648271548
엘든 링,DLC 언제 나오나요,5,73,True,Recommended,178043,1647284585
엘든 링,나의 살던 고향은 꽃피는 림그레이브,5,2,True,Recommended,18841,1647059370
엘든 링,공략을 보지말라고 말씀드리고 싶네요. 모르는 세계를 모르는 대로 자유롭게 여행하세요 당신의 목적을 이루기 위해 약한 당신은 세계의 비밀을 파해쳐야합니다. 그렇게 흘러가다가 운명을 만나실겁니다. 그렇게 즐기면 참 재밌습니다. 탐험하세요 미지의 세계를,5,135,True,Recommended,13326,1646689460
엘든 링,오랜만에 정말 재미있는 미연시였습니다. 희생적인 서브 히로인부터 포상을 주는 메인 히로인까지. 몸이 반응하는 이 이세계 연애 시뮬레이션에 영혼까지 맡기십시오.,5,1,True,Recommended,22119,1646633883
엘든 링,"24일날 퇴사, 25일날 아침부터 매일매일 하루 3시간씩만 자면서 망자짓한 보람이 있다 트레일러 음악만 안들었어도, 그 미친 관악기 세션만 거기서 틀어주지 않았더라도, 프롬 특유의 어두운 서사뿐만 아니라 야망이 기다리고 있을 거라는 기대감이 불타오르지는 않았을 텐데, 음악을 들은 시점에서 마음은 아무래도 림그레이브에 가있던 모양이다 다크 소울 1의 막보스는 말할 필요도 없고, 3의 막보스는 그 모든 설정, 음악, 무브셋에 담긴 모든 의미에 감사하며 싸웠었다. 특히나 고리의 도시 막보스는 순수하게 전투가 예술이여서 울뻔했었다. 그런데 이친구는 어딘가 달랐다. 기존의 프롬 게임들에게는 기억하기 쉬운 메인 테마를 중심으로, 이를 조금씩 어레인지해서 클라이막스까지 빌드업을 계속하며 감동을 극대화시킨다는 흔한 포뮬라를 쓰지 않고, 주로 영화의 사운드트랙들이 그러하듯이 서사적인 배경과 분위기를 돋보이도록 하는 것에 초점을 맞춘 음악이 언제나 깔려있었다. 엘든링은 달랐다. 얘네가 이걸 못해서 안하는게 아니였다는걸, 하면 다 때려부술 수 있다는걸, 개쩌는 서사, 완벽한 장소, 완벽한 시점, 그리고 미친 엔트리 시네마틱 도중에 그 트랙이 치고 들어오는 바로 그 순간. 쉴새없이 이어지는 미친 전투 메카닉. 매 순간 플래시백되는 트레일러의 장면들. 점점 줄어가는 플라스크. 이 와중에도 끊임없이 귀에 흘러들어오는 미친 테마. 프롬이여 영원하라",5,43,True,Recommended,7293,1646563903
엘든 링,그럴 자격 없다 오오 그럴 자격 없다,5,20,True,Recommended,7252,1646371005
엘든 링,장점은 갓겜 단점은 개적화 NVIDIA 제어판에서 쉐이더 캐쉬 무제한 3D 설정 관리 프로그램 설정 엘든링 추가 전원 관리 모드를 최고 성능 선호 카메라 조작중 스터터링 증상 모두 사라짐..,5,487,True,Recommended,14728,1645880172
엘든 링,소울류 입문작으로 추천받아 엔딩까지 보게된 뉴비입니다! 재밌긴한데 제작자 얼굴이 궁금해지는 상황이 많았어요. 하지만 낭만있게 타도로 엔딩 봤습니다. 추천하긴 하는데 하루에 3시간씩만 할 수 있는 사람만 하시길 바랍니다. 넘어가면 스트레스 받음. 본인의 성격이 좋은 편이다 라고 생각하신 분들. 지금 바로 시작하세요. 참고로 전 노영체로 했습니다? 노영체런 추천드립니다! 스릴 넘치고 재밌어요! 그래서 엘데의 왕은 왜 된거임? 그래서 엘든링이 뭐임?,4,12,True,Recommended,6507,1763538791
엘든 링,개씨발좆같은 레다팸새끼들아 애미가 사자혼종도 아니고 진짜 존나빡치게하네,4,7,False,Not Recommended,17644,1759593555
엘든 링,추천함 플레이타임 거의 100시간 친구없음 여친없음 직장도 없음 처음에 아무것도 모르고 돌아다니는 것 마져도 재밌음 내 소울류 입문작 걍 길 가다가 갑자기 용 떨어지고 동굴 들어갔더니 개미가 있고 하늘 올랐더니 바닥이 있고 최종보스보다 개쎈 곰탱이도 나옴 야 이거 만든놈들 분명히 약했음 근데 개재밌음 게임 하다 말고 경치 쳐다보면서 와 미쳤다 이럼 내 인생에 감탄한 적 없는데 게임하다가 함 말레니아 씨 아직도 그 이름만 들으면 손에 진땀남 근데 결국 이김 엘든링은 진짜 혼나는 게임임 근데 맞으면서 배우는 그 맛이 있음 혼나기 싫으면 쌍수휼혈 빌드 추천함 삶도 이랬으면 난 지금 서울대감 약100시간 달린 빛바렌자,4,1,True,Recommended,5800,1751033821
엘든 링,개 병신 쓰레기이상성욕자 추악한 게임,4,2,False,Not Recommended,11417,1748359054
엘든 링,아니 피했잖아,4,14,True,Recommended,10705,1722090106
엘든 링,오오 그럴자격없다 오오 그럴자격없다 오오 그럴자격없다 오오 그럴자격없다 오오 그럴자격없다 오오 그럴자격없다 오오 그럴자격없다 오오 그럴자격없다 오오 그럴자격없다 오오 그럴자격없다 오오 그럴자격없다 오오 그럴자격없다 오오 그럴자격없다 오오 그럴자격없다 오오 그럴자격없다 오오 그럴자격없다 오오 그럴자격없다 오오 그럴자격없다 오오 그럴자격없다 오오 그럴자격없다 오오 그럴자격없다 오오 그럴자격없다 오오 그럴자격없다 오오 그럴자격없다 오오 그럴자격없다 오오 그럴자격없다 오오 그럴자격없다 오오 그럴자격없다 오오 그럴자격없다 오오 그럴자격없다 오오 그럴자격없다 오오 그럴자격없다 오오 그럴자격없다 오오 그럴자격없다 오오 그럴자격없다 오오 그럴자격없다 오오 그럴자격없다 오오 그럴자격없다 오오 그럴자격없다 오오 그럴자격없다 오오 그럴자격없다 오오 그럴자격없다 오오 그럴자격없다 오오 그럴자격없다 오오 그럴자격없다 오오 그럴자격없다 오오 그럴자격없다 오오 그럴자격없다 오오 그럴자격없다 오오 그럴자격없다 오오 그럴자격없다 오오 그럴자격없다 오오 그럴자격없다 오오 그럴자격없다 오오 그럴자격없다 오오 그럴자격없다 오오 그럴자격없다 오오 그럴자격없다 오오 그럴자격없다 오오 그럴자격없다 오오 그럴자격없다 오오 그럴자격없다 오오 그럴자격없다 오오 그럴자격없다 오오 그럴자격없다 오오 그럴자격없다 오오 그럴자격없다 오오 그럴자격없다 오오 그럴자격없다 오오 그럴자격없다 오오 그럴자격없다 오오 그럴자격없다 오오 그럴자격없다 오오 그럴자격없다 오오 그럴자격없다 오오 그럴자격없다 오오 그럴자격없다 오오 그럴자격없다 오오 그럴자격없다 오오 그럴자격없다 오오 그럴자격없다 오오 그럴자격없다 오오 그럴자격없다 오오 그럴자격없다 오오 그럴자격없다 오오 그럴자격없다 오오 그럴자격없다 오오 그럴자격없다 오오 그럴자격없다 오오 그럴자격없다 오오 그럴자격없다 오오 그럴자격없다 오오 그럴자격없다 오오 그럴자격없다 오오 그럴자격없다 오오 그럴자격없다 오오 그럴자격없다 오오 그럴자격없다 오오 그럴자격없다 오오 그럴자격없다 오오 그럴자격없다 오오 그럴자격없다 오오 그럴자격없다 오오 그럴자격없다 오오 그럴자격없다 오오 그럴자격없다 오오 그럴자격없다 오오 그럴자격없다 오오 그럴자격없다 오오 그럴자격없다 오오 그럴자격없다 오오 그럴자격없다 오오 그럴자격없다 오오 그럴자격없다 오오 그럴자격없다 오오 그럴자격없다 오오 그럴자격없다 오오 그럴자격없다 오오 그럴자격없다 오오 그럴자격없다 오오 그럴자격없다 오오 그럴자격없다 오오 그럴자격없다 오오 그럴자격없다 오오 그럴자격없다 오오 그럴자격없다 오오 그럴자격없다 오오 그럴자격없다 오오 그럴자격없다 오오 그럴자격없다 오오 그럴자격없다 오오 그럴자격없다 오오 그럴자격없다 오오 그럴자격없다 오오 그럴자격없다 오오 그럴자격없다 오오 그럴자격없다 오오 그럴자격없다 오오 그럴자격없다 오오 그럴자격없다 오오 그럴자격없다 오오 그럴자격없다 오오 그럴자격없다 오오 그럴자격없다 오오 그럴자격없다 오오 그럴자격없다 오오 그럴자격없다 오오 그럴자격없다 오오 그럴자격없다 오오 그럴자격없다 오오 그럴자격없다 오오 그럴자격없다 오오 그럴자격없다 오오 그럴자격없다 오오 그럴자격없다 오오 그럴자격없다 오오 그럴자격없다 오오 그럴자격없다 오오 그럴자격없다 오오 그럴자격없다 오오 그럴자격없다 오오 그럴자격없다 오오 그럴자격없다 오오 그럴자격없다 오오 그럴자격없다 오오 그럴자격없다 오오 그럴자격없다 오오 그럴자격없다 오오 그럴자격없다 오오 그럴자격없다 오오 그럴자격없다 오오 그럴자격없다 오오 그럴자격없다 오오 그럴자격없다 오오 그럴자격없다 오오 그럴자격없다 오오 그럴자격없다 오오 그럴자격없다 오오 그럴자격없다 오오 그럴자격없다 오오 그럴자격없다 오오 그럴자격없다 오오 그럴자격없다 오오 그럴자격없다 오오 그럴자격없다 오오 그럴자격없다 오오 그럴자격없다 오오 그럴자격없다 오오 그럴자격없다 오오 그럴자격없다 오오 그럴자격없다 오오 그럴자격없다 오오 그럴자격없다 오오 그럴자격없다 오오 그럴자격없다 오오 그럴자격없다 오오 그럴자격없다 오오 그럴자격없다 오오 그럴자격없다 오오 그럴자격없다 오오 그럴자격없다 오오 그럴자격없다 오오 그럴자격없다 오오 그럴자격없다 오오 그럴자격없다 오오 그럴자격없다 오오 그럴자격없다 오오 그럴자격없다 오오 그럴자격없다 오오 그럴자격없다 오오 그럴자격없다 오오 그럴자격없다 오오 그럴자격없다 오오 그럴자격없다 오오 그럴자격없다 오오 그럴자격없다 오오 그럴자격없다 오오 그럴자격없다 오오 그럴자격없다 오오 그럴자격없다 오오 그럴자격없다 오오 그럴자격없다 오오 그럴자격없다 오오 그럴자격없다 오오 그럴자격없다 오오 그럴자격없다 오오 그럴자격없다 오오 그럴자격없다 오오 그럴자격없다 오오 그럴자격없다 오오 그럴자격없다 오오 그럴자격없다 오오 그럴자격없다 오오 그럴자격없다 오오 그럴자격없다 오오 그럴자격없다 오오 그럴자격없다 오오 그럴자격없다 오오 그럴자격없다 오오 그럴자격없다 오오 그럴자격없다 오오 그럴자격없다 오오 그럴자격없다 오오 그럴자격없다 오오 그럴자격없다 오오 그럴자격없다 오오 그럴자격없다 오오 그럴자격없다 오오 그럴자격없다 오오 그럴자격없다 오오 그럴자격없다 오오 그럴자격없다 오오 그럴자격없다 오오 그럴자격없다 오오 그럴자격없다 오오 그럴자격없다 오오 그럴자격없다 오오 그럴자격없다 오오 그럴자격없다 오오 그럴자격없다 오오 그럴자격없다 오오 그럴자격없다 오오 그럴자격없다 오오 그럴자격없다 오오 그럴자격없다 오오 그럴자격없다 오오 그럴자격없다 오오 그럴자격없다 오오 그럴자격없다 오오 그럴자격없다 오오 그럴자격없다 오오 그럴자격없다 오오 그럴자격없다 오오 그럴자격없다 오오 그럴자격없다 오오 그럴자격없다 오오 그럴자격없다 오오 그럴자격없다 오오 그럴자격없다 오오 그럴자격없다 오오 그럴자격없다 오오 그럴자격없다 오오 그럴자격없다 오오 그럴자격없다 오오 그럴자격없다 오오 그럴자격없다 오오 그럴자격없다 오오 그럴자격없다 오오 그럴자격없다 오오 그럴자격없다 오오 그럴자격없다,4,7,True,Recommended,16707,1718911660
엘든 링,말레니아 잘못 만든 씨발 초딩캐릭터면 개추,4,49,True,Recommended,59391,1712934497
엘든 링,고민할 시간에 한번 더 굴러라,4,29,True,Recommended,22823,1708799816
엘든 링,이 게임의 유일한 단점은 소울라이크 게임의 최고점을 너무 높게 찍어버린 것이다.,4,26,True,Recommended,10741,1700395237
엘든 링,"누군가는 설명이, 퀘스트 유도가 없어 뭘 어떻게 해야 할지 모르겠다는 단점이 누군가에게는 홀로 미지의 세계를 탐험하고 있는 듯한 경험을 준다 우리가 정말 모르는 공간으로 떠나게 된다면 그떄의 상황은 전자인가 후자인가",4,21,True,Recommended,27606,1696671177
엘든 링,죽이고 싶은 어어엇박과 3선,4,17,True,Recommended,7610,1695141733
엘든 링,존나 어려운데 존나 재밌음,4,17,True,Recommended,671,1687949797
엘든 링,"소울류 처음 하는 뉴비 입니다.필자는 게임 불감증 2년정도 된 사람입니다 어느 게임을 해도 30분 정도를 못하고 깔짝하고 꺼버리구요. 근데 엘든링 처음하면서 공략 일부러 안보고 진짜 천천히 맵 이곳 저곳 꼼꼼하게 다 탐험하면서 하다보니 랩과 템도 어느정도 맟춰지고 소울류 특유의 다크함과 하드함에 점점 빠져 들면서 불감증이 사라졋내요 진짜 어렵지만 너무너무 재미있네요 꼭! 해보세요, 단 진짜 처음에 어려우실꺼에요 이것만 기억하세요. 적이 4대 칠때 우린 피하면서 패턴먼저 보고 한대 치는 겁니다 오래 걸려도 꼭 몇분이고 패턴 보고 한대 치세요",4,29,True,Recommended,4635,1681137553
엘든 링,안해 씨빨려나,4,4,False,Not Recommended,39,1674992672
엘든 링,오오 꺾일뻔 했다,4,22,True,Recommended,9240,1674295420
엘든 링,백면바레 근처 트리가드부터 잡고 시작해야합니다 안잡으면 게임진행 안돼요,4,1,True,Recommended,5817,1673240238
엘든 링,개미가 징그러워서 진행을 못하겠음,4,20,True,Recommended,15878,1669812264
엘든 링,"잠깐 찍어먹어 봤는데, 재미있는것 같습니다. 본격적인 재미를 느끼려면 조금 더 해봐야 될것 같네요...",4,2,True,Recommended,65914,1669763978
엘든 링,이 앞 갓겜 있다.,4,13,True,Recommended,9099,1665402058
엘든 링,"1회차로 라니 엔딩을 봤다. 2022년 초중에 구매했는데 한껏 재밌게 즐기다가, 10월 6일 아침 9시 30분경에 엔딩을 봤다. 나는 2015 2016년도에 스카이림과 위쳐3, 니어 오토마타를 미친듯이 재밌게 플레이 한 이후로, 스팀에서 멀티하는 게임이나, GTA, 전략시뮬or풋볼매니저 외에 이런 류의 RPG감성이 있는 솔로 기반 게임은 쉽사리 손대지 못하고 있었다. 그도 그럴 것이, 스카이림과 위쳐3, 그리고 니어 오토마타는 너무나도 명작이었기에, 그 후에 나온 RPG게임들중에는 나에게 만족감을 주는 게임은 거진 없었다. 그러다가 2022년 초, 대략 2년하고도 6개월정도를 소식만 듣고 기다리다가 끝내 잊고 살았던, 엘든링이 마침내 발매했고, 나는 수년간 게임불감증이 있었기에, 관심도 가지지 않았었지만, 엘든링의 압도적인 인기와 압도적인 평가에 의해, 구매하고 플레이 해보았다. 아직도 올해 초중에 이 게임을 사서 처음 림그레이브를 여행할 때의 감정이 정말 생생하게 기억난다. 어디로 가야할지 모르겠고, 무엇을 해야할지도 모르겠고, 길을 걸어다니는 몹들이 무섭고, 방대한 필드에 혼자 떠다니는 공포감, 막대한 설렘을 가져다주고, 이 게임에 백퍼센트 몰입했었던 기억이 난다. 그 몰입감은 초반 지역뿐만 아니라, 다음 지역으로 넘어갈수록 새로운 테마의 새로운 감동을 느끼며 오랜만에 몰입 이라는 감정을 느끼며 제대로 즐겁게 플레이 했다. 즉, 이 게임을 할까 말까 고민하는 분들에게는, 나는 자신있게 이 게임을 꼭 해보라고 권하고 싶다. 내게는, 아마 2018 2022 중 나온 게임에선 최고다! 라고 평하고 싶다. 그리고 마지막으로, 라니 사랑한다!!!!! 마이 디어, 이터널 퀸",4,16,True,Recommended,5170,1665018813
엘든 링,그래서 다음 작품은 언제 쯤 나오나요?,4,61,True,Recommended,77524,1664087992
엘든 링,내 인생 최고의 RPG 똥 손인 나도 소울류 게임을 즐길 수 있다니!,4,18,True,Recommended,8645,1653140935
엘든 링,오늘부로 미야자키 히데타카에 대한 지지를 철회한다. 오늘부터 지지관계에서 벗어나 미야자키 히데타카와 나는 한몸으로 일체가된다. 미야자키 히데타카에 대한 공격은 나에대한 공격으로 간주한다.,4,5,True,Recommended,20524,1650753509
엘든 링,개인 것 같지?,4,1,True,Recommended,20634,1648532886
엘든 링,피했다고 피했다고 피했다고피했다고 피했다고 피했다고피했다고 피했다고 피했다고,4,1,True,Recommended,1165,1647601933
엘든 링,나는 엘데의 진정한 왕이다,4,33,True,Recommended,7164,1647453481
엘든 링,화면이 자꾸 꺼집니다. 왜그럴까요.,4,60,False,Not Recommended,222,1646095426
엘든 링,매직링 저처럼 근접캐 키워서 생고생하지마시고 마법사를 키우세요... 마법 못 쓰는 머글들은 사람취급 못 받고 개처럼 뚜까 쳐맞습니다 흑흑,4,11,True,Recommended,7111,1646074137
엘든 링,h1 사펑을 이은 올해 최고의 거품. h1 야숨을 언급하던 오픈월드는 텅텅 비어있고 탐험은 반복적이며 별 의미도 없음. 몬스터들의 패턴은 엇박과 속공으로 도배를 해놔서 전투의 깊이감은 없어지고 불합리만 남음. 조지 마틴이랑 협업했다고해서 기대했는데 스토리는 또 니뽄식 허세만 가득했고 내용과 전개 방식도 다크 소울과 다를게 없음. 소율류의 마스터피스라고 극찬을 받았으나 누군가 소울류를 해보고 싶다고하면 다크소울3를 추천하지 이 겜을 추천하진 않을듯. 엘든 링은 프롬과 다크소울의 팬들을 위한 그들만의 만찬 그 이상 그 이하도 아님.,4,47,False,Not Recommended,3522,1645882963
엘든 링,"h1 PC판 포팅 담당한 새끼 누구냐 주소까라 h1 1시간 반 진행했습니다. 미리 응니컴 시전할까봐 사양 먼저 공개함. ddr4 램 32기가, RTX3080, I7 10700K 입니다. 장점만 짧게 훑을게요 b 장점 b 기본적인 게임플레이와 수려한 풍경은 보장함 역시 아트디자인 원툴회사. 나름 스페셜 무브랑 가드 카운터 같은 독특한 기믹이 생김 그리고 양손잡기 무기가 단순 무브만 바꾸거나 무기 드는 커트라인 땜빵용이 아닌 방패든놈 상대로 더 좋다는 소소한 시너지가 생김 이제 단점 들어간다 딱대 b 단점 b b 진짜 포팅 담당한새끼 나와라 누구냐 b 전 일단 닥소2 스콜라 오브 더 퍼스트신을 엔딩은 못봤지만 그래도 나름 불사자의 묘지까진 갔었음 그것도 키마로 일단 키마조작의 불편함은 전작 소울 본가랑 거의 비슷함. 문제는 이 키마 조작감이 정말 더럽다는 점입니다. 익숙해지지 않으면 진짜 답답한 부분이 있지만 스콜라 PC판 기준으론 조작감은 타게팅이 o에 할당된 병신같은 배치 제외하면 비교적 직관적인 공격 전투 메카닉이 있습니다. 예를 들어볼게요 왼손은 왼클릭, 오른손은 오른클릭. 그리고 각 손의 강공격 포지션은 더블클릭으로 할당되있습니다. 그리고 그게 컨트롤? 인가를 누르면서도 할수있어서 손이 꼬이더라도 내가 더 맞는 키를 찾아간다는 느낌으로 초반 좀 고생하면 적응은 충분히 가능합니다. 근데 이거는 이제 이놈아의 점프랑 앉기가 새롭게 추가되었다고 키배치 일부가 바뀌었는데 문제는 왼손과 오른손이라는 그 직관적인 마우스 할당을 반대로 해놔서 엿을 줍니다. 네 왼손에 방패가 있어도 우클릭으로 쳐막아야 합니다. 아주 병신같아요 진짜. 물론 이건 사람마다 다른부분은 있다고 보는데 핵심은 이거에요. 내가 전작만 해봤어도 키배치를 금방 적응할수 있냐 없냐요. 스탠스 변경을 볼까요? 닥소2의 원버튼 양손잡기 폼의 변경이 아닌 약공을 클릭하게 하는 기괴한 배치를 선보입니다. 이건 뭐 패드도 똑같아서 헷갈리는 분들 많을듯. 근데 이것들 마지막 소울라이크 낸지 거진 6년? 7년만에 나온 신작인데 제일 좆같은 점을 읊어보죠 b 포팅담당자 씨112팔새끼야 키마용 UI를 아직도 안쳐만들었냐? b 프롬 소프트웨어는 다크소울1 최초 출시이래 거의 11년 동안 키보드 마우스 배치에 대한 UI를 제대로 만든적이 없습니다. 말이 되나요? 내가 PC로 샀던, 콘솔로 샀던 패드를 꼽았음을 기준으로만 UI를 배치해서 패드 버튼만 보입니다. 다크소울로만 봐도 3편이 2016년에 나왔는데 그때도 똑같이 키마로 게임하려면 esc 눌러서 설정 찾아가서 키배치 하나씩 봤어야 했죠? 똑같아요. 대체 내부 개발진중 키보드랑 마우스로 테스트하는 인원이 있기는 한겁니까? 그리고 스콜라 하면서 체감 졸라게 되던 마우스 살짝 돌릴때 가속되듯이 마우스 시점 조작감도가 너어어어어무 빨라서 미끄러지는거? 그대로 있습니다. 문제는 b 이 씨12발 좉같은 개적화로 스터터링과 프레임 하락이 콜라보를 일으키면 엄청난 멀미를 유발한다는 것입니다. b 일단 1번 결론. 키마로 절대 하지마세요. 이건 패치해서 개선할거같지도 않음 그러면 이쯤에서 이런말이 있을수 있음 왜 키마로 했음? 원래 프롬겜은 키마로 하는거아니야 맞는말입니다. 인정해요. 사실 전 키마로 할생각이 없었어요. 왜냐면 h2 이 애1미뒤진 포팅 담당 새끼들이 무선 시리즈 X 패드는 인식과 작동을 못하게 해놨습니다 씨빨!!!!! h2 제가 게임패드를 선호하는 스타일의 플레이어는 아니지만 게임패스 게임이라던가 심지어 갓오브워? 그런것들 다 패드로 해왔습니다. 시리즈 X패드 지금까지 아무런 문제없이 인식 정말 잘되었구요. 그런데 이게임은 안됩니다. 무선 블루투스 패드라는 이유만으로 인식하지 않아요. 전 처음에 배터리가 떨어졌나 했어요. 근데 엑스박스 패드 전원버튼 누르면 엑스박스 오버레이는 뜨더군요. 어처구니가 없어 포기하고 키마로 하려는데 혹시나해서 만져보니 놀라운 사실을 알게되었습니다. h3 이 병신같은 게임이 무선 블루투스 패드로 인식하는 것은 스틱의 기울임 뿐입니다. h3 네 L스틱 R스틱 기울임 만 이요 이 씨발 대체 테스트하고 통과시킨새끼 누굽니까? 전번이랑 주소 까십쇼 제발 최적화요? 이미 말이 많으니 짧게 말할게요. 진짜 씨1발 병신같아요 아까 상기한 상태로 기본 높음 세팅에 QHD에서 화면 살짝씩만 돌려도 렉이 두 둗두둑 프레임이 두루루루룩 마우스로 한번 흔들면 파노라마가 펼쳐져서 당신의 뇌에 혼돈을 당신의 위장을 둠칫둠칫해서 오늘 아침에 먹은걸 다시 상기시켜 줄것입니다. 개 쓰레기 같아요. 테스트를 해본수준이 아니라 그냥 알파빌드를 출시한 느낌임 그럼 전체적인 키배치야 씹망이고 최적화 박았고 조작감은 위에 이야기 했지만 덧붙이자면 키마 기준 막기와 가드카운터 절대 원하는 타이밍에 쓰기 어렵구요. 구르기? 검사기준 스페이스바 누르고 체감 0.2 0.3초에 구릅니다. 인풋렉이 느껴져요 시1발 심지어 어떻게 맞게 눌러도 지멋대로 두번씩 눌릴때도 있음 레전드임 걍. 패링 느낌도 이게 왜 안되냐 시1발 할정도로 쓸데없이 빡빡해짐. 검사 레더쉴드로도 짜증났음 자 그러면 진짜 소신발언 하겠음 이쯤에서 이건 호불호 영역일수 있음 h2 오픈월드 게임과 다크소울 두마리를 잡으려다 둘다 놓쳤습니다. h2 수려하고 장대한 오픈월드. 느낌은 좋습니다. 탐험의 재미는 있을 가능성이 보여요. 근데 거기까지에요. 처음 백면 바레 새끼를 무지성 폭행해서 적대화된 npc 와 뜬금 맞짱을 뜨는 것을 예로들게요. 튜토리얼 구역 벗어나자마자 처음 만나는 제대로된 npc인데 적대할경우 전작들처럼 싸우게 됩니다. 그런데 거기서 죽을경우 가장 가까운데서 부활하면은 b 백면바레 코앞에서 부활합니다. b 최소한의 안전구역에서 재정비하고 다른 무장을 들어보고 할 새도 없어요. 일단 거기서 이상하다는 느낌을 받게됩니다. 그리고 오픈 필드에 몹들이 배치되어있는 장소가 있는데 그 장소들도 하자가 많습니다. 아무래도 오픈월드다 보니 제한적인 맵 구역을 밀도있게 배치해서 상대적으로 적을 따돌리기가 어려웠던 소울시리즈 전작들과 달리 광활할만치 넓은 땅덩어리라는 느낌이다보니 적들이 밀집된 구역에서 발각되거나 애드가 나도 체감 150미터 조금 넘게 달리면 적들이 그냥 돌아갑니다. 뻔히 주인공이 튀는걸 보면서도 AI 한계상 추격 범위를 줄여놨거든요. 근데 일반적으로 오픈월드 게임에서 발각된 상태에서 주의 혹은 경계라는 중간단계로 돌아갔다가 꽤 지났다가 다시 원상태로 돌아가잖아요? 이새끼들은 그냥 주인공이 인식범위 밖이면 그대로 줄지어서 걸어서 제자리로 돌아갑니다. 순찰경로의 루틴도 그냥 거의 제자리에서 5보 10보 수준이고 의미가 없어요. 공략을 해야하는데 유기적으로 움직여서 암살을 시도할때 유도를 해서 동선 루틴을 꼬아본다던가 그런게 없습니다. 특정아이템이 있지 않는한 얘네는 자기들 고정된 구역에서 움직이지 않아요. 변수고 뭐고가 없음. 그렇다고 발각되면 무조건 안좋냐? 좁아터진 실내의 던전이 아니라면 아무 문제가 안됩니다. 그냥 한두놈 죽이고 위험하다 싶으면 걍 멀리까지 뛰어가면 죽은놈들은 죽은채로 나머지 애들만 다시 머저리같이 제자리로 돌아가요. 한마디로 필드 진행이 어려우면 한놈 두놈 죽이다 발각되면 멀리까지 뛰어가서 초기화하고 또 죽이고를 반복할수 있습니다. 정말 멍청한 설계에요. 특히 엉망진창이라고 느꼈던게 통상적으로 4번째 축복으로 찍게되는 멜리나를 만나는 성문 앞? 그쪽에서 축복을 찍고 나오는순간 방금까지 그런식으로 잡았던 몹들이 죄다 다시 스폰되어있습니다. 근데 그 축복이랑 거리는 단 10미터도 되지않아요. 그러면 다시 암살하고 적당히 도망가서 어그로 초기화하고 축복와서 레벨링 하는 짓거리가 가능합니다. 무슨 의미가 있죠 이게? 솔직히 더 파보고 뭔가 진지하게 더 임하고 싶었는데 상기한 단점들이 콜라보를 일으키고 키마조작감 특유의 카메라 무빙속도와 스터터링 콜라보로 제 나름 하프라이프 제외하면 3D멀미에 뻗지도 않을만큼 3D멀미 내성이 있었는데 도저히 어지러워서 못하겠어서 껐습니다. 수년만의 프롬소프트웨어의 신작? 충분히 더 좋게될 가능성이 보여요. 그런데 지금은 아닙니다. 나중에라도 많은 개선이 이뤄진다면 다시 살수 있겠지만 전 여기까지 입니다. 더는 못참겠어요. 단지 콘솔이 없다는 이유만으로 사양이 월등히 높은 PC유저가 항상 2등시민 3등시민 취급을 받아야만 하는지, 그리고 무선 패드와 같은 대중적인 조작장치에 대한 호환성 검증조차 안했는지 운좋게 저는 안걸렸지만 그놈의 이지 안티치트를 급하게 포팅한 결과물이 고작 그것뿐이었는지? 게임성적인 측면은 약간의 미흡한 설계는 있지만 개선의 여지가 가능하지만 나머지는 패치가 되기전까진 플레이 불가라고 판단됩니다. 대체 왜 이런게임을 97점 95점을 줬는지 알수가 없네요 평론가 느그들은 미래에 패치 다된버전으로 하셨었나 보네요? h1 앞으로 평론가 평 거릅니다 씨발거 칵퉤. h1 환불 걸었는데 빨리되면 좋겠다.",4,33,False,Not Recommended,88,1645802911
엘든 링,"내가 엘든링을 샀지 , 스터터링을 샀냐? 프롬이 아니고 시발롬 이었네",4,2,False,Not Recommended,478,1645779131
엘든 링,아이씨발련들아 겜실행이 안되잖아,4,3,False,Not Recommended,250,1645761305
엘든 링,이 앞 엘든링?엘든링?엘든링?엘든링?엘든링?엘든링?엘든링?엘든링?엘든링?엘든링?엘든링?엘든링?엘든링?엘든링?엘든링?엘든링?엘든링?엘든링?엘든링?엘든링?엘든링?엘든링?엘든링?엘든링?엘든링?엘든링?엘든링?엘든링?엘든링?엘든링?엘든링?엘든링?엘든링? 있다 따라서 갓겜 있음,4,3,True,Recommended,11262,1645752667
엘든 링,다들 갓겜이라고 하긴 하는데 내생각은 좀 다름 전투가 불합리한 보스들도 몇몇 있고 공략없이 끝까지 클리어하는데는 문제도 많고 불편함도 많음 무기나 갑옷 찾는것도 너무 샅샅이 뒤져야 하고 결국 노가다와 피지컬로 깨기는 했는데 시간이 좀 아까웠음 그래도 내가 해냄,3,4,False,Not Recommended,5958,1759375059
엘든 링,"이 게임은 그냥 다 좃같다. 유저 편의성은 개나 던져줬다. 우선적으로 게임 시작하자 만나는 트리가드. 씨발 이새끼를 잡고 가야하는 줄 알았더니 그냥 무시하고 가도 되네? 그런데 무시하고 가도 멀기트를 만나서 또 좌절돼. 초반에 개 씹 사기 보스들을 진열해놓고 뉴비들보고 깨라고 하는 거라고. 그런데 원래 루트는 얘네들 그냥 무시하고 흐느낌의 반도 찍고 렙업하고 무기 스펙업하고 와야돼. 그런데 그걸 사전에 밀리 알려주는 게 아무것도 없어. 영체라는 시스템도 개같이 누가 교회에서 밤까지 기다릴 생각을 해? 공략을 보면 게임을 할 수 없게 만들어놨잖아 미친새끼들아 게임 조작감도 병신임. 패드게임이라고 해도 컴퓨터용으로 내놨으면 키보드 편의성을 맞췄어야지. 오히려 편의성 좃같이 만듬. 아니 왜 점프키랑 달리기를 같이 붙여놈? 게임 조작 병신같이 만들어서 일부러 플레이 시간 길게 만들려고 그런거 다 알고 있다. 창모드로 하면 마우스가 밖으로 나가서 화면 꺼지는 병신같은 사태도 계속 벌어지고, 벽에 가까이 붙으면 시야가 좃돼서 뒤지고, 현실감 준다고 피격박스를 다 범위로 만들어 놨는데 보스란 새끼들은 지랄 염병나서 사방으로 튀어다니는 통에 패링도 제대로 안됨. 이 씨발 병신같은 토렌트 말새끼는 그냥 맵 이동용으로 줬으면서 정작 엄청 넓고 중요한 곳에서는 못쓰게 만들어 놈. 그냥 돈주고 스트레스 받는 쓰레기를 샀다. 프롬 소프트는 망해야 하는 회사다. 그래야 다시는 이런 게임이 세상에 안나오지 씨발",3,5,False,Not Recommended,8046,1754233352
엘든 링,말레니아 전과 후로 난이도가 확 달라지는 게임. 부패 똥방구 그년을 잡고 나면 모든 보스가 할만하게 느껴짐,3,8,True,Recommended,17061,1753249821
엘든 링,튕기고튕기고튕기고튕기고튕기고튕기고튕기고튕기고튕기고튕기고튕기고튕기고튕기고튕기고튕기고튕기고튕기고튕기고튕기고튕기고튕기고튕기고튕기고튕기고튕기고튕기고튕기고튕기고튕기고튕기고튕기고튕기고튕기고튕기고튕기고튕기고튕기고튕기고튕기고튕기고튕기고튕기고튕기고튕기고튕기고튕기고튕기고튕기고튕기고튕기고튕기고튕기고,3,1,False,Not Recommended,19957,1751343657
엘든 링,야이 씨발 좆게이 라단 이걸 꺠라고 만든거임? 3회차 가니까 이기지도 못하겠네 굴렀잖아 피했잖아 이씨발 2페이지 가니까 뭐 퍼버버버벙 징징징지 이 퍼엉 이지라라 떠는데 아 개좆같네 굴렀잖아 피했잖아 굴렀잖아 피했잖아 굴렀잖아 피했잖아 굴렀잖아 피했잖아 굴렀잖아 피했잖아 굴렀잖아 피했잖아 굴렀잖아 피했잖아 굴렀잖아 피했잖아 굴렀잖아 피했잖아 굴렀잖아 피했잖아 굴렀잖아 피했잖아 굴렀잖아 피했잖아 굴렀잖아 피했잖아 굴렀잖아 피했잖아 굴렀잖아 피했잖아 굴렀잖아 피했잖아 굴렀잖아 피했잖아 굴렀잖아 피했잖아 굴렀잖아 피했잖아 굴렀잖아 피했잖아 굴렀잖아 피했잖아 굴렀잖아 피했잖아 굴렀잖아 피했잖아 굴렀잖아 피했잖아 굴렀잖아 피했잖아 굴렀잖아 피했잖아 굴렀잖아 피했잖아 굴렀잖아 피했잖아 굴렀잖아 피했잖아 굴렀잖아 피했잖아 굴렀잖아 피했잖아 굴렀잖아 피했잖아 굴렀잖아 피했잖아 굴렀잖아 피했잖아 굴렀잖아 피했잖아 굴렀잖아 피했잖아 굴렀잖아 피했잖아 굴렀잖아 피했잖아 굴렀잖아 피했잖아 굴렀잖아 피했잖아 굴렀잖아 피했잖아 굴렀잖아 피했잖아 굴렀잖아 피했잖아 굴렀잖아 피했잖아 굴렀잖아 피했잖아 굴렀잖아 피했잖아 굴렀잖아 피했잖아 굴렀잖아 피했잖아 굴렀잖아 피했잖아 굴렀잖아 피했잖아 굴렀잖아 피했잖아 굴렀잖아 피했잖아 굴렀잖아 피했잖아 굴렀잖아 피했잖아 굴렀잖아 피했잖아 굴렀잖아 피했잖아 굴렀잖아 피했잖아 굴렀잖아 피했잖아 굴렀잖아 피했잖아 굴렀잖아 피했잖아 굴렀잖아 피했잖아 굴렀잖아 피했잖아 굴렀잖아 피했잖아 굴렀잖아 피했잖아 굴렀잖아 피했잖아 굴렀잖아 피했잖아 굴렀잖아 피했잖아 굴렀잖아 피했잖아 굴렀잖아 피했잖아 굴렀잖아 피했잖아 굴렀잖아 피했잖아 굴렀잖아 피했잖아 굴렀잖아 피했잖아 굴렀잖아 피했잖아 굴렀잖아 피했잖아 굴렀잖아 피했잖아 굴렀잖아 피했잖아 굴렀잖아 피했잖아 굴렀잖아 피했잖아 굴렀잖아 피했잖아 굴렀잖아 피했잖아 굴렀잖아 피했잖아 굴렀잖아 피했잖아 굴렀잖아 피했잖아 굴렀잖아 피했잖아 굴렀잖아 피했잖아 굴렀잖아 피했잖아 굴렀잖아 피했잖아 굴렀잖아 피했잖아 굴렀잖아 피했잖아 굴렀잖아 피했잖아 굴렀잖아 피했잖아 굴렀잖아 피했잖아 굴렀잖아 피했잖아 굴렀잖아 피했잖아 굴렀잖아 피했잖아 굴렀잖아 피했잖아 굴렀잖아 피했잖아 굴렀잖아 피했잖아 굴렀잖아 피했잖아 굴렀잖아 피했잖아 굴렀잖아 피했잖아 굴렀잖아 피했잖아 굴렀잖아 피했잖아 굴렀잖아 피했잖아 굴렀잖아 피했잖아 굴렀잖아 피했잖아 굴렀잖아 피했잖아 굴렀잖아 피했잖아 굴렀잖아 피했잖아 굴렀잖아 피했잖아 굴렀잖아 피했잖아 굴렀잖아 피했잖아 굴렀잖아 피했잖아 굴렀잖아 피했잖아 굴렀잖아 피했잖아 굴렀잖아 피했잖아 굴렀잖아 피했잖아 굴렀잖아 피했잖아 굴렀잖아 피했잖아 굴렀잖아 피했잖아 굴렀잖아 피했잖아 굴렀잖아 피했잖아 굴렀잖아 피했잖아 굴렀잖아 피했잖아 굴렀잖아 피했잖아 굴렀잖아 피했잖아 굴렀잖아 피했잖아 굴렀잖아 피했잖아 굴렀잖아 피했잖아 굴렀잖아 피했잖아 굴렀잖아 피했잖아 굴렀잖아 피했잖아 굴렀잖아 피했잖아 굴렀잖아 피했잖아 굴렀잖아 피했잖아 굴렀잖아 피했잖아 굴렀잖아 피했잖아 굴렀잖아 피했잖아 굴렀잖아 피했잖아 굴렀잖아 피했잖아 굴렀잖아 피했잖아 굴렀잖아 피했잖아 굴렀잖아 피했잖아 굴렀잖아 피했잖아 굴렀잖아 피했잖아 굴렀잖아 피했잖아 굴렀잖아 피했잖아 굴렀잖아 피했잖아 굴렀잖아 피했잖아 굴렀잖아 피했잖아 굴렀잖아 피했잖아 굴렀잖아 피했잖아 굴렀잖아 피했잖아 굴렀잖아 피했잖아 굴렀잖아 피했잖아 굴렀잖아 피했잖아 굴렀잖아 피했잖아 굴렀잖아 피했잖아 굴렀잖아 피했잖아 굴렀잖아 피했잖아 굴렀잖아 피했잖아 굴렀잖아 피했잖아 굴렀잖아 피했잖아 굴렀잖아 피했잖아 굴렀잖아 피했잖아 굴렀잖아 피했잖아 굴렀잖아 피했잖아 굴렀잖아 피했잖아 굴렀잖아 피했잖아 굴렀잖아 피했잖아 굴렀잖아 피했잖아 굴렀잖아 피했잖아 굴렀잖아 피했잖아 굴렀잖아 피했잖아 굴렀잖아 피했잖아 굴렀잖아 피했잖아 굴렀잖아 피했잖아 굴렀잖아 피했잖아 굴렀잖아 피했잖아 굴렀잖아 피했잖아 굴렀잖아 피했잖아 굴렀잖아 피했잖아 굴렀잖아 피했잖아 굴렀잖아 피했잖아 굴렀잖아 피했잖아 굴렀잖아 피했잖아 굴렀잖아 피했잖아 굴렀잖아 피했잖아 굴렀잖아 피했잖아 굴렀잖아 피했잖아 굴렀잖아 피했잖아 굴렀잖아 피했잖아 굴렀잖아 피했잖아 굴렀잖아 피했잖아 굴렀잖아 피했잖아 굴렀잖아 피했잖아 굴렀잖아 피했잖아 굴렀잖아 피했잖아 굴렀잖아 피했잖아 굴렀잖아 피했잖아 굴렀잖아 피했잖아 굴렀잖아 피했잖아 굴렀잖아 피했잖아 굴렀잖아 피했잖아 굴렀잖아 피했잖아 굴렀잖아 피했잖아 굴렀잖아 피했잖아 굴렀잖아 피했잖아 굴렀잖아 피했잖아 굴렀잖아 피했잖아 굴렀잖아 피했잖아 굴렀잖아 피했잖아 굴렀잖아 피했잖아 굴렀잖아 피했잖아 굴렀잖아 피했잖아 굴렀잖아 피했잖아 굴렀잖아 피했잖아 굴렀잖아 피했잖아 굴렀잖아 피했잖아 굴렀잖아 피했잖아 굴렀잖아 피했잖아 굴렀잖아 피했잖아 굴렀잖아 피했잖아 굴렀잖아 피했잖아 굴렀잖아 피했잖아 굴렀잖아 피했잖아 굴렀잖아 피했잖아 굴렀잖아 피했잖아 굴렀잖아 피했잖아 굴렀잖아 피했잖아 굴렀잖아 피했잖아 굴렀잖아 피했잖아 굴렀잖아 피했잖아 굴렀잖아 피했잖아 굴렀잖아 피했잖아 굴렀잖아 피했잖아 굴렀잖아 피했잖아 굴렀잖아 피했잖아 굴렀잖아 피했잖아 굴렀잖아 피했잖아 굴렀잖아 피했잖아 굴렀잖아 피했잖아 굴렀잖아 피했잖아 굴렀잖아 피했잖아 굴렀잖아 피했잖아 굴렀잖아 피했잖아 굴렀잖아 피했잖아 굴렀잖아 피했잖아 굴렀잖아 피했잖아 굴렀잖아 피했잖아 굴렀잖아 피했잖아 굴렀잖아 피했잖아 굴렀잖아 피했잖아 굴렀잖아 피했잖아 굴렀잖아 피했잖아 굴렀잖아 피했잖아 굴렀잖아 피했잖아 굴렀잖아 피했잖아 굴렀잖아 피했잖아 굴렀잖아 피했잖아 굴렀잖아 피했잖아 굴렀잖아 피했잖아 굴렀잖아 피했잖아 굴렀잖아 피했잖아 굴렀잖아 피했잖아 굴렀잖아 피했잖아 굴렀잖아 피했잖아 굴렀잖아 피했잖아 굴렀잖아 피했잖아 굴렀잖아 피했잖아 굴렀잖아 피했잖아 굴렀잖아 피했잖아 굴렀잖아 피했잖아 굴렀잖아 피했잖아 굴렀잖아 피했잖아 굴렀잖아 피했잖아 굴렀잖아 피했잖아 굴렀잖아 피했잖아 굴렀잖아 피했잖아 굴렀잖아 피했잖아 굴렀잖아 피했잖아 굴렀잖아 피했잖아 굴렀잖아 피했잖아 굴렀잖아 피했잖아 굴렀잖아 피했잖아 굴렀잖아 피했잖아 굴렀잖아 피했잖아 굴렀잖아 피했잖아 굴렀잖아 피했잖아 굴렀잖아 피했잖아 굴렀잖아 피했잖아 굴렀잖아 피했잖아 굴렀잖아 피했잖아 굴렀잖아 피했잖아 굴렀잖아 피했잖아 굴렀잖아 피했잖아 굴렀잖아 피했잖아 굴렀잖아 피했잖아 굴렀잖아 피했잖아 굴렀잖아 피했잖아 굴렀잖아 피했잖아 굴렀잖아 피했잖아 굴렀잖아 피했잖아 굴렀잖아 피했잖아 굴렀잖아 피했잖아 굴렀잖아 피했잖아 굴렀잖아 피했잖아 굴렀잖아 피했잖아 굴렀잖아 피했잖아 굴렀잖아 피했잖아 굴렀잖아 피했잖아 굴렀잖아 피했잖아 굴렀잖아 피했잖아 굴렀잖아 피했잖아 굴렀잖아 피했잖아 굴렀잖아 피했잖아 굴렀잖아 피했잖아 굴렀잖아 피했잖아 굴렀잖아 피했잖아 굴렀잖아 피했잖아 굴렀잖아 피했잖아 굴렀잖아 피했잖아 굴렀잖아 피했잖아 굴렀잖아 피했잖아 굴렀잖아 피했잖아 굴렀잖아 피했잖아 굴렀잖아 피했잖아 굴렀잖아 피했잖아 굴렀잖아 피했잖아 굴렀잖아 피했잖아 굴렀잖아 피했잖아 굴렀잖아 피했잖아 굴렀잖아 피했잖아 굴렀잖아 피했잖아 굴렀잖아 피했잖아 굴렀잖아 피했잖아 굴렀잖아 피했잖아 굴렀잖아 피했잖아 굴렀잖아 피했잖아 굴렀잖아 피했잖아 굴렀잖아 피했잖아 굴렀잖아 피했잖아 굴렀잖아 피했잖아 굴렀잖아 피했잖아 굴렀잖아 피했잖아 굴렀잖아 피했잖아 굴렀잖아 피했잖아 굴렀잖아 피했잖아 굴렀잖아 피했잖아 굴렀잖아 피했잖아 굴렀잖아 피했잖아 굴렀잖아 피했잖아 굴렀잖아 피했잖아 굴렀잖아 피했잖아 굴렀잖아 피했잖아 굴렀잖아 피했잖아 굴렀잖아 피했잖아 굴렀잖아 피했잖아 굴렀잖아 피했잖아 굴렀잖아 피했잖아 굴렀잖아 피했잖아 굴렀잖아 피했잖아 굴렀잖아 피했잖아 굴렀잖아 피했잖아 굴렀잖아 피했잖아 굴렀잖아 피했잖아 굴렀잖아 피했잖아 굴렀잖아 피했잖아 굴렀잖아 피했잖아 굴렀잖아 피했잖아 굴렀잖아 피했잖아 굴렀잖아 피했잖아 굴렀잖아 피했잖아 굴렀잖아 피했잖아 굴렀잖아 피했잖아 굴렀잖아 피했잖아 굴렀잖아 피했잖아 굴렀잖아 피했잖아 굴렀잖아 피했잖아 굴렀잖아 피했잖아 굴렀잖아 피했잖아 굴렀잖아 피했잖아 굴렀잖아 피했잖아 굴렀잖아 피했잖아 굴렀잖아 피했잖아 굴렀잖아 피했잖아 굴렀잖아 피했잖아 굴렀잖아 피했잖아 굴렀잖아 피했잖아 굴렀잖아 피했잖아 굴렀잖아 피했잖아 굴렀잖아 피했잖아 굴렀잖아 피했잖아 굴렀잖아 피했잖아 굴렀잖아 피했잖아 굴렀잖아 피했잖아 굴렀잖아 피했잖아 굴렀잖아 피했잖아 굴렀잖아 피했잖아 굴렀잖아 피했잖아 굴렀잖아 피했잖아 굴렀잖아 피했잖아 굴렀잖아 피했잖아 굴렀잖아 피했잖아 굴렀잖아 피했잖아 굴렀잖아 피했잖아 굴렀잖아 피했잖아 굴렀잖아 피했잖아 굴렀잖아 피했잖아 굴렀잖아 피했잖아 굴렀잖아 피했잖아 굴렀잖아 피했잖아 굴렀잖아 피했잖아 굴렀잖아 피했잖아 굴렀잖아 피했잖아 굴렀잖아 피했잖아 굴렀잖아 피했잖아 굴렀잖아 피했잖아 굴렀잖아 피했잖아 굴렀잖아 피했잖아 굴렀잖아 피했잖아 굴렀잖아 피했잖아 굴렀잖아 피했잖아 굴렀잖아 피했잖아 굴렀잖아 피했잖아 굴렀잖아 피했잖아 굴렀잖아 피했잖아 굴렀잖아 피했잖아 굴렀잖아 피했잖아 굴렀잖아 피했잖아 굴렀잖아 피했잖아 굴렀잖아 피했잖아 굴렀잖아 피했잖아 굴렀잖아 피했잖아 굴렀잖아 피했잖아 굴렀잖아 피했잖아 굴렀잖아 피했잖아 굴렀잖아 피했잖아 굴렀잖아 피했잖아 굴렀잖아 피했잖아 굴렀잖아 피했잖아 굴렀잖아 피했잖아 굴렀잖아 피했잖아 굴렀잖아 피했잖아 굴렀잖아 피했잖아 굴렀잖아 피했잖아 굴렀잖아 피했잖아 굴렀잖아 피했잖아 굴렀잖아 피했잖아 굴렀잖아 피했잖아 굴렀잖아 피했잖아 굴렀잖아 피했잖아 굴렀잖아 피했잖아 굴렀잖아 피했잖아 굴렀잖아 피했잖아 굴렀잖아 피했잖아 굴렀잖아 피했잖아 굴렀잖아 피했잖아 굴렀잖아 피했잖아 굴렀잖아 피했잖아 굴렀잖아 피했잖아 굴렀잖아 피했잖아 굴렀잖아 피했잖아 굴렀잖아 피했잖아 굴렀잖아 피했잖아 굴렀잖아 피했잖아 굴렀잖아 피했잖아 굴렀잖아 피했잖아 굴렀잖아 피했잖아 굴렀잖아 피했잖아 굴렀잖아 피했잖아 굴렀잖아 피했잖아 굴렀잖아 피했잖아 굴렀잖아 피했잖아 굴렀잖아 피했잖아 굴렀잖아 피했잖아 굴렀잖아 피했잖아 굴렀잖아 피했잖아 굴렀잖아 피했잖아 굴렀잖아 피했잖아 굴렀잖아 피했잖아 굴렀잖아 피했잖아 굴렀잖아 피했잖아 굴렀잖아 피했잖아 굴렀잖아 피했잖아 굴렀잖아 피했잖아 굴렀잖아 피했잖아 굴렀잖아 피했잖아 굴렀잖아 피했잖아 굴렀잖아 피했잖아 굴렀잖아 피했잖아 굴렀잖아 피했잖아 굴렀잖아 피했잖아 굴렀잖아 피했잖아 굴렀잖아 피했잖아 굴렀잖아 피했잖아 굴렀잖아 피했잖아 굴렀잖아 피했잖아 굴렀잖아 피했잖아 굴렀잖아 피했잖아 굴렀잖아 피했잖아 굴렀잖아 피했잖아 굴렀잖아 피했잖아 굴렀잖아 피했잖아 굴렀잖아 피했잖아 굴렀잖아 피했잖아 굴렀잖아 피했잖아 굴렀잖아 피했잖아 굴렀잖아 피했잖아 굴렀잖아 피했잖아 굴렀잖아 피했잖아 굴렀잖아 피했잖아 굴렀잖아 피했잖아 굴렀잖아 피했잖아 굴렀잖아 피했잖아 굴렀잖아 피했잖아 굴렀잖아 피했잖아 굴렀잖아 피했잖아 굴렀잖아 피했잖아 굴렀잖아 피했잖아 굴렀잖아 피했잖아 굴렀잖아 피했잖아 굴렀잖아 피했잖아 굴렀잖아 피했잖아 굴렀잖아 피했잖아 굴렀잖아 피했잖아 굴렀잖아 피했잖아 굴렀잖아 피했잖아 굴렀잖아 피했잖아 굴렀잖아 피했잖아 굴렀잖아 피했잖아 굴렀잖아 피했잖아 굴렀잖아 피했잖아 굴렀잖아 피했잖아 굴렀잖아 피했잖아 굴렀잖아 피했잖아 굴렀잖아 피했잖아 굴렀잖아 피했잖아 굴렀잖아 피했잖아 굴렀잖아 피했잖아 굴렀잖아 피했잖아 굴렀잖아 피했잖아 굴렀잖아 피했잖아 굴렀잖아 피했잖아 굴렀잖아 피했잖아 굴렀잖아 피했잖아 굴렀잖아 피했잖아 굴렀잖아 피했잖아 굴렀잖아 피했잖아 굴렀잖아 피했잖아 굴렀잖아 피했잖아 굴렀잖아 피했잖아 굴렀잖아 피했잖아 굴렀잖아 피했잖아 굴렀잖아 피했잖아 굴렀잖아 피했잖아 굴렀잖아 피했잖아 굴렀잖아 피했잖아 굴렀잖아 피했잖아 굴렀잖아 피했잖아 굴렀잖아 피했잖아 굴렀잖아 피했잖아 굴렀잖아 피했잖아 굴렀잖아 피했잖아 굴렀잖아 피했잖아 굴렀잖아 피했잖아 굴렀잖아 피했잖아 굴렀잖아 피했잖아 굴렀잖아 피했잖아 굴렀잖아 피했잖아 굴렀잖아 피했잖아 굴렀잖아 피했잖아 굴렀잖아 피했잖아 굴렀잖아 피했잖아 굴렀잖아 피했잖아 굴렀잖아 피했잖아 굴렀잖아 피했잖아 굴렀잖아 피했잖아 굴렀잖아 피했잖아 굴렀잖아 피했잖아 굴렀잖아 피했잖아 굴렀잖아 피했잖아 굴렀잖아 피했잖아 굴렀잖아 피했잖아 굴렀잖아 피했잖아 굴렀잖아 피했잖아 굴렀잖아 피했잖아 굴렀잖아 피했잖아 굴렀잖아 피했잖아 굴렀잖아 피했잖아 굴렀잖아 피했잖아 굴렀잖아 피했잖아 굴렀잖아 피했잖아 굴렀잖아 피했잖아 굴렀잖아 피했잖아 굴렀잖아 피했잖아 굴렀잖아 피했잖아 굴렀잖아 피했잖아 굴렀잖아 피했잖아 굴렀잖아 피했잖아 굴렀잖아 피했잖아 굴렀잖아 피했잖아 굴렀잖아 피했잖아 굴렀잖아 피했잖아 굴렀잖아 피했잖아 굴렀잖아 피했잖아 굴렀잖아 피했잖아 굴렀잖아 피했잖아 굴렀잖아 피했잖아 굴렀잖아 피했잖아 굴렀잖아 피했잖아 굴렀잖아 피했잖아 굴렀잖아 피했잖아 굴렀잖아 피했잖아 굴렀잖아 피했잖아 굴렀잖아 피했잖아 굴렀잖아 피했잖아 굴렀잖아 피했잖아 굴렀잖아 피했잖아 굴렀잖아 피했잖아 굴렀잖아 피했잖아 굴렀잖아 피했잖아 굴렀잖아 피했잖아 굴렀잖아 피했잖아 굴렀잖아 피했잖아 굴렀잖아 피했잖아 굴렀잖아 피했잖아 굴렀잖아 피했잖아 굴렀잖아 피했잖아 굴렀잖아 피했잖아 굴렀잖아 피했잖아 굴렀잖아 피했잖아 굴렀잖아 피했잖아 굴렀잖아 피했잖아 굴렀잖아 피했잖아 굴렀잖아 피했잖아 굴렀잖아 피했잖아 굴렀잖아 피했잖아 굴렀잖아 피했잖아 굴렀잖아 피했잖아 굴렀잖아 피했잖아 굴렀잖아 피했잖아 굴렀잖아 피했잖아 굴렀잖아 피했잖아 굴렀잖아 피했잖아 굴렀잖아 피했잖아 굴렀잖아 피했잖아 굴렀잖아 피했잖아 굴렀잖아 피했잖아 굴렀잖아 피했잖아 굴렀잖아 피했잖아 굴렀잖아 피했잖아 굴렀잖아 피했잖아 굴렀잖아 피했잖아 굴렀잖아 피했잖아 굴렀잖아 피했잖아 굴렀잖아 피했잖아 굴렀잖아 피했잖아 굴렀잖아 피했잖아 굴렀잖아 피했잖아 굴렀잖아 피했잖아 굴렀잖아 피했잖아 굴렀잖아 피했잖아 굴렀잖아 피했잖아 굴렀잖아 피했잖아 굴렀잖아 피했잖아 굴렀잖아 피했잖아 굴렀잖아 피했잖아 굴렀잖아 피했잖아 굴렀잖아 피했잖아 굴렀잖아 피했잖아 굴렀잖아 피했잖아 굴렀잖아 피했잖아 굴렀잖아 피했잖아 굴렀잖아 피했잖아 굴렀잖아 피했잖아 굴렀잖아 피했잖아 굴렀잖아 피했잖아 굴렀잖아 피했잖아 굴렀잖아 피했잖아 굴렀잖아 피했잖아 굴렀잖아 피했잖아 굴렀잖아 피했잖아 굴렀잖아 피했잖아 굴렀잖아 피했잖아 굴렀잖아 피했잖아 굴렀잖아 피했잖아 굴렀잖아 피했잖아 굴렀잖아 피했잖아 굴렀잖아 피했잖아 굴렀잖아 피했잖아 굴렀잖아 피했잖아 굴렀잖아 피했잖아 굴렀잖아 피했잖아 굴렀잖아 피했잖아 굴렀잖아 피했잖아 굴렀잖아 피했잖아 굴렀잖아 피했잖아 굴렀잖아 피했잖아 굴렀잖아 피했잖아 굴렀잖아 피했잖아 굴렀잖아 피했잖아 굴렀잖아 피했잖아 굴렀잖아 피했잖아 굴렀잖아 피했잖아 굴렀잖아 피했잖아 굴렀잖아 피했잖아 굴렀잖아 피했잖아 굴렀잖아 피했잖아 굴렀잖아 피했잖아 굴렀잖아 피했잖아 굴렀잖아 피했잖아 굴렀잖아 피했잖아 굴렀잖아 피했잖아 굴렀잖아 피했잖아 굴렀잖아 피했잖아 굴렀잖아 피했잖아 굴렀잖아 피했잖아 굴렀잖아 피했잖아 굴렀잖아 피했잖아 굴렀잖아 피했잖아 굴렀잖아 피했잖아 굴렀잖아 피했잖아 굴렀잖아 피했잖아 굴렀잖아 피했잖아 굴렀잖아 피했잖아 굴렀잖아 피했잖아 굴렀잖아 피했잖아 굴렀잖아 피했잖아 굴렀잖아 피했잖아 굴렀잖아 피했잖아 굴렀잖아 피했잖아 굴렀잖아 피했잖아 굴렀잖아 피했잖아 굴렀잖아 피했잖아 굴렀잖아 피했잖아 굴렀잖아 피했잖아 굴렀잖아 피했잖아 굴렀잖아 피했잖아 굴렀잖아 피했잖아 굴렀잖아 피했잖아 굴렀잖아 피했잖아 굴렀잖아 피했잖아 굴렀잖아 피했잖아 굴렀잖아 피했잖아 굴렀잖아 피했잖아 굴렀잖아 피했잖아 굴렀잖아 피했잖아 굴렀잖아 피했잖아 굴렀잖아 피했잖아 굴렀잖아 피했잖아 굴렀잖아 피했잖아 굴렀잖아 피했잖아 굴렀잖아 피했잖아 굴렀잖아 피했잖아 굴렀잖아 피했잖아 굴렀잖아 피했잖아 굴렀잖아 피했잖아 굴렀잖아 피했잖아 굴렀잖아 피했잖아 굴렀잖아 피했잖아 굴렀잖아 피했잖아 굴렀잖아 피했잖아 굴렀잖아 피했잖아 굴렀잖아 피했잖아 굴렀잖아 피했잖아 굴렀잖아 피했잖아 굴렀잖아 피했잖아 굴렀잖아 피했잖아 굴렀잖아 피했잖아 굴렀잖아 피했잖아 굴렀잖아 피했잖아 굴렀잖아 피했잖아 굴렀잖아 피했잖아 굴렀잖아 피했잖아 굴렀잖아 피했잖아 굴렀잖아 피했잖아 굴렀잖아 피했잖아 굴렀잖아 피했잖아 굴렀잖아 피했잖아 굴렀잖아 피했잖아 굴렀잖아 피했잖아 굴렀잖아 피했잖아 굴렀잖아 피했잖아 굴렀잖아 피했잖아 굴렀잖아 피했잖아 굴렀잖아 피했잖아 굴렀잖아 피했잖아 아 이 씨발,3,0,True,Recommended,14275,1750520086
엘든 링,"사고 컴터가 안 좋아서 어쩔 수 없이 환불했지만 지금은 다르다 RTX 3050으로 교체한 내 그래픽 카드, 이 무기를 가지고 나는 또 다시 전장으로 들어간다",3,2,True,Recommended,88,1748605078
엘든 링,이 겜을 처음 입문한다면 추천드리면서 추천안드립니다. 이게 무슨 개소리냐. 게임은 상당히 잘 만들었습니다. 그러기에 추천을 안드립니다. 너무 잘만들었기에 이 작으로 스타트를 끊으면 다른 작품들은 맛도 재미도 편의성도 느낌도 아무것도 안 느껴질겁니다. 그러기에 사시기전 한번더 생각하시는걸 추천드리겠습니다. 물론 전 이걸 스타트 작으로 끊어서 이런 감정을 느꼈습니다.,3,7,True,Recommended,27148,1743611521
엘든 링,머리아플때 배를 때리면 머리가 안아파지는 것과 같이 스트레스 해소가 됩니다,3,1,True,Recommended,7851,1742805034
엘든 링,"여러모로 없는 게임입니다. 샷컨 치다가 컴퓨터 고장날뻔 했습니다. 게임의 퀄리티와 세계의 방대함은 넓지만, 그만큼 어렵습니다. 특히 악의가 다분한 악랄한 함정들 속에서도 살아남아야 합니다. 호기심 앞에 죽음 있다.",3,3,False,Not Recommended,15175,1734067803
엘든 링,"h1 역시는 역시다. h1 나는 프롬 게임이 싫었다. 스꼴라를 제외한 프롬의 게임은 거의 다 해보았고, 모두 초반에 접었다. strike 스꼴라는 하는거 아니라고 들었다 strike 어려운 전투는 둘째치더라도 게임에 대한 설정을 인게임 내에선 알아먹을 수가 없다는 점이 너무 싫었다. 예를 들어 스탯에 따라 무기가 영향을 받는 수치가 S A B C D E로 세분화되어 있음에도 불구하고 S가 같은 S가 아니라던지. 그런 세세한 정보를 계산해가며 게임을 즐기는 나같은 유저에게 프롬게임은 고역이었다. 물론 구글링을 하면 해결되지만 내 손으로 해결해나가는 재미는 없을 수 밖에 없다. 그 뿐인가 초보자에게는 너무 어려워서 파훼법을 구글링하여 공부하지 않는 이상 진행이 막혀버리는 상황이 대다수. 인게임 내 정보나 힌트는 중구난방이고 NPC가 하는 소리는 사전에 익힌 정보가 없으면 뭔 소린지 알아먹을 수 조차 없고 이게 게임을 하는건지 역사공부를 하는건지 그 후로 프롬 게임은 쳐다도 보기 싫었다. 엘든링 출시 후, 와이프가 엘든링을 샀다. 나는 그녀가 플레이하는 모습을 보고 i 그딴 회사 게임 하지 마라 i 고 했지만 슈퍼 똥손인 와이프가 3D멀미를 참아가며 사냥개기사를 b 20트 b 만에 잡고 기뻐서 소리치는 모습에 호기심이 솟아났다. 겜안분이 싫어서 까더라도 해보고 까자는 주의라, 일단 플스로 구매를 했고, 30시간 정도 채운 후, 나는 h3 프롬빠 h3 가 되어 와이프와 멀티를 하기 위해 스팀에서도 구매를 하고 있었다... 비록 시간이 없어 2회차까지는 달리지 못하겠지만 그래도 충분히 씹고 뜯고 맛보고 즐겼다. 나를 h3 프롬빠 h3 로 만들어준 엘든링에 감사를 표하며, 아직 이 명작을 접해보지 않은 사람이 있다면 꼭 해보라고 권하고 싶다.",3,20,True,Recommended,14856,1722734281
엘든 링,라니랑 연애하고싶으면 사라,3,22,True,Recommended,21066,1722169690
엘든 링,"소울류는 언제나 하고 싶었지만 뇌와 손의 원활한 협상이 이뤄지지 않아 포기해야 했던 장르였지만 엘든링은 달랐다. 1. 우선 가장 좋아하는 모험이 있다 이래저래 돌아다니다 보면 별별 이상한 던전과 몹이 많다. 시간 없어 모든퀘 할 거 아닌 이상 1회 차는 그냥 들이박고 시작하는 거 추천한다. 2. 나이가 있는 유저라면 알 것이다 어릴 적 오락실 가면 얍삽이 쓴다고 건달패치같이 덤벼드는 놈들이 있었다. 그렇지만 엘든링은 몹들한테 얍삽하게 한다고 뭐라 할 사람 없다. 태생부터 빛바랜 자로 시작하고 지역재패하고 올라오라는데 강한 무기를 쓰던 영체를 쓰던 마법으로 모기 플레이를 하던 줘패서 엔딩을 향해가자 너무 쉽다? 몽둥이에 거적때기 하나 걸치고 몹들에게 절망을 주자. 3. 컨셉 잡고 하면 더 재미있다. 1회 차 그냥 센 무기들 돌려가면서 보스들 잡았는데 확장팩 나온다고 2회 차 플레이 해보는데 안 쓰던 무기 강화해서 컨셉 잡고 하는데 재미있다. 1회 차보다 훨씬 쉬운 것도 한몫하지만 1회 차 때 써볼 용기 없던 단검, 주먹, 채찍 써보니 이거 또 기가 막히게 재미있다. 엘든링에서 방어구 효과 생각해 본 적이 없기에 그냥 룩딸로 이쁜 거 입고 애들 잡고 다니는데 그냥 재미있다 이유를 모르는데 재미있다. 재미있다 계속말하니 억텐 같아 보이는데 재미있다. 4. 스토리... 대충 이해하고 넘어가자 엘든링 오픈월드의 제한 없음을 떠나서 스토리도 지역에 지맘대로 흩어져있어서 무슨 원피스 마냥 누가 스토리에 있었는지 헷갈린다. 그냥 마음에 드는 놈 나쁜 놈 이상한 놈으로 정리하고 스토리 정리 유튜브에디션 한번 보구 2회 차 들어가면 재미있다. 5. 시간 없어도 지역 하나 맵하나 탐험하고 꺼도 전혀 문제없다 시간 때문에 스트레스받지 말자. 6. 확장팩 기다려본 게임이 오랜만이다. 불감증 날려준 겜이고 빨리나 왔으면 좋겠다.",3,26,True,Recommended,5524,1716881898
엘든 링,중학생입니다 dlc나온다길래 한번 큰 맘먹고 사서 해봤는데 이제 2회차 입니다 재밌어요 dlc까지 사야해서 요즘 편의점이랑 피방 안가고있습니다..꼭 지금이라도 사실 분 이라면 dlc까지 같이 사시는걸 추천드립니다 너무 보스전이 어려우면 유튜브에 강해지는법이나 보스 꼼수가 있으니 그리 어렵지 않아요 불의거인만 빼고,3,15,True,Recommended,12293,1715943022
엘든 링,이 너머 행복있다.,3,16,True,Recommended,5569,1705504524
엘든 링,쥰네 어렵누,3,6,True,Recommended,85,1704054463
엘든 링,DLCDLCDLCDLCDLCDLCDLCDLCDLCDLCDLCDLCDLCDLCDLCDLCDLCDLCDLCDLCDLCDLCDLCDLCDLCDLCDLCDLCDLCDLCDLCDLCDLCDLCDLCDLCDLCDLCDLCDLCDLCDLCDLCDLCDLCDLCDLCDLCDLCDLCDLCDLCDLCDLCDLCDLCDLCDLCDLCDLCDLCDLCDLCDLCDLCDLCDLCDLCDLCDLCDLCDLCDLCDLCDLCDLCDLCDLCDLCDLCDLCDLCDLCDLCDLCDLCDLCDLCDLCDLCDLCDLCDLCDLCDLCDLCDLCDLCDLCDLCDLCDLCDLCDLCDLCDLCDLCDLCDLCDLCDLCDLCDLCDLCDLCDLCDLCDLCDLCDLCDLCDLCDLCDLCDLCDLCDLCDLCDLCDLCDLCDLCDLCDLCDLCDLCDLCDLCDLCDLCDLCDLCDLCDLCDLCDLCDLCDLCDLCDLCDLCDLCDLCDLCDLCDLCDLCDLCDLCDLCDLCDLCDLCDLCDLCDLCDLCDLCDLCDLCDLCDLCDLCDLCDLCDLCDLCDLCDLCDLCDLCDLCDLCDLCDLCDLCDLCDLCDLCDLCDLCDLCDLCDLCDLCDLCDLCDLCDLCDLCDLCDLCDLCDLCDLCDLCDLCDLCDLCDLCDLCDLCDLCDLCDLCDLCDLCDLCDLCDLCDLCDLCDLCDLCDLCDLCDLCDLCDLCDLCDLCDLCDLCDLCDLCDLCDLCDLCDLCDLCDLCDLCDLCDLCDLCDLCDLCDLCDLCDLCDLCDLCDLCDLCDLCDLCDLCDLCDLCDLCDLCDLCDLCDLCDLCDLCDLCDLCDLCDLCDLCDLCDLCDLCDLCDLCDLCDLCDLCDLCDLCDLCDLCDLCDLC,3,32,True,Recommended,22468,1700145635
엘든 링,좟나게 고심하다가 사니까 할인하네 씨봉방꺼,3,6,True,Recommended,1101,1696816317
엘든 링,dksl 뭔 반다이 세일이야 내 6만원 게임 산지 얼마 지나지도 안았는데 오오 내돈 오오,3,1,True,Recommended,6892,1696587006
엘든 링,망자분들 엘든링 도전과제 올클이면 저도 망자 발가락정도는 되겠습니까?,3,1,True,Recommended,18824,1688110567
엘든 링,이런씨발 미친게임,3,8,True,Recommended,10526,1683389957
엘든 링,제가 근첩은 아닌데요 솔직히 너무 재미있어서 엘든링 강함순위 19분 짜리 영상 다 봤습니다 개인적으로 말리케스가 제일 잡기 힘들었는데 말리케스가 보스를 거의 다 이기더라고요 ??? 그리고 스트리머라면 꼭 트리가드를 한번 쯤 잡아합니다 맨몸으로 아! 참고로 저는 맨몸으로 1시간 30분만에 트리가드를 잡고 맨몸으로 트리가드부터 엘데의 짐승까지 다 잡았습니다. 뭐? 별로 어렵지는 않았네요 그 어렵다는 미켈라의 칼날 말레니아 마저 1시간 30분 안으로 잡았더랬죠? 음 뭐... 실력 좋으신 분들은 꼭 찍먹 하셔야 하는 게임입니다 저만큼은 못하시더라도 저의 절반 정도는 가볍게 하실 수 있어요 화이팅! 그리고 추천템 타도 거합 이거 히트입니다,3,10,True,Recommended,7574,1676643888
엘든 링,나의 깊은 게임 불감증을 날려버린 2022년 최고의 명작!,3,35,True,Recommended,27492,1671764261
엘든 링,프롬겜은 극악이라는 편견을 깬 작품 추구하고자 하는 재미를 모두 달성 올해의 게임 마스터피스,3,18,True,Recommended,13970,1669543210
엘든 링,왜 소울류 게임을 하다보면 멀미 비슷한걸 느끼거나 게임을 하다보면 내 손이 대체 왜 손인지 모르게 된다 그러나 나만 당할수 없지 강추,3,10,True,Recommended,299,1663160420
엘든 링,과거에 도트 쪼가리로 수많은 패턴을 깼던 용사들은 알것이다 원래 게임은 제작자가 죽으라고 만든걸 깨는것에 의미가 있다는 것을 단지 좀더 좋은 그래픽으로 다시 만났을뿐 우리의 적은 늘 같다..,3,25,True,Recommended,22352,1662891174
엘든 링,나 믿고 좀 더 해보라는 친구 새x 때문에 결국 환불 못하고 있다 소울류 게임을 이 게임으로 처음 접해본다는 사람들은 재미가 있을지 모르겠지만 개인적으로 야숨도 해보고 몬헌도 하고 있는 입장에선 그 두가지 게임를 해보고 이 게임을 플레이하려는 사람에겐 비추함 솔직히 매력을 못느낄 확률이 큼 난 특히 조작감 때문에 재미가 없다 몹 디자인부터 맵도 이렇게 예쁘게 잘표현해놓고 전투만 시작되면 락온 박아놓고 뒤에 뭐가 있는지 보지도 못하면서 전투를 해야되는데 이게 그냥 새로운 게임하는 기분이 아니라 특유의 조작감 때문에 맵넓은 다크소울 한다는 기분이 크다 카메라 돌아가는것도 자연스럽지 못하고 그냥 난이도를 떠나서 조작감이 망친 게임 이런 환경에도 엔딩까지 보고 즐기는 유저들은 진짜 대단하다고 생각한다 특유의 불친절함이 매력인 회사인건 알고있었지만 난 차라리 세키로가 훨씬 괜찮았음 어쨌든 장르 자체가 다르지만 재미 자체를 따진다면 야숨이나 몬헌쪽에 손을 들어줄거 같다 맵만 넓은 다크소울에 심심할까봐 파밍요소 무기의 다양함을 추가한거 같은데 매력을 느끼지도 못하겠고 보스를 잡았을때의 성취감도 사실 크게 없음 야숨은 뭔가를 이뤄갈때마다 편의성이 개선되는데 여긴 그런것도 아니고 몬헌처럼 보스 하나 하나 개성이 있는게 아니라 그냥 걍 엇박타는 래퍼들 모아놓고 쇼미더머니 2차 예선하는 느낌 진짜 그냥 입소문만으로도 접하는거라면 2시간 넘기지 말고 트리가드 잡아보려고 설치지말고 그냥 스토리만 2시간 정도 진행해봐라 그랬는데 할만하다면 하는거고 왜 이렇지 내가 이상한건가 싶으면 걍 환불때리셈 안맞는거임 난 몬헌이 백배천배 재밌음 게임 그래픽도 좋고 게임성도 파고들려면 끝까지 파고들겠는데 조작감이 진짜 구려서 안하는중,3,13,False,Not Recommended,1147,1651940111
엘든 링,7회차쯤 돌리니까 할게없긴해요.... 뭐 망겜들이 다 그렇죠 뭐....,3,0,True,Recommended,17824,1650745758
엘든 링,재밋네,3,0,True,Recommended,7200,1649831444
엘든 링,오오 이 너머에 엉덩이 있다.,3,0,True,Recommended,6079,1648034530
엘든 링,우효 여기 경치 좋네 가즈아!!! ??? 반갑습니다 저는 당신을 9시간 동안 팰겁니다. 아이 싯팔,3,1,True,Recommended,1422,1647305196
엘든 링,이 앞 엘든링있다. 이 앞 엘든링있다. 이 앞 엘든링있다. 이 앞 엘든링있다. 이 앞 엘든링있다. 이 앞 엘든링있다. 이 앞 엘든링있다. 이 앞 엘든링있다. 이 앞 엘든링있다. 이 앞 엘든링있다. 이 앞 엘든링있다. 이 앞 엘든링있다. 이 앞 엘든링있다. 이 앞 엘든링있다. 이 앞 엘든링있다. 이 앞 엘든링있다. 이 앞 엘든링있다. 이 앞 엘든링있다. 이 앞 엘든링있다. 이 앞 엘든링있다. 이 앞 엘든링있다. 이 앞 엘든링있다. 이 앞 엘든링있다. 이 앞 엘든링있다. 이 앞 엘든링있다. 이 앞 엘든링있다. 이 앞 엘든링있다. 이 앞 엘든링있다. 이 앞 엘든링있다. 이 앞 엘든링있다. 이 앞 엘든링있다. 이 앞 엘든링있다. 이 앞 엘든링있다. 이 앞 엘든링있다. 이 앞 엘든링있다. 이 앞 엘든링있다. 이 앞 엘든링있다. 이 앞 엘든링있다. 이 앞 엘든링있다. 이 앞 엘든링있다. 이 앞 엘든링있다. 이 앞 엘든링있다. 이 앞 엘든링있다. 이 앞 엘든링있다. 이 앞 엘든링있다. 이 앞 엘든링있다. 이 앞 엘든링있다. 이 앞 엘든링있다. 이 앞 엘든링있다. 이 앞 엘든링있다. 이 앞 엘든링있다. 이 앞 엘든링있다. 이 앞 엘든링있다. 이 앞 엘든링있다. 이 앞 엘든링있다. 이 앞 엘든링있다.,3,4,True,Recommended,515971,1647267297
엘든 링,멀기트씨발애미디진련아,3,3,False,Not Recommended,9561,1647000535
엘든 링,아니 최소한 트리가드쪽 동물은 빼시거나 락온 안되게 바꾸셔야 하는거 아닌가요??? 트리가드 자체가 엄청 엏려운데 동물들 자동 락온걸려서 죽은게 여러번입니다 제작자님 이거 얼른 수정해주세요 밸런스도 너무 이상한거 아닌가요? 아니 게임이 6만원인데 트리가드에서 막히게하면 어쩌자는거에요!!!!!!!!!!!!,3,0,False,Not Recommended,938,1646403635
엘든 링,엘든링 최적화좀,3,109,False,Not Recommended,8096,1646192984
엘든 링,"최적화가 구리든 보스가 악랄하게 어렵든 가장 큰 문제는 초장부터 닼소류 처음하는 촉나라 유비들한테 남쪽 손권 사자 안치고 북쪽의 조조 멀키트 먼저 치라는 제작자놈들의 길 안내다 점성 렙찍누 동료,영체 고기방패로 어떻게든 잡았다",3,18,True,Recommended,3091,1646151019
엘든 링,"무기 양잡 E 꾹 누르기 마우스 좌 우클릭 장비창 장착해제 R 맵 열기 맵 조작 텔포 선택 G WASD E 전작과 달리 탈리스만은 신앙 매개가 아닌 패시브 부적 느낌 , 얻는 즉시 착용할 것 전작의 소울 화폐 룬, 전작의 잔불 룬의 호 방패로 공격 막고 강공격 가하면 일명 b 가드 카운터 b 라는 추가 데미지 입힘 이상 쌍타도로 고드릭까지 혼내준 엘린이 주저리였음",3,99,True,Recommended,33255,1645929524
엘든 링,프레임최적화는...스터터링 문제가 있습니다 스타터링 프레임 드랍 해결법도 나왔어요! 너무 어렵지만..보스들은 공격패턴 외워야 해요 패턴 잘보면 둥글게 둥글게 잘 피해요 할수있습니다!! 엘든링 재미있었어요!! d v b,3,19,True,Recommended,15640,1645819975
엘든 링,h1 재미는 있다 근대 이 재미는 ?? h1 솔직히 그냥 재미는 명작 다크소울 시리즈 플레이 방식 그대로라 재미는 있습니다. 차이점인 오픈월드 라고하기엔 하는건 그닥 느끼지도 못하겠고 닼3 이랑 맵이나 전투나 분위기가 비슷해서.. 근대... 최적화 개판이고 버그인지 내가 못하는건지 버튼 누르면 안나가고 등등.. 97점이라 기대했는대... 스읍..... 패치해라!! 겜하기 힘들다 닼3을 재밌게했는대 닼3을 좀더 넓게 느끼고 싶으신분들은 추천합니다.. 아 지금은 말구요 패치해서 나아지면,3,56,False,Not Recommended,8460,1645785228
엘든 링,사이버 엘든 필드 2077 오랜 기다림 끝에 받은 것은 타오르는 불꽃도 타다 남은 잔불도 전부 타버린 잿더미도 아닌 어리석은 야심은 잊으라는 한마디였다 게임을 예구한다는 것 그것은 어리석은 야심이라는 것 배우고 갑니다,3,10,False,Not Recommended,17093,1645773929
엘든 링,게임이 안되잖아!!!!!!!!!!!!!!!!!,3,42,False,Not Recommended,15552,1645757241
엘든 링,"h1 싯1팔, 또 속았네 h1 이딴게...메타크리틱 97점...? 게임을 해봐야 평가를 내리든 말든 하지.. 프롬은 믿었는데 싯1팔 이제 못 믿게 되었네 그래도 이 게임을 통해 알게된 점 딱 하나 있네요 h1 예구는 돈을 미리 버리는 짓 h1 2022년 9월 17일 혹시 해결됬나싶어 다시 사보았지만 씨11 발 똑같습니다 결국 또 환불하러 갑니다.....",3,37,False,Not Recommended,36,1645752749
엘든 링,디렉터가 어릴적 엇박으로 맞았다는 소문이 사실인가요?,2,1,True,Recommended,11522,1761473785
엘든 링,처음에 이상한 npc 실수로 때렸다가 스폰킬당함,2,2,True,Recommended,15,1760197678
엘든 링,시발 환불하고싶네 3시간지나도 한마리도 못죽였네 시발 환불해줘,2,0,False,Not Recommended,13292,1751695532
엘든 링,게임할 때는 힘들었으나 먼 훗날 어떤 보스를 추억할 때 더 아련하고 그리울수록 더 오래 잡았고 더 오래 증오한 보스였음을.,2,7,True,Recommended,8725,1750250810
엘든 링,"데미갓놈들 니들 거기 꼼짝말고 있어, 내가 지금 화신의 물방울을 끌고 가서 네놈들의 머리통을 다 날려버리겠어!",2,2,True,Recommended,10079,1743506266
엘든 링,"현재는 DLC를 진행하고 있는 중이고, 약 200시간 언저리에 1회차 엔딩을 봤습니다. 사실, 메인 보스라인만 따라가면 플레이타임은 훨씬 줄어들 수 있겠지만, 이 게임은 오픈 월드아니겠습니까? 모든 맵 구석구석, 절벽 아래, 지붕 위, 개구멍, 똥 구멍, 또는 그냥 구멍, 이앞에 엉덩이 있다, 이 앞에 점프 있다 아님 , 이 앞 오오 자격 없다 오오 자격없다 등등 모든 곳을 다 탐험해봤고, 솔직히 진짜 하기싫은 지역 몇 개를 제외하고는 냄비 바닥 까지 긁어 먹어보자는 생각으로 했습니다. 다 플레이해보고 느낀 점은 이 게임은 소울라이크 장르지만, 아니기도 하는 신기하고 재미있는 삧빠랜자의 모험같은 게임이지 않나 생각되네요. 솔직히 게임 중 후반엔 엘더스크롤 비스무리한 느낌도 받았습니다. 숨겨진 던전 찾아서 탐험하는 맛이란... 즉, 이 게임은 캐릭터가 사용하는 무기와 기도, 마술, 영체에 따라 이 게임은 소울라이크가 되기도 하고 그냥 무지성 파밍 RPG게임이 되기도 합니다. 그래서 100명이 엘든링을 플레이해도 100명의 소감은 다 다를 수 밖에 없고, 난이도 체감도 다를 수 밖에 없다고 생각되네요. 세 가지 큰 틀 난이도, 길찾기, 스토리 만 평가 해보겠습니다. 1. 난이도 이게 진짜 줏대가 없고 상대적이라고 생각됩니다. 이 게임은 다른 소울라이크와 달리 오픈월드고, 파밍이 가능하기 때문에 아무리 어려운 보스를 만나도 파밍과 템만 맞춰오면 그냥 RPG게임처럼 편한 진행이 되는 반면, 스스로 노 영체, 노 기도, 노 마술로 소울라이크 답게 상남자답게 플레이해보겠다 하시면, 저는 엘든링과 닼소시리즈 전부를 비교 했을 때 당연히 엘든링이 가장 어렵다고 생각됩니다. 기본적으로 보스든, 잡몹이든 미친듯한 엇박공격, 반응형 파생공격 패턴이 있어서 정말 적응하기 전엔 개 처맞아야 했고요... 뉴비 분쇄기 밀기트 선생님을 처음 만났을때 사냥개의 긴 이빨도 없이, 직검 하나 든 레벨 21따리 캐릭터였는데, 3시간 넘게 헤딩해서 잡긴했지만 진짜 환불 박을 뻔 했네요 하지만 이미 트리가드 잡는데 2시간 썼으므로 이 너머 환불 없다 . 저 처럼 아무것도 없이 헤딩하면 환불박거나 유기할 확률 높아지고요, 남들처럼 사냥개의 긴 이빨이니, 해파리니, 멀기트의 구속구 기믹아이템 같은거 줄줄이 파밍해서 가면 1트에도 잡을 수 있는 보스일 뿐이니, 난이도는 스스로 만드는거라 보시면 되겠습니다. 이걷 굳이 설명하는 이유는, 오픈월드라는 점을 한번더 강조하고 싶었기 때문니다. 사실 근데 노 공략 플레이하면 초보자가 어떻게 해파리가 있는줄 알고, 구속구가 있는 줄 알고, 어디에 사냥개의 긴이빨이 있으며, 어디에 무슨 템이 있는지 어케알겠습니까... 쭈글... 그냥 프롬의 짜둔 스토리 라인 설계대로 밀고가다가 갈려야죠.... 저는 대부분 보스 영체없이 플레이를 하려고 했지만, 도무지 답이 안 나오는 보스 말레니아말레니아말레니아말레니아말레니아니힐니힐니힐니미힐니힐니힐니미히리밀 들만 적당히 사기성 없는 영체만 골라서 써서 밀었던 사람으로서 난이도 평을 하자면 적당한 난이도 였으나, 영체 없이는 확실히 불합리한 난이도가 있긴 있더라. 입니다. 2. 길찾기 사실 길찾기도 게임의 난이도에 포함시켜서 말해야 하다면 엘든링, 결코 쉬운 게임이 아닙니다. 맵은 진짜 손나 넓고, 길은 손나 꼬아놨고, 절벽아래, 지붕위, 구멍속 까지 구석구석 다 보면서 진행해야 길을 찾을 수 있습니다. 솔직히 보스보다 길찾기 때문에 낙오되는 유저가 많겠다 싶어요. 어떤 영웅의 묘에선 용암 위를 걸어서 지나가야하는 구간도 있을 정도로 진짜 상식수준으로 생각하면 길을 절대 못찾는 구간이 꽤 있습니다 저는 공략을 보지 않는 플레이를 좋아하는 유저라서 정말 웬만하면 공략을 안 봅니다만, 엘든링 하면서 길을 잃어서 3 4시간 이상 진행이 지체 됐을 때만 인터넷 서칭으로 길을 찾곤 했습니다. 본편에는 그런 구간이 네 군대 있었고요 도읍 로데일, 파름 아즈라, 말레니아 불켜기 수수께끼, 모그윈 왕조 가는길 DLC는.... 하... 다시생각도 짜증나는 유적 북서쪽 지도 얻는 구간과 북동쪽 맵 진입로는 공략을 봐야만 했습니다. DLC는 진짜 어떤 변태새끼가 만들었나 싶을 정도로 길이 어렵습니다. 공략 보고서도 욕이 나오더라고요 이걸 어케 찾아가라고 만든건지..? 3. 스토리 사실 1회차론 스토리 이해하기 힘들거 같습니다. 스토리 웅장하고, 슬프고 깊이가 있으나 이 너머, 유튜브 봐라. 입니다. 스토리 안봐도 무난하지만, 보고 진행하시면 조금더 세계관에 깊게 빠져서 진행 가능합니다. 그게 아니라 직접 자기가 스토리를 해석해보겠다 하신다면, 모든 NPC에게 다 말걸어봐야하고 모든 아이템 툴팁을 다 읽어보면서 유추해야합니다. 즉, 프롬이 프롬했네요. 개인적으로는 엘든링 막 시작하자마자 뉴비상태로 만났던 트리가드와 게임 시작 3시간만에 만났던 밀키트 엇박자 선생님이 이 게임에서 제일 어려웠다고 소신발언 하겠습니다... 그 다음으로는 화산 정상에 있는 떨어진 별의 성체가 이 게임하면서 두번째로 마주한 절망이었고요 . 뭐...말레니아나 모그 등등 어려운 보스들 없진 않았지만 엘든링 응애응애 일때 만났던 트리가드와 밀키트만큼 절망을 안겨주진 않았어요. 그리고 또 소신 발언하자면... 두 살갗 보스전 만든 녀석 머리털 다 벗겨졌으면 좋겠고, 밥먹으려고 준비 다 해놨는데 밥솥에 밥이 없었으면 좋겠고, 아침에 양말신으려고 봤는데 짝짝이만 있었으면 좋겠고, 비온다고 해서 우산 챙겼는데 그날따라 날씨가 맑아서 우산 쓸일이 없었으면 좋겠고 심지어 우산도 잃어버렸으면 좋겠습니다. 그리고 또또 소신발언 하자면 불의 거인 DLC편 소각로 불의거인 포함 만든 녀석은 자다가 다리에 쥐가나서 새벽 1시 40분에 한번 깨고 2시30분쯤 한번 깨고, 3시 20분쯤 한번 깨고, 4시 10분쯤 한번 깼으면 좋겠습니다. 그리고 피곤한 몸을 이글고 출근했는데 그날따라 차가 많이 막히고 그날 따라 야근이 있으며, 그날따라 업무전화가 쉴틈없이 왔으면 좋겠어요. 제발요. 보스전이 어려운게 아니라 지루하고 재미가 없고 귀찮은 건 아주 혼나야 해요.",2,3,True,Recommended,17121,1743267201
엘든 링,쉬운게임,2,0,True,Recommended,16254,1739281879
엘든 링,트리가드 씨발놈,2,2,False,Not Recommended,642,1738590943
엘든 링,게임. 쉽습니다. 어렵지.않습니다. 이걸.구매하시려.고민하시고.있으신.분들.또한.그걸거라.짐작합니다.,2,3,True,Recommended,9570,1737716731
엘든 링,"게임 디자인으로 보았을때 다크소울3보단 뒤쳐지지만 압도적인 게임 볼륨, 게임 그래픽이 다크소울3보다 훨씬 뛰어남. 애들 보는맛도 있고 탐험하는 재미도 있어서 좀 하드한 오픈월드 rpg 즐기고 싶다 하는 사람에게 적극추천!! 그러니까 말리케스랑 살갗듀오 씨 빨련들 삭제좀",2,1,True,Recommended,11225,1735822708
엘든 링,"나는 이게임의 멀티 플레이 시스템을 애용하고 있다. 그중 협력을 받거나 협력을 위해 소환되는데, 이 경험은 나에게 다양한 개성의 사람들을 조우하고 그들과 멋진 한 장면을 담는 좋은 추억이 되었다, 비록 많은 플레이어들이 이 게임을 솔로 플레이로 즐기다만, 나는 멀티플레이를 한번쯤 경험 해보길 추천한다. 침입쪽은 선호 하지 않아서 잘 모르지만, 협력 쪽의 서는 플레이어들중 무례한 플레이어는 결코 보지 못했다. 오히려 그들은 이 외로운 게임에서 나의 활력이 되어 주었다.",2,8,True,Recommended,27595,1735609264
엘든 링,h1 하루만 기다리면 나이트 리젼이 나와요! h1 왜냐면 이제부터 기다림이 24시간이 넘을 때마다 u b 대가리를 존나 쎄게 쳐서 제 머릿속을 뒤죽박죽 엉망진창으로 만들 거거든요! b u 기다렸다는 것이 기억이 나지 않는다면 안 기다린 게 아닐까요? 그렇게 나이트리젼이 나올때까지 하루가 지나기 전에 기억을 지운다면 하루만에 나이트리젼이 나오는 것이 아닐까요??? 하룻밤만 기다리면 나이트리젼이 나온다니! 생각만 해도 너무 즐거워요 !!! spoiler 하루만 기다리면 나이트 리젼이 나와요!!!!!!!!!!!!!!!!!!!!!!! spoiler spoiler 왜!!!!!!!!!!!!!!!!!!냐!!!!!!!!!!!!!!!!!!!!!!!!!!!!!!!!면!! !!! !!! 이히이이이이이이이이이이이이이이이이이이이이이!?!? ? ?!? !!! spoiler spoiler 머리이이이이이이이이 !!!!! !! ! ! !!!! spoiler spoiler 하루하루!!!!! !!!!!! !?!!?! ? spoiler spoiler 끼얏호우 !!!! !! spoiler,2,3,True,Recommended,21195,1734969297
엘든 링,구르고구르고구르고구르고구르고구르고구르고구르고구르고구르고구르고구르고구르고구르고구르고구르고구르고구르고구르고구르고구르고구르고구르고구르고구르고구르고구르고구르고구르고구르고구르고구르고구르고구르고구르고구르고구르고구르고구르고구르고구르고구르고구르고구르고구르고구르고구르고구르고구르고구르고구르고구르고구르고구르고구르고구르고구르고구르고구르고구르고구르고구르고구르고구르고구르고구르고구르고구르고구르고구르고구르고구르고구르고구르고구르고구르고구르고구르고구르고구르고구르고구르고구르고구르고구르고구르고구르고구르고구르고구르고구르고구르고구르고구르고구르고구르고구르고구르고구르고구르고구르고구르고구르고구르고구르고구르고구르고구르고구르고구르고구르고구르고구르고구르고구르고구르고구르고구르고구르고구르고구르고구르고,2,0,True,Recommended,3552,1734103478
엘든 링,엔딩에 도달하지 않고 이 게임을 비판하는 사람은 자신이 얼마나 어리석은지 증명하는 것과 같다.,2,20,True,Recommended,21623,1732955912
엘든 링,엘데의 짐승 3시간. 트리가드 4시간. 내 최종보스는 트리가드였다.,2,2,True,Recommended,5890,1731611397
엘든 링,아아.. 말레니아... 현란한 검술에... 꽃봉우리를 보고서 왜 이제야 깨달았단 말인가 머나먼 서역땅에서 이어진 너의 의지는 잘 이어받았다. 말레니아... 너를 대 화산의 검수로 인정한다.,2,0,True,Recommended,11941,1729908983
엘든 링,이제 질린거 같아서 그만해야지 하지만 막상 하면 멈추질 못하겠음,2,2,True,Recommended,51449,1724048658
엘든 링,까르보불닭 같은 게임 이것저것 섞어서 매운것 같으면서도 하나도 안맵고 개 맛있다 너무 맛있게 잘섞어놔서 소울류가 매워서 시작 할 엄두도 못내는 사람에게 꼭 먹여보고 싶은 게임,2,1,True,Recommended,7383,1720551646
엘든 링,이 시발 진짜 무고밴을 몇번 처 하는건데 시발롬들라 개좆같은 새끼들이 아무것도 안 했다고 장애들아,2,0,False,Not Recommended,21756,1720261059
엘든 링,때릴까 말까 때릴까 말까 때릴까 말까 때릴까 말까 때릴까 말까 때릴까 말까 때릴까 말까,2,0,True,Recommended,1658,1719727421
엘든 링,DLC 씨발 애미뒤졌음 메스메르 걍 개좆병신같이만듦 병신시빨,2,6,False,Not Recommended,4631,1719028969
엘든 링,DLC대비 이정도론 아직 연습이 부족하다...,2,20,True,Recommended,46655,1717846276
엘든 링,조작감이 별로,2,2,True,Recommended,31694,1714221945
엘든 링,엘데의 왕 잡으니까 갑자기 맵 뚫려서 바닥으로 추락시켜서 죽이네요 50만원 날라갔습니다,2,3,False,Not Recommended,9722,1708379049
엘든 링,나 트리가드인데 개추 눌렀다,2,0,True,Recommended,7514,1707129004
엘든 링,좀 많이 어렵다 근데 말타고 노는게 재밌음,2,15,True,Recommended,1345,1706721607
엘든 링,오오 엘든링 오오 엘든링 오오 엘든링,2,10,True,Recommended,13965,1706583416
엘든 링,멀기트 씹새,2,0,False,Not Recommended,2630,1705560474
엘든 링,시발 멈추고 재접하니까 그동안 하던거 날아갔네,2,1,False,Not Recommended,5566,1705122835
엘든 링,"필드, 편의성, 빌드의 다양성 등 많은 면에서 역대 프롬겜들 중 최고인데.....이상하게 보스전들이 블러드본은 커녕 다크소울이나 세키로보다 재미가 없다. 불합리하다고 느낀 보스전들도 전작들보다 확연히 많아졌고. 그리고 고룡보스들.... 진짜 노잼임. 닼소3 미디르보다 5만배는 퇴보한거같은 시스템에 불합리하기만 한 녀석들이 너무많다. 상기한 불만에도 불구하고, 낮아진 진입장벽과 강화된 탐험요소, 확 커진 볼륨 등은 프롬이 발전을 멈추지 않는다는것을 증명합니다. 멋지다 프롬!",2,1,True,Recommended,5791,1704424875
엘든 링,"내가 발 무명왕이랑 마음속 의부 잡을때도 세시간이 안걸렸는데 말레니아 발년한테 16시간째 털리다가 빡쳐서 껐음 1회차 돌리는 내내 영체 한번도 안쓰고 군주군 직검 하나 들고 다 밀었는데 저건 시발 도저히 답이 없다 그래 물새난무 타이밍 자기 대로고 판정 노답이야 그래도 쓸거 같으면 눈치보다가 뒤로 빼면 피해지지 나비환영 소환도 타이밍 더럽게 빡세지만 뭐 어떻게 잘 굴러서 피한다고 쳐 근데 시부럴거 공격 전체에다가 흡혈 쳐발라놓은건 무슨 생각인거임? 안그래도 피통도 적지도 않아서 까는데 한세월인데 진짜 온몸 비틀면서 피 겨우 깐거 말레니아가 코파다가 실수로 딸깍 한번 눌러서 대각선 구르기 빼고는 절대 못 피하는 삼연베기 질렀을때 어버버하다가 뒷구르기 하면 쳐맞고 말레니아한테 헌혈해줘야됨 그냥 한대한대 맞을때마다 기분이 더러움 붉은 부패가 내 키보드랑 마우스를 타고 내 혈관으로 타고 올라오는게 느껴짐 진짜 1페때 물새난무 자세 잡는거 볼때마다 제발 피하게 해주세요라고 마음속으로 기도해서 겨우 넘기고나서 2페 들어가면 안그래도 모션 빨라서 정신 나가겠는데 미친년이 날개까지 달아서 대체 뭘 하는건지 보이질 않음 뭐 그거도 겨우겨우 분수 터뜨리는거 후딜 캐치해서 피 조금씩 까서 반피 만들면 갑자기 라단마냥 연꽃 메테오 박치기 시전하는데 그거도 어버버하다가 잘못 맞으면 그냥 뒤져야됨 그것도 겨우 피하면 이제 갑자기 분신 소환해서 좌우로 여포마냥 찔러대는데 한대한대가 드럽게 아픔 박자는 또 지랄나서 처음 두놈까지는 정박으로 잘 들어오더니 세번째놈은 똥싸다 늦었는지 한박자 늦게 들어오고 다음놈은 똥이 마려운지 한박자 빨리 들어옴 그렇게 겨우 안 죽고 분신 다 피한 다음에 안도의 한숨 내쉴때 쯤에 잊고 있던 말레니아년이 날아와서 뚝배기를 깨버림 진짜 1페때 이 악물고 성배병 14개 다 들고 와봤자 패턴하나 잘못 걸리면 14개 써보지도 못하고 고스란히 다 상납하고 뒤져야 함 후...진짜 2페때 안 그래도 이펙트 때문에 어지러워 죽겠는 와중에 후딜 캐치하고 말레니아 째트킥 날리는거 관자놀이로 얻어맞아가면서 겨우겨우 피 까다가 또 잊고있던 3연속 샤샤샥 딸깍질 당하면 진짜 페트병마냥 얼굴 찡그리면서 겨우 피 깠던거 도로 차고.... 엘든링을 다크소울 식으로 하려는 내 잘못이긴 하겠는데 그래도 소울류 정석대로 구르기 때리기로 못 잡아본 보스가 없는데 이건 아무리 시도를 해도 답이 안나온다 저레벨때 지하묘지 잘못 들어가서 더블 떼껄룩 석상 보스전 할때도 안전한 히트각 만들어서 겨우겨우 각개격파해서 깼고 또 지랄맞게 묘지 잘못 들어가서 살면서 처음 만난 도가니 기사가 쌍으로 나오는 보스전이어서 거기도 패링 타이밍 전부 다 외워서 찔러 죽였고 모그 엇박질 피장판도 이 악물고 전부 다 굴러서 겨우 잡았는데 이건 도저히 답이 안보인다 다른건 다 모르겠고 딜,체력,패턴하나 어디 안 지랄맞은애가 없는 보스한테 흡혈까지 쳐넣어서 내 캐릭터를 걸어다니는 사랑의 열매로 만들어버린 프롬 소프트가 밉다 결국엔 내 실력 문제겠지만 그래도 세키로에 갔어야 했을것 같은 보스가 엘든링에 나와서 야랄을 해대니까 너무 지친다 조금만 더 트라이해보다가 정신건강에 이상 생길거 같으면 포기하고 다른거나 하러 가야겠다 일단 피아 눈나한테 좀 안겨야겠음 수정 이제는 몸이 기억하는 1페이즈 가볍게 넘기고 2페때 티시 쓰니까 1트만에 끝나버림 괜히 영체 쓰라는게 아니었음 하 진짜 밀리센트 아니었으면 때려치고 가려고 했었는데",2,1,True,Recommended,12070,1704273575
엘든 링,55분하고 환불함. 초반 시작 방법은 알려줘야되는거 아니냐.. 뭔 이런 줫같은 게임이 있음? 내가 볼때 플탐 100시간이면 반은 공략검색임 이건 걍 돈내고 하는 리니지잖아 시발 구매 안한 사람이 승리자다.,2,12,False,Not Recommended,55,1703393592
엘든 링,18,2,1,True,Recommended,738,1703170530
엘든 링,호라루형님 멋있는건 알겠는데 잡기좀 그만 쳐 쓰세요 씨 발,2,0,True,Recommended,17117,1701866597
엘든 링,소울류가 왜 개좆같이 힘들고 개같이 인기가 많은지 알고싶다면 플레이 하시오,2,12,True,Recommended,10746,1700491718
엘든 링,"역대 소울라이크 게임중에서 제일 명작이라고 생각합니다..! 너무 재밌게 해서 시간가는줄도 모르고 했으며, 아직까지도 질리지 않네요. 혹여나 누구든 해볼 기회가 생긴다면 구매하여 게임을 해보시는걸 추천드립니다.",2,0,True,Recommended,8473,1697791176
엘든 링,가고일 개 씨볼 새끼들,2,2,True,Recommended,8385,1697357503
엘든 링,초보자를 위한 상냥한 소울게임!,2,4,True,Recommended,9083,1696498828
엘든 링,이게임을 하고 싶은 이들에게 하고싶은말은 단 하나임. 다크소울3 오픈월드버전이니 하지말고 프롬충들만 즐기면 됨,2,1,False,Not Recommended,146983,1693532458
엘든 링,"처음 시작하면 보스 몇마리정도 성취감타령 하고 넘길수 있겠지만 이건 그냥 게임을 좆같이 못만든거다. 특히 잡몹보스새끼들이 문제인데 앞의 지역에서 개병신같은 불합리를 참고 참아가며 잡아봤자 또 튀어나올게 뻔한데 보스 처치와 보상에서 오는 성취감보다 저걸 또 상대해야하는 불쾌감에 한숨부터 나온다. 게임이 불편하고 보스전이 불합리하며 필드는 쓸데없이 넓고 그 필드에 아이템은 의미없이 흩뿌려져있다. 이게 프롬전통이지라며 넘어가기에는 선을 넘었다. npc 퀘스트라인이 진짜 쓰레기같다. 기본적으로 그 npc와 대화를 하고 행동을 한 후에 축복에서 쉬면 진행이 되는데 그 진행이 발단 전개 결과의 순서가 아니라 결과 결과 결과 같이 좆대로 진행 되기에 발단과 과정을 유저가 알아내어 다음 퀘스트 동선을 짐작해야한다. 어떤 npc는 그 짐작마저 안통해서 진짜 알수없는곳에서 발견된다. 풀프라이스 게임에서 npc 퀘스트 컷신, 하다못해 일지 하나 만드는게 그렇게 어려운 일이였을까? 보스전같은 경우엔 1대1의 보스도 불합리가 차고 넘치는데 1대다의 보스전은 진짜 생각이란걸 하고 만든건지 모르겠다. 영체 한번 써보세요! 라면서 만든 보스전이라는건 알겠는데 그걸 강제하는건 정말 병신같다. 영체를 소환해도 문제는 계속되는데 보스의 어그로를 로또 추첨기로 정하는지 날 공격하다 영체 한대 치고 180도 돌아서 백스핀블로우를 조진다. 가고일 듀오, 신의 살갗 듀오는 그 정점을 찍어서 영체가 몇대 버티지도 못할뿐더러 영체가 죽고나면 그 보스전의 모든 불합리를 한몸에 받아내야한다. 필드 시스템은 왜 자꾸 퇴화를 하는지 모르겠다. 닼소3까진 그냥저냥 할만하다가 세키로부터 불안하더니 엘든링에서 그냥 좆박아버렸다. 그 필드에 아이템을 뿌려놓으니 환장할 지경이다. 마리카의 쐐기도 문제가 있는데 쐐기 배치의 일관성도 없고, 있는곳에서 쐐기에서 부활을 했더니 전혀 상관없는곳에서 부활하는 경우도 있다. 필드에서 높낮이나 층이 있는 경우에는 핑의 의미마저 사라진다. 축복 주변에 적이 배회하는곳엔 축복이동을 타임어택으로 해야한다. 최적화는 얼마나 쓰레기같은지 잡몹들이 가루를 뿌리면 내 프레임도 가루가 되기 시작한다. 버그도 뒤지게 많은데 진짜로 내 캐릭터가 뒤져버렸다. 난 자꾸 토렌트가 공중에서 사라지길래 공중에서도 내릴수 있는줄 알았는데 그냥 버그였다. 이걸로 날린 룬만 수십만이다.",2,4,False,Not Recommended,24235,1693081091
엘든 링,트리가드 시발새끼 내가 이겼다 니 시체에 오줌 쌀거야 시발새끼야,2,1,True,Recommended,1021,1691065718
엘든 링,아니 그래서 dlc언제 나오냐고!! 출시된지 벌써 1년 반이 지나갔어!!,2,1,True,Recommended,14344,1688427179
엘든 링,멜키트 이 만한 새끼! 내가 이겼어 시발아!,2,0,True,Recommended,1953,1688185754
엘든 링,졸라 어려워,2,2,True,Recommended,3667,1686131130
엘든 링,씨발 이거 야동임 매일매일 밤마다 잘떄 생각남 진짜 너무 재밌다 이게임 현역일떄 안한게 진짜 아쉽고 지금 와서 해도 진짜 정말 재밌음 원래하던게임 유기하고 이것만 하는중 진짜 야동 그 자체임 게임 잘만들었음 모든 보스들이 벽이 조금 느껴지긴 해도 못꺨정도는 아니다 라는 생각이 들정도로 간극이 애매하고 좀만더 좀만더 하면서 눈떠보면 아침해가 눈찡긋하고있음 진짜 야동임 이거,2,1,True,Recommended,8665,1685115970
엘든 링,씹새난격 씨팔 몇시간을 해도 적응이 안되노,2,1,True,Recommended,13830,1683179890
엘든 링,로블록스보다 노잼이네요,2,0,False,Not Recommended,1522,1682787192
엘든 링,진짜... 아직 9시간밖에 안한 뉴비긴 한데... 이게임 뭐랄까... 내가 억지로 의식해서 끊어야 그제서야 그만둘수있다 ...,2,4,True,Recommended,8279,1681759741
엘든 링,라단 어떤 새끼가 만들었냐 씨발,2,2,False,Not Recommended,7965,1680363534
엘든 링,개쩐다.... 시발 피했잖아,2,2,True,Recommended,26597,1680270942
엘든 링,장점 소울류 종합 선물 세트임 단점 소울류 종합 선물 세트임,2,1,True,Recommended,10153,1676118065
엘든 링,아아 보인다 우리의 훌륭한 왕조 모그윈이!아아 보인다 우리의 훌륭한 왕조 모그윈이!아아 보인다 우리의 훌륭한 왕조 모그윈이!아아 보인다 우리의 훌륭한 왕조 모그윈이!아아 보인다 우리의 훌륭한 왕조 모그윈이!아아 보인다 우리의 훌륭한 왕조 모그윈이!아아 보인다 우리의 훌륭한 왕조 모그윈이!아아 보인다 우리의 훌륭한 왕조 모그윈이!아아 보인다 우리의 훌륭한 왕조 모그윈이!아아 보인다 우리의 훌륭한 왕조 모그윈이!아아 보인다 우리의 훌륭한 왕조 모그윈이!아아 보인다 우리의 훌륭한 왕조 모그윈이!아아 보인다 우리의 훌륭한 왕조 모그윈이!아아 보인다 우리의 훌륭한 왕조 모그윈이!아아 보인다 우리의 훌륭한 왕조 모그윈이!아아 보인다 우리의 훌륭한 왕조 모그윈이!아아 보인다 우리의 훌륭한 왕조 모그윈이!아아 보인다 우리의 훌륭한 왕조 모그윈이!아아 보인다 우리의 훌륭한 왕조 모그윈이!아아 보인다 우리의 훌륭한 왕조 모그윈이!아아 보인다 우리의 훌륭한 왕조 모그윈이!아아 보인다 우리의 훌륭한 왕조 모그윈이!아아 보인다 우리의 훌륭한 왕조 모그윈이!아아 보인다 우리의 훌륭한 왕조 모그윈이!아아 보인다 우리의 훌륭한 왕조 모그윈이!아아 보인다 우리의 훌륭한 왕조 모그윈이!아아 보인다 우리의 훌륭한 왕조 모그윈이!아아 보인다 우리의 훌륭한 왕조 모그윈이!아아 보인다 우리의 훌륭한 왕조 모그윈이!아아 보인다 우리의 훌륭한 왕조 모그윈이!아아 보인다 우리의 훌륭한 왕조 모그윈이!아아 보인다 우리의 훌륭한 왕조 모그윈이!아아 보인다 우리의 훌륭한 왕조 모그윈이!아아 보인다 우리의 훌륭한 왕조 모그윈이!아아 보인다 우리의 훌륭한 왕조 모그윈이!아아 보인다 우리의 훌륭한 왕조 모그윈이!아아 보인다 우리의 훌륭한 왕조 모그윈이!아아 보인다 우리의 훌륭한 왕조 모그윈이!아아 보인다 우리의 훌륭한 왕조 모그윈이!아아 보인다 우리의 훌륭한 왕조 모그윈이!아아 보인다 우리의 훌륭한 왕조 모그윈이!아아 보인다 우리의 훌륭한 왕조 모그윈이!아아 보인다 우리의 훌륭한 왕조 모그윈이!아아 보인다 우리의 훌륭한 왕조 모그윈이!아아 보인다 우리의 훌륭한 왕조 모그윈이!아아 보인다 우리의 훌륭한 왕조 모그윈이!아아 보인다 우리의 훌륭한 왕조 모그윈이!아아 보인다 우리의 훌륭한 왕조 모그윈이!아아 보인다 우리의 훌륭한 왕조 모그윈이!아아 보인다 우리의 훌륭한 왕조 모그윈이!아아 보인다 우리의 훌륭한 왕조 모그윈이!아아 보인다 우리의 훌륭한 왕조 모그윈이!아아 보인다 우리의 훌륭한 왕조 모그윈이!아아 보인다 우리의 훌륭한 왕조 모그윈이!아아 보인다 우리의 훌륭한 왕조 모그윈이!아아 보인다 우리의 훌륭한 왕조 모그윈이!아아 보인다 우리의 훌륭한 왕조 모그윈이!아아 보인다 우리의 훌륭한 왕조 모그윈이!아아 보인다 우리의 훌륭한 왕조 모그윈이!아아 보인다 우리의 훌륭한 왕조 모그윈이!아아 보인다 우리의 훌륭한 왕조 모그윈이!아아 보인다 우리의 훌륭한 왕조 모그윈이!아아 보인다 우리의 훌륭한 왕조 모그윈이!아아 보인다 우리의 훌륭한 왕조 모그윈이!아아 보인다 우리의 훌륭한 왕조 모그윈이!아아 보인다 우리의 훌륭한 왕조 모그윈이!아아 보인다 우리의 훌륭한 왕조 모그윈이!아아 보인다 우리의 훌륭한 왕조 모그윈이!아아 보인다 우리의 훌륭한 왕조 모그윈이!아아 보인다 우리의 훌륭한 왕조 모그윈이!아아 보인다 우리의 훌륭한 왕조 모그윈이!아아 보인다 우리의 훌륭한 왕조 모그윈이!아아 보인다 우리의 훌륭한 왕조 모그윈이!아아 보인다 우리의 훌륭한 왕조 모그윈이!아아 보인다 우리의 훌륭한 왕조 모그윈이!아아 보인다 우리의 훌륭한 왕조 모그윈이!아아 보인다 우리의 훌륭한 왕조 모그윈이!아아 보인다 우리의 훌륭한 왕조 모그윈이!아아 보인다 우리의 훌륭한 왕조 모그윈이!아아 보인다 우리의 훌륭한 왕조 모그윈이!아아 보인다 우리의 훌륭한 왕조 모그윈이!아아 보인다 우리의 훌륭한 왕조 모그윈이!아아 보인다 우리의 훌륭한 왕조 모그윈이!아아 보인다 우리의 훌륭한 왕조 모그윈이!아아 보인다 우리의 훌륭한 왕조 모그윈이!아아 보인다 우리의 훌륭한 왕조 모그윈이!아아 보인다 우리의 훌륭한 왕조 모그윈이!아아 보인다 우리의 훌륭한 왕조 모그윈이!아아 보인다 우리의 훌륭한 왕조 모그윈이!아아 보인다 우리의 훌륭한 왕조 모그윈이!아아 보인다 우리의 훌륭한 왕조 모그윈이!아아 보인다 우리의 훌륭한 왕조 모그윈이!아아 보인다 우리의 훌륭한 왕조 모그윈이!아아 보인다 우리의 훌륭한 왕조 모그윈이!아아 보인다 우리의 훌륭한 왕조 모그윈이!아아 보인다 우리의 훌륭한 왕조 모그윈이!아아 보인다 우리의 훌륭한 왕조 모그윈이!아아 보인다 우리의 훌륭한 왕조 모그윈이!아아 보인다 우리의 훌륭한 왕조 모그윈이!아아 보인다 우리의 훌륭한 왕조 모그윈이! 아아 보인다 우리의 훌륭한 왕조 모그윈이!아아 보인다 우리의 훌륭한 왕조 모그윈이!아아 보인다 우리의 훌륭한 왕조 모그윈이!아아 보인다 우리의 훌륭한 왕조 모그윈이!아아 보인다 우리의 훌륭한 왕조 모그윈이!아아 보인다 우리의 훌륭한 왕조 모그윈이!아아 보인다 우리의 훌륭한 왕조 모그윈이!아아 보인다 우리의 훌륭한 왕조 모그윈이!아아 보인다 우리의 훌륭한 왕조 모그윈이!아아 보인다 우리의 훌륭한 왕조 모그윈이!아아 보인다 우리의 훌륭한 왕조 모그윈이!아아 보인다 우리의 훌륭한 왕조 모그윈이!아아 보인다 우리의 훌륭한 왕조 모그윈이!아아 보인다 우리의 훌륭한 왕조 모그윈이!아아 보인다 우리의 훌륭한 왕조 모그윈이!아아 보인다 우리의 훌륭한 왕조 모그윈이!아아 보인다 우리의 훌륭한 왕조 모그윈이!아아 보인다 우리의 훌륭한 왕조 모그윈이!아아 보인다 우리의 훌륭한 왕조 모그윈이!아아 보인다 우리의 훌륭한 왕조 모그윈이!아아 보인다 우리의 훌륭한 왕조 모그윈이!아아 보인다 우리의 훌륭한 왕조 모그윈이!아아 보인다 우리의 훌륭한 왕조 모그윈이!아아 보인다 우리의 훌륭한 왕조 모그윈이!아아 보인다 우리의 훌륭한 왕조 모그윈이!아아 보인다 우리의 훌륭한 왕조 모그윈이!아아 보인다 우리의 훌륭한 왕조 모그윈이!아아 보인다 우리의 훌륭한 왕조 모그윈이!아아 보인다 우리의 훌륭한 왕조 모그윈이!아아 보인다 우리의 훌륭한 왕조 모그윈이!아아 보인다 우리의 훌륭한 왕조 모그윈이!아아 보인다 우리의 훌륭한 왕조 모그윈이!아아 보인다 우리의 훌륭한 왕조 모그윈이!아아 보인다 우리의 훌륭한 왕조 모그윈이!아아 보인다 우리의 훌륭한 왕조 모그윈이!아아 보인다 우리의 훌륭한 왕조 모그윈이!아아 보인다 우리의 훌륭한 왕조 모그윈이!아아 보인다 우리의 훌륭한 왕조 모그윈이!아아 보인다 우리의 훌륭한 왕조 모그윈이!아아 보인다 우리의 훌륭한 왕조 모그윈이!아아 보인다 우리의 훌륭한 왕조 모그윈이!아아 보인다 우리의 훌륭한 왕조 모그윈이!아아 보인다 우리의 훌륭한 왕조 모그윈이!아아 보인다 우리의 훌륭한 왕조 모그윈이!아아 보인다 우리의 훌륭한 왕조 모그윈이!아아 보인다 우리의 훌륭한 왕조 모그윈이!아아 보인다 우리의 훌륭한 왕조 모그윈이!아아 보인다 우리의 훌륭한 왕조 모그윈이!아아 보인다 우리의 훌륭한 왕조 모그윈이!아아 보인다 우리의 훌륭한 왕조 모그윈이!아아 보인다 우리의 훌륭한 왕조 모그윈이!아아 보인다 우리의 훌륭한 왕조 모그윈이!아아 보인다 우리의 훌륭한 왕조 모그윈이!아아 보인다 우리의 훌륭한 왕조 모그윈이!아아 보인다 우리의 훌륭한 왕조 모그윈이!아아 보인다 우리의 훌륭한 왕조 모그윈이!아아 보인다 우리의 훌륭한 왕조 모그윈이!아아 보인다 우리의 훌륭한 왕조 모그윈이!아아 보인다 우리의 훌륭한 왕조 모그윈이!아아 보인다 우리의 훌륭한 왕조 모그윈이!아아 보인다 우리의 훌륭한 왕조 모그윈이!아아 보인다 우리의 훌륭한 왕조 모그윈이!아아 보인다 우리의 훌륭한 왕조 모그윈이!아아 보인다 우리의 훌륭한 왕조 모그윈이!아아 보인다 우리의 훌륭한 왕조 모그윈이!아아 보인다 우리의 훌륭한 왕조 모그윈이!아아 보인다 우리의 훌륭한 왕조 모그윈이!아아 보인다 우리의 훌륭한 왕조 모그윈이!아아 보인다 우리의 훌륭한 왕조 모그윈이!아아 보인다 우리의 훌륭한 왕조 모그윈이!아아 보인다 우리의 훌륭한 왕조 모그윈이!아아 보인다 우리의 훌륭한 왕조 모그윈이!아아 보인다 우리의 훌륭한 왕조 모그윈이!아아 보인다 우리의 훌륭한 왕조 모그윈이!아아 보인다 우리의 훌륭한 왕조 모그윈이!아아 보인다 우리의 훌륭한 왕조 모그윈이!아아 보인다 우리의 훌륭한 왕조 모그윈이!아아 보인다 우리의 훌륭한 왕조 모그윈이!아아 보인다 우리의 훌륭한 왕조 모그윈이!아아 보인다 우리의 훌륭한 왕조 모그윈이!아아 보인다 우리의 훌륭한 왕조 모그윈이!아아 보인다 우리의 훌륭한 왕조 모그윈이!아아 보인다 우리의 훌륭한 왕조 모그윈이!아아 보인다 우리의 훌륭한 왕조 모그윈이!아아 보인다 우리의 훌륭한 왕조 모그윈이!아아 보인다 우리의 훌륭한 왕조 모그윈이!아아 보인다 우리의 훌륭한 왕조 모그윈이!아아 보인다 우리의 훌륭한 왕조 모그윈이!아아 보인다 우리의 훌륭한 왕조 모그윈이!아아 보인다 우리의 훌륭한 왕조 모그윈이!아아 보인다 우리의 훌륭한 왕조 모그윈이!아아 보인다 우리의 훌륭한 왕조 모그윈이!아아 보인다 우리의 훌륭한 왕조 모그윈이!아아 보인다 우리의 훌륭한 왕조 모그윈이!아아 보인다 우리의 훌륭한 왕조 모그윈이!아아 보인다 우리의 훌륭한 왕조 모그윈이!아아 보인다 우리의 훌륭한 왕조 모그윈이!아아 보인다 우리의 훌륭한 왕조 모그윈이!아아 보인다 우리의 훌륭한 왕조 모그윈이!아아 보인다 우리의 훌륭한 왕조 모그윈이! 아아 보인다 우리의 훌륭한 왕조 모그윈이!아아 보인다 우리의 훌륭한 왕조 모그윈이!아아 보인다 우리의 훌륭한 왕조 모그윈이!아아 보인다 우리의 훌륭한 왕조 모그윈이!아아 보인다 우리의 훌륭한 왕조 모그윈이!아아 보인다 우리의 훌륭한 왕조 모그윈이!아아 보인다 우리의 훌륭한 왕조 모그윈이!아아 보인다 우리의 훌륭한 왕조 모그윈이!아아 보인다 우리의 훌륭한 왕조 모그윈이!아아 보인다 우리의 훌륭한 왕조 모그윈이!아아 보인다 우리의 훌륭한 왕조 모그윈이!아아 보인다 우리의 훌륭한 왕조 모그윈이!아아 보인다 우리의 훌륭한 왕조 모그윈이!아아 보인다 우리의 훌륭한 왕조 모그윈이!아아 보인다 우리의 훌륭한 왕조 모그윈이!아아 보인다 우리의 훌륭한 왕조 모그윈이!아아 보인다 우리의 훌륭한 왕조 모그윈이!아아 보인다 우리의 훌륭한 왕조 모그윈이!아아 보인다 우리의 훌륭한 왕조 모그윈이!아아 보인다 우리의 훌륭한 왕조 모그윈이!아아 보인다 우리의 훌륭한 왕조 모그윈이!아아 보인다 우리의 훌륭한 왕조 모그윈이!아아 보인다 우리의 훌륭한 왕조 모그윈이!아아 보인다 우리의 훌륭한 왕조 모그윈이!아아 보인다 우리의 훌륭한 왕조 모그윈이!아아 보인다 우리의 훌륭한 왕조 모그윈이!아아 보인다 우리의 훌륭한 왕조 모그윈이!아아 보인다 우리의 훌륭한 왕조 모그윈이!아아 보인다 우리의 훌륭한 왕조 모그윈이!아아 보인다 우리의 훌륭한 왕조 모그윈이!아아 보인다 우리의 훌륭한 왕조 모그윈이!아아 보인다 우리의 훌륭한 왕조 모그윈이!아아 보인다 우리의 훌륭한 왕조 모그윈이!아아 보인다 우리의 훌륭한 왕조 모그윈이!아아 보인다 우리의 훌륭한 왕조 모그윈이!아아 보인다 우리의 훌륭한 왕조 모그윈이!아아 보인다 우리의 훌륭한 왕조 모그윈이!아아 보인다 우리의 훌륭한 왕조 모그윈이!아아 보인다 우리의 훌륭한 왕조 모그윈이!아아 보인다 우리의 훌륭한 왕조 모그윈이!아아 보인다 우리의 훌륭한 왕조 모그윈이!아아 보인다 우리의 훌륭한 왕조 모그윈이!아아 보인다 우리의 훌륭한 왕조 모그윈이!아아 보인다 우리의 훌륭한 왕조 모그윈이!아아 보인다 우리의 훌륭한 왕조 모그윈이!아아 보인다 우리의 훌륭한 왕조 모그윈이!아아 보인다 우리의 훌륭한 왕조 모그윈이!아아 보인다 우리의 훌륭한 왕조 모그윈이!아아 보인다 우리의 훌륭한 왕조 모그윈이!아아 보인다 우리의 훌륭한 왕조 모그윈이!아아 보인다 우리의 훌륭한 왕조 모그윈이!아아 보인다 우리의 훌륭한 왕조 모그윈이!아아 보인다 우리의 훌륭한 왕조 모그윈이!아아 보인다 우리의 훌륭한 왕조 모그윈이!아아 보인다 우리의 훌륭한 왕조 모그윈이!아아 보인다 우리의 훌륭한 왕조 모그윈이!아아 보인다 우리의 훌륭한 왕조 모그윈이!아아 보인다 우리의 훌륭한 왕조 모그윈이!아아 보인다 우리의 훌륭한 왕조 모그윈이!아아 보인다 우리의 훌륭한 왕조 모그윈이!아아 보인다 우리의 훌륭한 왕조 모그윈이!아아 보인다 우리의 훌륭한 왕조 모그윈이!아아 보인다 우리의 훌륭한 왕조 모그윈이!아아 보인다 우리의 훌륭한 왕조 모그윈이!아아 보인다 우리의 훌륭한 왕조 모그윈이!아아 보인다 우리의 훌륭한 왕조 모그윈이!아아 보인다 우리의 훌륭한 왕조 모그윈이!아아 보인다 우리의 훌륭한 왕조 모그윈이!아아 보인다 우리의 훌륭한 왕조 모그윈이!아아 보인다 우리의 훌륭한 왕조 모그윈이!아아 보인다 우리의 훌륭한 왕조 모그윈이!아아 보인다 우리의 훌륭한 왕조 모그윈이!아아 보인다 우리의 훌륭한 왕조 모그윈이!아아 보인다 우리의 훌륭한 왕조 모그윈이!아아 보인다 우리의 훌륭한 왕조 모그윈이!아아 보인다 우리의 훌륭한 왕조 모그윈이!아아 보인다 우리의 훌륭한 왕조 모그윈이!아아 보인다 우리의 훌륭한 왕조 모그윈이!아아 보인다 우리의 훌륭한 왕조 모그윈이!아아 보인다 우리의 훌륭한 왕조 모그윈이!아아 보인다 우리의 훌륭한 왕조 모그윈이!아아 보인다 우리의 훌륭한 왕조 모그윈이!아아 보인다 우리의 훌륭한 왕조 모그윈이!아아 보인다 우리의 훌륭한 왕조 모그윈이!아아 보인다 우리의 훌륭한 왕조 모그윈이!아아 보인다 우리의 훌륭한 왕조 모그윈이!아아 보인다 우리의 훌륭한 왕조 모그윈이!아아 보인다 우리의 훌륭한 왕조 모그윈이!아아 보인다 우리의 훌륭한 왕조 모그윈이!아아 보인다 우리의 훌륭한 왕조 모그윈이!아아 보인다 우리의 훌륭한 왕조 모그윈이!아아 보인다 우리의 훌륭한 왕조 모그윈이!아아 보인다 우리의 훌륭한 왕조 모그윈이!아아 보인다 우리의 훌륭한 왕조 모그윈이!아아 보인다 우리의 훌륭한 왕조 모그윈이!아아 보인다 우리의 훌륭한 왕조 모그윈이!아아 보인다 우리의 훌륭한 왕조 모그윈이!아아 보인다 우리의 훌륭한 왕조 모그윈이!아아 보인다 우리의 훌륭한 왕조 모그윈이!아아 보인다 우리의 훌륭한 왕조 모그윈이! 아아 보인다 우리의 훌륭한 왕조 모그윈이!아아 보인다 우리의 훌륭한 왕조 모그윈이!아아 보인다 우리의 훌륭한 왕조 모그윈이!아아 보인다 우리의 훌륭한 왕조 모그윈이!아아 보인다 우리의 훌륭한 왕조 모그윈이!아아 보인다 우리의 훌륭한 왕조 모그윈이!아아 보인다 우리의 훌륭한 왕조 모그윈이!아아 보인다 우리의 훌륭한 왕조 모그윈이!아아 보인다 우리의 훌륭한 왕조 모그윈이!아아 보인다 우리의 훌륭한 왕조 모그윈이!아아 보인다 우리의 훌륭한 왕조 모그윈이!아아 보인다 우리의 훌륭한 왕조 모그윈이!아아 보인다 우리의 훌륭한 왕조 모그윈이!아아 보인다 우리의 훌륭한 왕조 모그윈이!아아 보인다 우리의 훌륭한 왕조 모그윈이!아아 보인다 우리의 훌륭한 왕조 모그윈이!아아 보인다 우리의 훌륭한 왕조 모그윈이!아아 보인다 우리의 훌륭한 왕조 모그윈이!아아 보인다 우리의 훌륭한 왕조 모그윈이!아아 보인다 우리의 훌륭한 왕조 모그윈이!아아 보인다 우리의 훌륭한 왕조 모그윈이!아아 보인다 우리의 훌륭한 왕조 모그윈이!아아 보인다 우리의 훌륭한 왕조 모그윈이!아아 보인다 우리의 훌륭한 왕조 모그윈이!아아 보인다 우리의 훌륭한 왕조 모그윈이!아아 보인다 우리의 훌륭한 왕조 모그윈이!아아 보인다 우리의 훌륭한 왕조 모그윈이!아아 보인다 우리의 훌륭한 왕조 모그윈이!아아 보인다 우리의 훌륭한 왕조 모그윈이!아아 보인다 우리의 훌륭한 왕조 모그윈이!아아 보인다 우리의 훌륭한 왕조 모그윈이!아아 보인다 우리의 훌륭한 왕조 모그윈이!아아 보인다 우리의 훌륭한 왕조 모그윈이!아아 보인다 우리의 훌륭한 왕조 모그윈이!아아 보인다 우리의 훌륭한 왕조 모그윈이!아아 보인다 우리의 훌륭한 왕조 모그윈이!아아 보인다 우리의 훌륭한 왕조 모그윈이!아아 보인다 우리의 훌륭한 왕조 모그윈이!아아 보인다 우리의 훌륭한 왕조 모그윈이!아아 보인다 우리의 훌륭한 왕조 모그윈이!아아 보인다 우리의 훌륭한 왕조 모그윈이!아아 보인다 우리의 훌륭한 왕조 모그윈이!아아 보인다 우리의 훌륭한 왕조 모그윈이!아아 보인다 우리의 훌륭한 왕조 모그윈이!아아 보인다 우리의 훌륭한 왕조 모그윈이!아아 보인다 우리의 훌륭한 왕조 모그윈이!아아 보인다 우리의 훌륭한 왕조 모그윈이!아아 보인다 우리의 훌륭한,2,0,True,Recommended,27459,1675433352
엘든 링,알겠는가 미켈라의 칼날 말레니아를 알겠는가 미켈라의 칼날 말레니아를 알겠는가 미켈라의 칼날 말레니아를 알겠는가 미켈라의 칼날 말레니아를 알겠는가 미켈라의 칼날 말레니아를 알겠는가 미켈라의 칼날 말레니아를 알겠는가 미켈라의 칼날 말레니아를 알겠는가 미켈라의 칼날 말레니아를 알겠는가 미켈라의 칼날 말레니아를 알겠는가 미켈라의 칼날 말레니아를 알겠는가 미켈라의 칼날 말레니아를 알겠는가 미켈라의 칼날 말레니아를 알겠는가 미켈라의 칼날 말레니아를 알겠는가 미켈라의 칼날 말레니아를 알겠는가 미켈라의 칼날 말레니아를 알겠는가 미켈라의 칼날 말레니아를 알겠는가 미켈라의 칼날 말레니아를 알겠는가 미켈라의 칼날 말레니아를 알겠는가 미켈라의 칼날 말레니아를 알겠는가 미켈라의 칼날 말레니아를 알겠는가 미켈라의 칼날 말레니아를 알겠는가 미켈라의 칼날 말레니아를 알겠는가 미켈라의 칼날 말레니아를 알겠는가 미켈라의 칼날 말레니아를 알겠는가 미켈라의 칼날 말레니아를 알겠는가 미켈라의 칼날 말레니아를 알겠는가 미켈라의 칼날 말레니아를 알겠는가 미켈라의 칼날 말레니아를 알겠는가 미켈라의 칼날 말레니아를 알겠는가 미켈라의 칼날 말레니아를 알겠는가 미켈라의 칼날 말레니아를 알겠는가 미켈라의 칼날 말레니아를 알겠는가 미켈라의 칼날 말레니아를 알겠는가 미켈라의 칼날 말레니아를 알겠는가 미켈라의 칼날 말레니아를 알겠는가 미켈라의 칼날 말레니아를 알겠는가 미켈라의 칼날 말레니아를 알겠는가 미켈라의 칼날 말레니아를 알겠는가 미켈라의 칼날 말레니아를 알겠는가 미켈라의 칼날 말레니아를 알겠는가 미켈라의 칼날 말레니아를 알겠는가 미켈라의 칼날 말레니아를 알겠는가 미켈라의 칼날 말레니아를 알겠는가 미켈라의 칼날 말레니아를 알겠는가 미켈라의 칼날 말레니아를 알겠는가 미켈라의 칼날 말레니아를 알겠는가 미켈라의 칼날 말레니아를 알겠는가 미켈라의 칼날 말레니아를 알겠는가 미켈라의 칼날 말레니아를 알겠는가 미켈라의 칼날 말레니아를 알겠는가 미켈라의 칼날 말레니아를 알겠는가 미켈라의 칼날 말레니아를 알겠는가 미켈라의 칼날 말레니아를 알겠는가 미켈라의 칼날 말레니아를 알겠는가 미켈라의 칼날 말레니아를 알겠는가 미켈라의 칼날 말레니아를 알겠는가 미켈라의 칼날 말레니아를 알겠는가 미켈라의 칼날 말레니아를 알겠는가 미켈라의 칼날 말레니아를 알겠는가 미켈라의 칼날 말레니아를 알겠는가 미켈라의 칼날 말레니아를 알겠는가 미켈라의 칼날 말레니아를 알겠는가 미켈라의 칼날 말레니아를 알겠는가 미켈라의 칼날 말레니아를 알겠는가 미켈라의 칼날 말레니아를 알겠는가 미켈라의 칼날 말레니아를 알겠는가 미켈라의 칼날 말레니아를 알겠는가 미켈라의 칼날 말레니아를 알겠는가 미켈라의 칼날 말레니아를 알겠는가 미켈라의 칼날 말레니아를 알겠는가 미켈라의 칼날 말레니아를 알겠는가 미켈라의 칼날 말레니아를 알겠는가 미켈라의 칼날 말레니아를 알겠는가 미켈라의 칼날 말레니아를 알겠는가 미켈라의 칼날 말레니아를 알겠는가 미켈라의 칼날 말레니아를 알겠는가 미켈라의 칼날 말레니아를 알겠는가 미켈라의 칼날 말레니아를 알겠는가 미켈라의 칼날 말레니아를 알겠는가 미켈라의 칼날 말레니아를 알겠는가 미켈라의 칼날 말레니아를 알겠는가 미켈라의 칼날 말레니아를 알겠는가 미켈라의 칼날 말레니아를 알겠는가 미켈라의 칼날 말레니아를 알겠는가 미켈라의 칼날 말레니아를 알겠는가 미켈라의 칼날 말레니아를 알겠는가 미켈라의 칼날 말레니아를 알겠는가 미켈라의 칼날 말레니아를 알겠는가 미켈라의 칼날 말레니아를 알겠는가 미켈라의 칼날 말레니아를 알겠는가 미켈라의 칼날 말레니아를 알겠는가 미켈라의 칼날 말레니아를 알겠는가 미켈라의 칼날 말레니아를 알겠는가 미켈라의 칼날 말레니아를 알겠는가 미켈라의 칼날 말레니아를 알겠는가 미켈라의 칼날 말레니아를 알겠는가 미켈라의 칼날 말레니아를 알겠는가 미켈라의 칼날 말레니아를 알겠는가 미켈라의 칼날 말레니아를 알겠는가 미켈라의 칼날 말레니아를 알겠는가 미켈라의 칼날 말레니아를 알겠는가 미켈라의 칼날 말레니아를 알겠는가 미켈라의 칼날 말레니아를 알겠는가 미켈라의 칼날 말레니아를 알겠는가 미켈라의 칼날 말레니아를 알겠는가 미켈라의 칼날 말레니아를 알겠는가 미켈라의 칼날 말레니아를 알겠는가 미켈라의 칼날 말레니아를 알겠는가 미켈라의 칼날 말레니아를 알겠는가 미켈라의 칼날 말레니아를 알겠는가 미켈라의 칼날 말레니아를 알겠는가 미켈라의 칼날 말레니아를 알겠는가 미켈라의 칼날 말레니아를 알겠는가 미켈라의 칼날 말레니아를 알겠는가 미켈라의 칼날 말레니아를 알겠는가 미켈라의 칼날 말레니아를 알겠는가 미켈라의 칼날 말레니아를 알겠는가 미켈라의 칼날 말레니아를 알겠는가 미켈라의 칼날 말레니아를 알겠는가 미켈라의 칼날 말레니아를 알겠는가 미켈라의 칼날 말레니아를 알겠는가 미켈라의 칼날 말레니아를 알겠는가 미켈라의 칼날 말레니아를 알겠는가 미켈라의 칼날 말레니아를 알겠는가 미켈라의 칼날 말레니아를 알겠는가 미켈라의 칼날 말레니아를 알겠는가 미켈라의 칼날 말레니아를 알겠는가 미켈라의 칼날 말레니아를 알겠는가 미켈라의 칼날 말레니아를 알겠는가 미켈라의 칼날 말레니아를 알겠는가 미켈라의 칼날 말레니아를 알겠는가 미켈라의 칼날 말레니아를 알겠는가 미켈라의 칼날 말레니아를 알겠는가 미켈라의 칼날 말레니아를 알겠는가 미켈라의 칼날 말레니아를 알겠는가 미켈라의 칼날 말레니아를 알겠는가 미켈라의 칼날 말레니아를 알겠는가 미켈라의 칼날 말레니아를 알겠는가 미켈라의 칼날 말레니아를 알겠는가 미켈라의 칼날 말레니아를 알겠는가 미켈라의 칼날 말레니아를 알겠는가 미켈라의 칼날 말레니아를 알겠는가 미켈라의 칼날 말레니아를 알겠는가 미켈라의 칼날 말레니아를 알겠는가 미켈라의 칼날 말레니아를 알겠는가 미켈라의 칼날 말레니아를 알겠는가 미켈라의 칼날 말레니아를 알겠는가 미켈라의 칼날 말레니아를 알겠는가 미켈라의 칼날 말레니아를 알겠는가 미켈라의 칼날 말레니아를 알겠는가 미켈라의 칼날 말레니아를 알겠는가 미켈라의 칼날 말레니아를 알겠는가 미켈라의 칼날 말레니아를 알겠는가 미켈라의 칼날 말레니아를 알겠는가 미켈라의 칼날 말레니아를 알겠는가 미켈라의 칼날 말레니아를 알겠는가 미켈라의 칼날 말레니아를 알겠는가 미켈라의 칼날 말레니아를 알겠는가 미켈라의 칼날 말레니아를 알겠는가 미켈라의 칼날 말레니아를 알겠는가 미켈라의 칼날 말레니아를 알겠는가 미켈라의 칼날 말레니아를 알겠는가 미켈라의 칼날 말레니아를 알겠는가 미켈라의 칼날 말레니아를 알겠는가 미켈라의 칼날 말레니아를 알겠는가 미켈라의 칼날 말레니아를 알겠는가 미켈라의 칼날 말레니아를 알겠는가 미켈라의 칼날 말레니아를 알겠는가 미켈라의 칼날 말레니아를 알겠는가 미켈라의 칼날 말레니아를 알겠는가 미켈라의 칼날 말레니아를 알겠는가 미켈라의 칼날 말레니아를 알겠는가 미켈라의 칼날 말레니아를 알겠는가 미켈라의 칼날 말레니아를 알겠는가 미켈라의 칼날 말레니아를 알겠는가 미켈라의 칼날 말레니아를 알겠는가 미켈라의 칼날 말레니아를 알겠는가 미켈라의 칼날 말레니아를 알겠는가 미켈라의 칼날 말레니아를 알겠는가 미켈라의 칼날 말레니아를 알겠는가 미켈라의 칼날 말레니아를 알겠는가 미켈라의 칼날 말레니아를 알겠는가 미켈라의 칼날 말레니아를 알겠는가 미켈라의 칼날 말레니아를 알겠는가 미켈라의 칼날 말레니아를 알겠는가 미켈라의 칼날 말레니아를 알겠는가 미켈라의 칼날 말레니아를 알겠는가 미켈라의 칼날 말레니아를 알겠는가 미켈라의 칼날 말레니아를 알겠는가 미켈라의 칼날 말레니아를 알겠는가 미켈라의 칼날 말레니아를 알겠는가 미켈라의 칼날 말레니아를 알겠는가 미켈라의 칼날 말레니아를 알겠는가 미켈라의 칼날 말레니아를 알겠는가 미켈라의 칼날 말레니아를 알겠는가 미켈라의 칼날 말레니아를 알겠는가 미켈라의 칼날 말레니아를 알겠는가 미켈라의 칼날 말레니아를 알겠는가 미켈라의 칼날 말레니아를 알겠는가 미켈라의 칼날 말레니아를 알겠는가 미켈라의 칼날 말레니아를 알겠는가 미켈라의 칼날 말레니아를 알겠는가 미켈라의 칼날 말레니아를 알겠는가 미켈라의 칼날 말레니아를 알겠는가 미켈라의 칼날 말레니아를 알겠는가 미켈라의 칼날 말레니아를 알겠는가 미켈라의 칼날 말레니아를 알겠는가 미켈라의 칼날 말레니아를 알겠는가 미켈라의 칼날 말레니아를 알겠는가 미켈라의 칼날 말레니아를 알겠는가 미켈라의 칼날 말레니아를 알겠는가 미켈라의 칼날 말레니아를 알겠는가 미켈라의 칼날 말레니아를 알겠는가 미켈라의 칼날 말레니아를 알겠는가 미켈라의 칼날 말레니아를 알겠는가 미켈라의 칼날 말레니아를 알겠는가 미켈라의 칼날 말레니아를 알겠는가 미켈라의 칼날 말레니아를 알겠는가 미켈라의 칼날 말레니아를 알겠는가 미켈라의 칼날 말레니아를 알겠는가 미켈라의 칼날 말레니아를 알겠는가 미켈라의 칼날 말레니아를 알겠는가 미켈라의 칼날 말레니아를 알겠는가 미켈라의 칼날 말레니아를 알겠는가 미켈라의 칼날 말레니아를 알겠는가 미켈라의 칼날 말레니아를 알겠는가 미켈라의 칼날 말레니아를 알겠는가 미켈라의 칼날 말레니아를 알겠는가 미켈라의 칼날 말레니아를 알겠는가 미켈라의 칼날 말레니아를 알겠는가 미켈라의 칼날 말레니아를 알겠는가 미켈라의 칼날 말레니아를 알겠는가 미켈라의 칼날 말레니아를 알겠는가 미켈라의 칼날 말레니아를 알겠는가 미켈라의 칼날 말레니아를 알겠는가 미켈라의 칼날 말레니아를 알겠는가 미켈라의 칼날 말레니아를 알겠는가 미켈라의 칼날 말레니아를 알겠는가 미켈라의 칼날 말레니아를 알겠는가 미켈라의 칼날 말레니아를 알겠는가 미켈라의 칼날 말레니아를 알겠는가 미켈라의 칼날 말레니아를 알겠는가 미켈라의 칼날 말레니아를 알겠는가 미켈라의 칼날 말레니아를 알겠는가 미켈라의 칼날 말레니아를 알겠는가 미켈라의 칼날 말레니아를 알겠는가 미켈라의 칼날 말레니아를 알겠는가 미켈라의 칼날 말레니아를 알겠는가 미켈라의 칼날 말레니아를 알겠는가 미켈라의 칼날 말레니아를 알겠는가 미켈라의 칼날 말레니아를 알겠는가 미켈라의 칼날 말레니아를 알겠는가 미켈라의 칼날 말레니아를 알겠는가 미켈라의 칼날 말레니아를 알겠는가 미켈라의 칼날 말레니아를 알겠는가 미켈라의 칼날 말레니아를 알겠는가 미켈라의 칼날 말레니아를 알겠는가 미켈라의 칼날 말레니아를 알겠는가 미켈라의 칼날 말레니아를 알겠는가 미켈라의 칼날 말레니아를 알겠는가 미켈라의 칼날 말레니아를 알겠는가 미켈라의 칼날 말레니아를 알겠는가 미켈라의 칼날 말레니아를 알겠는가 미켈라의 칼날 말레니아를 알겠는가 미켈라의 칼날 말레니아를 알겠는가 미켈라의 칼날 말레니아를 알겠는가 미켈라의 칼날 말레니아를 알겠는가 미켈라의 칼날 말레니아를 알겠는가 미켈라의 칼날 말레니아를 알겠는가 미켈라의 칼날 말레니아를 알겠는가 미켈라의 칼날 말레니아를 알겠는가 미켈라의 칼날 말레니아를 알겠는가 미켈라의 칼날 말레니아를 알겠는가 미켈라의 칼날 말레니아를 알겠는가 미켈라의 칼날 말레니아를 알겠는가 미켈라의 칼날 말레니아를 알겠는가 미켈라의 칼날 말레니아를 알겠는가 미켈라의 칼날 말레니아를 알겠는가 미켈라의 칼날 말레니아를 알겠는가 미켈라의 칼날 말레니아를 알겠는가 미켈라의 칼날 말레니아를 알겠는가 미켈라의 칼날 말레니아를 알겠는가 미켈라의 칼날 말레니아를 알겠는가 미켈라의 칼날 말레니아를 알겠는가 미켈라의 칼날 말레니아를 알겠는가 미켈라의 칼날 말레니아를 알겠는가 미켈라의 칼날 말레니아를 알겠는가 미켈라의 칼날 말레니아를 알겠는가 미켈라의 칼날 말레니아를 알겠는가 미켈라의 칼날 말레니아를 알겠는가 미켈라의 칼날 말레니아를 알겠는가 미켈라의 칼날 말레니아를 알겠는가 미켈라의 칼날 말레니아를 알겠는가 미켈라의 칼날 말레니아를 알겠는가 미켈라의 칼날 말레니아를 알겠는가 미켈라의 칼날 말레니아를 알겠는가 미켈라의 칼날 말레니아를 알겠는가 미켈라의 칼날 말레니아를 알겠는가 미켈라의 칼날 말레니아를 알겠는가 미켈라의 칼날 말레니아를 알겠는가 미켈라의 칼날 말레니아를 알겠는가 미켈라의 칼날 말레니아를 알겠는가 미켈라의 칼날 말레니아를 알겠는가 미켈라의 칼날 말레니아를 알겠는가 미켈라의 칼날 말레니아를 알겠는가 미켈라의 칼날 말레니아를 알겠는가 미켈라의 칼날 말레니아를 알겠는가 미켈라의 칼날 말레니아를 알겠는가 미켈라의 칼날 말레니아를 알겠는가 미켈라의 칼날 말레니아를 알겠는가 미켈라의 칼날 말레니아를 알겠는가 미켈라의 칼날 말레니아를 알겠는가 미켈라의 칼날 말레니아를 알겠는가 미켈라의 칼날 말레니아를 알겠는가 미켈라의 칼날 말레니아를 알겠는가 미켈라의 칼날 말레니아를 알겠는가 미켈라의 칼날 말레니아를 알겠는가 미켈라의 칼날 말레니아를 알겠는가 미켈라의 칼날 말레니아를 알겠는가 미켈라의 칼날 말레니아를 알겠는가 미켈라의 칼날 말레니아를 알겠는가 미켈라의 칼날 말레니아를 알겠는가 미켈라의 칼날 말레니아를 알겠는가 미켈라의 칼날 말레니아를 알겠는가 미켈라의 칼날 말레니아를 알겠는가 미켈라의 칼날 말레니아를 알겠는가 미켈라의 칼날 말레니아를 알겠는가 미켈라의 칼날 말레니아를 알겠는가 미켈라의 칼날 말레니아를 알겠는가 미켈라의 칼날 말레니아를 알겠는가 미켈라의 칼날 말레니아를 알겠는가 미켈라의 칼날 말레니아를 알겠는가 미켈라의 칼날 말레니아를 알겠는가 미켈라의 칼날 말레니아를 알겠는가 미켈라의 칼날 말레니아를 알겠는가 미켈라의 칼날 말레니아를 알겠는가 미켈라의 칼날 말레니아를 알겠는가 미켈라의 칼날 말레니아를 알겠는가 미켈라의 칼날 말레니아를 알겠는가 미켈라의 칼날 말레니아를 알겠는가 미켈라의 칼날 말레니아를 알겠는가 미켈라의 칼날 말레니아를 알겠는가 미켈라의 칼날 말레니아를 알겠는가 미켈라의 칼날 말레니아를 알겠는가 미켈라의 칼날 말레니아를 알겠는가 미켈라의 칼날 말레니아를 알겠는가 미켈라의 칼날 말레니아를 알겠는가 미켈라의 칼날 말레니아를 알겠는가 미켈라의 칼날 말레니아를 알겠는가 미켈라의 칼날 말레니아를 알겠는가 미켈라의 칼날 말레니아를 알겠는가 미켈라의 칼날 말레니아를 알겠는가 미켈라의 칼날 말레니아를 알겠는가 미켈라의 칼날 말레니아를 알겠는가 미켈라의 칼날 말레니아를 알겠는가 미켈라의 칼날 말레니아를 알겠는가 미켈라의 칼날 말레니아를 알겠는가 미켈라의 칼날 말레니아를 알겠는가 미켈라의 칼날 말레니아를 알겠는가 미켈라의 칼날 말레니아를 알겠는가 미켈라의 칼날 말레니아를 알겠는가 미켈라의 칼날 말레니아를 알겠는가 미켈라의 칼날 말레니아를 알겠는가 미켈라의 칼날 말레니아를 알겠는가 미켈라의 칼날 말레니아를 알겠는가 미켈라의 칼날 말레니아를 알겠는가 미켈라의 칼날 말레니아를 알겠는가 미켈라의 칼날 말레니아를 알겠는가 미켈라의 칼날 말레니아를 알겠는가 미켈라의 칼날 말레니아를 알겠는가 미켈라의 칼날 말레니아를 알겠는가 미켈라의 칼날 말레니아를 알겠는가 미켈라의 칼날 말레니아를 알겠는가 미켈라의 칼날 말레니아를 알겠는가 미켈라의 칼날 말레니아를 알겠는가 미켈라의 칼날 말레니아를 알겠는가 미켈라의 칼날 말레니아를 알겠는가 미켈라의 칼날 말레니아를 알겠는가 미켈라의 칼날 말레니아를 알겠는가 미켈라의 칼날 말레니아를 알겠는가 미켈라의 칼날 말레니아를 알겠는가 미켈라의 칼날 말레니아를 알겠는가 미켈라의 칼날 말레니아를 알겠는가 미켈라의 칼날 말레니아를 알겠는가 미켈라의 칼날 말레니아를 알겠는가 미켈라의 칼날 말레니아를 알겠는가 미켈라의 칼날 말레니아를 알겠는가 미켈라의 칼날 말레니아를 알겠는가 미켈라의 칼날 말레니아를 알겠는가 미켈라의 칼날 말레니아를 알겠는가 미켈라의 칼날 말레니아를 알겠는가 미켈라의 칼날 말레니아를 알겠는가 미켈라의 칼날 말레니아를 알겠는가 미켈라의 칼날 말레니아를 알겠는가 미켈라의 칼날 말레니아를 알겠는가 미켈라의 칼날 말레니아를 알겠는가 미켈라의 칼날 말레니아를 알겠는가 미켈라의 칼날 말레니아를 알겠는가 미켈라의 칼날 말레니아를 알겠는가 미켈라의 칼날 말레니아를 알겠는가 미켈라의 칼날 말레니아를 알겠는가 미켈라의 칼날 말레니아를 알겠는가 미켈라의 칼날 말레니아를,2,0,True,Recommended,57411,1673419927
엘든 링,시발 개발자 애미 좆창녀새끼 씨발년 잡아다가 후장 존나 뚫은다음 쌍둥이 임신시켜버리고 싶네 겜 좆같이 만드는 개 애미쳐뒤진 좆씨발년,2,2,False,Not Recommended,7853,1672577076
엘든 링,재미없다,2,2,False,Not Recommended,10323,1672474460
엘든 링,이게 야동인가? 이게 야동인가? 이게 야동인가?이게 야동인가? 이게 야동인가? 이게 야동인가?이게 야동인가? 이게 야동인가? 이게 야동인가?이게 야동인가? 이게 야동인가? 이게 야동인가?이게 야동인가? 이게 야동인가? 이게 야동인가?이게 야동인가? 이게 야동인가? 이게 야동인가?이게 야동인가? 이게 야동인가? 이게 야동인가?이게 야동인가? 이게 야동인가? 이게 야동인가?이게 야동인가? 이게 야동인가? 이게 야동인가?이게 야동인가? 이게 야동인가? 이게 야동인가?이게 야동인가? 이게 야동인가? 이게 야동인가?이게 야동인가? 이게 야동인가? 이게 야동인가?이게 야동인가? 이게 야동인가? 이게 야동인가?이게 야동인가? 이게 야동인가? 이게 야동인가?이게 야동인가? 이게 야동인가? 이게 야동인가?이게 야동인가? 이게 야동인가? 이게 야동인가?이게 야동인가? 이게 야동인가? 이게 야동인가?이게 야동인가? 이게 야동인가? 이게 야동인가?이게 야동인가? 이게 야동인가? 이게 야동인가?이게 야동인가? 이게 야동인가? 이게 야동인가?이게 야동인가? 이게 야동인가? 이게 야동인가?이게 야동인가? 이게 야동인가? 이게 야동인가?이게 야동인가? 이게 야동인가? 이게 야동인가?이게 야동인가? 이게 야동인가? 이게 야동인가?이게 야동인가? 이게 야동인가? 이게 야동인가?이게 야동인가? 이게 야동인가? 이게 야동인가?이게 야동인가? 이게 야동인가? 이게 야동인가?이게 야동인가? 이게 야동인가? 이게 야동인가?이게 야동인가? 이게 야동인가? 이게 야동인가?이게 야동인가? 이게 야동인가? 이게 야동인가?이게 야동인가? 이게 야동인가? 이게 야동인가?이게 야동인가? 이게 야동인가? 이게 야동인가?이게 야동인가? 이게 야동인가? 이게 야동인가?이게 야동인가? 이게 야동인가? 이게 야동인가?이게 야동인가? 이게 야동인가? 이게 야동인가?이게 야동인가? 이게 야동인가? 이게 야동인가?이게 야동인가? 이게 야동인가? 이게 야동인가?이게 야동인가? 이게 야동인가? 이게 야동인가?이게 야동인가? 이게 야동인가? 이게 야동인가?이게 야동인가? 이게 야동인가? 이게 야동인가?이게 야동인가? 이게 야동인가? 이게 야동인가?이게 야동인가? 이게 야동인가? 이게 야동인가?이게 야동인가? 이게 야동인가? 이게 야동인가?이게 야동인가? 이게 야동인가? 이게 야동인가?이게 야동인가? 이게 야동인가? 이게 야동인가?이게 야동인가? 이게 야동인가? 이게 야동인가?이게 야동인가? 이게 야동인가? 이게 야동인가?이게 야동인가? 이게 야동인가? 이게 야동인가?이게 야동인가? 이게 야동인가? 이게 야동인가?이게 야동인가? 이게 야동인가? 이게 야동인가?이게 야동인가? 이게 야동인가? 이게 야동인가?이게 야동인가? 이게 야동인가? 이게 야동인가?이게 야동인가? 이게 야동인가? 이게 야동인가?이게 야동인가? 이게 야동인가? 이게 야동인가?이게 야동인가? 이게 야동인가? 이게 야동인가?이게 야동인가? 이게 야동인가? 이게 야동인가?이게 야동인가? 이게 야동인가? 이게 야동인가?이게 야동인가? 이게 야동인가? 이게 야동인가?이게 야동인가? 이게 야동인가? 이게 야동인가?이게 야동인가? 이게 야동인가? 이게 야동인가?이게 야동인가? 이게 야동인가? 이게 야동인가?이게 야동인가? 이게 야동인가? 이게 야동인가?이게 야동인가? 이게 야동인가? 이게 야동인가?이게 야동인가? 이게 야동인가? 이게 야동인가?이게 야동인가? 이게 야동인가? 이게 야동인가?이게 야동인가? 이게 야동인가? 이게 야동인가?이게 야동인가? 이게 야동인가? 이게 야동인가?이게 야동인가? 이게 야동인가? 이게 야동인가?이게 야동인가? 이게 야동인가? 이게 야동인가?이게 야동인가? 이게 야동인가? 이게 야동인가?이게 야동인가? 이게 야동인가? 이게 야동인가?이게 야동인가? 이게 야동인가? 이게 야동인가?이게 야동인가? 이게 야동인가? 이게 야동인가?이게 야동인가? 이게 야동인가? 이게 야동인가?이게 야동인가? 이게 야동인가? 이게 야동인가?이게 야동인가? 이게 야동인가? 이게 야동인가?이게 야동인가? 이게 야동인가? 이게 야동인가?이게 야동인가? 이게 야동인가? 이게 야동인가?이게 야동인가? 이게 야동인가? 이게 야동인가?이게 야동인가? 이게 야동인가? 이게 야동인가?이게 야동인가? 이게 야동인가? 이게 야동인가?이게 야동인가? 이게 야동인가? 이게 야동인가?이게 야동인가? 이게 야동인가? 이게 야동인가?이게 야동인가? 이게 야동인가? 이게 야동인가?이게 야동인가? 이게 야동인가? 이게 야동인가?이게 야동인가? 이게 야동인가? 이게 야동인가?이게 야동인가? 이게 야동인가? 이게 야동인가?이게 야동인가? 이게 야동인가? 이게 야동인가?이게 야동인가? 이게 야동인가? 이게 야동인가?이게 야동인가? 이게 야동인가? 이게 야동인가?이게 야동인가? 이게 야동인가? 이게 야동인가?이게 야동인가? 이게 야동인가? 이게 야동인가?이게 야동인가? 이게 야동인가? 이게 야동인가?이게 야동인가? 이게 야동인가? 이게 야동인가?이게 야동인가? 이게 야동인가? 이게 야동인가?이게 야동인가? 이게 야동인가? 이게 야동인가?이게 야동인가? 이게 야동인가? 이게 야동인가?이게 야동인가? 이게 야동인가? 이게 야동인가?이게 야동인가? 이게 야동인가? 이게 야동인가?이게 야동인가? 이게 야동인가? 이게 야동인가?이게 야동인가? 이게 야동인가? 이게 야동인가?이게 야동인가? 이게 야동인가? 이게 야동인가?이게 야동인가? 이게 야동인가? 이게 야동인가?이게 야동인가? 이게 야동인가? 이게 야동인가?이게 야동인가? 이게 야동인가? 이게 야동인가?이게 야동인가? 이게 야동인가? 이게 야동인가?이게 야동인가? 이게 야동인가? 이게 야동인가?이게 야동인가? 이게 야동인가? 이게 야동인가?이게 야동인가? 이게 야동인가? 이게 야동인가?이게 야동인가? 이게 야동인가? 이게 야동인가?이게 야동인가? 이게 야동인가? 이게 야동인가?이게 야동인가? 이게 야동인가? 이게 야동인가?이게 야동인가? 이게 야동인가? 이게 야동인가?이게 야동인가? 이게 야동인가? 이게 야동인가?이게 야동인가? 이게 야동인가? 이게 야동인가?이게 야동인가? 이게 야동인가? 이게 야동인가?이게 야동인가? 이게 야동인가? 이게 야동인가?이게 야동인가? 이게 야동인가? 이게 야동인가?이게 야동인가? 이게 야동인가? 이게 야동인가?이게 야동인가? 이게 야동인가? 이게 야동인가?이게 야동인가? 이게 야동인가? 이게 야동인가?이게 야동인가? 이게 야동인가? 이게 야동인가?이게 야동인가? 이게 야동인가? 이게 야동인가?이게 야동인가? 이게 야동인가? 이게 야동인가?이게 야동인가? 이게 야동인가? 이게 야동인가?이게 야동인가? 이게 야동인가? 이게 야동인가?이게 야동인가? 이게 야동인가? 이게 야동인가?이게 야동인가? 이게 야동인가? 이게 야동인가?이게 야동인가? 이게 야동인가? 이게 야동인가?이게 야동인가? 이게 야동인가? 이게 야동인가?이게 야동인가? 이게 야동인가? 이게 야동인가?이게 야동인가? 이게 야동인가? 이게 야동인가?이게 야동인가? 이게 야동인가? 이게 야동인가?이게 야동인가? 이게 야동인가? 이게 야동인가?이게 야동인가? 이게 야동인가? 이게 야동인가?이게 야동인가? 이게 야동인가? 이게 야동인가?이게 야동인가? 이게 야동인가? 이게 야동인가?이게 야동인가? 이게 야동인가? 이게 야동인가?이게 야동인가? 이게 야동인가? 이게 야동인가?이게 야동인가? 이게 야동인가? 이게 야동인가?이게 야동인가? 이게 야동인가? 이게 야동인가?이게 야동인가? 이게 야동인가? 이게 야동인가?이게 야동인가? 이게 야동인가? 이게 야동인가?이게 야동인가? 이게 야동인가? 이게 야동인가?이게 야동인가? 이게 야동인가? 이게 야동인가?이게 야동인가? 이게 야동인가? 이게 야동인가?이게 야동인가? 이게 야동인가? 이게 야동인가?이게 야동인가? 이게 야동인가? 이게 야동인가?이게 야동인가? 이게 야동인가? 이게 야동인가?이게 야동인가? 이게 야동인가? 이게 야동인가?이게 야동인가? 이게 야동인가? 이게 야동인가?이게 야동인가? 이게 야동인가? 이게 야동인가?이게 야동인가? 이게 야동인가? 이게 야동인가?이게 야동인가? 이게 야동인가? 이게 야동인가?이게 야동인가? 이게 야동인가? 이게 야동인가?이게 야동인가? 이게 야동인가? 이게 야동인가?이게 야동인가? 이게 야동인가? 이게 야동인가?이게 야동인가? 이게 야동인가? 이게 야동인가?이게 야동인가? 이게 야동인가? 이게 야동인가?이게 야동인가? 이게 야동인가? 이게 야동인가?이게 야동인가? 이게 야동인가? 이게 야동인가?이게 야동인가? 이게 야동인가? 이게 야동인가?이게 야동인가? 이게 야동인가? 이게 야동인가?이게 야동인가? 이게 야동인가? 이게 야동인가?이게 야동인가? 이게 야동인가? 이게 야동인가?이게 야동인가? 이게 야동인가? 이게 야동인가?이게 야동인가? 이게 야동인가? 이게 야동인가?이게 야동인가? 이게 야동인가? 이게 야동인가?이게 야동인가? 이게 야동인가? 이게 야동인가?이게 야동인가? 이게 야동인가? 이게 야동인가?이게 야동인가? 이게 야동인가? 이게 야동인가?이게 야동인가? 이게 야동인가? 이게 야동인가?이게 야동인가? 이게 야동인가? 이게 야동인가?이게 야동인가? 이게 야동인가? 이게 야동인가?이게 야동인가? 이게 야동인가? 이게 야동인가?이게 야동인가? 이게 야동인가? 이게 야동인가?이게 야동인가? 이게 야동인가? 이게 야동인가?이게 야동인가? 이게 야동인가? 이게 야동인가?이게 야동인가? 이게 야동인가? 이게 야동인가?이게 야동인가? 이게 야동인가? 이게 야동인가?이게 야동인가? 이게 야동인가? 이게 야동인가?이게 야동인가? 이게 야동인가? 이게 야동인가?이게 야동인가? 이게 야동인가? 이게 야동인가?이게 야동인가? 이게 야동인가? 이게 야동인가?이게 야동인가? 이게 야동인가? 이게 야동인가?이게 야동인가? 이게 야동인가? 이게 야동인가?이게 야동인가? 이게 야동인가? 이게 야동인가?이게 야동인가? 이게 야동인가? 이게 야동인가?이게 야동인가? 이게 야동인가? 이게 야동인가?이게 야동인가? 이게 야동인가? 이게 야동인가?이게 야동인가? 이게 야동인가? 이게 야동인가?이게 야동인가? 이게 야동인가? 이게 야동인가?이게 야동인가? 이게 야동인가? 이게 야동인가?이게 야동인가? 이게 야동인가? 이게 야동인가?이게 야동인가? 이게 야동인가? 이게 야동인가?이게 야동인가? 이게 야동인가? 이게 야동인가?이게 야동인가? 이게 야동인가? 이게 야동인가?이게 야동인가? 이게 야동인가? 이게 야동인가?이게 야동인가? 이게 야동인가? 이게 야동인가?이게 야동인가? 이게 야동인가? 이게 야동인가?이게 야동인가? 이게 야동인가? 이게 야동인가?이게 야동인가? 이게 야동인가? 이게 야동인가?이게 야동인가? 이게 야동인가? 이게 야동인가?이게 야동인가? 이게 야동인가? 이게 야동인가?이게 야동인가? 이게 야동인가? 이게 야동인가?이게 야동인가? 이게 야동인가? 이게 야동인가?이게 야동인가? 이게 야동인가? 이게 야동인가?이게 야동인가? 이게 야동인가? 이게 야동인가?이게 야동인가? 이게 야동인가? 이게 야동인가?이게 야동인가? 이게 야동인가? 이게 야동인가?이게 야동인가? 이게 야동인가? 이게 야동인가?이게 야동인가? 이게 야동인가? 이게 야동인가?이게 야동인가? 이게 야동인가? 이게 야동인가?이게 야동인가? 이게 야동인가? 이게 야동인가?이게 야동인가? 이게 야동인가? 이게 야동인가?이게 야동인가? 이게 야동인가? 이게 야동인가?이게 야동인가? 이게 야동인가? 이게 야동인가?이게 야동인가? 이게 야동인가? 이게 야동인가?이게 야동인가? 이게 야동인가? 이게 야동인가?이게 야동인가? 이게 야동인가? 이게 야동인가?이게 야동인가? 이게 야동인가? 이게 야동인가?이게 야동인가? 이게 야동인가? 이게 야동인가?이게 야동인가? 이게 야동인가? 이게 야동인가?이게 야동인가? 이게 야동인가? 이게 야동인가?이게 야동인가? 이게 야동인가? 이게 야동인가?이게 야동인가? 이게 야동인가? 이게 야동인가?이게 야동인가? 이게 야동인가? 이게 야동인가?이게 야동인가? 이게 야동인가? 이게 야동인가?이게 야동인가? 이게 야동인가? 이게 야동인가?이게 야동인가? 이게 야동인가? 이게 야동인가?이게 야동인가? 이게 야동인가? 이게 야동인가?이게 야동인가? 이게 야동인가? 이게 야동인가?이게 야동인가? 이게 야동인가? 이게 야동인가?이게 야동인가? 이게 야동인가? 이게 야동인가?이게 야동인가? 이게 야동인가? 이게 야동인가?이게 야동인가? 이게 야동인가? 이게 야동인가?이게 야동인가? 이게 야동인가? 이게 야동인가?이게 야동인가? 이게 야동인가? 이게 야동인가?이게 야동인가? 이게 야동인가? 이게 야동인가?이게 야동인가? 이게 야동인가? 이게 야동인가?이게 야동인가? 이게 야동인가? 이게 야동인가?이게 야동인가? 이게 야동인가? 이게 야동인가?이게 야동인가? 이게 야동인가? 이게 야동인가?이게 야동인가? 이게 야동인가? 이게 야동인가?이게 야동인가? 이게 야동인가? 이게 야동인가?이게 야동인가? 이게 야동인가? 이게 야동인가?이게 야동인가? 이게 야동인가? 이게 야동인가?이게 야동인가? 이게 야동인가? 이게 야동인가?이게 야동인가? 이게 야동인가? 이게 야동인가?이게 야동인가? 이게 야동인가? 이게 야동인가?이게 야동인가? 이게 야동인가? 이게 야동인가?이게 야동인가? 이게 야동인가? 이게 야동인가?이게 야동인가? 이게 야동인가? 이게 야동인가?이게 야동인가? 이게 야동인가? 이게 야동인가?이게 야동인가? 이게 야동인가? 이게 야동인가?이게 야동인가? 이게 야동인가? 이게 야동인가?이게 야동인가? 이게 야동인가? 이게 야동인가?이게 야동인가? 이게 야동인가? 이게 야동인가?이게 야동인가? 이게 야동인가? 이게 야동인가?이게 야동인가? 이게 야동인가? 이게 야동인가?이게 야동인가? 이게 야동인가? 이게 야동인가?이게 야동인가? 이게 야동인가? 이게 야동인가?이게 야동인가? 이게 야동인가? 이게 야동인가?이게 야동인가? 이게 야동인가? 이게 야동인가?이게 야동인가? 이게 야동인가? 이게 야동인가?이게 야동인가? 이게 야동인가? 이게 야동인가?이게 야동인가? 이게 야동인가? 이게 야동인가?이게 야동인가? 이게 야동인가? 이게 야동인가?이게 야동인가? 이게 야동인가? 이게 야동인가?이게 야동인가? 이게 야동인가? 이게 야동인가?이게 야동인가? 이게 야동인가? 이게 야동인가?이게 야동인가? 이게 야동인가? 이게 야동인가?이게 야동인가? 이게 야동인가? 이게 야동인가?이게 야동인가? 이게 야동인가? 이게 야동인가?이게 야동인가? 이게 야동인가? 이게 야동인가?이게 야동인가? 이게 야동인가? 이게 야동인가?이게 야동인가? 이게 야동인가? 이게 야동인가?이게 야동인가? 이게 야동인가? 이게 야동인가?이게 야동인가? 이게 야동인가? 이게 야동인가?이게 야동인가? 이게 야동인가? 이게 야동인가?이게 야동인가? 이게 야동인가? 이게 야동인가?이게 야동인가? 이게 야동인가? 이게 야동인가?이게 야동인가? 이게 야동인가? 이게 야동인가?이게 야동인가? 이게 야동인가? 이게 야동인가?이게 야동인가? 이게 야동인가? 이게 야동인가?이게 야동인가? 이게 야동인가? 이게 야동인가?이게 야동인가? 이게 야동인가? 이게 야동인가?이게 야동인가? 이게 야동인가? 이게 야동인가?이게 야동인가? 이게 야동인가? 이게 야동인가?이게 야동인가? 이게 야동인가? 이게 야동인가?이게 야동인가? 이게 야동인가? 이게 야동인가?이게 야동인가? 이게 야동인가? 이게 야동인가?이게 야동인가? 이게 야동인가? 이게 야동인가?이게 야동인가? 이게 야동인가? 이게 야동인가?이게 야동인가? 이게 야동인가? 이게 야동인가?이게 야동인가? 이게 야동인가? 이이게 야동인가? 이게 야동인가? 이게 야동인가?게 야동인가?이게 야동인가? 이게 야동인가? 이게 야동인가?이게 야동인가? 이게 이게 이게 야동인가? 이게 야동인가? 이게 야동인가?동인가? 이게 야동인가? 이게 야동인가?인가? 이게 야동인가?이게 야동인가? 이게이이게 야동인가? 이게 야동인가? 이게 야동인가?이게 야동인가? 이게 야동인가? 이게 야동인가?이게 야동인가? 이게 야동인가? 이게이게 야동인가? 이게 야동인가? 이게 야동인가?이게 야동인가? 이게 야동인가? 이게 야동인가?이게 야동인가? 이게 야동인가? 이게 야동인가?이게 야동인가????????,2,0,True,Recommended,4766,1671898709
엘든 링,기사의 로망보다는 판타지의 로망이 부각되는 게임. 점프 강공격이 아니면 빡세다.,2,11,True,Recommended,13137,1671040550
엘든 링,이겜 덕분에 내 아까운 시간날림 진짜 이런걸 왜 만들어서 사람 미치게 만듦 진짜 얼마나 사람미치게 하는지 분명히 아침에 보스 잡고있었는데 잡고보니 오후네 참 나 어이가없네 막이래 허 참나,2,0,True,Recommended,46805,1670954851
엘든 링,그냥 해보고 말해 처음부터 안한다고만 하지말고,2,0,True,Recommended,1408,1669217989
엘든 링,"이 너머, 갓겜 있다...",2,2,True,Recommended,31202,1669217986
엘든 링,피했잖아 씨발아,2,0,True,Recommended,43338,1668673184
엘든 링,트리가드 꼭 잡으세요,2,0,True,Recommended,457,1668430177
엘든 링,프롬인데 무엇을 기대하는가?,2,5,True,Recommended,5641,1668064752
엘든 링,오오....빛바랜 자여 그대 앞에 축복 있도다!,2,0,True,Recommended,21318,1667536919
엘든 링,1회차 엔딩 컷씬까지 보고 세이브가 날아갔다. 어?,2,0,True,Recommended,17483,1666454509
엘든 링,함께해서 더러웠고 다신 보지말자,2,6,False,Not Recommended,7857,1665423065
엘든 링,"9회차 까지 돌렸는데, 더 이상 할게 없네요..",2,12,True,Recommended,14935,1665040113
엘든 링,잘못된건 게임이 아니라 내 손이라는 것을 일깨워준 게임..,2,0,True,Recommended,11036,1664762552
엘든 링,울트라와이드 지원 좀,2,22,False,Not Recommended,12997,1664698800
엘든 링,정말 재밌는 게임입니다. 다만... 프롬은 실외보단 실내에서 훨씬 퀄리티 있는 뭔가를 만들어 낼 수 있다고 봐요. 자연 경관보단 대리석과 목재로 빗어진 문명의 것들이 훨씬 멋있었습니다.,2,32,True,Recommended,47766,1659980330
엘든 링,벼락 개간지 개꿀잼,2,1,True,Recommended,10413,1659362508
엘든 링,cex,2,1,True,Recommended,7526,1653184297
엘든 링,"이제는 누구도 엘데의 왕이 될 수 없다. . . . 나와, 마찬가지로 ...",2,1,True,Recommended,7969,1652436812
엘든 링,"모든 게임은 한 덩이의 수박으로 비유할 수 있을 것이다. 우리는 수박을 잘라 빨간 중심부부터 흰 겉살 주변까지 먹는다. 빨간 속살이 덜 달거나, 흰 겉살 부분이 너무 두껍거나 하면 불만족스러워지는 것이다. 그리고 이 엘든 링은, 당도 20브릭스짜리 무등산 왕수박이라 할 수 있겠다. 아쉽게도 엘든 링의 흰 겉살 부분이 얇다고는 할 수 없다. 말인즉슨 게임을 깊게 파고들어가면 단점이 드러난다는 것이다. 그러나 빨간 속살 부분이 다른 게임 두세 개 분의 당도와 분량을 가지기에 이 게임은 명작이라 부를만 하다. 나 같은 이상한 놈이나 흰 겉살은 고사하고 껍질까지 씹어먹고 있는 것이다. 사치스럽게 겉살을 다 도려내고 온전히 빨간 속살 부분만 먹는다 하더라도 여러분은 극상의 포만감을 느낄 수 있을 것이다. 게임이 너무 명작이라, 명작인 부분이 너무 방대해서 압도당한 경험은 실로 오랜만에 느끼는 것이었다.",2,2,True,Recommended,57392,1652081610
엘든 링,"자, this game is 아주 뻨. 기모찌 진짜 말로 표현 can t! you 직접 do it this 게임 아주 섹스 sex cex ok? 두 유 노우 놤생?",2,2,True,Recommended,4984,1650922150
엘든 링,"1회차는 반드시 공략,영상 일체 안보고 대가리 깨지면서 해보기 추천 1회차가 주는 아무것도 모를때의 재미가 있음",2,29,True,Recommended,6901,1650693726
엘든 링,알겠는가? 미켈라의 칼날 말레니아를 알겠는가? 미켈라의 칼날 말레니아를 알겠는가? 미켈라의 칼날 말레니아를 알겠는가? 미켈라의 칼날 말레니아를 알겠는가? 미켈라의 칼날 말레니아를 알겠는가? 미켈라의 칼날 말레니아를 알겠는가? 미켈라의 칼날 말레니아를 알겠는가? 미켈라의 칼날 말레니아를 알겠는가? 미켈라의 칼날 말레니아를 알겠는가? 미켈라의 칼날 말레니아를 알겠는가? 미켈라의 칼날 말레니아를 알겠는가? 미켈라의 칼날 말레니아를 알겠는가? 미켈라의 칼날 말레니아를 알겠는가? 미켈라의 칼날 말레니아를 알겠는가? 미켈라의 칼날 말레니아를 알겠는가? 미켈라의 칼날 말레니아를 알겠는가? 미켈라의 칼날 말레니아를 알겠는가? 미켈라의 칼날 말레니아를 알겠는가? 미켈라의 칼날 말레니아를 알겠는가? 미켈라의 칼날 말레니아를 알겠는가? 미켈라의 칼날 말레니아를 알겠는가? 미켈라의 칼날 말레니아를 알겠는가? 미켈라의 칼날 말레니아를 알겠는가? 미켈라의 칼날 말레니아를 알겠는가? 미켈라의 칼날 말레니아를 알겠는가? 미켈라의 칼날 말레니아를 알겠는가? 미켈라의 칼날 말레니아를 알겠는가? 미켈라의 칼날 말레니아를 알겠는가? 미켈라의 칼날 말레니아를 알겠는가? 미켈라의 칼날 말레니아를 알겠는가? 미켈라의 칼날 말레니아를 알겠는가? 미켈라의 칼날 말레니아를 알겠는가? 미켈라의 칼날 말레니아를 알겠는가? 미켈라의 칼날 말레니아를 알겠는가? 미켈라의 칼날 말레니아를 알겠는가? 미켈라의 칼날 말레니아를 알겠는가? 미켈라의 칼날 말레니아를 알겠는가? 미켈라의 칼날 말레니아를 알겠는가? 미켈라의 칼날 말레니아를 알겠는가? 미켈라의 칼날 말레니아를,2,1,True,Recommended,51758,1650527002
엘든 링,아 재미없다...개노잼임...,2,0,True,Recommended,44103,1650095380
엘든 링,너무 재밌고,2,30,True,Recommended,14769,1648954129
엘든 링,다크소울처럼 플레이하지말고 엘든링처럼 플레이하라,2,1,True,Recommended,5606,1648567977
엘든 링,ELDEN RING 1. 가격 그냥 바로 사도 됨 10 20 세일하면 살만함 25 50 세일하면 살만함 50 75 세일하면 살만함 75 90 세일하면 살만함 무료 10원도 아까움 2. 그래픽 진짜 아주 멋지고 감탄이나옴 멋짐 괜찮음 못 봐줄 정도는 아님 끔찍함 눈을 세척하고 싶어짐 3. 스토리 결정적인 장면에서 소름이 돋고 감탄하면서 이마를 탁 치게됨 아주 탄탄하고 여운이남음 탄탄함 무난함 부실함 스토리가 있긴 하냐 기억하고 싶지 않음 전작을 안했으면 이해하기 힘듦 4. 난이도 사람이 할 짓이 아님 어려워서 화가 남 상당히 어려움 거의 누구나 해낼 수 있음 간단함 발로해도 가능 5. 사양 게임과 전문 작업 및 방송 등을 위해 맞춘 차세대 컴퓨터 요구 고사양 컴퓨터 요구 대중적인 컴퓨터 요구 낮은사양의 가벼운 컴퓨터도 가능 그냥 컴퓨터가 켜지기만해도 가능 모바일 게임 수준 6. 플레이타임 100시간 이상 50시간 이상 30시간 이상 10시간 이상 5 10시간 내외 1시간 이하 7. 사운드 그자리에서 지림 훌륭함 적절함 괜찮음 질림 계속 듣기 힘듦 귀를 잘라내고 싶음 8. 멀티플레이 세월이 지나도 끄떡없음 아주 활발함 걱정할 것 까진 아님 어떻게 어떻게 할 수는 있음 혼자한다고 봐야함 멀티플레이가 존재하지 않음 9. 버그 재수없으면 겪는 정도 이정도면 웃어 넘길 수 있음 눈에띄나 플레이에 큰 방해는 없음 플레이가 조금 불편해짐 진행을 할 수가 없음,2,7,True,Recommended,12631,1648366822
엘든 링,"와이프가 잔인하고 무섭다고 하지말라더라 뒤에서 나 잡는거 보면서 답답하다고 비키라더라 와이프는 빛 바랜자가 되었고, 엘데의 왕 또한 되었다.",2,0,True,Recommended,4049,1648356995
엘든 링,"스트리머 영상보고 재밌겠다 싶어서 샀는데, 안티치트 녀석이 자꾸 막았다. 이유는 다이렉트12에 포함되어 있는 파일이 없다는 것. 그래서 크롬으로 다운받아서 폴더에 직접 집어넣었는데 게임 시작 실패 2 가 떴다. 인터넷에 나온 방법들을 해봤지만 아무 소용 없었다. 심지어 게임 시작 실패 2 에 대한 정보도 못 찾았다. 결국 환불하고 돌아서는데 계속 생각나는 영상들. 큰맘 먹고 컴퓨터를 밀었다. 허나, 여전히 안티치트에게 막혔다. 뭐지 이 환불치트는? 컴퓨터가 초기화 되었는데도 안되는게 아무리 생각해도 이상해서 다이렉트12를 직접 설치하기로 했다. 마이크로소프트 공홈에 들어가서 설치하려 했는데 이놈도 날 막는 것이다. 매우 화가 나서 눈을 부릅뜨고 쳐다봤더니, 윈도우10이상만 가능한데 넌 8.1이지 않냐고 했다. 아니, 왜 8.1은 안되는데, 사양은 충분하잖아! 라고 소리쳤지만 소용없었다. 그래도 원인은 찾았으니, os를 윈도우10으로 업데이트 하려고 했다. 안 됐다. 아무 설명도 없이 설치하지 못 했습니다. 라고 떴다. 그럼 설치 하라고! 라고 말해봤으나 벽에 대고 말하는 느낌이다. 윈도우8.1 fpp 홈버젼을 수년간 사용해왔는데 이런 경우는 처음이었다. 뭔가 호구잡힌 느낌이다. 게임하나 때문에 윈도우10을 사기에는 돈이 너무 아까웠다. 그렇지만 내가 엘든링을 플레이 하는 모습이 자꾸 그려진다. 그래서 곰곰이 생각해봤다. 난 호구가 맞는 것 같다. 아니 호구다. 좋아, 사자. 한 10초 생각하고 온라인으로 윈도우10 fpp 홈버젼을 샀다. 그리고 컴퓨터 포맷한 김에 다시 초기화하고 윈도우10으로 설치했다. 환불한 엘든링을 재구매하고 설치하고. 무수한 시간이 흘렀다. 드디어 엘든링을 시작했는데, 시작부터 아주 흥이 났다. 메세지를 보며 악평도 누르고, 혈흔을 보며 바보라고 놀리기도 하고. 절벽도 뛰어내리고, 점프 강공격도 하고, 방방 뛰어다니며 놀다고 튜토리얼 중간보스 무슨 기사놈한테 죽었다. 어?! 이게 아닌데? 다들 쉽게 깨던데!! 몇트해서 겨우 잡고 튜토리얼 보스와 싸우는데 갑자기 암전되었다. 급기야 화면이 깨지기 시작. 머리속에 수많은 생각이 들었다. 간신히 멘탈을 다잡고 확인해보니, 윈도우10은 드라이버를 알아서 다 설치해준다해서 믿고 있었는데 그래픽 카드 드라이버는 따로 설치해야 했다. 그래, 내가 이렇게 쉽게 죽을 리 없지. 다 그래픽 카드 드라이버 때문이야. 라고 자위하고 깔끔하게 재시작했는데 잡았던 기사놈한테 또 죽었다. 귀공자는 어림도 없었다. 못 생긴게 무슨 귀공자야! 라고 생각해봤자 달라지는 건 없었다. 그렇게 림그레이브에 나오니 저 멀리 스톰빌성과 황금나무가 보였다. 메세지를 썼다. 위, 바라볼지라! 근데 그 앞에 짱 쎄보이는 기사님이 왔다갔다 한다. 설마 저놈이 환불가드로 유명한 그놈인가? 좋아, 함 붙어보자! 호기롭게 도전했다 개박살나고 결국 돌아가는 길을 선택했고, 누나한테 징징거려 말을 얻었다. 이후로 많은 일이 있었지만, 요약하면 정말 많이 죽었고, 내가 잃어버린 룬을 다 합치면 어! 막 다했어! 소리가 나온다. 개인적으로 환불의 흉조, 밀키트 보다 폭풍의 언덕 봉인된 기사가 더 어려웠다. 여기저기 탐험하느라 스토리는 별로 진행 못 했지만, 25만원이 아깝지 않았다. 게임에서 가장 아쉬운 부분은 메세지 제한이 있다는 점. 다른 유저들 메세지 보고 혈흔 보고 풉킥하는 재미가 있고, 나도 막 메세지를 쓰는데 어느 순간 보니까 먼저 쓴게 점점 업어지더라. 그래서 반응 좋은 것들을 고정하다보니 이제는 쓸 공간이 안 남았다. 협력플레이는 한번도 안 해봤다. 방구석 폐인이 무슨 협동임? 친구는 에어 토모다치지. 내 친구는 혼령이다! 아싸라면 유산으로 임프 골라라. 이상.",2,0,True,Recommended,27803,1648354724
엘든 링,볼륨감이 매우 크고 그 값어치를 한다. 아 물론 내 캐릭터 말고 게임 용량 말하는거임.,2,6,True,Recommended,10341,1648305158
엘든 링,내 룬 돌려줘요 다 뺏어가는건 심하잖어,2,2,True,Recommended,1051,1648291729
엘든 링,"나는 평화로운 수렵생활을 즐기려 하였으나, 산림경비대는 이를 불허하였다.",2,0,True,Recommended,7854,1648286296
엘든 링,불의거인 1발련 앵간히 굴러라,2,1,True,Recommended,10831,1648203509
엘든 링,부패련 개새끼야,2,1,True,Recommended,88637,1648196483
엘든 링,닼소랑 똑같은 전투시스템 가져와서 전회 몇개 추가해놓고는 구르기로 못피하게 만드는 소울라이크 조무사 게임 닼소가 아니라 엘든링이다? 그럼 구르기 삭제하던가,2,1,False,Not Recommended,24817,1648140192
엘든 링,"저는 게임하는 것이 직업이라, 엄청나게 많은 게임을 플레이했는데요. 오랜만에 너무 재밌어서, 아껴먹고 싶다는 마음까지 든 재밌는 게임 이었습니다. 엘데의 왕이되어서 너무 행복한 새벽입니다.",2,10,True,Recommended,7804,1648056884
엘든 링,얘만 잡고 꺼야지 ? 저긴 어디지? 저기만 돌고 자야겠다 ? 여긴 어디지? 여기만 돌고 자야겠다 ? 애는 뭐지? 얘만 잡고 꺼야지 ?,2,1,True,Recommended,8412,1648054419
엘든 링,개,2,0,True,Recommended,10341,1648027212
엘든 링,다크소울에 영향받은 젤다를 영향받은 엘든링,2,0,True,Recommended,1116,1647813837
엘든 링,패 턴이전 부다엇 박이 라평가도 이상하 게써지네...,2,1,True,Recommended,11745,1647795144
엘든 링,만든놈 이새끼덜 똥쌀때도 박자느리게 쌀까 말까 할듯 밥묵을때도 숟가락으로 딱 밥뜨고 아아아아아아앙아아아암 하고 먹을듯,2,3,True,Recommended,9278,1647609734
엘든 링,조금 해봤는데 재밌네요,2,0,True,Recommended,18298,1647585010
엘든 링,많이 안 해봐서 잘 모르겠지만 재미는 있네요,2,1,True,Recommended,32402,1647524471
엘든 링,오오....그럴자격없다..!!오오....그럴자격없다..!!오오....그럴자격없다..!!오오....그럴자격없다..!!오오....그럴자격없다..!!오오....그럴자격없다..!!오오....그럴자격없다..!!오오....그럴자격없다..!!오오....그럴자격없다..!!오오....그럴자격없다..!!오오....그럴자격없다..!!오오....그럴자격없다..!!오오....그럴자격없다..!!오오....그럴자격없다..!!오오....그럴자격없다..!!,2,0,True,Recommended,6202,1647498978
엘든 링,다크소울3는 포기했지만 이 게임은 도전 정신이 생기네요 다크소울3 깨고왔다 딱 때라,2,21,True,Recommended,2720,1647482972
엘든 링,라단잡고나서 유성떨굴때 패드 재접속하더니 씨3412발 컴퓨터에 꽂으면 계속 진동함 씨발 듀얼쇼크인데 개123죶같네 패드 또 사야함 씨1234발,2,2,False,Not Recommended,6085,1647442761
엘든 링,"게임이 막 재미없냐고 그러면 그건 아닌데 마음에 드는 게임이냐고 하면 그건 또 아님.. 어차피 살 마음이 있는 사람은 이미 샀거나 할인때 살려고 존버 중일테니 별의미가 없을텐데 고민하는 사람이라면 자기가 길을 못찾는다, 목적지가 없으면 짜증이 난다, 개미랑 털이 싫다, 털달린 개미가 싫다, 날벌레가 싫다, 애들이 지들만 아는 말 쑥덕이면 외로움을 탄다 이러면 구매하기전에 3번은 더 생각해보길바람",2,1,False,Not Recommended,2016,1647426512
엘든 링,"이전 작들에서도 불만이 많았지만 이번에도 역시 역겨운 키 관련 시스템 때문에 시작부터 짜증이 치민다. 문자 입력 칸에서 Enter가 결정, ESC가 취소에 할당되어 있었다. 그러나 문자 입력 칸에서 벗어나자 Enter와 ESC는 더이상 반응을 하지 않는다. 검색해보니 키 표시방식을 키보드 기준으로 변경할 수 있다고 한다. 그러나 캐릭터 생성창에서 벗어나 키 표시방식을 변경하기 위해서는 결정과 취소 기능이 활용되어야한다. 여전히 Enter와 ESC는 반응하지 않는다. 표시되는 게임패드의 키는 같은데, 키보드는 키가 작동하지 않는 상황 이 모든 문제는 기존 E, Q에 할당된 결정과 취소 기능이 문자 입력에서는 문자 작성 기능으로 활용되어야하기 때문에 임시로 키가 변경된 결과였다. 그럼 안내가 필요하지 않냐? 이미 표시되는 게임 패드의 키에 대응하는 키로서 인식하는 상황인데, 변동 사항을 어떻게 인지하라는거냐? 이전작들에서도 키와 관련한 불만이 많았다고 알고있는데, 어떻게 변한 점이 하나 없냐? 키보드 유저에게 너무 불친절하다고 생각하지 않냐?",2,8,False,Not Recommended,67823,1647248923
엘든 링,스꼴라 맵만 존나 넓은 버전,2,7,False,Not Recommended,7694,1647065166
엘든 링,이색 들은 숨도 엇박으로 쉴 듯,2,0,True,Recommended,13405,1646981926
엘든 링,"최적화 발로 쳐했고 서버상태 개쓰레기고, 허구언날 프리징걸려서 팅기고 친구랑 겜할때는 멀티 오류 뒤지게 뜨고 겜은 좋은데 서비스가 너무구림",2,48,False,Not Recommended,17784,1646929434
엘든 링,이 게임은 해로운게임입니다. 모험하는 게 너무 재미있어서 잠을 잘 수가 없어요. NOOOOOOOOOOO,2,0,True,Recommended,1153,1646926975
엘든 링,힘내 내 gtx950! 난 너를 약하게 키우지 않았다!!!!!! 견뎌!!!!!!!!!!!!!!!!!!!,2,2,True,Recommended,5287,1646719030
엘든 링,보스가 트리가드밖에 없어요. 업데이트 부탁,2,0,False,Not Recommended,5570,1646655492
엘든 링,내 인생을 망치러 온 나의 구원자..,2,0,True,Recommended,7854,1646583955
엘든 링,"85시간 플레이하며 도전과제 100 달성 후 작성해보는 후기 오랜만에 이만큼 몰입하며 즐겨본 적이 언제였나 싶을 정도로 재밌게 했습니다. 프롬식 간접적 스토리텔링 방식이 환상적인 아트웍과 어우러지며 상상력을 자극하네요. 다만 중후반부의 레벨 디자인이나 보스 디자인에 있어서는 좀 짜증이 많이 났습니다. 우선 단점으로 꼽자면 불합리한 보스 디자인이 생각외로 매우 많습니다. 적사자성에서 등장하는 도가니 혼종 듀오나 신의 살갗 듀오는 영체 없이 잡기에는 스트레스만 오지게 쌓이고, 또 영체 부르면 너무나 쉬워집니다. 다크 소울 2처럼 그냥 짜증나는 보스 두마리 내보내서 난이도만 올린 성의 없는 방식을 그대로 답습한거 같아 빡이 치고, 잡몹들도 무명왕급 엇박 패턴을 갖고 플레이어를 괴롭히며 심지어 후반부 잡몹은 딜링마저 이미 1회차 미디르를 넘나듭니다. 보스 전투 패턴도 보면, 에스트 저격 패턴과 같은 플레이어의 입력키에 따른 카운터 액션이 바로 들어옵니다. 에스트 빨면 멀기트의 단도 날리기나 도가니 기사의 찌르기 패턴, 그리고 평소에 딜링 타이밍을 주는 패턴에 공격을 하면 바로 꼬리나 단도로 카운터 치는 역겨움까지 더해서 짜증나게 합니다. 기존 소울 시리즈는 보스의 패턴 공격 이후에 플레이어가 딜할 타임을 턴제 전투처럼 주고받고 하였다면 이번에는 거의 3턴 보스 공격 후에 1턴 정도 딜타임이 주어질까 말까한 디자인입니다. 의도적으로 영체 시스템, 전회 및 마술 기적 시스템을 이용하라고 파밍을 강제하도록 보스 디자인을 짠거라 그렇다라고 변명하기에는, 영체를 소환하면 게임이 너무나도 쉬워집니다. 중후반 모든 보스가 영체 뽑고 영체 어그로 끌리면 전회 난사로 깨는게 가능합니다. 사실상 프롬의 지난 작품들에게서 볼 수 있었던 적당한 어려움과 도전 및 성취감을 이 게임에선 플레이어 스스로 난이도 조절을 통해 ex. 영체 안뽑기 무기 뭐 쓰기 얻어야 하는데 이 난이도 갭이 너무나도 큽니다. 또한 후반부 레벨 디자인, 도읍 로데일의 지하수로나 미켈라의 성수 같은 지역을 보면 다크 소울에서 보던 수정 동굴 설원과 같은 개빡치는 레벨 디자인의 맵이 존재합니다. 숏컷을 열며 유기적인 맵 디자인에 감탄하던 전작과는 달리 잡몹부터 엇박치고, 딜하려 하면 텔포하는 팔 많이달린 미친년들 상대하다보면 피로감이 너무 심합니다. 지하묘지의 역겨운 퍼즐도 그렇습니다. 용납이 가능한 정도의 적당한 어려움의 퍼즐이 있는 반면에 일부러 빡치게하는 프롬식 퍼즐이 삽입된 후반지역 지하묘지도 그렇고, 걍 몇번 뒤져봐라 라고 넣은 모그 뒷길 플랫포머 낙사파티맵, 영체 타이밍도 안주는 부패한 나무령 입장하자마자 그냥 무지성 돌진박는 개같은년 이나 타격류 무기 외에는 튕겨내는 결정인 3마리는 주박자 필드에 개때려박던 스꼴라 생각나게 해서 진짜 화만 많이 났네요. 전형적으로 지랄맞게 몹배치해서 짜증만 유도하던 방식인 스꼴라를 왜 다시 답습했는지... 그럼에도 불구하고 이 게임의 시스템을 적극 활용하면 생각보다 훌륭한 게임입니다. 특히 초반 30시간 은 제 인생 최고의 게임이었습니다. 아이템 설명을 읽고, NPC와의 관계를 추리하면서 간접적인 스토리를 체감하며 모험하던 재미는 여타 어느 게임들에서는 찾기 어려운 것이었고 또한 메인 보스들의 연출 하나만큼은 엘든 링이 가장 좋았습니다. 말리케스나 라단, 말레니아의 연출은 모두 놀라웠네요. 다만 1회차 이후 다음 회차 하기 싫을 정도로 상당히 볼륨이 크고 피곤한 게임이니 되도록 1회차에 모든 것을 다 즐기시길 바랍니다.",2,57,True,Recommended,16856,1646550784
엘든 링,말레니아 시발년아 내 시간 내놔 말레니아 시발년아 내 시간 내놔 말레니아 시발년아 내 시간 내놔 말레니아 시발년아 내 시간 내놔 말레니아 시발년아 내 시간 내놔 말레니아 시발년아 내 시간 내놔 말레니아 시발년아 내 시간 내놔 말레니아 시발년아 내 시간 내놔 말레니아 시발년아 내 시간 내놔 말레니아 시발년아 내 시간 내놔 말레니아 시발년아 내 시간 내놔 말레니아 시발년아 내 시간 내놔 말레니아 시발년아 내 시간 내놔 말레니아 시발년아 내 시간 내놔 말레니아 시발년아 내 시간 내놔 말레니아 시발년아 내 시간 내놔 말레니아 시발년아 내 시간 내놔 말레니아 시발년아 내 시간 내놔 말레니아 시발년아 내 시간 내놔 말레니아 시발년아 내 시간 내놔 말레니아 시발년아 내 시간 내놔 말레니아 시발년아 내 시간 내놔 말레니아 시발년아 내 시간 내놔 말레니아 시발년아 내 시간 내놔,2,1,True,Recommended,11666,1646528304
엘든 링,아니 굴렀잖아,2,0,True,Recommended,8086,1646371467
엘든 링,"이 앞, 절망있다",2,0,True,Recommended,3438,1646316697
엘든 링,멀기트 123발련아,2,0,True,Recommended,8242,1646316382
엘든 링,아니 컨텐츠가 별로 없네,2,5,True,Recommended,31766,1646266289
엘든 링,방패게이두창 클럽 입단,2,1,True,Recommended,11977,1646228221
엘든 링,재밋당,2,0,True,Recommended,12124,1646195232
엘든 링,마법사가 너무 유리한 게임 엘든링 부제 위저드마스터 주문이면 모든 보스가 쉽게 죽음,2,18,False,Not Recommended,10087,1646080415
엘든 링,매우 재밌음 진짜 얼마만에 이렇게 미친듯이 겜하는지 모르겠음 스터터링 문제 해결하시려면 엔비디아 제어판 수직동기 빠르게 설정하고 하세요. 최적화문제 있다고 하지만 PS5와 PC둘다 구매해서 플레이해본 결과 사양이 괜찮다면 PC가 더 낫습니다. 60fps이하로 잘 안떨어짐. 가끔 드랍구간 있긴하지만요.,2,105,True,Recommended,17116,1646020095
엘든 링,조지 RR 마틴이 스토리 맡았다 그래서 엄청 기대했는데 스토리고 나발이고 트리가드 엉덩이만 긁어주고있음,2,1,True,Recommended,25279,1645952817
엘든 링,필드몹 잡으면서 레벨링 하게 해놓고 필드보스몹 잡을 때마다 주변 잡몹한테 타겟팅 옮겨가게 왜 해놓은 건지 모르겠음. 사형감이다. 우우 글고 힐 먹을 때 안 굴러지는 건 왜 해놓은 건지도 모르겠음 이 게임 사지 마세요! 으아아아아아아아아아아아아아아아아악!!!,2,5,False,Not Recommended,694,1645950075
엘든 링,컨텐츠가 부족하네 답은 DLC 뿐이다.....,2,0,True,Recommended,29485,1645898662
엘든 링,꼭 해라,2,1,True,Recommended,5428,1645895774
엘든 링,스터터링 패치 되면 다시 살게,2,18,True,Recommended,19989,1645887089
엘든 링,제발 나 대신 보스들 뚝배기 깨줘요 용사들이여 나는 안돼 틀렸어,2,1,True,Recommended,13835,1645882906
엘든 링,"h1 이제 안전해졌습니다. h1 1060 3060 모두다 돌려 봤으며, 26일 8시 기준으로는 최적화가 상당히 좋아졌습니다. 어제까지만해도 3060에서 비 모래폭풍 신규지역 진입시 로딩으로 인한 프레임 드랍이 있었으나, 고쳐지고, 1060 기준으로는 윈도우 업데이트 2021 이슈로 인한 CPU 점유율 하락 현상이 있어서, 삭제했더니, 높음 옵션으로 잘돌아가고 있습니다. 최저 사양이라면서 왜 높음이 돌아가는거야 h1 신규캐릭터 어떻게 생성? h1 튜토리얼 보스 파편의 군주 고드릭을 조져 줍시다. 사실 실제 튜토리얼은 노인의 말을 듣고, 동굴 아래층에 뛰어 내려야되지만, 대부분 무시하고 지나치게 레벨 디자인을 해놓았습니다! 역시 프롬 다워! h1 컨텐츠 할게 있나? h1 소울류에 맵만 더럽게 겁나 커진거랑 현재 제작은 저는 아직 버프 아이템 밖에 안만들어서 모르겠지만, 엘더스크롤 급 자유로운 RPG는 아니라 생각합니다. 또한 퀘스트에 대한 친절도가 역시 안좋네요. 예를 들어 새우굽는 불량 깡패가 NPC 뒷쪽 오두막에 있다지만, 낚시였고 사실상 원래 메인 퀘스트 길따라가면 있습니다. h1 게임 난이도 h1 소울류와 비슷한데, 난이도가 올랐다는 느낌이 드는이유는 오픈월드 몰이사냥이 특징 입니다. 습격을 당하거나, 특정 맵에 가면 소대, 연대급으로 뭉쳐서 있는 몬스터들이 우다다 오니 미칠 지경 입니다. 전작보다 각개 전투가 제일 빡셌던 부분 입니다. h1 그래서 제값을 합니까? h1 32,000원 값어치 입니다.",2,0,True,Recommended,6176,1645878669
엘든 링,제작자 지가 입력한 권장사양 컴으로 딱 맞춰서 앞에다 앉혀놓고 보스방에서 한대 쳐맞을때마다 뒤통수 죤나 세게 때려야됨 보스 패턴 나오는데 프레임 드랍땜에 회피기가 안나감 그리고 그냥 제작자 의도가 이건 아예 그냥 무조건 맞게 해야지라는 듯한 패턴이 죤내 많음,2,0,False,Not Recommended,12177,1645856555
엘든 링,"다이렉스12를 이용한 게임들의 단점을 그대로 않고감. 성능과 설정을 바꾼다 해도 변하지 않는 퍼포먼스 문제 프레임드랍, 투명적, 순간이동 새로운적, 새로운 맵이 나올때 마다 버벅거림과 지역이동중 프레임드랍 싱크모니터,콘솔버전에서는 존재하지 않는것을 보면 pc최적화 문제. x숨에서 가져온 소모품과 투척물 제작 , 오픈월드와 기마전투는 좋지만 기존 뼈대에 스킨만 바꿔지고 게임 패턴과 방식은 전작과 동일하게 변하지 않았다. 피하고 때리고 강화. 오브젝트 상요작용을 기대했지만 추가된 기믹은 부위 약점과 경직 밖에 없다. 결론적으로 최적화가 마치지 않은 상태 패치로 개선될것으로 예상 얼리억세스로 출시했다면 마케팅 면에서 피해를 덜받을 상황 노맨즈랑우간다펑크처럼 으로 생각함 할인때 사시오.",2,5,False,Not Recommended,2965,1645837286
엘든 링,멀기트인지 밀키트인지 아무튼 오늘부터 밀키트 안사먹는다,2,0,True,Recommended,4184,1645814593
엘든 링,엘든링 갓겜 엘든링 갓겜 엘든링 갓겜 엘든링 갓겜 엘든링 갓겜 엘든링 갓겜 엘든링 갓겜 엘든링 갓겜 엘든링 갓겜 엘든링 갓겜 엘든링 갓겜 엘든링 갓겜 엘든링 갓겜 엘든링 갓겜 엘든링 갓겜 엘든링 갓겜 엘든링 갓겜 엘든링 갓겜 엘든링 갓겜 엘든링 갓겜 엘든링 갓겜 엘든링 갓겜 엘든링 갓겜 엘든링 갓겜 엘든링 갓겜 엘든링 갓겜 엘든링 갓겜 엘든링 갓겜 엘든링 갓겜 엘든링 갓겜 엘든링 갓겜 엘든링 갓겜 엘든링 갓겜 엘든링 갓겜 엘든링 갓겜 엘든링 갓겜 엘든링 갓겜 엘든링 갓겜 엘든링 갓겜 엘든링 갓겜 엘든링 갓겜 엘든링 갓겜 엘든링 갓겜 엘든링 갓겜 엘든링 갓겜 엘든링 갓겜 엘든링 갓겜 엘든링 갓겜 엘든링 갓겜 엘든링 갓겜 엘든링 갓겜 엘든링 갓겜 엘든링 갓겜 엘든링 갓겜 엘든링 갓겜 엘든링 갓겜 엘든링 갓겜 엘든링 갓겜 엘든링 갓겜 엘든링 갓겜 엘든링 갓겜 엘든링 갓겜 엘든링 갓겜 엘든링 갓겜 엘든링 갓겜 엘든링 갓겜 엘든링 갓겜 엘든링 갓겜 엘든링 갓겜 엘든링 갓겜 엘든링 갓겜 엘든링 갓겜 엘든링 갓겜 엘든링 갓겜 엘든링 갓겜 엘든링 갓겜 엘든링 갓겜 엘든링 갓겜 엘든링 갓겜 엘든링 갓겜 엘든링 갓겜 엘든링 갓겜 엘든링 갓겜 엘든링 갓겜 엘든링 갓겜 엘든링 갓겜 엘든링 갓겜 엘든링 갓겜 엘든링 갓겜 엘든링 갓겜 엘든링 갓겜 엘든링 갓겜 엘든링 갓겜 엘든링 갓겜 엘든링 갓겜 엘든링 갓겜 엘든링 갓겜 엘든링 갓겜 엘든링 갓겜 엘든링 갓겜 엘든링 갓겜 엘든링 갓겜 엘든링 갓겜 엘든링 갓겜 엘든링 갓겜 엘든링 갓겜 엘든링 갓겜 엘든링 갓겜 엘든링 갓겜 엘든링 갓겜 엘든링 갓겜 엘든링 갓겜 엘든링 갓겜 엘든링 갓겜 엘든링 갓겜 엘든링 갓겜 엘든링 갓겜 엘든링 갓겜 엘든링 갓겜 엘든링 갓겜 엘든링 갓겜 엘든링 갓겜 엘든링 갓겜 엘든링 갓겜 엘든링 갓겜 엘든링 갓겜 엘든링 갓겜 엘든링 갓겜,2,0,True,Recommended,22570,1645812641
엘든 링,개좆같은 쓰레기덩어리 그자체 내가 이딴겜을 86000원이나 주고 샀다는게 믿기지 않는다 씨발개새끼들아 보스가 쓰는 모든 패턴에 엇박 이지선다가 걸려있는데 내가 AI새끼 심리까지 읽어가면서 보스를 쳐때려야겠냐 개씨발련들아 초보존에 트리가드 비룡 전쟁새 풀어놓고 뉴비친화적 난이도 하는건 진짜 뭐하자는건지 모르겠고 첫 메인보스 멀기트 이새끼는 내가 키 누르는거에 반응해서 내가 먼저 때리는데 내가쳐맞고 있고 맵은 뒤지게 넓은데 기껏 어디 찾아가보면 대륙 반대편에서 입장템 구해와라하고 미니던전은 같은 파수견들로 보스돌려막기나 하고 이딴게 97점? 돈맥엿냐?,2,7,False,Not Recommended,3058,1645808482
엘든 링,너무 맵지만 필드 돌아다니는것만으로도 재미있는 게임,2,2,True,Recommended,2233,1645806786
엘든 링,멀기트 씨발새끼,2,4,True,Recommended,11253,1645804649
엘든 링,보스가 어려웠지만 거의 대부분의 보스들이 동네 똥개가 됩니다.,2,2,True,Recommended,3158,1645790580
엘든 링,"플레이 환경 CPU 11th Gen Intel R Core TM i9 11900KF 3.50GHz 3.50 GHz GPU NVIDIA GeForce RTX 3090 RAM 64.0GB 해상도 QHD 2560 x 1440 그래픽 설정 높음 1. 그래픽 2022년에 출시된 게임이라고는 믿기지 않는, 기존 소울 류 그래픽을 그대로 계승 하였습니다. 물론, 이 부분은 게임성을 고려하면 상대적으로 중요하지는 않기에 넘어가겠습니다. 2. 최적화 및 설정 여타 게임들에 비해서, 연출 대비 최적화 부문에서는 굉장히 미흡 합니다. 옵션을 타협하지 않았다고는 하지만, 고사양 PC 기준으로도 60프레임이 유지되지 않는다는 것은 분명한 문제죠. 게다가 현 시점에서는 의미가 없겠지만 프레임 제한이 60으로 고정되어 있어, 고주사율에 익숙한 유저 입장에서는 화면이 끊기는 듯한 역체감으로 인해 피로감을 느낍니다. 3. UI 및 조작성 이 게임의 전반적인 조작성은 패드 친화적인 디자인 입니다. 그러나 문제점은 패드 기반의 조작 환경을, 키보드 마우스에 그대로 이식했다는 점 입니다. 전투와 관련된 키 배치는 별도로 설정을 해주면 그만이지만, 메뉴 조작 관련으로는 PC 환경에서 플레이 하는 유저들을 전혀 고려하지 않았음을 알 수 있더군요. 그리고 설정에서 바꿔줄 수 있지만 PC 환경에서 실행했음에도, 기본 조작 가이드가 패드를 기본 값으로 설정되어 있다는 것은 황당함 까지 느낍니다. 4. 게임성 호불호가 있겠지만, 기존의 흐름을 벗어나 탐험을 할 수 있다는 점은 긍정적으로 평가 합니다. 단순히 필드가 방대해지기만 했다면 피로감만 늘었겠지만, 이를 승마라는 기능을 도입함으로써 쾌적함을 제공했죠. 그리고 이 승마를 단순히 필드를 횡단하는 용도가 아닌, 전투 시스템의 일부로써 포함시킨 것은 극찬할만 합니다. 5. 종합평가 게임성은 훌륭하지만, 쾌적한 환경이 뒷받침 되지는 못 했습니다. 그리고 승마와 점프. 몇 가지 연계 동작이 추가 되었지만, 정말로 그것 뿐 입니다. 엘든 링이라는 신규 타이틀에 걸맞는 새로움을 바랬으나, 그 내용물을 뜯어보면 다크 소울 4가 나왔다고 봐도 무방하죠. 긍정적으로 본다면 시리즈의 전통을 계승 했다는 것이고, 부정적으로 본다면 시리즈의 틀을 크게 벗어나지 못했다는 것 입니다. 다음으로 기존 소울 류에 익숙하신 분들께서 변호들 하고 있으시지만, 게임에서 발생하는 불편함은 개선되는 것이 옳은 일 입니다. 이는 게임의 난이도를 낮추라는 뜻이 아닙니다. 이 게임은 어렵기에 성취하는 쾌감을 얻을 수 있으며, 그렇기에 의미가 있습니다. 그러나, 마냥 힘들고 어렵기만 한 게임으로 남아 있어서는 안된다고 생각합니다. 이 부분에 있어서는 몬스터헌터 시리즈가 좋은 예시라고 생각합니다. 하던 사람들만 하는 매니악한 게임이었지만, 시리즈를 거듭하며 다양한 시도를 해왔죠. 물론, 그 결과가 항상 긍정적이기만 한 것은 아니었습니다. 그러나 월드에서 결국, 기존 및 신규 유저 모두를 거머쥐는 성과를 보였죠. 그렇기에 프롬 소프트웨어도, 더 이상 머물기만 하는 게임이 아니었으면 좋겠습니다. 마지막으로 지금은 환불 했지만, 개선만 된다면 재 구매 의향은 충분한 게임이라 생각 합니다.",2,22,False,Not Recommended,78,1645787696
엘든 링,염병할 선입력 시스템 못버린거 여전하구만.. 격겜에나 넣을 시스템을 왜 시리즈 전통인것마냥 집어넣는지 모르겠지만 그것 말고는 다 만족스러운 갓겜임.,2,1,True,Recommended,42479,1645785763
엘든 링,"이 앞, 좆같음 있다.",2,7,True,Recommended,12569,1645785743
엘든 링,내가 오늘 이 씹새낀 잡고 끈다 아,2,3,True,Recommended,5415,1645779223
엘든 링,갓겜 겁만 안먹고 공략을 보거나 탐험 열심히 해서 템 맞추면 충분히 1회차는 쉽게도 깰 수 있는 난이도 DLC는 내수용 이건 템빨 레벨빨로 못 이김 캐릭터 개강해도 실력이 무조건 필요함,2,6,True,Recommended,81323,1645778802
엘든 링,감사합니다감사합니다감사합니다감사합니다감사합니다감사합니다감사합니다감사합니다감사합니다감사합니다감사합니다감사합니다감사합니다감사합니다감사합니다감사합니다감사합니다감사합니다감사합니다감사합니다감사합니다감사합니다감사합니다감사합니다감사합니다감사합니다감사합니다감사합니다감사합니다감사합니다감사합니다감사합니다감사합니다감사합니다,2,1,True,Recommended,5182,1645778114
엘든 링,똥컴들의 g랄발광이 시작된다,2,16,True,Recommended,15629,1645768886
엘든 링,엘든링!!!엘든링!!!엘든링!!!엘든링!!!엘든링!!!엘든링!!!엘든링!!!엘든링!!!엘든링!!!엘든링!!!엘든링!!!엘든링!!!엘든링!!!엘든링!!!엘든링!!!엘든링!!!엘든링!!!엘든링!!!엘든링!!!엘든링!!!엘든링!!!엘든링!!!엘든링!!!엘든링!!!엘든링!!!엘든링!!!엘든링!!!엘든링!!!엘든링!!!엘든링!!!엘든링!!!엘든링!!!엘든링!!!엘든링!!!엘든링!!!엘든링!!!엘든링!!!엘든링!!!엘든링!!!엘든링!!!엘든링!!!엘든링!!!엘든링!!!엘든링!!!엘든링!!!엘든링!!!엘든링!!!엘든링!!!엘든링!!!엘든링!!!엘든링!!!엘든링!!!엘든링!!!엘든링!!!엘든링!!!엘든링!!!엘든링!!!엘든링!!!엘든링!!!엘든링!!!엘든링!!!엘든링!!!엘든링!!!엘든링!!!엘든링!!!엘든링!!!엘든링!!!엘든링!!!엘든링!!!엘든링!!!엘든링!!!엘든링!!!엘든링!!!엘든링!!!엘든링!!!엘든링!!!엘든링!!!엘든링!!!엘든링!!!엘든링!!!엘든링!!!엘든링!!!엘든링!!!엘든링!!!엘든링!!!엘든링!!!엘든링!!!엘든링!!!엘든링!!!엘든링!!!엘든링!!!엘든링!!!엘든링!!!엘든링!!!엘든링!!!엘든링!!!엘든링!!!엘든링!!!엘든링!!!엘든링!!!엘든링!!!엘든링!!!엘든링!!!엘든링!!!,2,1,True,Recommended,30407,1645766623
엘든 링,소울 시리즈는 원숭이새끼 역사 미화 시켜서 빡종한 인왕 빼고는 처음인데... 인왕보다... 쉽다? 근데 최적화 심각하네 환불 고민된다,2,2,False,Not Recommended,46,1645765262
엘든 링,"h1 Story h1 100시간 이상 하면서 스토리는 하나도 모르겠다. 나무위키 찾아서 정독해도 이게 뭔 소린가 싶은 스토리. 다른 게임과 다르게 NPC가 ! OR ? 과 같은 표시가 없기 때문에 모르고 지나치면 못먹는 아이템이 다수, 유튜브가 없었다면 난 평생 몰랐을거 같다. 별의 세기, 미친 불의 왕, 엘데의 왕 등 외에도 숨겨진 엔딩이 있다고 하는데 구지 찾아서 보고싶지 않다. NPC끼리 적대관계에 있다면서 지들끼리 잘지내는건 버그인가?? 무지성으로 1회차 끝내고나면 2회차에서는 딜뽕 느끼기 바쁘다.. 이제 3회차 하는데 스토리... 그래 스토리를 이제 알아보쟈 h1 Play Level Difficulty h1 제일 처음 만나는 트리가드 안잡아도됨 가 여태 가장어려웠다. 그 다음으로 멀키트, 접목의 고드릭... 이 보스들 이후로 어렵게 혹은 쉽게 본인이 선택해서 게임을 진행 할 수있기 때문에 방울이와 함께한다면 남은 나머지 100마리의 보스들은 1트클도 가능해진다. 방울이 없이 혹은 레벨업 없이 게임을 하면 난이도가 올라가지만 그렇게 까지 할 사람이 있을까...레벨이 깡패인 메이플 난이도 수준. h1 Bug h1 상옵 플레이 기준, 글카가 머든간에 pc에서는 프레임드랍을 피하지 못함. 트리가드 만나고 3초간 프레임 떨어져서 죽은거임. 원래 1트클인데 덕분에 7시간 꼴아박아서 잡은 이유가 pc최적화 때문이라고 확신함. 그 외에 참고 할 만한 수준인데 갑자기 필드가 넓어지거나 잡몹이 많아지면 45fps 까지 떨어짐. 또 맵이동이 가끔 막히는 버그가 있는데 겜을 종료했다가 켜야 진행되는 망겜수준의 버그. 플스없지만 플스로 하세여. spoiler 시바 오니교부 spoiler spoiler 밀키스 spoiler spoiler 갑자기 안켜져요 야발 spoiler 인생겜 가자",2,2,True,Recommended,30058,1645758095
엘든 링,평가는 왜 닫았냐? 돌았냐?,2,98,False,Not Recommended,168,1645757908
엘든 링,엘든링은 실존한다!!!,2,7,True,Recommended,27131,1645757298
엘든 링,할인좀 해주세요,1,4,True,Recommended,145,1765194437
엘든 링,"미야자키의 야심작 근든링 모든 프롬 유저들을 학수고대하게 만든 작품이니 만큼 매우 잘만든 작품에는 이견이 없음. 맛있는 스토리, 간지나는 보스, 다크소울 트릴로지 보다 발전한 전투, 잘 짜여진 레벨 스케일링, 더 다양해진 마술과 무기 등등 매우 만족할만한 요소가 많음 하지만 좆소기업 프롬 소프트웨어의 병신 같은 발적화와 엄마 없는 미야자키가 어린 시절 학대당한 기억으로 만든 엇박 공격과 미야자키의 학창시절을 본따만든 좆같은 다구리 공격이 게임의 평가를 깎아 먹을만한 요소임 그래서 이 게임 이 돈주고 살만해요? 라고 묻는다면 이 돈이 아깝지가 않다고 생각함",1,6,True,Recommended,12691,1765085454
엘든 링,??? 트리가드는 그냥 지나갔다가 무기 얻고 돌아와서 잡으면 쉬워요. 너 지금 내가 밥이라는거냐?,1,1,True,Recommended,448,1764493530
엘든 링,좆같이어렵네씨발,0,0,True,Recommended,6809,1763795604
엘든 링,너무 제밌다 꼭햐요잉,1,0,True,Recommended,4066,1763528090
엘든 링,굴렀다고,1,0,True,Recommended,28256,1763440717
엘든 링,GOAT,1,0,True,Recommended,77794,1763313737
엘든 링,그냥 명작입니다,1,0,True,Recommended,13828,1763042195
엘든 링,좃나 재밌다,1,0,True,Recommended,4308,1763034483
엘든 링,할인좀 해줘라,1,1,True,Recommended,4955,1762945208
엘든 링,라단 씨발새끼야,1,3,True,Recommended,8986,1762021031
엘든 링,그럭저럭 재미있어요,1,1,True,Recommended,85995,1760313387
엘든 링,"말이 필요한가..너무 좋았다. 이 게임을 하고 나니 눈이 높아져 다른 게임들이 평범하게 느껴진다.. 좋았던 점은 너무 많으니 생략하고 아쉬웠던 점만 하나 말해보자면, 미니 던전의 아트컨셉이 몇가지로 돌려막기여서 좀 지루했다. 지역별 다른 컨셉이 좀 있었으면 덜 지루했을텐데. 미니 던전 깨러 다니는게 좀 숙제같이 느껴지기도 했는데 이것 때문에 오픈월드를 탐험한다는 느낌이 좀 줄어들었던 것 같다. 힘들더라도 필드 던전, 필드 보스가 좀 더 많았으면 어땠을까.",1,0,True,Recommended,10556,1759967138
엘든 링,엘든링이요? 최고의 게임 입니다 그냥 해보세요 어려우시면 시간을 많이 두고 여기 저기 탐험을 하세요 할 게임이 너무 많아서 엔딩본후 바로 지웠는데 바로 다시 하고 싶어지네요,1,1,True,Recommended,23436,1759535915
엘든 링,"마법 쓸거 아니면 할 생각 조차 하지마세요. 보스를 개병신저능아처럼 만들어놔서 마법의존도가 그냥 100 입니다. 뉴비 제초기로 악명이 높은 멀기트? 그냥 귀여운 친구입니다. 멀기트같은 보스는 그래도 패턴 파악만 하면 마법을 안써도 잡을 수가 있습니다. 근데 중후반부로 갈수록 보스를 저능아새끼가 구상한 것처럼 만드는데 패턴을 허구헌날 공부하고 연습해도 근접으로는 절대로 잡을 수가 없습니다. 예를 들자면 개씨발같이 떨어지면 온갖 기도 마법 난사하는데 붙으면 반격기로 한방에 죽어버리는 온 지혜의 기드온 오프닐 경, 몸뚱아리는 존나게 큰 개병신이 두발로 곧게 서서 화면에 공격하는 모션이 안나오고 두 발과 사타구니만 쳐보여주는 대토룡 테오드릭스, 최종보스라는 새끼가 가까이가면 도망가고 떨어지면 돌팔매 날리는 엘데의 짐승까지 그냥 추가적인 서브보스가 아니라 메인 스토리를 깨려면 반드시 잡아야하는 보스를 마법을 안쓰는 근접유저들은 절대로 잡을 수가 없게 만들어놨습니다. 저처럼 사무라이고르고 근접으로 상남자답게 하실생각은 절대로 하지마시고, 할거면 마법, 기도 원툴로 하십시오.",1,2,False,Not Recommended,6169,1759230196
엘든 링,다른새끼들은 맞다 보면 뭐 할지 다 보이는데 쌍부1랄 이년은 아직도 모르겠음,1,0,True,Recommended,33303,1759120247
엘든 링,불친절하네,1,0,False,Not Recommended,1681,1758352993
엘든 링,개 재밌음 안하면 인생의 손해임 그냥 꼭 하세요 후회 안합니다 근데 실력은 쫌 있어야됨,1,1,True,Recommended,6659,1758025782
엘든 링,징짜 너무 어려워요,1,0,False,Not Recommended,362,1757074392
엘든 링,돈값 충분히하고 재미있어서 원가에 사도 후회 없을듯,1,0,True,Recommended,8077,1756564467
엘든 링,트리가드때문에 방치,1,0,True,Recommended,210,1756297775
엘든 링,튜토리얼 전투 트리가드 8.7시간만에 완료 잡몹 하나 박치기공략 플탐 9시간 가까이 보내는 갓겜 추천합니다.,1,2,True,Recommended,11168,1755330034
엘든 링,"엄마, 나 엘데의 왕이 되었어요",1,0,True,Recommended,14309,1754929585
엘든 링,박치였던 내가 틈새의 땅에 떨어진 사건의 대하여,1,0,True,Recommended,2851,1754928605
엘든 링,이너머 모험이 기달린다... 꼭 해보길,1,0,True,Recommended,11809,1754684888
엘든 링,굴렀다고 시발,1,3,True,Recommended,2147,1754231071
엘든 링,게임을 별로 안해봤지만 별로인것 같습니다.,1,0,True,Recommended,131582,1753866323
엘든 링,내가 왜 길게 써야함,1,2,False,Not Recommended,28015,1753522026
엘든 링,재미없음.,1,2,False,Not Recommended,46950,1752746592
엘든 링,개 씹 명작 소울 입문작품인데 지금 너무 소울게임들이 재있어서 미칠것같음,1,0,True,Recommended,3474,1752509939
엘든 링,엘든링은 엇박으로 범벅이 된 게임입니다 학창시절이 생각납니다 떄릴듯 하면서 안때리다가 갑자기 때리는 제 학창시절 담당일진들이 아마 개발진으로 참여한거같네요 이 글 보면 나한테 사과해라,1,0,True,Recommended,6375,1752421655
엘든 링,마누라니,1,0,True,Recommended,12745,1752240028
엘든 링,멍청한 딜찍누 게임,1,1,False,Not Recommended,11237,1751825786
엘든 링,이제야 뭘 좀 알거같음,1,1,True,Recommended,33689,1751790291
엘든 링,shibal,1,0,True,Recommended,591,1751644133
엘든 링,게임 나오자마자 구매하고 아직 림그레이브 마무리 못했는데 40 할인하네,1,0,True,Recommended,6968,1751595779
엘든 링,1시간30분동안 커마하고 게임시작했는데 튕기네 개같은거 일단 비추 컴바꾸고 나중에 다시해본다.,1,0,False,Not Recommended,102,1751124901
엘든 링,"명문 세가에서 빚어낸 물건답게 흥미로우나, 강호가 활짝 열려 광막한 강산을 종횡으로 누비게 되니 재미가 배가되었도다. 허나 그 넓음만큼이나 발품 팔아 떠도는 수고로움 또한 늘어나, 강산을 샅샅이 둘러야 성에 차는 이라면 기력이 달릴 것이 분명하도다. 나 또한 끝내 검을 거두고 중도에 돌아섰으나, 취향에 맞는 자라면 은전 한 닢도 아깝지 않을 물건이라 감히 말하노라.",1,0,True,Recommended,2697,1751121767
엘든 링,짧게 즐기기 좋은 게임,1,2,True,Recommended,25736,1751032811
엘든 링,애미 뒤진 새끼들이 좀 즐비하지만 개재밌음,1,0,True,Recommended,11054,1750945393
엘든 링,사람이 점점 괴팍해져요,1,1,True,Recommended,8578,1750793591
엘든 링,진득하게 보스 한마리 잡고나면 다음보스 가기까지 10시간 넘게걸림 하루에 겜 2시간 겨우하는데 2주에 1번씩 보스잡고 나머진 길찾는게임 스트레스 이빠이,1,0,False,Not Recommended,2477,1750562500
엘든 링,당신은 개임을 시작하고 모르는 누님에게 애완동물을 받은뒤 어딘가의 숲을 거닐다 무언가와 만났습니다. 그것은 귀여운 생김새로 있었지만 덩치에서 나오는 위압감은 멀기트도 씹어먹었죠 하지만 당신은 그것에게 용감하게 도전해 봤습니다. 그렇습니다. 당신은 죽었습니다. 상대는 엘든링의 최종보스 곰탱이 였기 때문이죠........,1,4,True,Recommended,15348,1750467308
엘든 링,존나 재밌습니다 근데 이걸로 처음 소울류 입문하지는 마세요 현 세대에서 소울라이크 중 넘사라 이걸 먼저하면 다른걸 할 수가 없어요,1,12,True,Recommended,5576,1750306520
엘든 링,이형원 병신아 나는 클리어했다 니하하하하하하하하하하,1,0,True,Recommended,6708,1749540960
엘든 링,"프롬 게임을 많이 접해보지못한 입장으로서 게임이 매우 불친절하고 어렵다. 조금 더 해봐야 알겠지만, 길 찾기와 몹의 난이도 키조작 삼박자가 너무 불편하다.. 그래서 그런지 지웠다 깔았다를 무한 반복중",1,10,True,Recommended,305,1749318279
엘든 링,118분동안 뺑뺑이 돌리다 환불 받음,1,0,True,Recommended,118,1749142883
엘든 링,소울류가 그렇지만 가이드 없이 한다면 시간을 때려 부어야 뭔가 하나 볼수 있는 그런 불편함이 정말 취향에 안맞긴 하다. 하지만 중독성이 사람을 미치게 만든다.. 길도 개같이 많고 복잡하며 보스도 개같이 많고 죽기도 개같이 많이 죽어도 내기준 100시간 이상 태울수 있을만한 겜이라면 갓겜이 맞다.,1,6,True,Recommended,8528,1748965616
엘든 링,"난이도와 플레이 스타일에 따라 호불호가 갈릴 수 있는 게임이라고 생각합니다. 도전적이고 한 게임을 깊숙히 파고드는 사람들에게는 강추합니다. 게임 자체가 오픈월드 형식이기도 하고, 불친절해서 중간중간 많은 부조리 ? 가 있는데 직접 박치기해서 넘기고 나면 성취감이 있기도 합니다. 스스로 탐험하며 알아가고 파해치는 재미또한 있기에 초회차에는 공략 없이 해보는걸 추천합니다. 1회차 클리어 후, 하고싶은 다양한 세팅과 방법으로 이후 회차들을 클리어하면 생각보다 즐길 거리도 많습니다.",1,1,True,Recommended,30238,1748946463
엘든 링,조금밖에 안해봤는데 할만한 것 같아요,1,1,True,Recommended,20930,1748553381
엘든 링,"멀기트자식,,,,,,용서못해 멀기트자식,,,,,,용서못해 멀기트자식,,,,,,용서못해 멀기트자식,,,,,,용서못해 멀기트자식,,,,,,용서못해 멀기트자식,,,,,,용서못해 멀기트자식,,,,,,용서",1,0,True,Recommended,11895,1748353556
엘든 링,트리가드가 나무를 부셔요 나무도 부시고 저도 부셔요 무서워요,1,0,True,Recommended,4557,1747726762
엘든 링,느금마씨발련아이걸깨라고만든거냐,1,0,False,Not Recommended,7831,1747580744
엘든 링,이새끼는 그냥 고트임 걍 게임 플레이하는 내내 개재밌었음 6만원이 후회되지 않는 선택 필수 구매 하셈,1,0,True,Recommended,3805,1746970913
엘든 링,분명 피했는데,1,1,True,Recommended,4221,1746943617
엘든 링,정말 재밌어요..!,1,0,True,Recommended,690,1746591555
엘든 링,아 개노잼,1,2,True,Recommended,78352,1744304326
엘든 링,이걸 안해본다고? 이걸?,1,0,True,Recommended,9113,1743585072
엘든 링,"일단 프롬 게임 특유의 불친절함은 그대로다. 본인은 블러드본, 세키로 완료. 세키로가 제일 쉬웠다. 0. 두번 죽었지? 룬은 이제 없어. 프롬게임에서 제일 좆같은 것. 이게 이 게임을 비추천하는 제일 큰 이유다. 걍 좆같다. 1. 난이도가 엇갈리는 필드몹들 특히 파름 아즈라의 몹들 전부 난이도가 천지차이다. 같은 적인데, 어느때는 널널하고, 다른 때는 2방에 죽는다. 레벨업 직전 모든 룬이 사라질 때 게임을 접을까 말까 망설이게 한다. 2. 일단 죽어보고 배우라는 선생님들 feat 적대적 캐릭터 역시 프롬게임의 적대적 캐릭터들의 높은 데미지는 그야 말로 최악이다. 보스는 물론 정예 몬스터 처음 상대하다가 5초도 안돼서 죽는다. 패턴을 파악하기 까지 몇시간 또는 1 2일을 소비한다. 지친다. 3. 일단 죽어보고 다른데 가라는 선생님들 feat 적대적 캐릭터들 애매 모호하거나, 딜이 잘 안박히고, 역시 내가 맞는 것도 매우 아프다. 10번 리트라이 해보고 안돼면 다른 곳에서 레벨링 노가다를 하고 와야 한다. 4. 퀘스트 목록 좀 구현해 달라고 퀘스트 목록 만들어 주는게 그렇게 힘든가? 처음 보는 npc의 이름, 지역 이름도 아직 못외우는데, 무엇을 어디서 어떻게 해달라는지 잊어먹는다. 메모가 필수다. 80년대 울티마 시리즈를 했지만, 이 게임은 울티마보다 너무 안알려준다. 5. 아이템은 어떻게 쓰는건지 아직도 모르겠음 예를 들어 독기름을 무기에 바른다는데, 안써짐. 어떻게 하는 건지 알려는 줘야 할거 아냐? 아이템은 있는데 써먹게 만들어야지. 그냥 썪히게 놔두나? 이런 게임을 만든 회사는 새디즘에 심취해 있는거 같고, 이 게임을 열렬히 칭찬하는 자들은 마조히즘 성향이 있는거 같다. 특정 던전은 수십번을 죽어도 기믹의 파악이 힘들다. 유튜브 영상을 보면 기가 차다. 저런걸 어떻게 알아내냐고... 이 게임을 클리어 한 사람들은 내 평가를 보고 비웃겠지. 똥손이라 이 평가를 한다고. 게임은 스트레스를 풀려고 하는거지, 스트레스 받으려고 하는게 아니다. 적절한 난이도로 사용자의 긴장을 높임과 동시에 긴장을 풀어줘야 한다고 생각한다. 하지만 이 게임은 광활하고 아름다운 배경에 심취하기도 전에, 언제 나를 죽이려 달려들까 하는 긴장감만 들게 만든다. 내가 레벨을 많이 올려도, 초반 지역에서 조차 방심을 하면 골로간다. 프롬게임은 원래 자비가 없다. 몇 시간, 이틀 걸려 보스를 격파하면 성취감 보다 허탈감만 느낀다. 아니 오히려 욕이 더 나온다. 조금의 방심은 HP 절반 또는 그 이상의 피해를 보게 만든다. 아직도 많은 사람들이 기피해 한다는 다키스트 던전 은 양반이라고 생각함. 프롬만의 공식은 이제 지친다. 소울류 라는 게임은 이제 피곤하다. 아니, 짜증난다. 불합리한 건 없는데, 그냥 짜증난다. 추천하는 사람들은 많지만, 스트레스 받고 싶지 않은 사람들은 권하고 싶지 않다. 아니, 생각도 하지 말라고 하고 싶다. 그냥 유튜브를 보는게 훨씬 낫다. 스토리 또한 블러드본을 보는 거 같다. 대축복의 본 모습, 레날라와 전투 ... 아... 이 회사는 블러드본 소울에서 못 벗어나겠구나 라는 생각이 들게됨.",1,3,False,Not Recommended,18690,1743354813
엘든 링,"게임이 좀 불친절하고 피곤해요 영체 쓰면 날먹이고, 탐험하다 레벨 너무 오르면 딜찍누 되어버려요 보스들이 키입력에 과하게 반응해서 전투 중 계속 사려야하는 점, 대형 보스 락온 시점이 엉망이라 종아리 보고 패턴 짐작해야하는 점이 별로였어요",1,3,False,Not Recommended,3168,1742821235
엘든 링,3월15일 나는 트리가드를 잡았다. 이 개같응 말색긴는 날 지옥에서 놓아줄생각이 없다. 아 주 미친놈이다 그냥 시이팔객색기 죽이곳싶다. 3시간에 걸쳐 뚝배길르 부숴버리고 드디어 해탈을 했 다. 심장이 개빨리뛰고 달리기에서 겪는 하이런너 현상과 함께 손이 덜덜 떨 려왔다. tlqkf 기분재지네 3월16일 개qudtls지팡이십상숑키 감자탕밀키튼지 멀린인지를 잡았다. 트리가드에 비해 아주 양반놈이다. 1트만에 깰뻔했지만 이개미친놈의 망치에 내 뚝배기가 깨졌다. 그냥 옆구르기 조 내하고 개패니까 이겼다. 와우 싹싹김치 슈발 스톤빌인가 스톰빌인가 이whw같은 성이 문제다. 보스? 그냥 트라이하면 깬다. 성은 개같이 꼬여있고 개잡몹생키들이 슈발 보스보다 쎄면 어떡하자는 거지? 죤나게 울면서 질뻐기도 잡고 개색 두마리도 잡고 숏컷이란걸 만들었다. 하루가 알찼다 Tlqkf. 3월30일 고드릭 이 개애 쓰발러 마 죽여버려 비발진짜 3월31일 난 마법을 쓴는 주황색 객샛기를 잡아따 그리고 패링 좀 쳐하짐마 슈발문그램색기야 아오 가는 길목에 있던 핀볼구슬로 개팼다. 그리고 레날라 이 허접은 생각보다 쉬운줄 알았는 얼음샷건 좀 그만 쳐쓰세여 님아Tiqk. 로레타 이개Tlqkf 트리가드같은 암튼 개드릭을 잡던 포커싱그로 이새 기 죤나팼다. 휴 중간중간 도마뱁인지 용인지는 날 잒꾸 한방에 죽여서 도망더 녔다 개T 발 파충 류런 . 이틀간 알차게 해 따 4월5일 게이드릭이라는 빨간마을에서 호박대갈통형제를 줏 여버렸다. 다구리가 굉장히 역겨웠지만 클리어하였다. 다음엔 웬 이상한 성으로 가서 수인10새와 방패맨과 싸우 으나 전 략적 후퇴로 도망이 아닌 후퇴를 하였다. 수 발 긴이빠 를 어얻으러 가서 다시오니 이 개수인놈과 방패자식은 어딜갔는지 없어진 게 아닌가? 어떤길로 가라고 로딩화면애 서 나오는 할아방탱씨가 말해줬고 축제라더니 갑자기 나에게 칼을 휘둘렀다 미친여 감. 암튼 해안가로 가서 포탈을 탔는데 개Tlqkf 운석맨을 만나 WHSSK게 디 졌다.. 당시 6시에 밥이 배달이 된 나는 개같은 라단을 잡으려고 개발악을 하였고 백성들을 부활시켜 존버를 하였지만 막페이즈가 되니 슈발 내 백성들은 더 이상 부활을 하지않았다. 결국 난 시청자분들의 도움을 받아 12시가 되어 저녁 한끼를 먹게 되었 고 초반부 여정이 마무리됐다.. 개같은겜,1,1,True,Recommended,6083,1742123955
엘든 링,친구가 하자고 해서 샀어요 친구랑 멀티하는데 자꾸 빨간 애들이 들어와서 저를 죽였어요 너무 화가 났어요 하지만 저는 개쪼렙이라 맞을 수 밖에 없었죠... 스톰빌 성 갔다가 멀기트한테 망치로 맞고 고드릭한테 불어라 바람풍 3번 맞고 죽었어요 엇박으로 자꾸 때려서 제가 비와이가 됐어요 엇 박으로 가 드를 올렸 다가 쳐 맞았어요 지금은 같이 하는 친구가 많아져서 다굴을 때리고 있어요 역시 다굴이 짱이에요 글구 블라이드가 넘 잘생겼어요 블라이드 귀여워요 추위를 많이 탄대요 같이 못생긴 보스를 잡았어요 몬 성 스토리도 재밌게 보고 있어요 처음에 흐느낌의 반도 안 가고 스톰빌 성 갔다가 욘내 쳐맞았어요 마법 학원에 처음 갔을 때 레날라님이 저를 품에 안아주셨어요 공략 안 보고 했더니 어케 하는지 몰라서 4번 죽었어요 아직도 왕의 길에 오르지 않았어요 맵의 20퍼도 못밝혔는데 제가 플레이 한 시간을 보니 벌써 80시간이 다되어가네요... 엔딩을 볼려면 300시간은 해야겠네요 DLC도 사고 싶은데 아직도 쳐맞는 제가 DLC를 할 수 있을지 걱정이에요 소울류 게임은 처음이라 엘든링으로 입문했는데 자꾸 엇박으로 때려서 눈물이 나요 살려주시어요 마법사는 꽤 쉬운 편이라 처음에 칼 잡았다 힘들어서 지팡이로 바꿨는데 다시 칼 잡았어요 법딱이 노잼 낭만은 역시 물리 직업이죠 괜히 힘든 길로 가고 있지만 너무 재밌어요 낭만검사로 살고 있어요 이젠 침입자가 와도 그러려니 하네요 어차피 죽고 룬 다시 먹으면 그만이니까요 쪼렙인 나를 죽이다니 정말 재밌겠다 친구랑 엔딩 보고 다회차를 해보려고요 엔딩이 여러 개라서 몇 번씩 더 플레이 할 수 있는 장점이 있네요 goty받았다더니 진짜 재밌어요 할인한 가격으로 샀는데 솔직히 재미를 빨리 알았다면 원가로 샀을 거에요 몇 명 더 꼬셔서 사게 만들거에요 이건 갓겜이에요 내 친구들이 전부 이 재미를 알았으면 좋겠어요 빨리 사라고,1,0,True,Recommended,5315,1742046315
엘든 링,3시간정도 했는데 재밌네요,1,0,True,Recommended,19992,1742038433
엘든 링,인생겜,1,0,True,Recommended,13171,1741660959
엘든 링,진짜 소울라이크류 안좋아해서 닼소3도 2시간 하고 접었는데 이건 진짜 혁명입니다. 살까말까 고민하시는 분들 꼭 하세요. 정가에 사도 하나도 안 아깝습니다.,1,1,True,Recommended,12488,1741346629
엘든 링,트리가드 몰매하실분 모집,1,0,True,Recommended,1258,1740930164
엘든 링,씨벌 오늘 부대찌개 밀키트 사러 갑니다,1,0,True,Recommended,17392,1740518901
엘든 링,괜히시작했다.. 재수할 각이다,1,0,True,Recommended,8315,1740480030
엘든 링,"저는 프롬의 다크소울류를 엘든링으로 입문했고, 그 뒤에 모든 다크소울류 게임을 다 해본 사람입니다. 시간을 보시면 아시겠지만 저도 망자화되었지요. 빛바랜자로서 이 세계에 처음 들어간 순간을 잊을 수가 없네요. 그 순간을 영원히 그리워할 겁니다.",1,25,True,Recommended,252656,1739913439
엘든 링,망해가는 중세시대 미연시,1,0,True,Recommended,21074,1739663115
엘든 링,피했잖아 씨2 라,1,0,True,Recommended,41686,1739656835
엘든 링,본편은 훌륭합니다. DLC는 말이 많은데...어떻게든 깰수 있게 만든게 본편이라면 DLC는 길찾기 말곤 이게 소울이다 를 보여주는 게임입니다. 시x 길 어떻게 찾으라고!,1,3,True,Recommended,75247,1739593650
엘든 링,내 어께마냥 광활한 맙이 좋구만,1,0,True,Recommended,4736,1739394565
엘든 링,파고들수록 병신같은 스꼴라2,1,2,False,Not Recommended,5755,1739370316
엘든 링,응 존나 별로,1,0,True,Recommended,293,1739343030
엘든 링,아 시발,1,1,True,Recommended,4423,1739326637
엘든 링,아니 빵이랑 고기 따로 팔면서 왜 햄버거 판다고 메뉴판에 넣음?,1,1,False,Not Recommended,146,1739283367
엘든 링,이 게임은 잘 만든 스꼴라나 다름없다. 나는 스꼴라가 좋았다는 걸 이제서야 인정할 수 있었다.,1,0,True,Recommended,3272,1739283157
엘든 링,"지금까지 플레이했던 게임들 중 단연 최고 정해진 길 없이, 게임의 모든 부분을 플레이어의 입맛대로 진행할 수 있습니다. 진정한 오픈월드 게임. 보스파이트 중 계속된 패배에서 오는 좌절감을 극복하고 마침내 보스를 잡았을 때 뜨는 DEMIGOD FELLED 에는, 엘든링을 플레이해본 사람들만이 아는 희열이 있음을 알게 되실 겁니다. 정가에 샀지만, 결코 후회하지 않는 게임.",1,0,True,Recommended,40661,1739279101
엘든 링,"광활한 맵과 많은 던전 수많은 무기와 룩이 좋은 방어구, 마술 그리고 그래픽까지 잘 만든 게임인건 맞습니다 그러나 스트레스 받을 때가 많아요 저 같은 똥손은 대자검에 지문석방패로 뽁뽁이 진행하는게 정신건강에 좋습니다 그리고 타켓팅시 카메라가 원하는 타켓에 고정이 안되고 다른 타켓으로 돌아간다거나 거대 몬스터 상대할때의 카메라 상태가 좋지 않다는 점은 좀 아쉬움으로 남습니다",1,0,True,Recommended,17635,1739275530
엘든 링,여러분도 빛바랜자가 되십시오,1,0,True,Recommended,27744,1739266337
엘든 링,돈 하나도 안아까움,1,0,True,Recommended,4478,1739259621
엘든 링,그냥 하셈 미친 겜임,1,1,True,Recommended,11446,1739214464
엘든 링,b b,1,0,True,Recommended,17596,1739202225
엘든 링,개재밌음,1,0,True,Recommended,15523,1739200750
엘든 링,블라이드 꼬추 안까짐 내가 봤음,1,0,True,Recommended,29428,1739193745
엘든 링,해보면 왜 갓겜인지 알게해주는 명작.,1,0,True,Recommended,15842,1739192847
엘든 링,조금밖에 못해서 잘 모르겠는데 재미는 있음,1,2,True,Recommended,32233,1739190544
엘든 링,매우 잼 으,1,0,True,Recommended,6042,1739189697
엘든 링,엇박 리듬이 조금 힘들지만 익숙해지면 맛있는 게임,1,0,True,Recommended,3006,1739160136
엘든 링,굳,1,1,True,Recommended,7122,1739116910
엘든 링,"사랑받았기에 사랑한것이 아니다, 나는 그저 사랑했던 것이다.",1,0,True,Recommended,5483,1739105994
엘든 링,재밌어요 소통해요,1,0,True,Recommended,14449,1739096519
엘든 링,"2회차 해야되는데,,언제하지",1,0,True,Recommended,3572,1739033723
엘든 링,레벨별 지역만 알고있다면 제일 쉬운 소울류 게임,1,0,True,Recommended,37481,1739031958
엘든 링,어려우면 개구리 잡으셈,1,0,True,Recommended,7914,1739030921
엘든 링,갞 꿀잼,1,0,True,Recommended,19178,1739030553
엘든 링,fasff,1,0,True,Recommended,16799,1739017620
엘든 링,이 너머 시간삭제 있다,1,0,True,Recommended,16033,1739013154
엘든 링,나 뉴빈데 쉽고 재밌음,1,0,True,Recommended,29261,1738823338
엘든 링,동침의 처녀랑 동침 못하는 거 빼고는 다 좋음 혹시나 해서 장비 다벗었는데 안되더라 또 눈이 즐거운데 개미 모델링은 씨발 좀 덜 즐거워도 괜찮을 것 같아요,1,0,True,Recommended,3212,1738717288
엘든 링,이동현 들어와라,1,0,True,Recommended,21378,1738489590
엘든 링,"엘데의 왕이 되기위한 빛바랜자와 영마의 파란만장한 여정! 다크소울의 빛바랜자보다는 쉽게 엘데의 왕이 될 수 있습니다. 오픈월드게임답게 막히면 딴데 가서 수련하고 오면 해결할 수 있습니다. 10강화한 물방울 영체 친구만 있으면 말레니아도 껌입지요! 수많은 무기와 방어구, 기도와 마법, 수만가지 버퍼 아이템과 탈리스만!! 어떤 조합으로 육성할지는 빛바랜자의 마음입니다. 파고들 요소가 많은 엄청난 게임! 소울라이크는 어렵다는 편견을 깨고 소울류 게임의 새로운 패러다임을 제시한 프롬소프트사의 역작입니다.",1,8,True,Recommended,9759,1738399200
엘든 링,넓은 세계를 밀도 있게 구현했다는 점은 놀랍다. 다만 다크소울 3에 비해 그래픽은 많이 발전했지만 배경이랑 빛의 조화가 부자연스러워서 시각적인 경험은 다크소울 3에 못 미치는 느낌. 보스전은 난이도 높이려고 과도하게 엇박을 사용하게 만들었는데 아무리 게임일 뿐이라고는 하지만 솔직히 이렇게 싸우는 사람이 세상에 어딨나? 부자연스러움 그 자체로밖에 안 느껴짐,1,0,False,Not Recommended,23822,1738367526
엘든 링,말레니아 씨 발 년,1,2,True,Recommended,36075,1737564564
엘든 링,저는 이게임을 해본적이 있어요!!!!!!!,1,1,True,Recommended,16578,1736518282
엘든 링,당신들은 일본계 게임사면서 다크 소울 3 세키로에 이르기까지 그리고 이번 게임까지 듀얼쇼크나 듀얼센스의 ui 설정조차도 선택하는 방법을 모르나요?,1,0,False,Not Recommended,6298,1736385126
엘든 링,점프 씨발아,1,0,False,Not Recommended,9917,1736343911
엘든 링,제작자 길 잃어서 카카오맵 봐야하는데 적들 시야에 걸려서 맵이 켜졌다 꺼졌다 반복 하다가 결국 약속시간 2시간 반 늦어버려라 어쩔 수 없이 토렌트 탔는데 미세 컨트롤 잘못해서 절벽에서 미끄러져 정강이 부러져버려라,1,0,True,Recommended,8403,1735717664
엘든 링,전생했더니 신앙99Lvl 힐러였던 건에 대하여,1,0,True,Recommended,18138,1735664769
엘든 링,굴렀잖아 왜 맞는데 굴렀잖아 왜 맞는데 굴렀잖아 왜 맞는데 굴렀잖아 왜 맞는데 굴렀잖아 왜 맞는데 굴렀잖아 왜 맞는데 굴렀잖아 왜 맞는데 굴렀잖아 왜 맞는데 굴렀잖아 왜 맞는데 굴렀잖아 왜 맞는데 굴렀잖아 왜 맞는데 굴렀잖아 왜 맞는데 굴렀잖아 왜 맞는데 굴렀잖아 왜 맞는데 굴렀잖아 왜 맞는데 굴렀잖아 왜 맞는데 굴렀잖아 왜 맞는데 굴렀잖아 왜 맞는데 굴렀잖아 왜 맞는데 굴렀잖아 왜 맞는데 굴렀잖아 왜 맞는데 굴렀잖아 왜 맞는데 굴렀잖아 왜 맞는데 굴렀잖아 왜 맞는데 굴렀잖아 왜 맞는데 굴렀잖아 왜 맞는데 굴렀잖아 왜 맞는데 굴렀잖아 왜 맞는데 굴렀잖아 왜 맞는데 굴렀잖아 왜 맞는데 굴렀잖아 왜 맞는데 굴렀잖아 왜 맞는데 굴렀잖아 왜 맞는데 굴렀잖아 왜 맞는데 굴렀잖아 왜 맞는데 굴렀잖아 왜 맞는데 굴렀잖아 왜 맞는데 굴렀잖아 왜 맞는데 굴렀잖아 왜 맞는데 굴렀잖아 왜 맞는데 굴렀잖아 왜 맞는데 굴렀잖아 왜 맞는데 굴렀잖아 왜 맞는데 굴렀잖아 왜 맞는데 굴렀잖아 왜 맞는데 굴렀잖아 왜 맞는데 굴렀잖아 왜 맞는데 굴렀잖아 왜 맞는데 굴렀잖아 왜 맞는데 굴렀잖아 왜 맞는데 굴렀잖아 왜 맞는데 굴렀잖아 왜 맞는데 굴렀잖아 왜 맞는데 굴렀잖아 왜 맞는데 굴렀잖아 왜 맞는데 굴렀잖아 왜 맞는데 굴렀잖아 왜 맞는데 굴렀잖아 왜 맞는데 굴렀잖아 왜 맞는데 굴렀잖아 왜 맞는데 굴렀잖아 왜 맞는데 굴렀잖아 왜 맞는데 굴렀잖아 왜 맞는데 굴렀잖아 왜 맞는데 굴렀잖아 왜 맞는데 굴렀잖아 왜 맞는데 굴렀잖아 왜 맞는데 굴렀잖아 왜 맞는데 굴렀잖아 왜 맞는데 굴렀잖아 왜 맞는데 굴렀잖아 왜 맞는데 굴렀잖아 왜 맞는데 굴렀잖아 왜 맞는데 굴렀잖아 왜 맞는데 굴렀잖아 왜 맞는데 굴렀잖아 왜 맞는데 굴렀잖아 왜 맞는데 굴렀잖아 왜 맞는데 굴렀잖아 왜 맞는데 굴렀잖아 왜 맞는데 굴렀잖아 왜 맞는데 굴렀잖아 왜 맞는데 굴렀잖아 왜 맞는데 굴렀잖아 왜 맞는데 굴렀잖아 왜 맞는데 굴렀잖아 왜 맞는데 굴렀잖아 왜 맞는데 굴렀잖아 왜 맞는데 굴렀잖아 왜 맞는데 굴렀잖아 왜 맞는데 굴렀잖아 왜 맞는데 굴렀잖아 왜 맞는데,1,6,True,Recommended,4386,1735335754
엘든 링,즐겁다,1,0,True,Recommended,5805,1735047557
엘든 링,맵지만 정말 재미있습니다,1,0,True,Recommended,27884,1735034671
엘든 링,아 밤통 하다가 하니깐 적응을 못하겠네,1,11,True,Recommended,4091,1734965053
엘든 링,신의 살갗의 두명 둘다 애미가 씨발 터졌나 개새끼들,1,0,False,Not Recommended,6109,1734939381
엘든 링,너무 잘 만들었다 !,1,1,True,Recommended,5184,1734667863
엘든 링,하루만 기다리면 엘든 링 신작이 나온대요!!!!!머리 이히 이 이히,1,4,True,Recommended,6612,1734633619
엘든 링,아주 킹아,1,1,True,Recommended,6831,1734606058
엘든 링,재미는 하나도 못봤지만 이 게임을 제대로 평가하려면 100시간은 넘기고 해야될거같다.,1,1,True,Recommended,477,1734599284
엘든 링,아아 엘든링의 시간이다,1,0,True,Recommended,23616,1734532894
엘든 링,와오 이 게임 정말 많이 죽습니다. 이게 맞나? 한 보스에 50트는 내 손가락 문제인가? 이런 정말 죽는 게임 죽습니다.,1,0,True,Recommended,1301,1734531220
엘든 링,진쟈최거!,1,0,True,Recommended,13055,1734459264
엘든 링,"이 앞, 유희 있다!",1,0,True,Recommended,35533,1734432540
엘든 링,내 인생 최고의 세엑1스으,1,1,True,Recommended,16991,1734363909
엘든 링,미켈라단 노영체 구평 쉽노,1,0,True,Recommended,8236,1734359728
엘든 링,피했잖아 씨발새끼들아,1,0,True,Recommended,14830,1734352581
엘든 링,좋아요,1,0,True,Recommended,5834,1734016234
엘든 링,좸밋따,1,0,True,Recommended,20551,1733298335
엘든 링,라니 눈나 날 가져요. 엉엉,1,0,True,Recommended,38169,1732815772
엘든 링,심정원 게이,1,0,True,Recommended,10816,1731859415
엘든 링,걍 해. 재밌음,1,0,True,Recommended,34570,1730902163
엘든 링,이 너머 길치 있다 이 앞 낙사 유효하다 오오 길 잃은 자 오오 그러니까 메세지 만세!!,1,0,True,Recommended,12339,1729869365
엘든 링,점공 넣어놨다고 평딜 병신만든거랑 특대검 3타 후딜만든건 진짜 이해가 안된다 마법 존나 사기인것도 그렇고 그냥 맵만 존나큰 말타는 다크소울인데 보스 패턴은 정박아새끼가 만든것마냥 불쾌하고 난잡하다 프롬 이새끼들은 길도 좆같이 꼬아놓는게 종특인데 그걸 오픈월드로 쳐만들고있으니까 뭐 어디로 가야될지도 모르겠고 내가 지금 눈을 뜨고 게임을 하는건지 리신마냥 눈깔 뽑아놓고 게임을 하는건지도 모르겠다 오픈월드의 탐험하는 재미? 그딴거 없고 파고들 가치도 없다 정박아들이 만든 게임 정박아들이 재밌다고 하는거에 속지 말고 절대 사지 마라 견디면 재밌다고? DLC가 불쾌한거지 본편은 즐기지 않았냐고? 좃이나 까세요 정신병걸린 마조련들아,1,0,False,Not Recommended,8368,1729056971
엘든 링,이 게임에 비추천 박는건 걍 어려운겜 사놓고 지가 어렵게하면서 어렵다고 찡찡대는 병신이니 고민,1,0,True,Recommended,11113,1728560985
엘든 링,인생 게임 중 하나. 소울라이크 중에서도 입문하기 좋은 게임이다.,1,1,True,Recommended,15994,1728152552
엘든 링,미켈라단 시발련아,1,0,True,Recommended,8590,1727107684
엘든 링,니애미,1,0,False,Not Recommended,487,1727094567
엘든 링,피했잖아요,1,0,True,Recommended,2570,1726895912
엘든 링,이 앞 인생겜 있다,1,0,True,Recommended,11936,1726849982
엘든 링,"훌류한 연출. 훌륭한 전투. 너무나 훌륭한 아트와 음악. 좋게 말하면 놀라운 수준의 자유도인 호불호 갈리는 오픈 월드를 풀어가는 방향. 최고 수준의 그래픽은 아님에도 불구하고 안 좋은 최적화. 그와 더불어 최대 60프레임 고정에 업스케일링 기술도 쓰지 못하는 경악할 수준의 처참한 기술력. 인터넷 서칭 없이는 게임 진행에 많은 차질이 생기는 비직관적인 게임 진행 방향. 즉, 나쁘게 말하면 방임인 호불호 갈리는 오픈 월드를 풀어가는 방향 현재는 모드 커뮤니티에 그다지 친화적이지 않음. 키보드 마우스 유저에 대한 조금은 부족한 배려. 온라인 전투의 높디 높은 핑. 인터넷 서칭 없이는 불가능에 가까운 스토리 이해 그럼에도 불구하고 너무나 재밌게 했음.",1,1,True,Recommended,24035,1726642390
엘든 링,아 할 거없다... 이 개노잼 게임 왜함?,1,0,True,Recommended,63384,1726586450
엘든 링,"1회차 엔딩 봤다. 2회차 바로 간다. 괴롭혔던 놈들, 복수하러 간다.",1,2,True,Recommended,22818,1726385150
엘든 링,이 게임은 그 미끼상품 같은거죠 달달하게 엘든링 꺼내놓고 오는 사람들이 관련게임 누를수 있게 이 만하면 전작들은 껌 일듯? 하는 망자 입에 스꼴라를 쑤셔 버릴수 있게 준비됐나? 블러드본? 물론이지 스꼴라.,1,1,True,Recommended,23329,1725935876
엘든 링,일단 한 배설 한다는 사람들을 모으는거임 완전 장인까진 아니고 좀 치는 사람들로 그리고 다같이 토론을 하는거임 이 똥이 어떻게 해야 멋져질까 건더기로 옥수수나 콩나물을 추가해 보기도 하고 좀더 묽게 해보기도 하고 황금으로 도색도 하고 dlc는 피똥으로 해보기도 하는거지 그렇게 엄선하면서 최선을 다해 빚은 똥 그게 이거임,1,1,False,Not Recommended,12024,1725194759
엘든 링,마법이 세상을 구한다 구했다곤 안했다,1,1,True,Recommended,2661,1723483223
엘든 링,컨텐츠가 부족함,1,0,True,Recommended,74016,1723455743
엘든 링,나무안에 있던 벌레 죽이는 게임,1,7,True,Recommended,14319,1723166196
엘든 링,개같겜,1,0,True,Recommended,7451,1722562948
엘든 링,아 눌렀다고,1,0,True,Recommended,177,1722418086
엘든 링,그만좀튕겨그만좀튕겨그만좀튕겨그만좀튕겨그만좀튕겨그만좀튕겨그만좀튕겨그만좀튕겨그만좀튕겨그만좀튕겨그만좀튕겨그만좀튕겨그만좀튕겨그만좀튕겨그만좀튕겨그만좀튕겨그만좀튕겨그만좀튕겨그만좀튕겨그만좀튕겨그만좀튕겨그만좀튕겨그만좀튕겨그만좀튕겨그만좀튕겨그만좀튕겨그만좀튕겨그만좀튕겨그만좀튕겨그만좀튕겨그만좀튕겨그만좀튕겨그만좀튕겨그만좀튕겨그만좀튕겨그만좀튕겨그만좀튕겨그만좀튕겨그만좀튕겨그만좀튕겨그만좀튕겨그만좀튕겨그만좀튕겨그만좀튕겨그만좀튕겨그만좀튕겨그만좀튕겨그만좀튕겨그만좀튕겨그만좀튕겨그만좀튕겨그만좀튕겨그만좀튕겨그만좀튕겨그만좀튕겨그만좀튕겨그만좀튕겨그만좀튕겨그만좀튕겨그만좀튕겨그만좀튕겨그만좀튕겨그만좀튕겨그만좀튕겨그만좀튕겨그만좀튕겨그만좀튕겨그만좀튕겨그만좀튕겨그만좀튕겨그만좀튕겨그만좀튕겨그만좀튕겨그만좀튕겨그만좀튕겨그만좀튕겨그만좀튕겨그만좀튕겨그만좀튕겨그만좀튕겨그만좀튕겨그만좀튕겨그만좀튕겨그만좀튕겨그만좀튕겨그만좀튕겨그만좀튕겨그만좀튕겨그만좀튕겨,1,0,False,Not Recommended,6436,1722329935
엘든 링,보스는 원트에 깨고 잡몹 고블린에 맞아죽는 게임,1,3,True,Recommended,16607,1722324381
엘든 링,플레이타임이 너무 길어서 지치는 것만 빼면 다 좋은 게임. 이제 dlc하러 가야지.,1,0,True,Recommended,24635,1721824679
엘든 링,알겠는가? 알겠는가? 알겠는가? 알겠는가? 알겠는가? 알겠는가? 알겠는가? 알겠는가? 알겠는가? 알겠는가? 알겠는가? 알겠는가? 알겠는가? 알겠는가? 알겠는가? 알겠는가? 알겠는가? 알겠는가? 알겠는가? 알겠는가? 알겠는가? 알겠는가? 알겠는가? 알겠는가? 알겠는가? 알겠는가? 알겠는가? 알겠는가? 알겠는가? 알겠는가? 알겠는가? 알겠는가? 아 알겠다고 시 발 그만해 이 앞 절망 있다...,1,1,True,Recommended,31837,1721726964
엘든 링,나는 해냈다!,1,1,True,Recommended,7592,1721532776
엘든 링,"엘든링. 그것은 한 세계의 규율. 그것을 손에 쥐는자가 새로운 규율을 쓸 수 있으리라. 누군가는 황금률을 위해, 누군가는 죽음을 위해, 또 누군가는 저주를 위해 앨든링을 얻고자 한다. 그렇기에 수많은 빛바랜 자들이 하나의 목표를 위해 각기 다른 목표를 마음속에 새기며 틈새의 땅으로 모인다. 틈새의 땅. 거대한 황금나무의 가호 아래에 있는 땅. 엘든링이 부서지고 기나긴 전쟁을 겪으며 몰락해가는 버려진 땅. 하지만 자신이 한때는 아름다웠다는 것을 보여주듯 여전히 아름다움을 간직한 땅. 이 아름답고 신비로운 땅에서 수많은 빛바랜 자들이 각자의 목표를 향해 나아간다. 데미갓. 영원의 여왕 마리카와 라다곤의 자손들. 그들은 신의 힘을 이어받았기에 강력한 힘을 지녔고 그 힘으로 빛바랜 자들을 막아설 것이다. 이 거대하고 두려운 적들 앞에서 수많은 빛바랜자들이 자신의 목표를 이루지 못한채 스러져 갔다. 이 이야기를 시작했을때 나는 그저 수많은 빛바랜 자들중 하나일 뿐이었다. 틈새의 땅을 여행하다 생명의 불씨가 꺼져버릴. 하지만 이 이야기를 끝맺었을때 나는 무너져 가는 시대의 왕이었고, 그 무엇보다도 찬란하게 빛나는 달을 지켜보던 자였으며, 온 세상을 불태워 버린 하나의 불이었다. 무엇이 나를 이길로 이끌었는가. 그것은 아직 알지 못한다. 하지만 나는 오늘도 이 매력적인 세계에 다시 한번 발을 들인다.",1,0,True,Recommended,22988,1720864850
엘든 링,dlc 더 내놔.,1,1,True,Recommended,27238,1720705395
엘든 링,본편 때린다? 진짜때린다?? 진짜진짜 때린다??? 진짜 탕 DLC 때린? 다! 때? 린 다 다! 때? 린 때린다다다,1,0,True,Recommended,28253,1720568566
엘든 링,온화한 저도 화가 났어요.,1,0,True,Recommended,8829,1720522199
엘든 링,왜 전부 다 엇박이냐?????? 메트로놈 키고 패턴 만들었나?,1,0,True,Recommended,3358,1720480291
엘든 링,트리가드 잡지 말래서 옆길로 돌았는데 박쥐한테 죽고 환불받음,1,1,True,Recommended,68,1720431862
엘든 링,"듀오,,트레스,,,아고스,,,, 니힐!!",1,1,False,Not Recommended,4413,1720430008
엘든 링,오오 그럴자격 없다 오오 그럴자격 없다 오오 그럴자격 없다 오오 그럴자격 없다 오오 그럴자격 없다 오오 그럴자격 없다 오오 그럴자격 없다 오오 그럴자격 없다 오오 그럴자격 없다 오오 그럴자격 없다 오오 그럴자격 없다 오오 그럴자격 없다 오오 그럴자격 없다 오오 그럴자격 없다 오오 그럴자격 없다 오오 그럴자격 없다 오오 그럴자격 없다 오오 그럴자격 없다 오오 그럴자격 없다 오오 그럴자격 없다 오오 그럴자격 없다 오오 그럴자격 없다 오오 그럴자격 없다 오오 그럴자격 없다 오오 그럴자격 없다 오오 그럴자격 없다 오오 그럴자격 없다 오오 그럴자격 없다 오오 그럴자격 없다 오오 그럴자격 없다,1,0,True,Recommended,4054,1720222138
엘든 링,"300만 룬,300만 룬,300만 룬,300만 룬,300만 룬,300만 룬,300만 룬,300만 룬,300만 룬,300만 룬,300만 룬,300만 룬,300만 룬,300만 룬,300만 룬,300만 룬,300만 룬,300만 룬,300만 룬,300만 룬,300만 룬,300만 룬,300만 룬,300만 룬,300만 룬,300만 룬,300만 룬,300만 룬,300만 룬,300만 룬,300만 룬,300만 룬,300만 룬,300만 룬,300만 룬,300만 룬,300만 룬,300만 룬,300만 룬,300만 룬,300만 룬,300만 룬,300만 룬,300만 룬,300만 룬,300만 룬,300만 룬,300만 룬,300만 룬,300만 룬,300만 룬,300만 룬,300만 룬,300만 룬,300만 룬,300만 룬,300만 룬,300만 룬,300만 룬,300만 룬,300만 룬,300만 룬,300만 룬,300만 룬,300만 룬,300만 룬,300만 룬,300만 룬,300만 룬,300만 룬,300만 룬,300만 룬,300만 룬,300만 룬,300만 룬,300만 룬,300만 룬,300만 룬,300만 룬,300만 룬,300만 룬,300만 룬,300만 룬,300만 룬,300만 룬,300만 룬,300만 룬,300만 룬,300만 룬,300만 룬,300만 룬,300만 룬,300만 룬,300만 룬,300만 룬,300만 룬,300만 룬,300만 룬,300만 룬,300만 룬,300만 룬,300만 룬,300만 룬,300만 룬,300만 룬,300만 룬,300만 룬,300만 룬,300만 룬,300만 룬,300만 룬,300만 룬,300만 룬,300만 룬,300만 룬,300만 룬,300만 룬,300만 룬,300만 룬,300만 룬,300만 룬,300만 룬,300만 룬,300만 룬,300만 룬,300만 룬,300만 룬,300만 룬,300만 룬,300만 룬,300만 룬,300만 룬,300만 룬,300만 룬,300만 룬,300만 룬,300만 룬,300만 룬,300만 룬,300만 룬,300만 룬,300만 룬,300만 룬,300만 룬,300만 룬,300만 룬,300만 룬,300만 룬,300만 룬,300만 룬,300만 룬,300만 룬,300만 룬,300만 룬,300만 룬,300만 룬,300만 룬,300만 룬,300만 룬,300만 룬,300만 룬,300만 룬,300만 룬,300만 룬,300만 룬,300만 룬,300만 룬,300만 룬,300만 룬,300만 룬,300만 룬,300만 룬,300만 룬,300만 룬,300만 룬,300만 룬,300만 룬,300만 룬,300만 룬,300만 룬,300만 룬,300만 룬,300만 룬,300만 룬,300만 룬,300만 룬,300만 룬,300만 룬,300만 룬,300만 룬,300만 룬,300만 룬,300만 룬,300만 룬,300만 룬,300만 룬,300만 룬,300만 룬,300만 룬,300만 룬,300만 룬,300만 룬,300만 룬,300만 룬,300만 룬,300만 룬,300만 룬,300만 룬,300만 룬,300만 룬,300만 룬,300만 룬,300만 룬,300만 룬,300만 룬,300만 룬,300만 룬,300만 룬,300만 룬,300만 룬,300만 룬,300만 룬,300만 룬,300만 룬,300만 룬,300만 룬,300만 룬,300만 룬,300만 룬,300만 룬,300만 룬,300만 룬,300만 룬,300만 룬,300만 룬,300만 룬,300만 룬,300만 룬,300만 룬,300만 룬,300만 룬,300만 룬,300만 룬,300만 룬,300만 룬,300만 룬,300만 룬,300만 룬,300만 룬,300만 룬,300만 룬,300만 룬,300만 룬,300만 룬,300만 룬,300만 룬,300만 룬,300만 룬,300만 룬,300만 룬,300만 룬,300만 룬,300만 룬,300만 룬,300만 룬,300만 룬,300만 룬,300만 룬,300만 룬,300만 룬,300만 룬,300만 룬,300만 룬,300만 룬,300만 룬,300만 룬,300만 룬,300만 룬,300만 룬,300만 룬,300만 룬,300만 룬,300만 룬,300만 룬,300만 룬,300만 룬,300만 룬,300만 룬,300만 룬,300만 룬,300만 룬,300만 룬,300만 룬,300만 룬,300만 룬,300만 룬,300만 룬,300만 룬,300만 룬,300만 룬,300만 룬,300만 룬,300만 룬,300만 룬,300만 룬,300만 룬,300만 룬,300만 룬,300만 룬,300만 룬,300만 룬,300만 룬,300만 룬,300만 룬,300만 룬,300만 룬,300만 룬,300만 룬,300만 룬,300만 룬,300만 룬,300만 룬,300만 룬,300만 룬,300만 룬,300만 룬,300만 룬,300만 룬,300만 룬,300만 룬,300만 룬,300만 룬,300만 룬,300만 룬,300만 룬,300만 룬,300만 룬,300만 룬,300만 룬,300만 룬,300만 룬,300만 룬,300만 룬,300만 룬,300만 룬,300만 룬,300만 룬,300만 룬,300만 룬,300만 룬,300만 룬,300만 룬,300만 룬,300만 룬,300만 룬,300만 룬,300만 룬,300만 룬,300만 룬,300만 룬,300만 룬,300만 룬,300만 룬,300만 룬,300만 룬,300만 룬,300만 룬,300만 룬,300만 룬,300만 룬,300만 룬,300만 룬,300만 룬,300만 룬,300만 룬,300만 룬,300만 룬,300만 룬,300만 룬,300만 룬,300만 룬,300만 룬,300만 룬,300만 룬,300만 룬,300만 룬,300만 룬,300만 룬,300만 룬,300만 룬,300만 룬,300만 룬,300만 룬,300만 룬,300만 룬,300만 룬,300만 룬,300만 룬,300만 룬,300만 룬,300만 룬,300만 룬,300만 룬,300만 룬,300만 룬,300만 룬,300만 룬,300만 룬,300만 룬,300만 룬,300만 룬,300만 룬,300만 룬,300만 룬,300만 룬,300만 룬,300만 룬,300만 룬,300만 룬,300만 룬,300만 룬,300만 룬,300만 룬,300만 룬,300만 룬,300만 룬,300만 룬,300만 룬,300만 룬,300만 룬,300만 룬,300만 룬,300만 룬,300만 룬,300만 룬,300만 룬,300만 룬,300만 룬,300만 룬,300만 룬,300만 룬,300만 룬,300만 룬,300만 룬,300만 룬,300만 룬,300만 룬,300만 룬,300만 룬,300만 룬,300만 룬,300만 룬,300만 룬,300만 룬,300만 룬,300만 룬,300만 룬,300만 룬,300만 룬,300만 룬,300만 룬,300만 룬,300만 룬,300만 룬,300만 룬,300만 룬,300만 룬,300만 룬,300만 룬,300만 룬,300만 룬,300만 룬,300만 룬,300만 룬,300만 룬,300만 룬,300만 룬,300만 룬,300만 룬,300만 룬,300만 룬,300만 룬,300만 룬,300만 룬,300만 룬,300만 룬,300만 룬,300만 룬,300만 룬,300만 룬,300만 룬,300만 룬,300만 룬,300만 룬,300만 룬,300만 룬,300만 룬,300만 룬,300만 룬,300만 룬,300만 룬,300만 룬,300만 룬,300만 룬,300만 룬,300만 룬,300만 룬,300만 룬,300만 룬,300만 룬,300만 룬,300만 룬,300만 룬,300만 룬,300만 룬,300만 룬,300만 룬,300만 룬,300만 룬,300만 룬,300만 룬,300만 룬,300만 룬,300만 룬,300만 룬,300만 룬,300만 룬,300만 룬,300만 룬,300만 룬,300만 룬,300만 룬,300만 룬,300만 룬,300만 룬,300만 룬,300만 룬,300만 룬,300만 룬,300만 룬,300만 룬,300만 룬,300만 룬,300만 룬,300만 룬,300만 룬,300만 룬,300만 룬,300만 룬,300만 룬,300만 룬,300만 룬,300만 룬,300만 룬,300만 룬,300만 룬,300만 룬,300만 룬,300만 룬,300만 룬,300만 룬,300만 룬,300만 룬,300만 룬,300만 룬,300만 룬,300만 룬,300만 룬,300만 룬,300만 룬,300만 룬,300만 룬,300만 룬,300만 룬,300만 룬,300만 룬,300만 룬,300만 룬,300만 룬,300만 룬,300만 룬,300만 룬,300만 룬,300만 룬,300만 룬,300만 룬,300만 룬,300만 룬,300만 룬,300만 룬,300만 룬,300만 룬,300만 룬,300만 룬,300만 룬,300만 룬,300만 룬,300만 룬,300만 룬,300만 룬,300만 룬,300만 룬,300만 룬,300만 룬,300만 룬,300만 룬,300만 룬,300만 룬,300만 룬,300만 룬,300만 룬,300만 룬,300만 룬,300만 룬,300만 룬,300만 룬,300만 룬,300만 룬,300만 룬,300만 룬,300만 룬,300만 룬,300만 룬,300만 룬,300만 룬,300만 룬,300만 룬,",1,2,False,Not Recommended,37215,1720214691
엘든 링,"dlc 6번 정도 돌렸다. 6번 돌렸는데도 맵이 적응이 안된다. 맵이 개 거지같이 설계하는 이 같은 제작사는 도대체 어떤 생각을 가지고 있는거냐? 제작사는 다크 소울 2에서 뭘 배운거냐?? 학습능력이 없는거냐?? 개 같은 게임. 또 잘 만든 스토리를 이렇게 조지는 것도 능력이다. 막판에 보스는 도대체 어떤 대가리에서 나온거냐?? IQ테스트 해봐라. 그리고 시부럴 쉬운 난이도는 바라지도 않아. 프롬이 원래 그런 게임이 만든 회사이깐. 맛있게 맵게 잘 만든 회사이니깐. 두근두근하면서 게임을 했단 말이지. 그런데 때릴 수 있게 만들어야지. dlc에서 말레니아가 있는게 아니라 엘데의 짐승이 졸라 많네. 말레니아는 때릴 수 있었지. 엘데의 짐승은 때릴라고 하면 튀고 때릴라고 하면 날아서 범위 마법을 쓰면 개 염병을 떨어서 극혐하는 보스인데, dlcl 보스들을 그따구로 만드니 안 열받겠냐?? 내가 게임할려고 이 겜 산거지. 보스만 게임하면 안열받겠냐?? 어?? 아니 먹을 수 있는 밥을 달라고 주문을 했는데 시부럴 먹을 수 없게 캡사인을 졸라 뿌려되면 먹을 수 있냐고?? 개 같은 겜 만들었으니깐, 사죄의 의미로 빨리 엘든링2나 dlc2 만들어라. 대머리 야. 적어도 떡밥 풀었으면 회수는 해야 될거 야니냐!!!!",1,0,True,Recommended,60285,1720202500
엘든 링,오 직 라 단 만 오 직 라 단 만 오 직 라 단 만 오 직 라 단 만 오 직 라 단 만 오 직 라 단 만 오 직 라 단 만 오 직 라 단 만 오 직 라 단 만 오 직 라 단 만 오 직 라 단 만 오 직 라 단 만 오 직 라 단 만 오 직 라 단 만 오 직 라 단 만 오 직 라 단 만 오 직 라 단 만 오 직 라 단 만 오 직 라 단 만 오 직 라 단 만 오 직 라 단 만 오 직 라 단 만 오 직 라 단 만 오 직 라 단 만 오 직 라 단 만 오 직 라 단 만 오 직 라 단 만 오 직 라 단 만 오 직 라 단 만 오 직 라 단 만 오 직 라 단 만 오 직 라 단 만 오 직 라 단 만 오 직 라 단 만 오 직 라 단 만 오 직 라 단 만 오 직 라 단 만 오 직 라 단 만 오 직 라 단 만 오 직 라 단 만 오 직 라 단 만 오 직 라 단 만 오 직 라 단 만 오 직 라 단 만 오 직 라 단 만 오 직 라 단 만 오 직 라 단 만 오 직 라 단 만 오 직 라 단 만 오 직 라 단 만 오 직 라 단 만 오 직 라 단 만 오 직 라 단 만 오 직 라 단 만 오 직 라 단 만 오 직 라 단 만 오 직 라 단 만 오 직 라 단 만 오 직 라 단 만 오 직 라 단 만 오 직 라 단 만 오 직 라 단 만 오 직 라 단 만 오 직 라 단 만 오 직 라 단 만 오 직 라 단 만 오 직 라 단 만 오 직 라 단 만 오 직 라 단 만 오 직 라 단 만 오 직 라 단 만 오 직 라 단 만 오 직 라 단 만 오 직 라 단 만 오 직 라 단 만 오 직 라 단 만 오 직 라 단 만 오 직 라 단 만 오 직 라 단 만 오 직 라 단 만 오 직 라 단 만 오 직 라 단 만 오 직 라 단 만 오 직 라 단 만 오 직 라 단 만 오 직 라 단 만 오 직 라 단 만 오 직 라 단 만 오 직 라 단 만 오 직 라 단 만 오 직 라 단 만 오 직 라 단 만 오 직 라 단 만 오 직 라 단 만 오 직 라 단 만 오 직 라 단 만 오 직 라 단 만 오 직 라 단 만 오 직 라 단 만 오 직 라 단 만 오 직 라 단 만 오 직 라 단 만 오 직 라 단 만 오 직 라 단 만 오 직 라 단 만 오 직 라 단 만 오 직 라 단 만 오 직 라 단 만 오 직 라 단 만 오 직 라 단 만 오 직 라 단 만 오 직 라 단 만 오 직 라 단 만 오 직 라 단 만 오 직 라 단 만 오 직 라 단 만 오 직 라 단 만 오 직 라 단 만 오 직 라 단 만 오 직 라 단 만 오 직 라 단 만 오 직 라 단 만 오 직 라 단 만 오 직 라 단 만 오 직 라 단 만 오 직 라 단 만 오 직 라 단 만 오 직 라 단 만 오 직 라 단 만 오 직 라 단 만 오 직 라 단 만 오 직 라 단 만 오 직 라 단 만 오 직 라 단 만 오 직 라 단 만 오 직 라 단 만 오 직 라 단 만 오 직 라 단 만 오 직 라 단 만 오 직 라 단 만 오 직 라 단 만 오 직 라 단 만 오 직 라 단 만 오 직 라 단 만 오 직 라 단 만 오 직 라 단 만 오 직 라 단 만 오 직 라 단 만 오 직 라 단 만 오 직 라 단 만 오 직 라 단 만 오 직 라 단 만 오 직 라 단 만 오 직 라 단 만 오 직 라 단 만 오 직 라 단 만 오 직 라 단 만 오 직 라 단 만 오 직 라 단 만 오 직 라 단 만 오 직 라 단 만 오 직 라 단 만 오 직 라 단 만 오 직 라 단 만 오 직 라 단 만 오 직 라 단 만 오 직 라 단 만 오 직 라 단 만 오 직 라 단 만 오 직 라 단 만 오 직 라 단 만 오 직 라 단 만 오 직 라 단 만 오 직 라 단 만 오 직 라 단 만 오 직 라 단 만 오 직 라 단 만 오 직 라 단 만 오 직 라 단 만 오 직 라 단 만 오 직 라 단 만 오 직 라 단 만 오 직 라 단 만 오 직 라 단 만 오 직 라 단 만 오 직 라 단 만 오 직 라 단 만 오 직 라 단 만 오 직 라 단 만 오 직 라 단 만 오 직 라 단 만 오 직 라 단 만 오 직 라 단 만 오 직 라 단 만 오 직 라 단 만 오 직 라 단 만 오 직 라 단 만 오 직 라 단 만 오 직 라 단 만 오 직 라 단 만 오 직 라 단 만 오 직 라 단 만 오 직 라 단 만 오 직 라 단 만 오 직 라 단 만 오 직 라 단 만 오 직 라 단 만 오 직 라 단 만 오 직 라 단 만 오 직 라 단 만 오 직 라 단 만 오 직 라 단 만 오 직 라 단 만 오 직 라 단 만 오 직 라 단 만 오 직 라 단 만 오 직 라 단 만 오 직 라 단 만 오 직 라 단 만 오 직 라 단 만 오 직 라 단 만 오 직 라 단 만 오 직 라 단 만 오 직 라 단 만 오 직 라 단 만 오 직 라 단 만 오 직 라 단 만 오 직 라 단 만 오 직 라 단 만 오 직 라 단 만 오 직 라 단 만 오 직 라 단 만 오 직 라 단 만 오 직 라 단 만 오 직 라 단 만 오 직 라 단 만 오 직 라 단 만 오 직 라 단 만 오 직 라 단 만 오 직 라 단 만 오 직 라 단 만 오 직 라 단 만 오 직 라 단 만 오 직 라 단 만 오 직 라 단 만 오 직 라 단 만 오 직 라 단 만 오 직 라 단 만 오 직 라 단 만 오 직 라 단 만 오 직 라 단 만 오 직 라 단 만 오 직 라 단 만 오 직 라 단 만 오 직 라 단 만 오 직 라 단 만 오 직 라 단 만 오 직 라 단 만 오 직 라 단 만 오 직 라 단 만 오 직 라 단 만 오 직 라 단 만 오 직 라 단 만 오 직 라 단 만 오 직 라 단 만 오 직 라 단 만 오 직 라 단 만 오 직 라 단 만 오 직 라 단 만 오 직 라 단 만 오 직 라 단 만 오 직 라 단 만 오 직 라 단 만 오 직 라 단 만 오 직 라 단 만 오 직 라 단 만 오 직 라 단 만 오 직 라 단 만 오 직 라 단 만 오 직 라 단 만 오 직 라 단 만 오 직 라 단 만 오 직 라 단 만 오 직 라 단 만 오 직 라 단 만,1,0,True,Recommended,9321,1720114667
엘든 링,미켈라단 느금,1,0,True,Recommended,8700,1719950717
엘든 링,조오오가튼 쓰레기 걸레 구멍 좀비 년 다시는 내 눈앞에 나타나지 마쇼,1,0,True,Recommended,10679,1719905497
엘든 링,우우..... 라단.... 게이... 아니다.... 우우....,1,0,True,Recommended,13963,1719802180
엘든 링,게임이 너무 쉽습니다. 조금만 더 어렵게 내주세요.. 초심 도대체 어디에 간겁니까..,1,0,True,Recommended,11057,1719762745
엘든 링,"잼있당,,,",1,0,True,Recommended,11104,1719701620
엘든 링,트리가드 씨발새끼야 트리가드 씨발새끼야 트리가드 씨발새끼야 트리가드 씨발새끼야 트리가드 씨발새끼야 트리가드 씨발새끼야 트리가드 씨발새끼야 트리가드 씨발새끼야 트리가드 씨발새끼야 트리가드 씨발새끼야 트리가드 씨발새끼야 트리가드 씨발새끼야 트리가드 씨발새끼야 트리가드 씨발새끼야 트리가드 씨발새끼야 트리가드 씨발새끼야 트리가드 씨발새끼야 트리가드 씨발새끼야 트리가드 씨발새끼야 트리가드 씨발새끼야 트리가드 씨발새끼야 트리가드 씨발새끼야 트리가드 씨발새끼야 트리가드 씨발새끼야 트리가드 씨발새끼야 트리가드 씨발새끼야 트리가드 씨발새끼야 트리가드 씨발새끼야 트리가드 씨발새끼야 트리가드 씨발새끼야 트리가드 씨발새끼야 트리가드 씨발새끼야,1,0,False,Not Recommended,2472,1719601172
엘든 링,"이 앞, 나무 있다",1,0,True,Recommended,12195,1719568870
엘든 링,영체 플레이 똑똑하고 현명하며 게임시스템을 완벽하게 이해한 진정한 엘데의왕 노영체 플레이 저능아 마조히스트,1,1,True,Recommended,6002,1719565777
엘든 링,시발꺼 키보드 부숴 노,1,0,True,Recommended,1235,1719556089
엘든 링,라단...개..개...개애...개새끼야!!!!!!!!!!!!!!!!!!!!!!!!!!!!!!!!!!!!!!!!!!!!!!!!!!!!!!!!!!!!!!!!!!!!!!!!!!!!!!!!!!!!!!!!!!!!!!!!!!!!!!!!!!!!!!!!!!!!!!!!!!!!!!!!!!!!!!!!!!!!!!!!!!!!!!!!!!!!!!!!!!!!!!!!!!!!!!!!!!!!!!!!!!!!!!!!!!!!!!!!!!!!!!!!!!!!!!!!!!!!!!!!!!!!!!!!!!!!!!!!!!!!!!!!!!!!!!!!!!!!!!!!!!!!!!!!!!!!!!!!!!!!!!!!!!!!!!!!!!!!!!!!!!!!!!!!!!!!!!!!!!!!!!!!!!!!!!!!!!!!!!!!!!!!!!!!!!!!!!!!!!!!!!!!!!!!!!!!!!!!!!!!!!!!!!!!!!!!!!!!!!!!!!!!!!!!!!!!!!!!!!!!!!!!!!!!!!!!!!!!!!!!!!!!!!!!!!!!!!!!!!!!!!!!!!!!!!!!!!!!!!!!!!!!!!!!!!!!!!!!!!!!!!!!!!!!!!!!!!!!!!!!!!!!!!!!!!!!!!!!!!!!!!!!!!!!!!!!!!!!!!!!!!!!!!!!!!!!!!!!!!!!!!!!!!!!!!!!!!!!!!!!!!!!!!!!!!!!!!!!!!!!!!!!!!!!!!!!!!!!!!!!!!!!!!!!!!!!!!!!!!!!!!!!!!!!!!!!!!!!!!!!!!!!!!!!!!!!!!!!!!!!!!!!!!!!!!!!!!!!!!!!!!!!!!!!!!!!!!!!!!!!!!!!!!!!!!!!!!!!!!!!!!!!!!!!!!!!!!!!!!!!!!!!!!!!!!!!!!!!!!!!!!!!!!!!!!!!!!!!!!!!!!!!!!!!!!!!!!!!!!!!!!!!!!!!!!!!!!!!!!!!!!!!!!!!!!!!!!!!!!!!!!!!!!!!!!!!!!!!!!!!!!!!!!!!!!!!!!!!!!!!!!!!!!!!!!!!!!!!!!!!!!!!!!!!!!!!!!!!!!!!!!!!!!!!!!!!!!!!!!!!!!!!!!!!!!!!!!!!!!!!!!!!!!!!!!!!!!!!!!!!!!!!!!!!!!!!!!!!!!!!!!!!!!!!!!!!!!!!!!!!!!!!!!!!!!!!!!!!!!!!!!!!!!!!!!!!!!!!!!!!!!!!!!!!!!!!!!!!!!!!!!!!!!!!!!!!!!!!!!!!!!!!!!!!!!!!!!!!!!!!!!!!!!!!!!!!!!!!!!!!!!!!!!!!!!!!!!!!!!!!!!!!!!!!!!!!!!!!!!!!!!!!!!!!!!!!!!!!!!!!!!!!!!!!!!!!!!!!!!!!!!!!!!!!!!!!!!!!!!!!!!!!!!!!!!!!!!!!!!!!!!!!!!!!!!!!!!!!!!!!!!!!!!!!!!!!!!!!!!!!!!!!!!!!!!!!!!!!!!!!!!!!!!!!!!!!!!!!!!!!!!!!!!!!!!!!!!!!!!!!!!!!!!!!!!!!!!!!!!!!!!!!!!!!!!!!!!!!!!!!!!!!!!!!!!!!!!!!!!!!!!!!!!!!!!!!!!!!!!!!!!!!!!!!!!!!!!!!!!!!!!!!!!!!!!!!!!!!!!!!!!!!!!!!!!!!!!!!!!!!!!!!!!!!!!!!!!!!!!!!!!!!!!!!!!!!!!!!!!!!!!!!!!!!!!!!!!!!!!!!!!!!!!!!!!!!!!!!!!!!!!!!!!!!!!!!!!!!!!!!!!!!!!!!!!!!!!!!!!!!!!!!!!!!!!!!!!!!!!!!!!!!!!!!!!!!!!!!!!!!!!!!!!!!!!!!!!!!!!!!!!!!!!!!!!!!!!!!!!!!!!!!!!!!!!!!!!!!!!!!!!!!!!!!!!!!!!!!!!!!!!!!!!!!!!!!!!!!!!!!!!!!!!!!!!!!!!!!!!!!!!!!!!!!!!!!!!!!!!!!!!!!!!!!!!!!!!!!!!!!!!!!!!!!!!!!!!!!!!!!!!!!!!!!!!!!!!!!!!!!!!!!!!!!!!!!!!!!!!!!!!!!!!!!!!!!!!!!!!!!!!!!!!!!!!!!!!!!!!!!!!!!!!!!!!!!!!!!!!!!!!!!!!!!!!!!!!!!!!!!!!!!!!!!!!!!!!!!!!!!!!!!!!!!!!!!!!!!!!!!!!!!!!!!!!!!!!!!!!!!!!!!!!!!!!!!!!!!!!!!!!!!!!!!!!!!!!!!!!!!!!!!!!!!!!!!!!!!!!!!!!!!!!!!!!!!!!!!!!!!!!!!!!!!!!!!!!!!!!!!!!!!!!!!!!!!!!!!!!!!!!!!!!!!!!!!!!!!!!!!!!!!!!!!!!!!!!!!!!!!!!!!!!!!!!!!!!!!!!!!!!!!!!!!!!!!!!!!!!!!!!!!!!!!!!!!!!!!!!!!!!!!!!!!!!!!!!!!!!!!!!!!!!!!!!!!!!!!!!!!!!!!!!!!!!!!!!!!!!!!!!!!!!!!!!!!!!!!!!!!!!!!!!!!!!!!!!!!!!!!!!!!!!!!!!!!!!!!!!!!!!!!!!!!!!!!!!!!!!!!!!!!!!!!!!!!!!!!!!!!!!!!!!!!!!!!!!!!!!!!!!!!!!!!!!!!!!!!!!!!!!!!!!!!!!!!!!!!!!!!!!!!!!!!!!!!!!!!!!!!!!!!!!!!!!!!!!!!!!!!!!!!!!!!!!!!!!!!!!!!!!!!!!!!!!!!!!!!!!!!!!!!!!!!!!!!!!!!!!!!!!!!!!!!!!!!!!!!!!!!!!!!!!!!!!!!!!!!!!!!!!!!!!!!!!!!!!!!!!!!!!!!!!!!!!!!!!!!!!!!!!!!!!!!!!!!!!!!!!!!!!!!!!!!!!!!!!!!!!!!!!!!!!!!!!!!!!!!!!!!!!!!!!!!!!!!!!!!!!!!!!!!!!!!!!!!!!!!!!!!!!!!!!!!!!!!!!!!!!!!!!!!!!!!!!!!!!!!!!!!!!!!!!!!!!!!!!!!!!!!!!!!!!!!!!!!!!!!!!!!!!!!!!!!!!!!!!!!!!!!!!!!!!!!!!!!!!!!!!!!!!!!!!!!!!!!!!!!!!!!!!!!!!!!!!!!!!!!!!!!!!!!!!!!!!!!!!!!!!!!!!!!!!!!!!!!!!!!!!!!!!!!!!!!!!!!!!!!!!!!!!!!!!!!!!!!!!!!!!!!!!!!!!!!!!!!!!!!!!!!!!!!!!!!!!!!!!!!!!!!!!!!!!!!!!!!!!!!!!!!!!!!!!!!!!!!!!!!!!!!!!!!!!!!!!!!!!!!!!!!!!!!!!!!!!!!!!!!!!!!!!!!!!!!!!!!!!!!!!!!!!!!!!!!!!!!!!!!!!!!!!!!!!!!!!!!!!!!!!!!!!!!!!!!!!!!!!!!!!!!!!!!!!!!!!!!!!!!!!!!!!!!!!!!!!!!!!!!!!!!!!!!!!!!!!!!!!!!!!!!!!!!!!!!!!!!!!!!!!!!!!!!!!!!!!!!!!!!!!!!!!!!!!!!!!!!!!!!!!!!!!!!!!!!!!!!!!!!!!!!!!!!!!!!!!!!!!!!!!!!!!!!!!!!!!!!!!!!!!!!!!!!!!!!!!!!!!!!!!!!!!!!!!!!!!!!!!!!!!!!!!!!!!!!!!!!!!!!!!!!!!!!!!!!!!!!!!!!!!!!!!!!!!!!!!!!!!!!!!!!!!!!!!!!!!!!!!!!!!!!!!!!!!!!!!!!!!!!!!!!!!!!!!!!!!!!!!!!!!!!!!!!!!!!!!!!!!!!!!!!!!!!!!!!!!!!!!!!!!!!!!!!!!!!!!!!!!!!!!!!!!!!!!!!!!!!!!!!!!!!!!!!!!!!!!!!!!!!!!!!!!!!!!!!!!!!!!!!!!!!!!!!!!!!!!!!!!!!!!!!!!!!!!!!!!!!!!!!!!!!!!!!!!!!!!!!!!!!!!!!!!!!!!!!!!!!!!!!!!!!!!!!!!!!!!!!!!!!!!!!!!!!!!!!!!!!!!!!!!!!!!!!!!!!!!!!!!!!!!!!!!!!!!!!!!!!!!!!!!!!!!!!!!!!!!!!!!!!!!!!!!!!!!!!!!!!!!!!!!!!!!!!!!!!!!!!!!!!!!!!!!!!!!!!!!!!!!!!!!!!!!!!!!!!!!!!!!!!!!!!!!!!!!!!!!!!!!!!!!!!!!!!!!!!!!!!!!!!!!!!!!!!!!!!!!!!!!!!!!!!!!!!!!!!!!!!!!!!!!!!!!!!!!!!!!!!!!!!!!!!!!!!!!!!!!!!!!!!!!!!!!!!!!!!!!!!!!!!!!!!!!!!!!!!!!!!!!!!!!!!!!!!!!!!!!!!!!!!!!!!!!!!!!!!!!!!!!!!!!!!!!!!!!!!!!!!!!!!!!!!!!!!!!!!!!!!!!!!!!!!!!!!!!!!!!!!!!!!!!!!!!!!!!!!!!!!!!!!!!!!!!!!!!!!!!!!!!!!!!!!!!!!!!!!!!!!!!!!!!!!!!!!!!!!!!!!!!!!!!!!!!!!!!!!!!!!!!!!!!!!!!!!!!!!!!!!!!!!!!!!!!!!!!!!!!!!!!!!!!!!!!!!!!!!!!!!!!!!!!!!!!!!!!!!!!!!!!!!!!!!!!!!!!!!!!!!!!!!!!!!!!!!!!!!!!!!!!!!!!!!!!!!!!!!!!!!!!!!!!!!!!!!!!!!!!!!!!!!!!!!!!!!!!!!!!!!!!!!!!!!!!!!!!!!!!!!!!!!!!!!!!!!!!!!!!!!!!!!!!!!!!!!!!!!!!!!!!!!!!!!!!!!!!!!!!!!!!!!!!!!!!!!!!!!!!!!!!!!!!!!!!!!!!!!!!!!!!!!!!!!!!!!!!!!!!!!!!!!!!!!!!!!!!!!!!!!!!!!!!!!!!!!!!!!!!!!!!!!!!!!!!!!!!!!!!!!!!!!!!!!!!!!!!!!!!!!!!!!!!!!!!!!!!!!!!!!!!!!!!!!!!!!!!!!!!!!!!!!!!!!!!!!!!!!!!!!!!!!!!!!!!!!!!!!!!!!!!!!!!!!!!!!!!!!!!!!!!!!!!!!!!!!!!!!!!!!!!!!!!!!!!!!!!!!!!!!!!!!!!!!!!!!!!!!!!!!!!!!!!!!!!!!!!!!!!!!!!!!!!!!!!!!!!!!!!!!!!!!!!!!!!!!!!!!!!!!!!!!!!!!!!!!!!!!!!!!!!!!!!!!!!!!!!!!!!!!!!!!!!!!!!!!!!!!!!!!!!!!!!!!!!!!!!!!!!!!!!!!!!!!!!!!!!!!!!!!!!!!!!!!!!!!!!!!!!!!!!!!!!!!!!!!!!!!!!!!!!!!!!!!!!!!!!!!!!!!!!!!!!!!!!!!!!!!!!!!!!!!!!!!!!!!!!!!!!!!!!!!!!!!!!!!!!!!!!!!!!!!!!!!!!!!!!!!!!!!!!!!!!!!!!!!!!!!!!!!!!!!!!!!!!!!!!!!!!!!!!!!!!!!!!!!!!!!!!!!!!!!!!!!!!!!!!!!!!!!!!!!!!!!!!!!!!!!!!!!!!!!!!!!!!!!!!!!!!!!!!!!!!!!!!!!!!!!!!!!!!!!!!!!!!!!!!!!!!!!!!!!!!!!!!!!!!!!!!!!!!!!!!!!!!!!!!!!!!!!!!!!!!!!!!!!!!!!!!!!!!!!!!!!!!!!!!!!!!!!!!!!!!!!!!!!!!!!!!!!!!!!!!!!!!!!!!!!!!!!!!!!!!!!!!!!!!!!!!!!!!!!!!!!!!!!!!!!!!!!!!!!!!!!!!!!!!!!!!!!!!!!!!!!!!!!!!!!!!!!!!!!!!!!!!!!!!!!!!!!!!!!!!!!!!!!!!!!!!!!!!!!!!!!!!!!!!!!!!!!!!!!!!!!!!!!!!!!!!!!!!!!!!!!!!!!!!!!!!!!!!!!!!!!!!!!!!!!!!!!!!!!!!!!!!!!!!!!!!!!!!!!!!!!!!!!!!!!!!!!!!!!!!!!!!!!!!!!!!!!!!!!!!!!!!!!!!!!!!!!!!!!!!!!!!!!!!!!!!!!!!!!!!!!!!!!!!!!!!!!!!!!!!!!!!!!!!!!!!!!!!!!!!!!!!!!!!!!!!!!!!!!!!!!!!!!!!!!!!!!!!!!!!!!!!!!!!!!!!!!!!!!!!!!!!!!!!!!!!!!!!!!!!!!!!!!!!!!!!!!!!!!!!!!!!!!!!!!!!!!!!!!!!!!!!!!!!!!!!!!!!!!!!!!!!!!!!!!!!!!!!!!!!!!!!!!!!!!!!!!!!!!!!!!!!!!!!!!!!!!!!!!!!!!!!!!!!!!!!!!!!!!!!!!!!!!!!!!!!!!!!!!!!!!!!!!!!!!!!!!!!!!!!!!!!!!!!!!!!!!!!!!!!!!!!!!!!!!!!!!!!!!!!!!!!!!!!!!!!!!!!!!!!!!!!!!!!!!!!!!!!!!!!!!!!!!!!!!!!!!!!!!!!!!!!!!!!!!!!!!!!!!!!!!!!!!!!!!!!!!!!!!!!!!!!!!!!!!!!!!!!!!!!!!!!!!!!!!!!!!!!!!!!!!!!!!!!!!!!!!!!!!!!!!!!!!!!!!!!!!!!!!!!!!!!!!!!!!!!!!!!!!!!!!!!!!!!!!!!!!!!!!!!!!!!!!!!!!!!!!!!!!!!!!!!!!!!!!!!!!!!!!!!!!!!!!!!!!!!!!!!!!!!!!!!!!!!!!!!!!!!!!!!!!!!!!!!!!!!!!!!!!!!!!!!!!!!!!!!!!!!!!!!!!!!!!!!!!!!!!!!!!!!!!!!!!!!!!!!!!!!!!!!!!!!!!!!!!!!!!!!!!!!!!!!!!!!!!!!!!!!!!!!!!!!!!!!!!!!!!!!!!!!!!!!!!!!!!!!!!!!!!!!!!!!!!!!!!!!!!!!!!!!!!!!!!!!!!!!!!!!!!!!!!!!!!!!!!!!!!!!!!!!!!!!!!!!!!!!!!!!!!!!!!!!!!!!!!!!!!!!!!!!!!!!!!!!!!!!!!!!!!!!!!!!!!!!!!!!!!!!!!!!!!!!!!!!!!!!!!!!!!!!!!!!!!!!!!!!!!!!!!!!!!!!!!!!!!!!!!!!!!!!!!!!!!!!!!!!!!!!!!!!!!!!!!!!!!!!!!!!!!!!!!!!!!!!!!!!!!!!!!!!!!!!!!!!!!!!!!!!!!!!!!!!!!!!!!!!!!!!!!!!!!!!!!!!!!!!!!!!!!!!!!!!!!!!!!!!!!!!!!!!!!!!!!!!!!!!!!!!!!!!!!!!!!!!!!!!!!!!!!!!!!!!!!!!!!!!!!!!!!!!!!!!!!!!!!!!!!!!!!!!!!!!!!!!!!!!!!!!!!!!!!!!!!!!!!!!!!!!!!!!!!!!!!!!!!!!!!!!!!!!!!!!!!!!!!!!!!!!!!!!!!!!!!!!!!!!!!!!!!!!!!!!!!!!!!!!!!!!!!!!!!!!!!!!!!!!!!!!!!!!!!!!!!!!!!!!!!!!!!!!!!!!!!!!!!!!!!!!!!!!!!!!!!!!!!!!!!!!!!!!!!!!!!!!!!!!!!!!!!!!!,1,1,True,Recommended,20300,1719490410
엘든 링,양호띠,1,1,True,Recommended,9050,1719475343
엘든 링,안해 시발 병신겜 왜 시발 구르고난 자리에 공격이 왔는데 그게 처맞는데 병신겜,1,0,False,Not Recommended,7672,1719318931
엘든 링,"초등학생 수준의 정신 연령을 가진 사람이 디자인 한 것 같은 저질스러운 패턴. 유저의 재미는 뒷전이고 어려움과 불쾌함에 광적으로 집착한 결과물. 흔히 소울라이크 라고 불리는, 프롬소프트웨어가 아닌 다른 게임 개발사에서 만든 게임들이 흔히 범하는 실수를 프롬소프트웨어가 저질러버림.",1,22,False,Not Recommended,37667,1719062419
엘든 링,DLC 사지마세요 이 씨발 새끼들 잡몹한테도 원콤나게 만들어놓고 의기양양하게 인터뷰 했었음 병신들이 오냐오냐해주니까 뇌절 치고 지랄병,1,6,False,Not Recommended,9067,1719060602
엘든 링,너무 어렵고... 멀미나고... 아무것도 모르겠고... 60FPS 제한 개같고...,1,1,False,Not Recommended,30,1718994127
엘든 링,응애 나 엘든링 늅이 트리가드 개가튼 쉐끼!! 3시간 만에 잡음,1,0,True,Recommended,369,1718984206
엘든 링,2회차 시작해보자,1,0,True,Recommended,33904,1718968480
엘든 링,Do not enter DLC,1,5,False,Not Recommended,5978,1718959370
엘든 링,게임의 신이 빚은 신의 게임,1,1,True,Recommended,9742,1718943277
엘든 링,조금밖에 안했는데 게임이 참 재밌있는거 같네요,1,0,True,Recommended,58418,1718882570
엘든 링,진짜 너무 너무 너무 재밌어서 dlc 나오기전에 다깼어요 진짜 강추 강추 강추 진짜 재미있음 dlc도 재미있음,1,1,True,Recommended,8097,1718825119
엘든 링,불친절 하긴한데 또 나름 그런 불친절한 맛이 게임의 개성같습니다.,1,1,True,Recommended,20790,1718602172
엘든 링,하누만 기하리면 엔들링디엘 시가나와요,1,0,True,Recommended,15171,1718436596
엘든 링,아니 씨발 태양아 그거 지금 잡는거 아니라니까????????????,1,1,True,Recommended,409,1718016401
엘든 링,소울 좋아하면 당연히 추천,1,0,True,Recommended,899,1717331229
엘든 링,밥도 엇박으로 먹을 끼들,1,5,True,Recommended,5744,1717217272
엘든 링,재미따,1,7,True,Recommended,24548,1717181235
엘든 링,존나어렵네진짜하님들이런게임하지마세요체질이란게달라집니다제가베스트프렌드한테백만룬을후원을받고시작했는데도못깨겠어요하진짜넘어려워요눈물나네,1,0,True,Recommended,3199,1716630772
엘든 링,남들이 다 재밋다고해서 다 재밋는건아니더라 엥? 님이 존나 못해서 그런개아니라요? 그런걸로치자...,1,2,False,Not Recommended,8164,1716306485
엘든 링,똥겜임 차라리 스꼴라하셈,1,1,False,Not Recommended,95398,1714648271
엘든 링,캐릭터 슬롯 너무 부족함... 10개 말고 한 20개 정도 되면 좋을듯,1,2,True,Recommended,77145,1714347795
엘든 링,아직도 안샀어?,1,0,True,Recommended,18446,1714227067
엘든 링,64800원 가치를 충분 이상으로 함,1,0,True,Recommended,17821,1713873793
엘든 링,이 너머 무언가 있다.,1,2,True,Recommended,782,1713710651
엘든 링,이거 살까 말까 고민할 시간에 사서 하셈,1,1,True,Recommended,18615,1713618771
엘든 링,개미 개 씨발몹 진짜,1,31,True,Recommended,10346,1713066315
엘든 링,아이엠말레니아블레이드오브미켈라아이엠말레니아블레이드오브미켈라아이엠말레니아블레이드오브미켈라아이엠말레니아블레이드오브미켈라아이엠말레니아블레이드오브미켈라아이엠말레니아블레이드오브미켈라아이엠말레니아블레이드오브미켈라아이엠말레니아블레이드오브미켈라아이엠말레니아블레이드오브미켈라아이엠말레니아블레이드오브미켈라아이엠말레니아블레이드오브미켈라아이엠말레니아블레이드오브미켈라아이엠말레니아블레이드오브미켈라아이엠말레니아블레이드오브미켈라아이엠말레니아블레이드오브미켈라아이엠말레니아블레이드오브미켈라아이엠말레니아블레이드오브미켈라아이엠말레니아블레이드오브미켈라,1,0,True,Recommended,7059,1711186256
엘든 링,트리가드가 씨빪 뭐냐,1,0,True,Recommended,270,1710664630
엘든 링,"어 일단 많은 분들이 유튜브 보시고 입문작으로 시작하시는데 본인이 M성향이 있는게 아니라면 딴것부터 해보시고 이 게임을 하시는걸 추천합니다, 솔직히 엘든링 너무 빨아주는 거 같은데 아 오픈월드형 RPG가 생각보다 많이 무책임한 게임임. 내가 토스결제 하면 환불이 스팀머니로 되는줄 모르고 토스결제 했다가 봉변당했네 . 돈 아까워서 꾸역꾸역 21시간 했는데 결국은 삭제엔딩. 난 다신 이거 안할련다. 이 너머, 트리가드 애미 있다.",1,1,False,Not Recommended,1262,1710414099
엘든 링,b 처음 시작하자마자 말을 타고 있는 뭐가 걸어 다니길래 계속 죽어가면서 힘들게 도전했는데 u 그거 안 잡아도 된다 u 라는 소리를 들은 뉴비의 생각을 서술하시오. 3점 b,1,0,True,Recommended,17745,1710085714
엘든 링,미친게임,1,7,True,Recommended,2899,1709997996
엘든 링,"다크 소울류 게임을 엄청 좋아하지는 않지만 블러드본 이후로 오랜만에 다크소울류인 엘든링을 해봤는데 정말 재미있게 했습니다. 오픈월드 풍경과 컨셉이 스토리에 알맞게 만들어져서 맵 곳곳을 탐험하는 재미도 있었고 NPC와 몬스터, 스토리까지 하나하나 다 정성스럽게 만들어진게 게임하면서 느껴져서 좋았습니다 게임 하면서 불편했던 점은 대형 몹에게 시점 락온 했을때 불편했던 거 말고는 딱히 없었던 거 같네요",1,0,True,Recommended,9924,1709886733
엘든 링,막힐때는 빡치지만 계속 하게 됨.. 한번 잡으면 시간가는줄 몰르게 만드는게 단점임.,1,6,True,Recommended,11432,1709739572
엘든 링,에이 씨팔 존나 어렵네,1,0,True,Recommended,4523,1709649479
엘든 링,"트레일러에 나오는 예쁜 그림은 나오지 않아요. 못생기고, 괴기스럽고, 징그럽고, 얼굴에 따개비 붙어있고, 손이 등에서 자라나고, 팔 달린 항아리에, 해골에, 좀비에, 그런 것만 나오구요. 시작해서 문 열고 나가면 갑자기 때려요. 그러면 싸워야 해요. 그런데 싸워서 이길 수는 있어요 예쁜 게임이 아니에요. 속지 마세요. 예쁜거라고는 빛나는 노란 나무 하나인데 그거 말고 나오는 몬스터가 다 심각하게 생겼어요. 꼭 다른 사람이 한 영상 보고 사세요. 아니면 2시간 만 해보세요.",1,0,True,Recommended,5476,1709506134
엘든 링,"자 엘든링 깨는법을 가르쳐 드릴께요. 1. 처음에는 힘들수도있어요 그러니깐 머가리 깨지더라도 존나 구르세요 차피 패턴 파홰한다고 생각하다가 쳐맞으니깐 걍 닥치고 구르세요. 2. 자 이제 어느정도 많이 쳐맞고 많이 굴렀다면 당신은 구르기를 인지하게 됬을거에요 보스가 아니라 당신 자신의 구르기를, 잘했습니다 자신을 알고 적을 알면 백전백승이지만 이제 절반 왔습니다. 이제 구르면서 딜각을 찾으세요 안전하게 한대씩 때리거나 아니면 보스를 빠르게 조지기 위해 쳐 때리고 쳐 맞거나 전자면 거의 다왔습니다, 하지만 후자면 걍 더 쳐맞으세요. 3.이제 자신을 알고 적을 알았으니 거의 다끝났을겁니다 하지만 마지막 마무리에서 자꾸 죽으시죠? 답은 간단합니다 당신이 존나 방심해서 그래요 그러면 어떻게 방심을 안하게 될까요? 더 쳐맞으세요. 4.이제 당신은 보스를 잡았습니다! 자 다음 보스때도 똑같이 쳐 맞으세요.",1,3,True,Recommended,107556,1709224935
엘든 링,알겠는가?알겠는가?알겠는가?알겠는가?알겠는가?알겠는가?알겠는가?알겠는가?알겠는가?알겠는가?알겠는가?알겠는가?알겠는가?알겠는가?알겠는가?알겠는가?알겠는가?알겠는가?알겠는가?알겠는가?알겠는가?알겠는가?알겠는가?알겠는가?알겠는가?알겠는가?알겠는가?알겠는가?알겠는가?알겠는가?알겠는가?알겠는가?알겠는가?알겠는가?알겠는가?알겠는가?알겠는가?알겠는가?알겠는가?알겠는가?알겠는가?알겠는가?알겠는가?알겠는가?알겠는가?알겠는가?알겠는가?알겠는가?알겠는가?알겠는가?알겠는가?알겠는가?알겠는가?알겠는가?알겠는가?알겠는가?알겠는가?알겠는가?알겠는가?알겠는가?알겠는가?알겠는가?알겠는가?알겠는가?알겠는가?알겠는가?알겠는가?알겠는가?알겠는가?알겠는가?알겠는가?알겠는가?알겠는가?알겠는가?알겠는가?알겠는가?알겠는가?알겠는가?알겠는가?알겠는가?알겠는가?알겠는가?알겠는가?알겠는가?알겠는가?알겠는가?알겠는가?알겠는가?알겠는가?알겠는가?알겠는가?알겠는가?알겠는가?알겠는가?알겠는가?알겠는가?알겠는가?알겠는가?알겠는가?알겠는가?알겠는가?알겠는가?알겠는가?알겠는가?알겠는가?알겠는가?알겠는가?알겠는가?알겠는가?알겠는가?알겠는가?알겠는가?알겠는가?알겠는가?알겠는가?알겠는가?알겠는가?알겠는가?알겠는가?알겠는가?알겠는가?알겠는가?알겠는가?알겠는가?알겠는가?알겠는가?알겠는가?알겠는가?알겠는가?알겠는가?알겠는가?알겠는가?알겠는가?알겠는가?알겠는가?알겠는가?알겠는가?알겠는가?알겠는가?알겠는가?알겠는가?알겠는가?알겠는가?알겠는가?알겠는가?알겠는가?알겠는가?알겠는가?알겠는가?알겠는가?알겠는가?알겠는가?알겠는가?알겠는가?알겠는가?알겠는가?알겠는가?알겠는가?알겠는가?알겠는가?알겠는가?알겠는가?알겠는가?알겠는가?알겠는가?알겠는가?알겠는가?알겠는가?알겠는가?알겠는가?알겠는가?알겠는가?알겠는가?알겠는가?알겠는가?알겠는가?알겠는가?알겠는가?알겠는가?알겠는가?알겠는가?알겠는가?알겠는가?알겠는가?알겠는가?알겠는가?알겠는가?알겠는가?알겠는가?알겠는가?알겠는가?알겠는가?알겠는가?알겠는가?알겠는가?알겠는가?알겠는가?알겠는가?알겠는가?알겠는가?알겠는가?알겠는가?알겠는가?알겠는가?알겠는가?알겠는가?알겠는가?알겠는가?알겠는가?알겠는가?알겠는가?알겠는가?알겠는가?알겠는가?알겠는가?알겠는가?,1,0,True,Recommended,16724,1709215782
엘든 링,이 앞에 재미 있다.,1,0,True,Recommended,5728,1708761906
엘든 링,안하면 병1신,1,1,True,Recommended,3605,1708631319
엘든 링,dlc긴 했었나요 스쳐지나가는 dlc였나요 짧지 않은 우리 함께 했던 시간들이 자꾸 내 마음을,1,1,True,Recommended,33354,1708630809
엘든 링,"굴렀는데 맞았다? 그것은 안 구른 것이요, 피했는데 맞았다? 그것은 안 피한 것이로다.",1,0,True,Recommended,159150,1708508351
엘든 링,오늘 자정에 나올 dlc 때문에 발 가 멈추지 않습니다,1,0,True,Recommended,17943,1708495825
엘든 링,그냥이씨발이거안하면인생헛산거임,1,2,True,Recommended,5700,1708095281
엘든 링,"영원의 여왕 마리카를 받드는 틈새의 땅에서 황금 나무의 근원인 엘든 링이 부서졌다. 마리카의 피를 이은 아이, 데미갓 들은 엘든 링의 파편인 거대한 룬을 손에 넣었고 그 힘에 미쳐 뒤틀리고, 끝내 파쇄전쟁을 일으켜 . 위대한 뜻으로부터 버림받았다. 그리고 과거 눈동자에서 황금의 축복을 잃고 틈새의 땅에서 쫓겨난 빛바랜 자들에게 축복의 인도가 내린다. 축복을 잃고 미처 죽지 못한 죽은 자들이여. 인도를 따라 안개의 바다를 넘어 틈새의 땅으로 향해 엘든 링을 알현하라. 그리고 엘데의 왕이 되어라.",1,0,True,Recommended,1741,1708047574
엘든 링,DLC 내놔 씨발 빡빡이 새끼야,1,0,True,Recommended,101284,1708044388
엘든 링,"이 앞, 구르기 유효하다.",1,1,True,Recommended,18470,1708020947
엘든 링,미야자키 빡빡이새끼야 현기증나니까 빨리 들크 문열라고 시발련 아,1,0,True,Recommended,123433,1707896531
엘든 링,너무재밌어요 큐,1,0,True,Recommended,28131,1707836655
엘든 링,겜 개어렵네,1,0,False,Not Recommended,19,1707631268
엘든 링,알겠는가? 미켈라의 칼날 말레니아를알겠는가? 미켈라의 칼날 말레니아를알겠는가? 미켈라의 칼날 말레니아를알겠는가? 미켈라의 칼날 말레니아를알겠는가? 미켈라의 칼날 말레니아를알겠는가? 미켈라의 칼날 말레니아를알겠는가? 미켈라의 칼날 말레니아를알겠는가? 미켈라의 칼날 말레니아를알겠는가? 미켈라의 칼날 말레니아를알겠는가? 미켈라의 칼날 말레니아를알겠는가? 미켈라의 칼날 말레니아를알겠는가? 미켈라의 칼날 말레니아를알겠는가? 미켈라의 칼날 말레니아를알겠는가? 미켈라의 칼날 말레니아를알겠는가? 미켈라의 칼날 말레니아를알겠는가? 미켈라의 칼날 말레니아를알겠는가? 미켈라의 칼날 말레니아를,1,0,True,Recommended,8231,1707006067
엘든 링,tq 컴터 사양이 구려서 하지를 못해요,1,0,True,Recommended,43,1706866198
엘든 링,솔로로 충분히 즐기고 난 다음 꼭 코옵을 해보십시오. 또 다른 재미가 쏠쏠.,1,13,True,Recommended,15664,1706793067
엘든 링,진짜 개재밌네,1,0,True,Recommended,9040,1706595415
엘든 링,뒤틀린 황천의 리듬겜 프레임 레이트 버그가 터지기 전까진 즐겁게 즐겼음,1,0,True,Recommended,1777,1706519598
엘든 링,내 시간 아낄려고 노가다 좀 안할려 했더니 치트도 못쓰게 해놨네. 노가다 극혐. 필드는 매우 큰데. 몹잡는 컨텐츠가 전부이고. 렙업할라면 뺑뺑이 졸라게 쳐야됨 GOTY라 해서 삿더만. 환불 마렵네,1,0,False,Not Recommended,3295,1706384709
엘든 링,라니랑 존나 섹스마려움,1,0,True,Recommended,20285,1706360388
엘든 링,게임이 쉽고 재미있어요 너무 쉬워서 찍먹하기 좋아요,1,0,True,Recommended,10185,1705816632
엘든 링,성취감을 느끼려고 이겜을 한다 이겜으로 성취감을 느낀다 그것이 소울류다.,1,0,True,Recommended,1222,1705775179
엘든 링,한번 빠져봐 더 깊숙하게 빠질껄?,1,1,True,Recommended,12138,1705761283
엘든 링,와 그래픽이 너무 귀엽고 깜찍하네요 잔잔하게 즐기기 좋은듯? 강추강추,1,0,True,Recommended,2822,1705748173
엘든 링,dlc 씨발 언제나와,1,2,True,Recommended,9783,1705498264
엘든 링,정말 재미있고 세계관도 흥미로운데 즐길 거리가 좀 부족한 감이 없잖아 있습니다,1,0,True,Recommended,98247,1704917921
엘든 링,"누가 이거 갓겜이라고 했냐 똥겜 냄새가 여기까지 나는데 몇몇 RPG 같은 재밌는 요소와 멀키트, 말레키스, 고드프리 같은 맛있는 보스전이 있지만 스토리나 오브잭트 재대로 안보면 절대 길 찾을수 없는 구조에 가는길 , 보스 패턴 화염 뚱땡이, 퉁퉁이와 비실이, 민달팽이는 누구 대가리에서 아이디어가 나온 거냐 이딴 게임 하지 말고 더 재미있는 겜 많은데 그거나 하자 말레니아는 자기가 하드코어한거 좋아한다고 생각하면 해보자 나름 재밌음 처음에 순수 피지컬로 하려다가 포기함. 말레니아 잡는 세팅 맞춰서 힘들게 깸 나중에 세키로나 해야겠다",1,2,False,Not Recommended,7583,1704767092
엘든 링,피했잖아!!,1,0,True,Recommended,9821,1704447714
엘든 링,"h1 엘데의 왕이 되기 위한 여정, 그 여정을 떠나는 각기 다른 플레이어들을 모두 만족시키는 프롬의 치밀한 구성 h1 엘든링을 처음 플레이한지 어언 반년이 넘어갑니다만 재밌게 플레이한 게임을 이렇게 오랫동안 평가를 쓰지 않았던 게임은 처음인 것 같네요. 프롬 소프트웨어 게임에 세키로를 시작으로 입문한 후로 제가 세키로 바로 다음 게임으로 선택해서 플레이 했던 게임이 바로 엘든링입니다. 세키로 8회차 엘든링 8회차 부캐 1회차 다크소울3 1회차 다크소울2 1회차 까지 플레이를 마쳤고 슬슬 엘든링에 대해 느낀 바를 적어볼 수 있는 정도는 맛봤다고 생각해서 이렇게 평가 쓰러 돌아오게 되었습니다 일단 제가 엘든링에 대해 플레이 이후 평가를 섣불리 하지 않았던 것은 여러가지 이유가 있습니다. 먼저 세키로를 마치고 넘어오긴 하였으나 분명 세키로의 플레이 스타일과 엘든링의 기존 다크소울 시리즈의 플레이방식을 계상한 플레이 스타일은 분명 다릅니다. 물론 저는 소울 시리즈는 구평 구르기 평타 플레이를 위주로 한만큼 가드플레이 관련 설명은 제외하고 하겠습니다. 엘든링을 하는데 상당히 초반에 고생을 했던 기억이 납니다. 결국 그냥 엔딩 보면 장땡이다라는 생각에 노가다 장소를 찾아 약 60 70렙까지 파밍하고 멀기트부터 진행하여 패턴이 뭔지도 모르고 끝난 보스가 한둘이 아니었으며 노가다의 한계가 느껴지는 후반부 보스에 와서도 화신의 물방울 영체를 적극적으로 활용하여 엔딩까지 무사히 볼 수 있었습니다. 이러고 나니 생각보다 엘든링을 재미있게 플레이했다는 감각이 별로 안들었습니다. 분명 스토리도 매력적이었지만 이렇게 무지성 노가다로 패턴도 무시하고 깨는게 맞나라는 생각에 뭔가가 자꾸 아쉬웠죠. 회차가 올라가면서 무기를 바꾸어가면서, 영체 없이도 플레이 해보면서 보스들을 클리어해봤지만 아무래도 풀강 무기 버프 높은 스테이터스로 인해 깨는 맛은 있었지만 여전히 뭔가가 부족하다고 느꼈습니다. 그렇기에 엘든링을 아직 평가를 내리기에는 부족하다는 판단이 들었고 이러한 점을 어떻게 메워야할까라고 고민하다 소울시리즈로 넘어가기로 결정했습니다. 쉴 틈 없이 내 체간을 관리해가며 상대방에게 끊임없이 공격을 가해 상대의 체간을 채워나가는 세키로의 적극적이고 공격적인 플레이 방식과 달리 소울 시리즈의 플레이 방식은 수동적입니다. 먼저 패턴을 쓰기전에 상대에게 선빵을 쳐서 격전으로 이어갈 수 있는 방식의 세키로와 달리 소울 시리즈의 보스는 패턴을 보지 않고 무지성 선빵을 치게 되면 예외를 제외하고는 대부분의 보스가 저를 화톳불 혹은 축복 으로 보내버립니다. 또한 패리를 적극적으로 쓰도록 만들어져있어 패리의 타이밍이 상당히 널널하여 저스트 패리가 아니어도 쿠로의 부적 O 체간에 부담은 있어도 가뎀이 들어오지 않는 반면 소울 시리즈의 보스는 패턴을 사용하는 정확한 타이밍에 구르지 않으면 구르기 전, 혹은 구르고 난 이후에 쳐맞도록 되어있죠. 또한 세키로에서는 삭제되었던 스태미너라는 시스템때문에 내가 스태미너 범위 안에서 사용할 수 있는 행동의 제약이 걸려있습니다. 평타를 4번 쳤으면 스태미너가 다 닳아 구르기 위한 스태미너가 없어 쳐맞는 식으로 말이죠. 스태미너가 없어 무지성 반자이 어택해도 스태미너 부담이 없었던 세키로에서 넘어온 만큼 처음에 무지성 RB 버튼 연타 습관을 고치기가 참 어려웠어요 상대적으로 1회차에서도 마술 기도 등을 사용할 수 있고 보스 약점이 명확한 엘든링과는 달리 다크소울 시리즈는 1회차에서 마술 주술 등을 적극적으로 활용하기에 초보에게는 한계가 있고 결국 구평 플레이가 주가 되는 게임이라고 느껴졌습니다. 다크소울3로 들어가 군다, 볼드를 넘어가고 설리번, 무희를 지나면서 더더욱 그렇게 느꼈죠. 1회차여도 보스들의 데미지는 스탯이 낮은 저에게 있어서는 강력한 보스들이었고 무지성 구르기 연타, 무지성 RB 연타의 습관을 버리지 못했던 저를 많이 반성하게 만들었습니다. 하지만 용갑주, 쌍왕자, 왕들의 화신을 거치며 구평 플레이의 매력을 점점 느끼기 시작했고 많은 습관들도 바뀌기 시작하더군요. 그렇게 다크소울 시리즈에 매력을 물씬 느꼈고 이후 다크소울2까지도 넘어가게 되었습니다. 다크소울 2는..... 적응력이라는 욕나오는 스탯, 악랄한 몹 배치, DLC를 제외하고는 너무 어이없을 정도의 난이도의 보스 등 위에서 말한 플레이와는 다른 느낌이기에 더 길게 쓰지는 않겠습니다. 아무튼 이렇게 2까지 마치고 아직 플레이 하지 않았던 3의 DLC로 넘어와 미디르와 게일까지 구평으로 클리어하면서 엘든링에서 제대로 익히지 못했던 소울 시리즈의 플레이 방식들을 몸에 익힐 수 있었다고 생각이 들어 다시 엘든링으로 돌아오게 되었습니다. 게임 이거저거 하다보니 힘들어서 다크소울1은 조금 나중에 하려 합니다 엘든링 DLC가 나왔을때 처음부터 8회차로 플레이하기에는 좀 무리가 있을 것 같아서, 소울 시리즈에서 놀다가 다시 온 김에 라는 2가지 이유로 부캐를 파서 현재까지 다시 1회차 엘든링을 플레이하고 있습니다만 처음 엘든링을 플레이하던 제가 얼마나 날먹을 해왔는지, 얼마나 이 게임의 보스들을 제대로 보아오지 않았는지 뼈저리게 느껴지더군요. 물론 이제는 마술, 기도 플레이하면 패턴 구를 필요도 없이 깨지는 걸 알지만 노가다 없이 근접 구평으로 정석 플레이를 시도하며 느꼈던 것은 말도 안되는 보스들의 난이도였습니다. 가지지 못한 자로 1렙 트리가드 2시간 트라이를 시작으로 트리가드가 얼마나 어려운지 깨닫게 되었으며 아직도 어려운 멀기트는 딜이 낮아서 그렇지 1시간 가량 고생했던 것 같습니다. 소울 시리즈에서 배워온 패리플레이도 적극 활용하면서 이번 1회차는 가능한 보스들은 패리를 섞어가면서 트라이했습니다. 도가니 기사, 멀기트, 말리케스, 용의 트리가드, 로레타, 신의 살갗의 귀인 등등...하지만 또 여기서 소울 시리즈와 다른 점이 느껴지더라고요. 패리 방향 크게 신경 쓰지 않아도 되는데다 나름 타이밍이 널널한 소울시리즈의 패리와 달리 엘든링에서의 패리는 정말 칼박에 정확히 패리를 박지 않으면 그대로 실패하는데다 패리에 성공하면 보스고 뭐고 무조건 앞잡을 내주었던 이전작들과 달리 2번 3번의 패리에 걸쳐 강인도를 깎아가야 앞잡을 시전할 수 있었다 보니 하이리스크 로우 리턴이라는 느낌이 많이 강해졌습니다. 정말 패리를 활용한 근접 구평 플레이가 기존 소울 시리즈보다 많이 어려워졌다는 생각이 들었습니다. 그래도 어찌저찌 그동안의 엘든링을 해온 짬이 있기에 강화 재료, 맵 진행방향 등 이미 가지고 있는 정보를 바탕으로 잘 진행해 현재 1회차도 최종보스 엘데까지 한걸음 남은 상태입니다 전체적으로 다시 엘든링을 진행하면서 생각보다 얼마나 프롬이 이번 엘든링에 힘을 쏟은 것인지 느껴졌습니다. 저는 이 게임을 뉴비의 시점에서 플레이도 해보았고 소울 시리즈의 팬의 시점에서도 플레이를 해보았습니다. 게임의 난이도, 플레이 방식을 서로 다르게 받아 들이게 될 수 밖에 없는 각각의 시점에도 불구하고 이 게임은 그 양쪽 모두를 만족시킬 수 있는 훌륭한 게임이었습니다. 기존 소울 시리즈를 재밌게 즐겨 더 어려운 보스, 새로움을 원하는 고인물 플레이어가 소울 스타일로 플레이 할 경우 패턴이 어려울 수 밖에 없는 아무래도 엇박, 엇박, 어어어엇박이 초반 보스인 멀기트부터 탑재되어있다보니 구조였으나 여러 약점들을 적극 활용하고, 뼛가루 영체 특히 영체의 역할이 정말 크다고 생각 , 마술, 기도 등으로 보조하여 플레이하면 초보자도 쉽게 클리어할 수 있게 만들어져있다는 점에서 양쪽 플레이어군을 모두 만족 시킬 수 있는 프롬의 정말 치밀한 면모를 보는 듯하여 정말 인상 깊었던 것 같습니다. 정말 재미있게 플레이했습니다. 다른 소울 시리즈는 입문자에게 추천하기 힘들어도 엘든링 정도는 강력히 추천하고 싶어지는 그런 인생 게임 중 하나라고 생각합니다. 그러니까 빨리 DLC 좀 내주면 좋겠네요......대체 언제 나오니...",1,12,True,Recommended,22736,1704364756
엘든 링,갓겜 존잼.,1,0,True,Recommended,5869,1704278525
엘든 링,"재미없게 어렵다 , 럭키 스꼴라",1,8,False,Not Recommended,14812,1704176721
엘든 링,왜 인기가 있는지 모르겠습니다.소울 입문자인데 게임을 하라는건지 말라는건지 모르겠습니다. 저처럼 소울 처음하시는거면 다른게임을 추천합니다.,1,0,False,Not Recommended,7963,1704135064
엘든 링,이 너머 구매 유효하다. 하지만 이 너머 고통 바라볼지니. 라니님께 엘든링 바쳐라...,1,1,True,Recommended,11454,1704037315
엘든 링,씹좆같은련이다가도 어느순간 너에게 순종적인 련이 된단다. 이 너머 할머니 잇따 씨발것들아,1,0,True,Recommended,6617,1703967063
엘든 링,30대 중반에 아직도 게임에 설렐 수 있어 행복했습니다. 감사합니다.,1,30,True,Recommended,12658,1703755750
엘든 링,니힐!!! 니힐!!! 니힐!!!!!!!!!!,1,1,True,Recommended,22434,1703676588
엘든 링,"다른겜에비해서 불합리하게 어려워 다꺠도 뭔가 성취감이 없네 순수하게 돈이아까워서 억지로했다.... 스토리가 진짜 결국 다크소울이랑 뭐가다른데??? 걍 왕좌의게임 스토리짜신분이 세계관이라도 그나마 재밌게 잘짜줫는데 다크소울의 불사설정을 토대로한 스토리임 그래서 결말도 뭐 얼마나 편하게만들고싶었으면 스토리, 그래픽, 조작등 모든걸 그대로 유지시켯을까 그리고 점프하나 넣어서 다크소울이랑 다르다고 꼴값쳐떨던데 너무한거아니냐? 얘네들도 토도키하워드마냥 한물 같다고 보면됨 딱 스타필드.. 아니 이건좀 심햇다 스타필드보다 잘만들긴했지 그리고 다크소울 복붙한건 지들 ip라 좋게봐줘도 말레니아 패턴중 하나를 마비노기 영웅전에서 표절한건 뭐냐??? 게다가 억지로 만든티 팍팍남 물새난격이라고 점프해서 때리는건데 사람키만큼 점프했으면 그밑으로 당연히 들어갈수있는거 아님??? 투명기둥을 구태여 설치한 이유가?? 니네가 만든 다른겡들의 보스들은 투명한건 없엇는데..??? 얼마나 만들기싫었으면 남의거 그냥 그대로 넣고 심지어 세계관 주요인물인데 히든보스로 지정했을까???? 존나 레전드네 dlc? 5만원???? 걍 안살게 기존평 다크소울2보다 재미없음 세키로까지는 괜찮았는데 이거는 다크소울 짭퉁으로 쳐만들고 설정도 그대로 복붙 게임성도 복붙, 보스도 복붙에다가 어거지패턴 최적화도 개판, 그래픽도 그대로 이게임 의의 다크소울의 더넓어진 오픈월드 환불도 못하고.... 돈아깝다 이거는게임 만원대일때 사셈 제값주고는 돈아깝다",1,3,False,Not Recommended,5643,1703590051
엘든 링,4시간동안 트리가드 상대하다 평타 한대 차이로 뒤져서 빡종함 한 2년뒤에 다시 도전해봄,1,0,True,Recommended,271,1703387025
엘든 링,소울류에 점프가 왜필요함? 성진짜 낙사구간 같이 만들었네 시간 안지났으면 환불했다 그냥 걍 생각 존나없이 뇌절치고 만들었네 겜이,1,1,False,Not Recommended,251,1703353703
엘든 링,템줍고 강화하고 레벨업하니 잡몹도 보스도 잘 죽음 나만 안죽으면 댐...,1,0,True,Recommended,8248,1703257580
엘든 링,"게임 요약 무친 도파민 게임 소울류 특유의 느린 전투 중 가장 빠른 ? 게임 즐길 수 있는 방법이 너무 다양해서 유저간 다양한 첫인상을 가질테지만 어렵다면 어렵게, 쉽다면 쉽게 즐길 수 있는 소울류다. 개인 감상 오픈월드? 속 토렌트타고 달리는 탐험은 이전 소울류 게임의 좁은 던전만 돌때의 답답함이 없어 좋았고 동굴과 성 같은 던전은 긴장감 넘치는 길찾기에서 오는 모험을 하는 재미가 있다. 모든 맵을 다 핥고 모든 몹을 한번씩은 다 죽이다 보니 1회차가 플탐이 200시간이 넘었지만 정말 만족스런 경험이었다. 회차별 빌드 1회차. 타도 명도월은 마검사 지력 2회차. 엘레오노라의 쌍치도 모르고트 저주검 대곡검 기량, 신비 3회차. 밀라케스 특대검과 신앙 기도 흑검 , 그레이트소드 특대검 근력 신앙",1,18,True,Recommended,21528,1703252463
엘든 링,구르기 전에 생각을 하고 구르자.,1,0,True,Recommended,93991,1703170669
엘든 링,strike 시발 strike,1,1,True,Recommended,11904,1703151349
엘든 링,Trash garbage game pls nerf chainsaw,1,6,False,Not Recommended,84598,1702049565
엘든 링,풍경이 너무 이쁘다,1,1,True,Recommended,9125,1701250322
엘든 링,삶이 지치고 힘들때 너의 인생을 부수지말고 너의 키보드와 게임패드를 부숴줘,1,0,True,Recommended,9664,1700832877
엘든 링,다크소울보다 별로임,1,1,False,Not Recommended,6360,1700809649
엘든 링,프롬게임 다크소울 들어만 봤지 처음해보는 사람도 있을거에요 저도 이게임으로 처음시작했어요 어려워도 한번해보세요 다 어려워합니다 초반 1 2시간동안 이게 뭔가 싶을거에요 공략보고 싶을거에요. 근데 좀만 참아봐요. 모든걸 다죽이지 않아도 됩니다. 뭔가가 어려우면 나중에 하면 됩니다. 그냥 하고싶은거만 하세요. 소재는 아끼지말고 펑펑쓰세요 하다보면 이게임에 빠질거에요 어렵다고 이게임을 안하기엔 너무 아까워요,1,2,True,Recommended,13758,1700417570
엘든 링,"프롬이 개발하는 소울류 게임이 계속 이런 식으로 나온다면, 앞으로 사지 않을 것 같습니다.",1,2,False,Not Recommended,13371,1700154524
엘든 링,약속의 왕 라단 좃같네,1,0,True,Recommended,17292,1699707925
엘든 링,호라 루 씨봉방년아,1,0,True,Recommended,7135,1699258637
엘든 링,재밌다. 할인 할 때 꼭 구매해야 되는 게임 중 하나.,1,0,True,Recommended,15552,1699181175
엘든 링,알겠는가? 미켈라의 칼날 말레니아를,1,0,True,Recommended,3632,1698054121
엘든 링,존나 어려움 씻팔,1,0,True,Recommended,1507,1697793909
엘든 링,"개인적으로 1회차 기준 지금까지 해봤던 게임들 중 원탑일 정도로 재밌었던 갓겜. 엘든링 구매할 당시 유비식 오픈월드에 지쳐 게임불감증에 걸려있었는데 엘든링 플레이하고 단번에 치료됨. 1회차는 마술, 2회차는 근접으로 플레이했는데 빌드 따라 난이도가 천차만별이라서 소울라이크 입문자도 할만함. 다만 근접 노영체로 플레이 시 난이도는 급상승함. 미친듯한 엇박에 쉴 새 없이 이어지는 공격은 진짜 사람 정신없게 한다. 오픈월드라서 그런지 다회차에 손이 잘 안감, 닼소3, p구라 같이 맵이 컴팩트할 때 다회차하기에는 더 편한 듯. 프롬은 얼른 dlc를 내놔라 !!",1,4,True,Recommended,22825,1697704140
엘든 링,최고,1,0,True,Recommended,17881,1697378765
엘든 링,이 집 맛있네 맛있게 매워 강추,1,0,True,Recommended,10503,1697087459
엘든 링,좆같은 맵,1,0,False,Not Recommended,5505,1697039817
엘든 링,라다곤 시발련아,1,1,True,Recommended,6601,1696855882
엘든 링,"h2 내가 공략 없이 직접 첫 번째 보스를 잡았을 때에는 매우 기뻤다. 그게 싯팔 필드에 나뒹구는 평범한 필드보스였다는 것을 알기 전까진 말이다. h2 엘든 링 리뷰 이 평가는 모두 제 주관임을 알립니다 내가 처음으로 시작한 소울라이크 게임인데, 화 신 의 물방울과 여러 사기무기와 함께라면 나같은 똥컨도 보스패턴 관련 공략 하나 없이 60시간만에 엔딩까지 볼 수 있었다. 소울라이크를 무엇으로 시작하냐 물으면 난 고민 하나도 없이 엘든 링으로 시작하라 말해주고 싶다. 어디서 이 게임은 난이도를 스스로 정할 수 있는 게임이라 들은 것 같은데, 그 말이 딱 맞는 것 같다. 사기 무기와 영체로 몸을 두르면 가장 어렵다 소문난 spoiler 말레니아 spoiler 도 1시간 안에 때려잡고 spoiler 말리케스 spoiler 도 간단하게 잡을 수 있어서 재밌게 플레이 했던 것 같다. 단점으로는 나같은 슈퍼 길치는 축복 위치 하나 못찾아서 유튜브로 길찾으면서 게임 해야 한다는 점인데, 당신이 길치가 아니라면 그 점은 아무 상관도 되지 않는다. 원가에 사도 좋은데, 나처럼 세일할 때 사면 4만원으로 뽑을 수 있는 최고의 효율을 뽑을 수 있다고 생각한다. spoiler 노장 니아르랑 신의 살갗 2인조랑 엘더의 짐승 spoiler 만든 새끼는 당장 회사 잘렸으면 좋겠다. 총점 한줄요약 이 게임에서 가장 강한 보스는 spoiler 말레니아 spoiler 도 spoiler 고드프리 spoiler 도 아닌 다구리다.",1,1,True,Recommended,6980,1696685569
엘든 링,"끈기가 없는 사람, 혹은 피지컬적으로 후달리는 사람은 이 게임을 사면 안됨. 게임을 시작한 장장 두시간만에 필드보스 3마리에게 썰리고 아 시발 이건 내 게임이 아니구나 라는 생각을 하게됨 필자는 한마리도 못잡음 물론 이게 메타크리틱 94점인 갓겜인건 객관적인 사실이지만 시발 플레이실력은 매우 주관적임 난 존나게 어려웠음 그렇다고 내 졷같은 게임실력 때문에 메타크리틱 94점의 기염을 토해내는 세계 모두가 인정하는 갓겜 Elden Ring 을 욕해버리면 내가 너무 씹새끼가 되어버리기 때문에 추천을 드리겠습니다.",1,0,True,Recommended,122,1696653384
엘든 링,소울류 입문자라면 강추. 본인도 닼소 죄다 하다말았는데 엘든링은 7회차까지 했음. 개꿀잼이다 그냥 사라.,1,0,True,Recommended,11245,1696610573
엘든 링,레알 개꿀잼 코옵모드 직접깔아서 해라!!!!!!! 친구 없으면 미안하다!!!!!!,1,0,True,Recommended,13826,1696427781
엘든 링,that is good adventure,1,0,True,Recommended,10531,1695916200
엘든 링,컨텐츠 없다,1,0,True,Recommended,86814,1695639596
엘든 링,이 게임 조금 해봤는데 재밌네요.,1,1,True,Recommended,125087,1695632459
엘든 링,처음 나왔을때 다크소울에 오픈월드를 얹은 어정쩡한 게임이라는 평을 보고 하지 않았습니다 후회스럽네요 그때 남들 다 할떄 같이 사서 할것을,1,0,True,Recommended,4075,1695453926
엘든 링,D 지고싶냐 프롬 L 든링 DLC 언제 공개해주냐 C 바 빨리만들어줘,1,0,True,Recommended,7148,1695220859
엘든 링,이거하고 소울류 빠지게 됨,1,24,True,Recommended,5817,1694954788
엘든 링,재밌노,1,1,True,Recommended,13847,1694907802
엘든 링,회피도 안되고..패링도 안되고...프롬에 변태가 있다 이게 내 결론이다,1,0,True,Recommended,5035,1694440852
엘든 링,갓겜 다크소울에서 편의성을 더 챙겨서 입문하기 정말 좋습니다 잘만든 다크판타지는 정말 찾기 힘든데 세계관이 매력적입니다 강추,1,19,True,Recommended,4664,1693815513
엘든 링,10만원해도 삼,1,0,True,Recommended,25402,1693717803
엘든 링,트리가드 l발놈,1,0,True,Recommended,3069,1693660299
엘든 링,재미없어요,1,0,True,Recommended,62025,1693386630
엘든 링,남자친구가 맨날 이거 한다고 저랑 안놀아주고 밤새요 여자친구와 사이가 나빠지고 싶은 모든 남자친구분들께 추천합니다.,1,0,True,Recommended,10769,1693017132
엘든 링,현질이 난무하는 게임 온라인게임에서 내가 얼마나 헛된 시간을 보냈는지 알게해준 게임,1,15,True,Recommended,13131,1691590538
엘든 링,이 앞 숨겨진 문 있다 ... 이 앞 거짓말쟁이 있다,1,1,True,Recommended,13712,1691578785
엘든 링,q,1,0,True,Recommended,17430,1691338174
엘든 링,"프롬의 소울류 최신작으로 오픈월드라는 새로운 방식으로 게임을 만들었으며 늘 그렇듯 좋은 스토리와 재밌는 게임 플레이 다회차를 유도하는 다양한 빌드와 장비들로 게임은 즐길거리가 많다고 생각합니다 하지만 엘든링 본편은 QA 부서가 이겨서 뉴비 친화적이라면 DLC는 미야자키가 이겨서 심연 그 자체가 되어버려 DLC의 선택은 살짝 꺼려진다고 생각합니다 총평 본편은 뉴비친화적으로 소울류가 익숙하지않은 사람들도 즐길 수 있는 게임 하지만 DLC는 갑작스러운 난이도 증가와 뉴비에게 불친절하여 DLC에서 많은 사람들이 키보드, 패드 브레이커로 전직하지 않았을까 합니다",1,0,True,Recommended,13549,1691329996
엘든 링,3번 들으면 죽는 단어. 니힐,1,0,True,Recommended,6317,1691322887
엘든 링,개꿀잼,1,0,True,Recommended,9849,1691253046
엘든 링,말레니아 빼고 재밌다 한동안 안하다가 DLC 나오고 엘든링 첨 했을때 처럼 엄청 기대하면서 들어왔는데 손 땐 기간이 길다 보니 입구컷 당하고 사자탈 놈과 마법이도류기사한테 겁탈당해서 흥미를 잃어버렸음,1,0,True,Recommended,6940,1690916307
엘든 링,행 복 라이프 시작 시발,1,0,True,Recommended,7169,1689993181
엘든 링,다크소울 맵 갈기갈기 찢은 다음에 그 사이에 비슷한 던전 복붙하고 말타고 다니게 하면 갓겜되는거임?,1,1,False,Not Recommended,2334,1689903336
엘든 링,"이 앞, 엉덩이 있다",1,0,True,Recommended,7931,1689879041
엘든 링,병신같은겜 22년도겜에 21 9 지원을 안해주는거 존나 역겹다. 기술로 되는데 검은색 텍스쳐 입혀논게 존나 얼탱이없네,1,1,False,Not Recommended,3930,1689852417
엘든 링,영택이가 이거 하는거 봤는데 재밌어 보여서 하고 있어요,1,0,True,Recommended,11325,1689681233
엘든 링,딸 감,1,0,True,Recommended,14763,1689674723
엘든 링,말레니아 시발년아,1,0,True,Recommended,26294,1689430945
엘든 링,시작하면 멋진 말을탄 전사님이 우리를 반겨주며 앞으로 가면 이쁜누나가 나와 손을 잡고 아아..이게바로 나만의 이세카이? Re 부터 시작하는 나의 엘든세카이.... 서서히 강해지는 당신의 손가락이 !! 느낄수있다!,1,0,True,Recommended,3551,1689292261
엘든 링,아 별로 재미없네,1,0,True,Recommended,12941,1689239743
엘든 링,친구가 쩔해준다고 새 캐릭만들어서 왔는데 계속 나만 악령나오고 얘내들 물약은 5번이나 빨아 재끼는데 초보자 구간 없나? 그냥 무작정 10분마다 무조건 나오네 악령,1,0,False,Not Recommended,4343,1688997413
엘든 링,킼..키킼.. 멀기트 내 부패에 범벅이 되어 죽어라,1,0,True,Recommended,27614,1688880320
엘든 링,내가 쳐맞으려고 게임을 샀나 생각이 듦 근데 그 쳐맞는게 재밌음,1,0,True,Recommended,25965,1688789857
엘든 링,마음이 꺾일 뻔한 게 행군할 때 발목 꺾일 뻔한 거보다 많은 게임,1,0,True,Recommended,11392,1688582955
엘든 링,DLC 언제 나옴? DLC왜 안 줘?,1,0,True,Recommended,143852,1688162940
엘든 링,다른건 모르겠고 저희 와이프가 이뻐요,1,0,True,Recommended,9978,1688067033
엘든 링,트리가드 시발년아,1,0,True,Recommended,164,1687885790
엘든 링,오오.... 엘든링....,1,1,True,Recommended,82825,1687709112
엘든 링,처음부터 황금기사 좋아해야 할것,1,8,True,Recommended,4646,1687043345
엘든 링,아니 시발 여기가 어디야.. 열쇠는 또 뭐고.. 어디가라는거야,1,0,True,Recommended,16534,1686387898
엘든 링,게임 플레이 중 겪는 사항 이거 할만한데? 죽음 이거 힘들겠는데? 죽음 이거 죽겠네? 죽음 휴 살았다 죽음 이게 왜 사냐? 30초 연장 같네 게임 맞음,1,0,True,Recommended,1696,1686348551
엘든 링,DLC 내놔. DLC 내놔. DLC 내놔. DLC 내놔. DLC 내놔. DLC 내놔. DLC 내놔. DLC 내놔. DLC 내놔. DLC 내놔. DLC 내놔. DLC 내놔. DLC 내놔. DLC 내놔. DLC 내놔. DLC 내놔. DLC 내놔. DLC 내놔. DLC 내놔. DLC 내놔. DLC 내놔. DLC 내놔. DLC 내놔. DLC 내놔. DLC 내놔. DLC 내놔. DLC 내놔. DLC 내놔. DLC 내놔. DLC 내놔. DLC 내놔. DLC 내놔. DLC 내놔. DLC 내놔. DLC 내놔. DLC 내놔. DLC 내놔. DLC 내놔. DLC 내놔. DLC 내놔. DLC 내놔. DLC 내놔. DLC 내놔. DLC 내놔. DLC 내놔. DLC 내놔. DLC 내놔. DLC 내놔. DLC 내놔. DLC 내놔. DLC 내놔. DLC 내놔. DLC 내놔. DLC 내놔. DLC 내놔. DLC 내놔. DLC 내놔. DLC 내놔. DLC 내놔. DLC 내놔. DLC 내놔. DLC 내놔. DLC 내놔. DLC 내놔. DLC 내놔. DLC 내놔. DLC 내놔. DLC 내놔. DLC 내놔. DLC 내놔. DLC 내놔. DLC 내놔. DLC 내놔. DLC 내놔. DLC 내놔. DLC 내놔. DLC 내놔. DLC 내놔. DLC 내놔. DLC 내놔. DLC 내놔. DLC 내놔. DLC 내놔. DLC 내놔.,1,0,True,Recommended,32325,1686245253
엘든 링,나도 이제 어엿한 빛바랜 자다,1,1,True,Recommended,12437,1686083096
엘든 링,명불허전,1,4,True,Recommended,6690,1686081120
엘든 링,용 트리가드 시발련아,1,1,True,Recommended,18614,1685939604
엘든 링,혈압 터져서 죽고 싶으면 플레이해보세요. 2년째 똑같은 보스,1,4,False,Not Recommended,7678,1685793719
엘든 링,"h1 아아..빛바랜자여...다시 일어나 빛을 향해 떠나는 건가? h1 빛 없는 대지에 다시금 빛을 되찾아주려 하는가? 아니면 간신히 틈새로 새는 그 한줌의 빛마저 빼앗으려 하는가? 그것도 아니라면 밝디 밝은 어둠의 시대를 열려 하는겐가? 모두 자네의 의지에 달려있겠지만.. 하나.. 단 하나만 부탁을 들어줄수 있겠는가? 불멸마저 바스라저 사라지는 이 차가운 땅에 따스한 빛이 되어주게. 수많은 역경이 자네 앞을 가로막겠지. 실패하고 쓰러지지 말란 말은 안하겠네. 그건, 너무나도 고통스러운 일일테니.. 하지만... 역경에 무릎꿇고 영원히 쓰러지진 말게. 설령 무릎꿇어도, 지쳐 쓰러져 바닥을 뒹굴어도, 다시 일어나게. 수많은 황금에게 조각나고 불태워질수도 있고, 거대한 달이 자넬 꿰뚫어 버릴지도 모르네. 별을 묶어두는 붉은 사자에게 박살나거나, 신도 집어삼키는 뱀이 자네마저 삼키며 모독할지도. 어쩌면 멸시받고 버려진 로데일의 왕의 분노를 감당해야할수도 있고, 피의 급류에 휩쓸릴수도 있네. 이 모든 역경을 헤쳐나간 그대의 앞에 나타난 붉은 에오니아의 꽃은 자넬 상심에 빠트리겠지. 자네는 조금 남은 빛의 흔적조차 찾기 힘들정도로 지쳐 어둡게 꺼져갈지도 모르지만... 마지막 까지 꺼져가는 빛을 처절히 붙잡고, 반신을 베어가며 앞으로 나아가는 검디 검은 빛 바랜자는 엘든링을 하늘위로 치켜들며 엘데의 왕으로 거듭나 b 그 누구보다 찬란하게 빛날테니. b",1,1,True,Recommended,7745,1685444169
엘든 링,진짜 도전과제 다 깨본 겜은 이게 처음임 뭔갈 해도 계속나옴 프롬의 최고의 겜인듯 그리고 영채 쓰지마셈 다크소울과는 다른 제밌는 페턴을 영체쓰면서 못보는 건 개손해임,1,0,True,Recommended,22228,1685180521
엘든 링,게임이 너무 쉬워서 지루한 게임,1,0,True,Recommended,4461,1685087639
엘든 링,"완벽한 게임이냐? 분명 아니다, 하지만 해본 게임들 중에 제일 재미있었다. 찔끔찔끔하면 별로 재미 없다 적어도 1주일 비워놓고 방에 불끄고 밤새가며 해보면 판타지에 푹 빠지게 된다 세계관? 디자인이 아름답고 진짜 모험하는 기분이 든다",1,25,True,Recommended,11067,1684927058
엘든 링,비추천 하는 애들은 즈그들이 피지컬 딸려서 못 깨고 부들대는거임? 이런 갓겜이 어디있노 너거들 손꾸락을 탓해라 모지리들아,1,1,True,Recommended,16104,1684551451
엘든 링,조금 해봤는데 할만 하네요,1,1,True,Recommended,48877,1684246771
엘든 링,다크소울2 스콜라 오브 더 퍼스트 신 이게임 이름만 같지 똑같고 더 쌉니다 그거하세요,1,0,True,Recommended,16587,1684041155
엘든 링,아직 평가하기엔 이르다.. 하지만 비추천은 할 수 없으니 추천!,1,0,True,Recommended,7010,1683988107
엘든 링,33시간이면 깰 수 있는 쉬운 게임입니다.,1,0,True,Recommended,9691,1683906195
엘든 링,이 너머 엉덩이 있음,1,0,True,Recommended,15584,1683374799
엘든 링,말레니아 개색캬,1,0,True,Recommended,13072,1683368697
엘든 링,말레니아 눈나 나 죽어!!! 나 진짜 죽어 씨발련아!!!!!!!,1,0,True,Recommended,24230,1683156028
엘든 링,갓 겜,1,0,True,Recommended,5086,1682738124
엘든 링,기존부터 프롬소프트웨어의 소울류 게임을 좋아하고 즐겨했던 팬으로서 엘든링은 꿈꿔왔던 바람이 현실이 되게 해줬다. 지금은 게임을 안한지 오래 됬지만 아직도 가끔 밤불검을 처음 휘두르던 때가 생각난다.,1,8,True,Recommended,16001,1681771193
엘든 링,리뷰 볼 시간에 깔어,1,0,True,Recommended,25470,1681214107
엘든 링,이 씨발 굴렀잖아 개새끼야,1,1,True,Recommended,1912,1680993834
엘든 링,너무 어령웡,1,1,True,Recommended,2273,1679906251
엘든 링,"이 너머, 엉덩이 있다.",1,0,True,Recommended,17587,1679572628
엘든 링,취향에 맞으면 시간 가는 줄 모르고 즐길 수 있음 개인적으로 느끼는 단점들 1. 일본 게임 회사 특유 ? 의 키보드 마우스 조작 배치와 설정문제 키보드 마우스에 조작키 배치를 왜 이렇게 못하는지 모르겠음 회피 달리기 같은 키 배치라던가 배치가 고정된 액션이라던가.. 지도 마우스 조작 불가 2. 대형 몬스터를 보스로 집어 넣으면서도 거지같은 카메라 움직임 몬헌처럼 락온 기능을 안쓰고 게임 플레이하기에는 많이 불편함 이 부분은 소울류의 특징이다라고 하고 넘기기에는 고쳤어야 하지 않나싶음,1,0,True,Recommended,9992,1679432671
엘든 링,황금나무의 그림자는 존재한다!!! 황금나무의 그림자는 존재한다!!! 황금나무의 그림자는 존재한다!!! 황금나무의 그림자는 존재한다!!! 황금나무의 그림자는 존재한다!!! 황금나무의 그림자는 존재한다!!! 황금나무의 그림자는 존재한다!!! 황금나무의 그림자는 존재한다!!! 황금나무의 그림자는 존재한다!!! 황금나무의 그림자는 존재한다!!! 황금나무의 그림자는 존재한다!!! 황금나무의 그림자는 존재한다!!! 황금나무의 그림자는 존재한다!!! 황금나무의 그림자는 존재한다!!! 황금나무의 그림자는 존재한다!!! 황금나무의 그림자는 존재한다!!! 황금나무의 그림자는 존재한다!!! 황금나무의 그림자는 존재한다!!! 황금나무의 그림자는 존재한다!!! 황금나무의 그림자는 존재한다!!! 황금나무의 그림자는 존재한다!!! 황금나무의 그림자는 존재한다!!! 황금나무의 그림자는 존재한다!!! 황금나무의 그림자는 존재한다!!! 황금나무의 그림자는 존재한다!!! 황금나무의 그림자는 존재한다!!! 황금나무의 그림자는 존재한다!!! 황금나무의 그림자는 존재한다!!! 황금나무의 그림자는 존재한다!!! 황금나무의 그림자는 존재한다!!! 황금나무의 그림자는 존재한다!!! 황금나무의 그림자는 존재한다!!! 황금나무의 그림자는 존재한다!!! 황금나무의 그림자는 존재한다!!! 황금나무의 그림자는 존재한다!!! 황금나무의 그림자는 존재한다!!! 황금나무의 그림자는 존재한다!!! 황금나무의 그림자는 존재한다!!! 황금나무의 그림자는 존재한다!!! 황금나무의 그림자는 존재한다!!! 황금나무의 그림자는 존재한다!!! 황금나무의 그림자는 존재한다!!! 황금나무의 그림자는 존재한다!!! 황금나무의 그림자는 존재한다!!! 황금나무의 그림자는 존재한다!!! 황금나무의 그림자는 존재한다!!! 황금나무의 그림자는 존재한다!!! 황금나무의 그림자는 존재한다!!! 황금나무의 그림자는 존재한다!!! 황금나무의 그림자는 존재한다!!! 황금나무의 그림자는 존재한다!!! 황금나무의 그림자는 존재한다!!! 황금나무의 그림자는 존재한다!!! 황금나무의 그림자는 존재한다!!! 황금나무의 그림자는 존재한다!!! 황금나무의 그림자는 존재한다!!! 황금나무의 그림자는 존재한다!!! 황금나무의 그림자는 존재한다!!! 황금나무의 그림자는 존재한다!!! 황금나무의 그림자는 존재한다!!! 황금나무의 그림자는 존재한다!!! 황금나무의 그림자는 존재한다!!! 황금나무의 그림자는 존재한다!!! 황금나무의 그림자는 존재한다!!! 황금나무의 그림자는 존재한다!!! 황금나무의 그림자는 존재한다!!!,1,0,True,Recommended,11680,1678717531
엘든 링,"프롬소프트가 리듬게임을 만들면 엇박일거라서 못 만드는 것일겁니다. 이 앞, 이형 있다.",1,0,True,Recommended,3525,1678569638
엘든 링,스톰빌 성으로 가라며...,1,0,True,Recommended,6551,1677685713
엘든 링,잦망겜,1,0,True,Recommended,8346,1676984642
엘든 링,아 씨발 존나 힘드네...,1,0,True,Recommended,893,1676825737
엘든 링,흑흑 불의 거인 너무 짜증난다 마법이나 영체가 있어서 그런지 닼3보다 소울류 뉴비가 하기에 좋은듯..?,1,0,True,Recommended,8739,1676425973
엘든 링,엇박이 정말 환상적인 게임! 굴렀지만 구르지않은 아이러니! 엘든링 지금 바로 다운로드하세요!,1,1,True,Recommended,22317,1676395495
엘든 링,최고의 소울라이크 게임,1,0,True,Recommended,49592,1676125417
엘든 링,개새키 트리 가드라면서 나무란 나무는 다 부수고 다니네,1,0,True,Recommended,221,1676124607
엘든 링,말이 필요없음,1,0,True,Recommended,16801,1675939415
엘든 링,아 이게임 망겜임 할 컨텐츠가 없음,1,2,True,Recommended,109522,1675770182
엘든 링,내가 이겼다 트리가드,1,1,True,Recommended,16017,1675766990
엘든 링,엘든링...오오...엘든링....,1,0,True,Recommended,26547,1675600323
엘든 링,아니 눌렀잖아,1,1,True,Recommended,44294,1675513535
엘든 링,트리가드 진짜 시발,1,0,True,Recommended,4896,1675427613
엘든 링,게임 끊었던 아재도 엘든링으로 컴백했다. 지금 잠도 못자고 하고 있다,1,1,True,Recommended,33769,1675427186
엘든 링,트리가드 씹,1,0,True,Recommended,563,1675163847
엘든 링,아이 엠 말레이나 블레이드 오브 미켈라 아이 엠 말레이나 블레이드 오브 미켈라 아이 엠 말레이나 블레이드 오브 미켈라 아이 엠 말레이나 블레이드 오브 미켈라 아이 엠 말레이나 블레이드 오브 미켈라 아이 엠 말레이나 블레이드 오브 미켈라 아이 엠 말레이나 블레이드 오브 미켈라 아이 엠 말레이나 블레이드 오브 미켈라 아이 엠 말레이나 블레이드 오브 미켈라 아이 엠 말레이나 블레이드 오브 미켈라 아이 엠 말레이나 블레이드 오브 미켈라 아이 엠 말레이나 블레이드 오브 미켈라 아이 엠 말레이나 블레이드 오브 미켈라 아이 엠 말레이나 블레이드 오브 미켈라 아이 엠 말레이나 블레이드 오브 미켈라아이 엠 말레이나 블레이드 오브 미켈라 아이 엠 말레이나 블레이드 오브 미켈라 아이 엠 말레이나 블레이드 오브 미켈라 아이 엠 말레이나 블레이드 오브 미켈라 아이 엠 말레이나 블레이드 오브 미켈라 아이 엠 말레이나 블레이드 오브 미켈라 아이 엠 말레이나 블레이드 오브 미켈라 아이 엠 말레이나 블레이드 오브 미켈라 아이 엠 말레이나 블레이드 오브 미켈라 아이 엠 말레이나 블레이드 오브 미켈라 아이 엠 말레이나 블레이드 오브 미켈라 아이 엠 말레이나 블레이드 오브 미켈라아이 엠 말레이나 블레이드 오브 미켈라아이 엠 말레이나 블레이드 오브 미켈라 아이 엠 말레이나 블레이드 오브 미켈라아이 엠 말레이나 블레이드 오브 미켈라 아이 엠 말레이나 블레이드 오브 미켈라 아이 엠 말레이나 블레이드 오브 미켈라 아이 엠 말레이나 블레이드 오브 미켈라 아이 엠 말레이나 블레이드 오브 미켈라 아이 엠 말레이나 블레이드 오브 미켈라 아이 엠 말레이나 블레이드 오브 미켈라 아이 엠 말레이나 블레이드 오브 미켈라 아이 엠 말레이나 블레이드 오브 미켈라 아이 엠 말레이나 블레이드 오브 미켈라 아이 엠 말레이나 블레이드 오브 미켈라 아이 엠 말레이나 블레이드 오브 미켈라 아이 엠 말레이나 블레이드 오브 미켈라 아이 엠 말레이나 블레이드 오브 미켈라 아이 엠 말레이나 블레이드 오브 미켈라아이 엠 말레이나 블레이드 오브 미켈라 아이 엠 말레이나 블레이드 오브 미켈라 아이 엠 말레이나 블레이드 오브 미켈라 아이 엠 말레이나 블레이드 오브 미켈라 아이 엠 말레이나 블레이드 오브 미켈라 아이 엠 말레이나 블레이드 오브 미켈라 아이 엠 말레이나 블레이드 오브 미켈라 아이 엠 말레이나 블레이드 오브 미켈라 아이 엠 말레이나 블레이드 오브 미켈라 아이 엠 말레이나 블레이드 오브 미켈라 아이 엠 말레이나 블레이드 오브 미켈라 아이 엠 말레이나 블레이드 오브 미켈라아이 엠 말레이나 블레이드 오브 미켈라아이 엠 말레이나 블레이드 오브 미켈라 아이 엠 말레이나 블레이드 오브 미켈라,1,1,True,Recommended,13517,1675068259
엘든 링,닼소3 입문 후 2번째 소울겜인데 캐릭터와 함께 플레이어도 같이 성장하다는 게 참 재밌는 게임이네요.,1,0,True,Recommended,10780,1674735405
엘든 링,구르기랑 달리기 같은 키에 배치한 끼 자동차 악셀이랑 브레이크 같은 페달에 배치해서 짧게 밟으면 브레이크 길게 밟으면 악셀로 운전해라,1,0,True,Recommended,19478,1674719756
엘든 링,"저는 영체를 한 번도 소환하지 않고 엔딩을 보았습니다. 그 어떠한 꼼수도 없이 맞아가며 보스의 패턴을 익혀가면서 깼습니다. 저는 이걸 매우 자랑스럽게 생각하지만, 어디 얘기할 곳이 없어 여기에다 끄적여 봅니다. 아, 근데 지하묘지는 스킵했습니다.",1,1,True,Recommended,7703,1674558897
엘든 링,다크소울이나 세키로 같은 프롬사 전작보다는 쉬워서 좋음 다크소을 세키로 히히! 이 녀석을 잡지 못하면 못가! 엘든 링 힘들어? 어 그럼 다른데 다녀와 나 여기서 기다릴거니깐 정정당당한 승부를 때려치우고 최대한 스펙을 올려서 후드려패면 님도 엘든링 어렵지 않게 할 수 있어요!,1,3,True,Recommended,19725,1674489970
엘든 링,2022년 최고의 게임으로 선정된 이게임!! 안할이유가 있을까요? 인생 손해보기전에 빨리 하시길,1,0,True,Recommended,37369,1674225785
엘든 링,우리 프롬 서버 고칠거지? 고칠거지? 나는 믿고 있어!,1,0,True,Recommended,58462,1674202308
엘든 링,키보드 마우스 기준 화면 준내 돌아감 락온도 마우스 조금만 움직여도 이몹저몹 겁나 왔다리갔다리함 작은 보스는 시야 안에 다 들어와서 괜찮은데 큰 몹은 가까이 가서 패턴 피하고 하다보면 화면 지맘대로 돌아가서 큰 몹이 화면안에 다 안들어오다보니 패턴이 안보여서 한대 쳐맞고 한대가 두대가 되고 두대가 세대가 됨 쓰다보니 또 개열받네,1,1,False,Not Recommended,1605,1674061387
엘든 링,"DLC 라단 잡고 리뷰 씁니다. 맨 밑줄 요약 있어요 본편 3회차까지 진행했던 세이브 파일로 곧장 DLC지역으로 들어가서 체감 난이도는 더 높았습니다! 하지만 감안 하더라도 너무 억까인 패턴들이 정말 많았습니다. 일단 패턴 한번 잘 못 걸리면 성배병을 다 쓰지도 못하고 죽어버리는 경우가 굉장히 많은 패턴들이 매 DLC 보스들마나 있다보니까 정말 힘들었습니다. 이걸 타파하기 위해서는 패턴을 하나하나 다 외우고 영채로 어그로를 빼면서 억지로 비비는 플레이를 해야하는데 막보스인 라단에서는 그 마저도 정말 힘듭니다. 성배병을 마시기 위해서는 강제로 한 패턴을 더 봐야하고 그 마저도 공격 후 딜레이가 긴 패턴이 나와주어야 비로소 성배병을 마실 수 있습니다. 이 것 까지는 좋으나 2페이즈에서는 매 평타마다 빛기둥 데미지까지 계속해서 누적되기 떄문에 공격을 포기하고 성배병을 마시는 경우가 굉장히 허다했고 이를 깨기 위해서는 보스에 완전히 밀착해야합니다. 이는 어지러운 카메라 무빙이 뒷따라 오기떄문에 결국 난이도는 엄청나게 급증하게 됩니다. 가뜩이나 빛기둥때문에 안보이는 패턴들이 미켈라 머리카락이 라단의 팔들을 완전히 가려버리면 보면서 피할 수가 없게 되고 이는 플레이어로 하여금 강제로 외우기를 시키는 꼴이되며 외운다 하더라도 빠른 연타 공격에 자칫하면 바로 죽는 패턴들 때문에 작은 실수 한번으로 죽어나가는 일들이 너무나도 잦았습니다. 보스 이야기가 길어졌으니 다른 이야기를 좀 하죠. 스토리는.... 네 뭐 좋았습니다만 무슨 이야기인지는 완전히 이해하기는 힘들군요. 뭐 이건 언제나 그럤으니 7 필드는 넓지만 비어있는 느낌이 강했습니다. 본편은 정말 다닥다닥 붙어있었고 뭐가 많았지만 뭔가 있을만 한게 없는 필드였습니다. 물론 끝까지 가면 던전이라던지 꽤 많이 있지만 던전 갯수는 줄었습니다. 대신에 던전의 길이를 늘려서 쫅깃한 맛을 잘 살리긴 했지만 유저들이 바라던 모습은 아닌 것 같습니다. 비슷한 쉬운 보스들이라도 자주 배치해주고 던전도 나눠주면 본편과 비슷한 느낌을 받지 않았을까하는 생각입니다. 성장에 대해선 할 이야기가 많습니다. 일단 나무 파편이 가장 중요하곘죠. 전체적인 공격, 경감을 올려주지만 직접적으로 성장했다라는 느낌보다는 그냥 어? 달라진게 맞나? 싶은 느낌이 강했습니다. 결과적으로는 성장헀지만 피부로는 별 차이 없다고나 할까요? 3회차로 하다보니 스탯하나하나가 중요하다보니 여기저기 찾아보기도 하였지만 성장폭이 그렇게 크지는 않다보니 보람과 재미는 느껴지지 않았습니다. 결론적으로 이번 그림자땅은 애매한 엘든링이 되었다고 생각합니다. 새로운 몹, 새로운 적들, 새로운 보스들과 패턴들이 재미있긴 했지만 라단에서 선을 넘었다고 생각합니다. 기존 소울에서 보여주었던 눈에 보이긴 하지만 맞으면 죽을 수도 있는 패턴들이 아닌 그냥 보고도 믿기 힘든 억까로만 느껴지니 기존에 죽는 것도 즐거웠던 본편과는 달리 죽을때마다 이게 어떻게 죽는건지 감도 안잡힙니다. 진짜 고인물들, 소울류 하드 팬들만이 즐기고 참아줄 수 있는 DLC 그래도 잡고 나니 보람은 있었다",1,0,True,Recommended,11166,1673958383
엘든 링,시간 가는 줄 모르고 했던 게임,1,3,True,Recommended,10967,1673698664
엘든 링,개같이 벌어서 병신같이 잃는 기분을 느껴라!!!!!!!!!!!!!!,1,0,True,Recommended,21424,1673657657
엘든 링,흥 별로 재미 있네요,1,1,True,Recommended,9048,1673439851
엘든 링,케일리드 거대 까마귀 너무 무서워요.,1,0,True,Recommended,9469,1673406293
엘든 링,이게임을 하고나니 세상이 틈새의 땅으로 보입니다,1,0,True,Recommended,42754,1673331196
엘든 링,레전드,1,0,True,Recommended,83568,1673088659
엘든 링,"지금 플레이한 지는 10시간 정도 밖에 되지 않았지만, 3060ti로 50프레임정도로 상급 품질로 플레이하면서 그래픽이 정말 멋지다는 생각이 들었습니다. 물론 게임 플레이도 흥미진진하고 맵 곳곳에 있는 여러 지형요소들 또한 아주 매력적인 이게임의 포인트라 생각합니다. 40000원이 싸진 않은 가격이지만, 지금 이 게임은 40000원 이상의 가치를 지니고 있는 것 같습니다. 처음 접해보는 다크소울류 게임이지만 그렇게 어렵지 않고 하루에 몇시간씩 즐기면 될 것 같습니다",1,18,True,Recommended,8488,1672963443
엘든 링,게임이 상당히 어렵다 노가다 하기 싫거나 손가락이 느린 사람은 이 게임 비추천,1,0,False,Not Recommended,16851,1672906875
엘든 링,이게 게임이냐 굴렀잖아 시발,1,0,True,Recommended,6252,1672832155
엘든 링,안하면 인생손해,1,1,True,Recommended,17139,1672692351
엘든 링,오오 엘든링 오오 엘든링 오오 엘든링 오오 엘든링 오오 엘든링 오오 엘든링 오오 엘든링 오오 엘든링 오오 엘든링 오오 엘든링 오오 엘든링 오오 엘든링 오오 엘든링 오오 엘든링 오오 엘든링 오오 엘든링 오오 엘든링 오오 엘든링 오오 엘든링 오오 엘든링 오오 엘든링 오오 엘든링 오오 엘든링 오오 엘든링 오오 엘든링 오오 엘든링 오오 엘든링 오오 엘든링 오오 엘든링 오오 엘든링 오오 엘든링 오오 엘든링 오오 엘든링 오오 엘든링 오오 엘든링 오오 엘든링 오오 엘든링 오오 엘든링 오오 엘든링 오오 엘든링 오오 엘든링 오오 엘든링 오오 엘든링 오오 엘든링 오오 엘든링 오오 엘든링 오오 엘든링 오오 엘든링 오오 엘든링 오오 엘든링 오오 엘든링 오오 엘든링 오오 엘든링 오오 엘든링 오오 엘든링 오오 엘든링 오오 엘든링 오오 엘든링 오오 엘든링 오오 엘든링 오오 엘든링 오오 엘든링 오오 엘든링 오오 엘든링 오오 엘든링 오오 엘든링 오오 엘든링 오오 엘든링 오오 엘든링 오오 엘든링 오오 엘든링 오오 엘든링 오오 엘든링 오오 엘든링 오오 엘든링 오오 엘든링 오오 엘든링 오오 엘든링 오오 엘든링 오오 엘든링 오오 엘든링 오오 엘든링 오오 엘든링 오오 엘든링 오오 엘든링 오오 엘든링 오오 엘든링 오오 엘든링 오오 엘든링 오오 엘든링 오오 엘든링 오오 엘든링 오오 엘든링 오오 엘든링 오오 엘든링 오오 엘든링 오오 엘든링 오오 엘든링 오오 엘든링 오오 엘든링 오오 엘든링 오오 엘든링 오오 엘든링 오오 엘든링 오오 엘든링 오오 엘든링 오오 엘든링 오오 엘든링 오오 엘든링 오오 엘든링 오오 엘든링 오오 엘든링 오오 엘든링 오오 엘든링 오오 엘든링 오오 엘든링 오오 엘든링 오오 엘든링 오오 엘든링 오오 엘든링,1,0,True,Recommended,18657,1672647480
엘든 링,"재밌게 하긴 했지만, 엔딩은 못 본 게임 남들한테 추천하고 싶진 않은 게임 오픈월드를 좋아하는 사람으로서 다소 실망스러웠던 게임 1. 스토리텔링 제가 가장 참기 힘들었던 것은 엘든 링의 스토리텔링 방식이었습니다. 엘든 링의 서사는 모종의 이유로 깨어난 빛 바랜 자가 틈새의 땅의 왕이 된다 라는 직선형의 이야기를 오픈월드라는 간판을 빌려 그냥 여기저기 멀리 흩어놓고, 섞어 놓고, 계속 반복시키고, 억지로 늘려 놓은 것에 불과합니다. 다른 게임이었다면 아이템과 각종 장비들의 설명을 읽으며 스토리를 유추한다 라는 것은 꿈에도 못 꿀 이야기겠죠. 심지어 그 설명들과 검 비석의 짤막한 몇 마디들도 다 뒤죽박죽 섞여있습니다. 이 때문에 전 이 게임을 플레이하면서 도저히 이 사람이 누구고 왜 싸워야 하는지도 알지 못했습니다. 끝내는 지쳤습니다. 안 그래도 보스들 패턴이랑 대미지 때문에 골머리 썩는데, 스토리를 이해하고 싶어도 할 수가 없으니 짜증은 두 배가 되었습니다. 결과적으로 도전할 마음도 사라지고, 제게 있어 엘든 링은 그냥 화내면서 몬스터 잡다가 접는 게임 이상도 이하도 아니게 되었습니다. 2. 장르에 부합하지 않는 게임플레이 오픈월드라는 장르에 관하여 조금 더 이야기해보겠습니다. 우선 처음 보는 존재들에게 문답무용으로 덤벼드는 것 이외의 선택지가 없는 것은 분명히 아쉬운 면이었습니다. 플레이어의 선택을 추구하는 멀티 엔딩 장르이면서 자유를 보장하는 오픈월드인데도, 그만큼 자유롭지는 않습니다. 엔딩 분기를 담당하는 존재는 막말로 지나가는 NPC들이며 게임 도중 이들을 그냥 지나치기가 정말로, 정말로 쉽습니다. 대화를 한다거나, 협력, 교섭할 수 있는 데미갓이 극히 한정되어 있으며 실제로 엔딩에 영향을 주는 데미갓은 극소수입니다. 나머지는 다 필수로 싸그리 잡아 죽여야 하죠. 게임을 진행하면 여러 선택지가 있는 듯 보이지만 그건 속임수입니다. 어쨌건 그들은 모두 당신의 손에 죽습니다. 또한 맵 속의 요소들, 즉 여러 던전들은 무언가 그곳에 있으며 그것이 내 호기심을 자극하기 때문에 가는 것이어야 합니다. 그리고 그 호기심을 잃지 않게 하려면 참신하고 다양한 구성은 필수입니다. 그런데 엘든 링의 다양한 장소들은 오직 그곳에 적이 있기 때문에 가게 됩니다. 실제로도 맵에 넘쳐나는 것은 몹 뿐입니다. 징그러운 적들과 열심히 싸운 후 얻게 되는 아이템들이 내 캐릭터에 맞지 않다면? 그냥 성공적으로 시간을 허비한 거죠. 겨우겨우 다 끝낸 이후로, 새로운 지역에서 그 짓을 또 해야 합니다. 하루종일 맵 돌아다니고 헤매는 것도 처음 한두 번일 때나 재밌습니다. 더하여 맵의 상호 작용이라고는 날아오는 마법 피하기, 메세지를 읽고서 벽을 향해 구르기, 기습에 놀라기, 공략 찾아보고 제스처 취하기, 사다리 오르내리기, 아이템 줍기가 전부라고 봐도 무방합니다. 오픈월드가 매력적으로 느껴지려면 플레이어의 자유도가 높아야 합니다. 엘든 링의 자유도는 마치 다크 소울 시리즈와 크게 다를 것 없어 보입니다. 달라진 것은 어느 지역 먼저 가볼까 정도일 것입니다. 3. 끝내며 엘든 링은 분명히 재밌습니다. 이제는 림그레이브에서의 그 재미를 온전히 즐기지 못해서 더 화가 납니다. 맵 구성과 상호작용이 조금만 더 짜임새 있고, 무조건 보이는 대로 때려잡기만 하는 게 아닌 다양한 컨텐츠를 담았더라면 세계관과 빛 바랜 자 이전의 역사만이라도 처음에 좀 제대로 알려주었더라면 이만큼이나 지치진 않았을 것입니다. 저는 지쳤습니다. 엘데의 왕은 고사하고 다음 보스조차 요원하기만 합니다. 제게 있어 엘든 링은 마치 실질적 게임플레이에서 오는 재미 와 스토리에서 오는 재미 를 둘 다 놓치고 싶지 않았던 나머지 무리한 것처럼 보입니다. 그리고 그 두 재미를 모두 놓치고 싶지 않은 사람도 저처럼 무리를 하다 과부하가 걸립니다. 프롬, 하나면 됐습니다.",1,4,False,Not Recommended,44541,1672594972
엘든 링,추천,1,0,True,Recommended,11808,1672520192
엘든 링,좆같아요 게임 일단 제가 못하는것도 있지만 트리가드 그새끼 2시간동안 쳐 시도했는데 못 깼습니다 좆같은년 트리가드 씨1발 진짜 죽여버리고 싶음 갑옷 벗겨서 좆같은 트리가드 시x,1,1,False,Not Recommended,4375,1672502681
엘든 링,중요한 것은 꺾인,1,0,True,Recommended,1355,1672477590
엘든 링,진짜 게임 한번 드럽게 못만듬,1,1,False,Not Recommended,54169,1672407302
엘든 링,"엘든링, 내 삶의 빛이요, 내 생명의 불꽃. 나의 죄, 나의 영혼. 엘 든 링.",1,0,True,Recommended,14066,1672405652
엘든 링,엘든링엘든링엘든링엘든링엘든링엘든링엘든링엘든링엘든링엘든링엘든링엘든링엘든링엘든링엘든링엘든링엘든링엘든링엘든링엘든링엘든링엘든링엘든링엘든링엘든링엘든링엘든링엘든링엘든링엘든링엘든링엘든링엘든링,1,11,True,Recommended,490114,1672385863
엘든 링,어려워서 안함,1,0,False,Not Recommended,5647,1672256679
엘든 링,"짜증나는 몹 배치, 닼소3 보다 많아진 상태이상, 온갖 괴랄한 적들까지... 하... 내가 라니 때문에 참는다.",1,0,True,Recommended,16030,1672100979
엘든 링,중요한건 꺾이지 않는 마음,1,0,True,Recommended,15000,1671986746
엘든 링,200시간은 해야 엔딩보겠구나,1,12,True,Recommended,37831,1671983892
엘든 링,"길면 안 읽으니 3줄 요약 1. 몹 복붙 수준이 크레토스 오열할 정도로 심함, 메인 보스 복붙도 있거니와 보스를 잡몹으로 맵에 뿌려둔다. 이해 안가면 이하 글 참조 2. 초반은 우주 명작, 중후반부터 유저 엿맥이는 보스러쉬 허허벌판. 이전의 탄탄한 맵 구조에 애정이 없는 거 같다. 3. npc 이벤트부터 여러가지 요소들까지 많은 부분에서 짤린 게 많아 뜬금포가 남발 됨. 미야자키는 검은 칼날 보내기 전에 DLC에서라도 만회해라. 이미 너무 잘 팔려서 나같아도 안 들을 거 같긴 함 사람들이 모두 입을 모아 발매 전부터 칭송하던 엘든링 엘든링은 게임 속에서나 현실에서나 모두를 끌어당기며 미켈라 뺨 후려갈기는 매료성을 뿜고 있었다. 스톰빌을 탐방하며 폭풍기사한테 축복으로 사출당해도, 이게 고티를 받은 우주갓겜이구나를 절실히 느꼈다. 감동의 눈물을 쏟아가며 도1가니 기사한테 대가리가 수십번 부서지던 중, 함몰된 대가리는 케일리드부터 봉합되기 시작했다. 라단 장군님 시해한 더러운 부패방향제 련의 음모로 여기며 즐겁게 플레이하려 했지만, 뭔가....뭔가 이상함... 스톰빌과 리에니에라는 꿀잼 구간을 넘어 케일리드도 꾸역꾸역 넘어갔다. 복붙 지하감옥에 충격받으면서도 즐거웠던 알터 고원을 넘자, 문제가 생겼다. 도읍 로데일은 여러가지 의미로 충격이었다, 게다가 npc 이벤트의 후반부들이 뜬금포를 남발하는 것을 보며 마음 속의 미친 불이 활활 타올랐다. 거인의 산령까지 플레이 했기에 이후의 컨텐츠에 대해서는 결코 할 말이 없지만, 거인의 산령은 텅텅 비다 못해 보스 러쉬를 위한 곳인가 싶었다. 절대루 복붙 보스 몹을 잡몹으로 맵에 뿌려놓은 탓에 여러번 뒤져서 화난 것이 아니다. 이 따위로 후반부 날림이 심한 게임이 어떻게 고티를 받았을까? 여기까지 읽어주었다면 내 대가리를 운석으로 쪼개고 싶은, 구원자 사칭하는 비겁한 사냥꾼들이 분명히 있을텐데, 보스 복붙은 아직 얘기하지도 않았다. 뭐만 하면 고룡 색깔놀이에다가 고1룡은 특색도 없고 패턴에 하자가 많다. 나무1령 또한 그렇다. 던전이 많다고는 하지만, 똑같은 보스 복붙해놓고 피통이나 수만 늘려놓으면 그것은 난이도 상승이 아니라 짜증을 유발할 뿐이다. 영체 안꺼내고 뭐하냐고? 나도 커여운 해파리 클라라 좋아하는데, 영체 있으니 괜찮다고 밀어붙이는 점은 프롬소프트 웨어의 도전을 중요시 여기는 마인드를 무시하고 ai끼리 대전을 벌이는 것이라고 생각한다. 조력자가 있다한들, 복붙 몹이나 무기만 다른 몹 2마리랑 싸우면서 구르고 있으면 기분이 썩 좋지 않다. 물론 이 점은 논란의 여지가 많고 내 글 솜씨가 좋은 것도 아니어서 넘기자고. 아무리 그래도 메인 보스 복붙은 좀 아니지 않냐??? 미야자키 히데타카는 암령 죽이기에 대해 해명해라 손가락 주인 놈들 겁쟁이 마냥 영체 둘둘 두르고 사냥꾼까지 불러다가 인성질 하는데 프롬소프트웨어 본사에다 암령 좀 탄압하라고 식칼이라도 보냈나? 슈퍼겁쟁이들처럼 빌빌대지 말고 정정당당하게 1대1로 붙자! 아니면 제발 2대 1이라도 제발",1,1,False,Not Recommended,11070,1671942275
엘든 링,dlc 언제 내놓을거야 미야자키 빡빡이 새꺄 시부럴 마참내,1,0,True,Recommended,12339,1671811774
엘든 링,왜 갑자기 할인 하는데 이것들아,1,0,True,Recommended,2241,1671787665
엘든 링,자신이 게임을 하면서 느끼는 화를 참을 수 없다 망겜 자신은 아무리 많이 죽어도 화가 안나는 스님이다 희대의 갓겜,1,2,True,Recommended,38921,1671627864
엘든 링,플레이중 겪은 스터터링 총 50회 이상. 인터넷에 나오는 모든 정보를 토대로 거진 20가지의 수를 써보았으니 아무런 변화가 없음 자주 끊기면 5분주기 안끊기고 가더라도 1시간 이상 플레이 지속이 안됨 컴퓨터 스펙 cpu 12700 그래픽 3070 램 32G 기준 게임 그래픽 옵션 전부 낮음으로 한상태에서도 반복적인 스터터링 해상도 720p 로도 낮춰보고 다 해보았으나 결국 10분 이상 플레이 하는경우가 손에 꼽음,1,1,False,Not Recommended,9484,1671568189
엘든 링,DLC언제내줘 DLC언제내줘 DLC언제내줘 DLC언제내줘 DLC언제내줘 DLC언제내줘 DLC언제내줘 DLC언제내줘 DLC언제내줘 DLC언제내줘 DLC언제내줘 DLC언제내줘 DLC언제내줘 DLC언제내줘 DLC언제내줘 DLC언제내줘 DLC언제내줘 DLC언제내줘 DLC언제내줘 DLC언제내줘 DLC언제내줘 DLC언제내줘 DLC언제내줘 DLC언제내줘 DLC언제내줘 DLC언제내줘 DLC언제내줘 DLC언제내줘 DLC언제내줘 DLC언제내줘 DLC언제내줘 DLC언제내줘 DLC언제내줘 DLC언제내줘 DLC언제내줘 DLC언제내줘 DLC언제내줘 DLC언제내줘 DLC언제내줘 DLC언제내줘 DLC언제내줘 DLC언제내줘 DLC언제내줘 DLC언제내줘 DLC언제내줘 DLC언제내줘 DLC언제내줘 DLC언제내줘 DLC언제내줘 DLC언제내줘 DLC언제내줘 DLC언제내줘 DLC언제내줘 DLC언제내줘 DLC언제내줘 DLC언제내줘 DLC언제내줘 DLC언제내줘 DLC언제내줘 DLC언제내줘 DLC언제내줘 DLC언제내줘 DLC언제내줘 DLC언제내줘 DLC언제내줘 DLC언제내줘 DLC언제내줘 DLC언제내줘 DLC언제내줘 DLC언제내줘 DLC언제내줘 DLC언제내줘 DLC언제내줘 DLC언제내줘 DLC언제내줘 DLC언제내줘 DLC언제내줘 DLC언제내줘 DLC언제내줘 DLC언제내줘 DLC언제내줘 DLC언제내줘 DLC언제내줘 DLC언제내줘 DLC언제내줘 DLC언제내줘 DLC언제내줘 DLC언제내줘 DLC언제내줘 DLC언제내줘 DLC언제내줘 DLC언제내줘 DLC언제내줘 DLC언제내줘 DLC언제내줘 DLC언제내줘 DLC언제내줘 DLC언제내줘 DLC언제내줘 DLC언제내줘 DLC언제내줘 DLC언제내줘 DLC언제내줘 DLC언제내줘 DLC언제내줘 DLC언제내줘 DLC언제내줘 DLC언제내줘 DLC언제내줘 DLC언제내줘 DLC언제내줘 DLC언제내줘 DLC언제내줘 DLC언제내줘 DLC언제내줘 DLC언제내줘 DLC언제내줘 DLC언제내줘 DLC언제내줘 DLC언제내줘 DLC언제내줘 DLC언제내줘 DLC언제내줘 DLC언제내줘 DLC언제내줘 DLC언제내줘 DLC언제내줘 DLC언제내줘 DLC언제내줘 DLC언제내줘 DLC언제내줘 DLC언제내줘 DLC언제내줘 DLC언제내줘 DLC언제내줘 DLC언제내줘 DLC언제내줘 DLC언제내줘 DLC언제내줘 DLC언제내줘 DLC언제내줘 DLC언제내줘 DLC언제내줘 DLC언제내줘,1,0,True,Recommended,32493,1671504690
엘든 링,굴렀다고굴렀다고굴렀다고굴렀다고굴렀다고굴렀다고굴렀다고굴렀다고굴렀다고굴렀다고굴렀다고굴렀다고굴렀다고굴렀다고굴렀다고굴렀다고굴렀다고굴렀다고굴렀다고굴렀다고굴렀다고굴렀다고굴렀다고굴렀다고굴렀다고굴렀다고굴렀다고굴렀다고굴렀다고굴렀다고굴렀다고굴렀다고굴렀다고굴렀다고굴렀다고굴렀다고굴렀다고굴렀다고굴렀다고굴렀다고굴렀다고굴렀다고굴렀다고굴렀다고굴렀다고굴렀다고굴렀다고굴렀다고굴렀다고굴렀다고굴렀다고굴렀다고굴렀다고,1,3,True,Recommended,4497,1671347818
엘든 링,덩 이터를 찬양하라,1,2,True,Recommended,5550,1671097261
엘든 링,2022 고티 축하!,1,0,True,Recommended,111464,1671049050
엘든 링,익숙한 스꼴라의 냄새.. 그래서 좋아,1,0,True,Recommended,6708,1670922738
엘든 링,whssk재밌음,1,1,True,Recommended,5832,1670252738
엘든 링,트리가드 이 개 씹 새끼,1,0,True,Recommended,837,1669826309
엘든 링,오랜만에 정말 재미있는 겜 하네요. 다만 후반부에서 힘이 빠지는 것은 아쉬운 부분입니다.,1,1,True,Recommended,6537,1669739080
엘든 링,잼나게 즐겼습니다! 멀티가 개선된 후속작 기대합니다!,1,1,True,Recommended,36459,1669697116
엘든 링,역대급 소울라이크.,1,0,True,Recommended,10370,1669634841
엘든 링,DLC 나올때까지 숨참는다,1,1,True,Recommended,50351,1669548860
엘든 링,엇박 피격감 느끼기,1,0,True,Recommended,19551,1669451551
엘든 링,저에게 소울라이크는 없다 라고 생각을 하며 지내다 첨으로 엘든링을 구매하여 즐겼습니다. 하면 되더군요. 재밋습니다. 유다희님과 함께라면...,1,0,True,Recommended,7730,1669398558
엘든 링,미친겜,1,0,True,Recommended,30841,1669368251
엘든 링,오픈월드를 택하면서 생긴 높은 자유도 이전작처럼 일방진행이 아닌 보스 선택의 자유 전투 방식 다양화 진보한 연출과 사운드 와이드 화면 미지원 소울류 트레이드마크인 여전히 불친절한 퀘스트 패드 사용자는 상관 없지만 키보드 사용자에 대한 배려가 없음 멀티플레이 서버 불안정,1,18,True,Recommended,86890,1669247889
엘든 링,현규영 씨발놈아 같이하자며,1,1,False,Not Recommended,21106,1669242162
엘든 링,쩔어,1,0,True,Recommended,6123,1669216916
엘든 링,고봉밥 맛은있음,1,0,True,Recommended,11070,1669216831
엘든 링,말레니아 어매,1,0,True,Recommended,10086,1669216604
엘든 링,No og lnie to git ale monitor popsulem grajac,1,0,True,Recommended,6755,1669215396
엘든 링,이 앞 엘데의 왕 있다.,1,0,True,Recommended,12863,1669118710
엘든 링,나 지환인데 좋아,1,0,True,Recommended,7986,1668337822
엘든 링,진짜 재밌음,1,0,True,Recommended,5833,1667703356
엘든 링,말레니아 련 안잡고 그냥 엔딩봄,1,0,True,Recommended,14066,1667175460
엘든 링,1050으로 돌아가는 기적을 봤습니다,1,0,True,Recommended,7419,1666863994
엘든 링,시작하자마자 죽어버려서 할맛이 안남,1,0,False,Not Recommended,61,1666622409
엘든 링,롤실력으로 다이아이상아니면 하지마세요 반응속도로 깨야하기때문 아니면 폐인으로 외울자신있어야함 뉴비들이 이길수없는 몹을 만들고 웬만한 고수들도 포기하게 만드는 몹을 환불못하는 2시간이상 지나야 나오는 길에 배치함 돈이 아까움,1,0,False,Not Recommended,1855,1666126569
엘든 링,Dlc주세요 DLCDLCDLCDLCDLCDLCDLX,1,0,True,Recommended,9146,1665493546
엘든 링,멀기트 너 한방컷 이잖아 영체 안쓰고 ai소환 안하고 대검으로 맞짱떳자나 12시간 동안 약 100트 넘게 했잖아 친구 불러서 막타만 쳤잖아 ... 개X끼...,1,0,True,Recommended,9277,1665201805
엘든 링,"주관적인 평점 1. 그래픽 및 사운드 지금까지 프롬 게임들이 그래픽이 뛰어난 게임이라고 생각해본 적이 없는데 엘든 링은 그래왔던 나의 편견을 보기 좋게 뒤집었다. 림그레이브는 잔혹한 군주의 통치에 시달리는 지역답게 곳곳에 폐허가 된 모습을 잘 보여주며 리에니에는 마술학원이라는 테마에 맞춰 신비스럽고 오묘한 느낌을 잘 살려내었으며 겔미어 화산과 거인들의 산령은 실제로 화산지대와 설원지대를 탐험하는 것처럼 느껴질 정도로 지역의 특색을 잘 살려내었다. 케일리드와 파름 아즈라 같은 경우 배경만 보아도 스토리상 그 지역에 어떤 일이 일어났는지 한 번에 파악이 가능할 정도로 개성을 잘 구현해냈다. 특히 케일리드 같은 경우는 사운드 디자인 또한 예술인데 붉은 부패로 인해 썩어가는 지역에서 자신을 쓰러트리고 엘든 링을 수복할 강자를 기다리는 장군 라단의 운명을 처연하면서도 비장함을 잃지 않은 듯 오케스트라로 연주하여 보스전의 웅장함이 잘 느껴지도록 그려내었다. 또한 플라키두삭스 같은 경우 엘데의 선대 왕이라는 위치가 잘 느껴지도록 경건하고 웅장하게 사운드트랙을 배치하였는데 한 단계 더 발전한 그래픽과 함께 이렇게 잘 디자인된 사운드트랙은 게임을 플레이하는데 있어 뛰어난 경험으로 다가오게 만든다. 2. 스토리와 연출 사실상 세키로를 제외한 다른 프롬 게임들이 그렇듯 엘든 링 또한 스토리텔링이 애매모호한데 세계관에 대한 여러 설정은 분명 존재하지만 그것은 그저 배경에 지나지 않고 어느 정도의 줄기는 있지만 그렇다고 해서 특정한 스토리텔링이 존재한다고 보기는 힘들다. 애초에 프롬 게임을 스토리를 보고 좋아하는 사람이 없듯이 개성 있는 보스들의 배경으로 삼기 위해 스토리가 존재하는 느낌. 3. 컨텐츠 다회차가 곧 컨텐츠다. 1회차 플레이를 정석적인 루트로 끝냈을 시기에도 스텟이 부족해 사용하지 못하는 무기와 기도들이 수두룩하여 피똥싸가며 잡은 보스들로부터 얻은 각종 무기와 기도들을 사용하기 위해서라도, 또 전에 잡은 보스를 다시 한 번 잡기 위해 다회차를 시작하는 사람들이 대부분일 것이다. 회차를 거듭하며 강해지는 나와 내 캐릭터로 적들을 쓸어버리는 것이 곧 이 게임이 가진 가장 큰 컨텐츠이며 정체성이라고 할 수 있다. 4. 조작감과 편의성 밸런스 패치가 거듭 이루어진 지금 이 게임을 한다면 그동안 소울류 게임이 쌓아온 노하우가 모두 담긴 프롬식 게임 그 자체라고 할 수 있다. 허나 출시하자마자 바로 플레이했던 나로서는 아쉽게도 고점을 주기가 힘든데 출시 초엔 심각할 정도로 불합리한 보스의 패턴들이 여럿 존재했으며 마법캐와 근접캐 간의 차별적인 밸런스 붕괴도 극심했으며 이는 전작 세키로를 플레이하고 소울류를 입문했던 나에겐 매우 큰 실망으로 다가왔다. 보스의 패턴을 외우고 캐릭터가 강해지는 것이 아닌 유저 스스로가 강해지는 프롬 게임의 아이덴티티가 좋았으나 엘든 링은 소위 말하는 딜찍누 메타가 출시 초 주된 메타를 이루었을 정도로 전투 밸런스가 형편없었다. 또한 이전 게임들과는 다르게 마상 전투가 추가되었는데 거창하게 말했던 것만큼 마상 전투가 유용하고 할 수 있는 전투가 많지 않아 정작 보스전을 치룰 때 써먹은 적은 한 손으로 꼽을 정도로 적었다. 다른 것 다 제치고 전투 하나만을 보고 하는 게임인데 정작 전투에서 불합리함과 수많은 억까를 느꼈었던 게임... 그래도 개발진이 아주 양심 없는 놈들은 아닌 게 도저히 깨기 어려운 사람들은 써먹으라고 각종 사기템들과 멀티플레이를 가능하게 만들어놓았다는 것. 근데 출시 초엔 그런 거 아니면 답이 없었어.... 지금은 갓겜의 경지라고는 하는데 솔직히 다시 해볼 엄두가 나지 않는다. 지금 구매하면 갓겜이니 니들도 꼭 한 번 사서 고통받아보십쇼.",1,2,True,Recommended,6245,1665109042
엘든 링,피했잖아 시발럼아,1,0,True,Recommended,28336,1664893738
엘든 링,멀키트 30트 접목 13트 아 고생이 보인다,1,0,True,Recommended,3433,1663695535
엘든 링,너희들은 하지 마라,1,0,True,Recommended,7240,1662903280
엘든 링,라니쟝,1,0,True,Recommended,6408,1662765004
엘든 링,이게 진심 재밌음? 그리고 시발련들아 105분인데 왜 환불 안해주는데,1,0,False,Not Recommended,873,1661683507
엘든 링,지옥에서 독식,1,1,True,Recommended,4613,1661586130
엘든 링,"닼소3하다가 이 겜을 하면 게임이 이렇게 그지 같을수 없다. 닼소가 선녀처럼 보인다. 실제로 선녀 맞다 초반부는 그렇다쳐도 후반으로 갈수록 꼴의 향기는 그윽하다 못해 속에서 역류할 지경이다. 햄버거를 사랑하다 못해 더블패티 그 자체가 되어버린 신살갗듀오, 가까이에서 딜링 하려고만 하면 공중에서 발작하는 말레니아, 니힐!, 엇박에 맛이 간 라다곤에 니가와 시전하는 엘짐까지. 하지만 역겹다고 욕하면서도 파회가 되는 순간, 회차를 넘어가는 순간 겜은 한컴타자 수준의 난이도로 전락한다. 한컴도 어렵다 팁으로 쉽게 회차를 진행하기 위해선 우리가 두가지 사항을 짚고 넘어가야한다. 우선 멜리나는 그저 불쏘시게에 불과하며 티시가 진 히로인이라는 것, 곤충실이라는 아침체조는 빛바랜자의 몸과 우리들의 마음을 건강하게 해준다는 것. 이 두가지만 알면 무서울게 없다!",1,0,True,Recommended,62600,1660755891
엘든 링,축하합니다 G.O.T.Y,1,1,True,Recommended,9392,1660596549
엘든 링,다크소울이 훨씬 재밌다!,1,1,True,Recommended,18004,1660449890
엘든 링,27회차 정도 조금 해보니까 재미있네요.,1,0,True,Recommended,56024,1660388246
엘든 링,왕족의 망령이 회복으로 날먹이 가능하다걸 알게 된 순간 난 그만 정신을 잃고 말았다.,1,1,True,Recommended,23017,1660327588
엘든 링,내가 이겼다 말레니아 잣밥 샛끼야아 어딜 물새 팔락 팔락 따위로 뚝배기를 꺨려고 아오 그냥,1,1,True,Recommended,5354,1660208927
엘든 링,어떤 늑대의 엉덩이를 때리려는 게임,1,0,True,Recommended,17563,1660039569
엘든 링,이 게임 진짜 죽이네.......... !,1,0,True,Recommended,6662,1659875969
엘든 링,어라,1,0,True,Recommended,6800,1659531661
엘든 링,존나 어렵네 시팔,1,0,True,Recommended,8675,1659498915
엘든 링,엇박자는 좀 아니자나,1,0,True,Recommended,1652,1659361293
엘든 링,시발 말레니아 시발 말레니아시발 말레니아 시발 말레니아시발 말레니아 시발 말레니아시발 말레니아 시발 말레니아시발 말레니아 시발 말레니아시발 말레니아 시발 말레니아시발 말레니아 시발 말레니아시발 말레니아 시발 말레니아시발 말레니아 시발 말레니아시발 말레니아 시발 말레니아시발 말레니아 시발 말레니아시발 말레니아 시발 말레니아시발 말레니아 시발 말레니아시발 말레니아 시발 말레니아시발 말레니아 시발 말레니아시발 말레니아 시발 말레니아시발 말레니아 시발 말레니아시발 말레니아 시발 말레니아시발 말레니아 시발 말레니아시발 말레니아 시발 말레니아시발 말레니아 시발 말레니아시발 말레니아 시발 말레니아시발 말레니아 시발 말레니아시발 말레니아 시발 말레니아시발 말레니아 시발 말레니아시발 말레니아 시발 말레니아시발 말레니아 시발 말레니아시발 말레니아 시발 말레니아시발 말레니아 시발 말레니아시발 말레니아 시발 말레니아시발 말레니아 시발 말레니아시발 말레니아 시발 말레니아시발 말레니아 시발 말레니아시발 말레니아 시발 말레니아시발 말레니아 시발 말레니아시발 말레니아 시발 말레니아시발 말레니아 시발 말레니아시발 말레니아 시발 말레니아시발 말레니아 시발 말레니아시발 말레니아 시발 말레니아시발 말레니아 시발 말레니아시발 말레니아 시발 말레니아시발 말레니아 시발 말레니아시발 말레니아 시발 말레니아시발 말레니아 시발 말레니아시발 말레니아 시발 말레니아시발 말레니아 시발 말레니아시발 말레니아 시발 말레니아시발 말레니아 시발 말레니아시발 말레니아 시발 말레니아시발 말레니아 시발 말레니아시발 말레니아 시발 말레니아시발 말레니아 시발 말레니아시발 말레니아 시발 말레니아시발 말레니아 시발 말레니아시발 말레니아 시발 말레니아시발 말레니아 시발 말레니아시발 말레니아 시발 말레니아시발 말레니아 시발 말레니아시발 말레니아 시발 말레니아시발 말레니아 시발 말레니아시발 말레니아 시발 말레니아시발 말레니아 시발 말레니아시발 말레니아 시발 말레니아시발 말레니아 시발 말레니아시발 말레니아 시발 말레니아시발 말레니아 시발 말레니아시발 말레니아 시발 말레니아시발 말레니아 시발 말레니아시발 말레니아 시발 말레니아시발 말레니아 시발 말레니아시발 말레니아 시발 말레니아시발 말레니아 시발 말레니아시발 말레니아 시발 말레니아시발 말레니아 시발 말레니아시발 말레니아 시발 말레니아시발 말레니아 시발 말레니아시발 말레니아 시발 말레니아시발 말레니아 시발 말레니아시발 말레니아 시발 말레니아시발 말레니아 시발 말레니아시발 말레니아 시발 말레니아시발 말레니아 시발 말레니아,1,0,True,Recommended,8582,1658709872
엘든 링,"우물안 개구리, 트리가드에 지다...",1,23,True,Recommended,1883,1658401208
엘든 링,단점을 찾기 힘든 초갓겜! 요즘엔 이런 명작 겜을 보기 힘들어서 아쉽다,1,1,True,Recommended,6454,1658072415
엘든 링,dlc를 내놔라...,1,1,True,Recommended,90796,1657721072
엘든 링,아아.. 마음이 꺾일 것 같다.....,1,0,True,Recommended,17792,1657166071
엘든 링,"빛 바랜자, 왕이 되어라.",1,0,True,Recommended,7256,1656949026
엘든 링,힐링게임,1,0,True,Recommended,15545,1656148282
엘든 링,나의 취미는 시련이고 나의 특기는 극복이다,1,0,True,Recommended,12804,1656076738
엘든 링,참 재밌어요,1,0,True,Recommended,10096,1655735036
엘든 링,더럽게 넓어서 뭘 해야할지 모르겠다만 그럼에도 불구하고 재밌다 엇박 씨123발거,1,0,True,Recommended,24739,1655534737
엘든 링,감탄사남발 본편만,1,0,True,Recommended,12936,1655515306
엘든 링,게임이 사람을 때려요,1,0,True,Recommended,6994,1655467132
엘든 링,알겠는가? 미켈라의 칼날 말레니아를...알겠는가? 미켈라의 칼날 말레니아를...알겠는가? 미켈라의 칼날 말레니아를...알겠는가? 미켈라의 칼날 말레니아를...알겠는가? 미켈라의 칼날 말레니아를...알겠는가? 미켈라의 칼날 말레니아를...알겠는가? 미켈라의 칼날 말레니아를...알겠는가? 미켈라의 칼날 말레니아를...알겠는가? 미켈라의 칼날 말레니아를...알겠는가? 미켈라의 칼날 말레니아를...알겠는가? 미켈라의 칼날 말레니아를...알겠는가? 미켈라의 칼날 말레니아를...알겠는가? 미켈라의 칼날 말레니아를...알겠는가? 미켈라의 칼날 말레니아를...알겠는가? 미켈라의 칼날 말레니아를...알겠는가? 미켈라의 칼날 말레니아를...알겠는가? 미켈라의 칼날 말레니아를...알겠는가? 미켈라의 칼날 말레니아를...알겠는가? 미켈라의 칼날 말레니아를...알겠는가? 미켈라의 칼날 말레니아를...알겠는가? 미켈라의 칼날 말레니아를...알겠는가? 미켈라의 칼날 말레니아를...알겠는가? 미켈라의 칼날 말레니아를...알겠는가? 미켈라의 칼날 말레니아를...알겠는가? 미켈라의 칼날 말레니아를...알겠는가? 미켈라의 칼날 말레니아를...알겠는가? 미켈라의 칼날 말레니아를...알겠는가? 미켈라의 칼날 말레니아를...알겠는가? 미켈라의 칼날 말레니아를...알겠는가? 미켈라의 칼날 말레니아를...알겠는가? 미켈라의 칼날 말레니아를...알겠는가? 미켈라의 칼날 말레니아를...알겠는가? 미켈라의 칼날 말레니아를...알겠는가? 미켈라의 칼날 말레니아를...알겠는가? 미켈라의 칼날 말레니아를...알겠는가? 미켈라의 칼날 말레니아를...알겠는가? 미켈라의 칼날 말레니아를...알겠는가? 미켈라의 칼날 말레니아를...,1,0,True,Recommended,5681,1655464153
엘든 링,개스텝 만능 겜,1,3,False,Not Recommended,18933,1655345948
엘든 링,"그래도 프롬측에서 계속해서 게임을 내면서 노하우가 쌓였는지, 그동안 나왔던 프롬게임들에 비해 꽤 뉴비 친화적인 게임이긴함. 물론 다른 프롬게임에 비해 덜 지독하다는거지, 얘도 만만치 않은 게임임. 멘탈 약한분들은 잘생각하고 하시기 바람.",1,0,True,Recommended,16715,1655209142
엘든 링,"2회차 엔딩까지 본 후 작성하는 평가입니다. 1회차는 마검사로, 2회차는 말레니아 세팅으로 엔딩봤습니다. h1 들어가며 h1 저는 소울시리즈를 해본적이 없습니다. 다크소울3을 전에 구매한 적은 있지만 거의 튜토리얼 부분만 하고 접었으며 실제로 이런 소울류에 입문을 엘든링으로 하였습니다. 그렇기때문에 다른 소울류와의 비교는 없으며 저처럼 소울류 게임의 악명때문에 이번 엘든링도 도전하기 꺼려지시는 분들이 보면 좋을거라 생각합니다. h1 장점 h1 b 도전할만한 난이도 b 쉽다는 말은 아닙니다. 특히 1회차는 레벨도, 장비도 완전히 갖춰지지 않은 상태라 어렵습니다. 특히 이런 장르의 게임을 처음 접할경우 더 어려움을 느끼실겁니다. 하지만 위에 적었듯 어려움이 아니라 도전할만한 난이도인 이유가 있습니다. 오픈월드라는 점을 이용해 레벨업을 할 수 있으며 동료시스템인 영체와 마법등을 이용할 경우 충분히 초심자도 도전이 가능하다고 생각합니다. b 다양한 마법과 기도, 무기와 전투기술 b 엘든링에는 마법과 기도, 무기에 있는 특수기술인 전투기술들이 있습니다. 그 수가 전부 상당하며 이번작에서는 화려한 기술들이 많아 보는 재미도 있습니다. 사실 다크소울3도 마법같은 경우가 크게 화려하지 않아 안한 점도 있는데 이번 작에서는 화려한 기술들이 너무 많아 이것저것 써보고싶은 마음이 들더군요. 무기들도 고유 전투기술을 가진 무기들이 많아 하나씩 써보는 재미도 좋았습니다. 종류들도 검, 곡검, 도, 자검, 대검 등등 종류도 많아 취향에 맞게 사용이 가능했습니다. b 오픈월드 b 처음 엘든링이 나온다 했을때 환호한 부분입니다. 흡사 젤다의 전설처럼 넓은 지역을 탐험할 수 있습니다. 탐험을 그렇게 좋아하지는 않지만 1회차때 여러 지역을 돌아다니며 아이템을 먹는 재미가 좋았습니다 오픈월드인 점에 따라 난이도도 자기가 조절이 가능하며, 숨겨진 아이템들을 찾을 수 있어 탐험의 재미가 충분했습니다. h1 단점 h1 b 불친절함 오픈월드 b 다크소울부터 이어져온 단점이라고 하는데 처음 게임을 시작하면 뭘 해야할지 모를겁니다. 분명 인트로에서 뭔가 해야할거처럼 말해주는데 튜토리얼 지역을 벗어나면 어마무시하게 넓은 지역에 혼자 덩그러니 있습니다 덤으로 말탄 정원사까지요 다행히 축복의 인도를 따라가라는 말은 해주지만 이것만으로는 처음 게임을 접한 사람한테 별 도움이 안되죠 세계관의 설명은 아이템들의 설명과 npc들과의 대화를 유추해서 알아내야 하며 퀘스트마크도 없어 그냥 지도키고 대충 길따라가야 메인퀘스트가 진행됩니다. 서브퀘스트들은 당연히 대화만으로 찾아야하며 심지어는 대화로도 알려주지않아 공략없이는 그냥 맵을 돌아다녀야 하는 경우도 많습니다. 이런 방대한 불친절함이 오픈월드와 함께 만나 더 커지게 됩니다. 자유가 많아진 만큼 스스로 찾아야 하는게 많더군요 h1 총평 h1 소울류 게임이 처음이지만 정말 재밌게 했었습니다. 스스로 컨셉을 정해 진행해도 되고 그냥 개사기조합들로 진행해도 되는것처럼 본인이 정말 원하는 방향으로 진행할 수 있어 자유로웠습니다. 다만 이 자유가 처음엔 막막함을 크게 느끼게 하지만 이 부분만 넘긴다면 재밌게 잘 즐길거라 봅니다 추가로 개인적인 생각이지만 u 1회차는 정말 최소한의 공략만 보는걸 추천드립니다. u 원하는 무기나 스킬의 위치정도만 찾아보고 퀘스트나 보스 등의 정보는 보지않고 직접 경험하는게 좋다고 생각합니다.",1,7,True,Recommended,12833,1655183873
엘든 링,출혈링,1,1,True,Recommended,13315,1655178062
엘든 링,"h1 프롬 소프트웨어의 야심작 엘든링 h1 소울 시리즈로 유명한 개발사 프롬 스프트웨어에서 개발한 오픈월드 소울류 RPG 엘든링 입니다. 소울 시리즈, 블러드본, 세키로의 디렉터 미야자키 히데타카와 얼음과 불의 노래 왕좌의 게임 작가 조지 R.R. 마틴이 함께 세계관을 구축했습니다. u 본 게임은 소울류이자 소울시리즈의 정신적 후속작이기에 전작인 다크소울3와 비교하면서 리뷰를 작성했습니다. u h1 밀도 있고 탐험적인 맵 디자인 h1 엘든링의 맵은 전작인 다크소울3의 일자형 던전 구조가 아닌 오픈월드로 개발이 되었습니다. 그래서 게임 자체의 이동 자유도는 높은 편에 속합니다. 게임이 오픈월드인만큼 영마 탈것 라는 이동 수단이 추가되었고, 맵 곳곳에 절벽 위로 뛰어오를 수 있는 오브젝트들을 배치함으로써 이동에 대한 스트레스는 적은 편입니다. 오픈월드를 도입함으로써 새로운 지역과 숨겨진 던전, 보스전 같은 탐험 요소가 많아졌습니다. 따라서 전작보다 압도적인 게임 볼륨을 자랑합니다. h1 다양한 방식의 전투 h1 전투 시스템은 전작과 같이 자유도가 높은 편입니다. 플레이어는 무기와 방어구, 마법을 자유롭게 조합할 수 있습니다. 근력을 높여 강인한 전사가 되거나 마술의 극치에 다다르는 등, 각자의 플레이 스타일에 맞춰 캐릭터를 성장시킬 수 있습니다. 전작에 없던 전회 시스템과 영체, 마상 전투 시스템이 추가 됨으로써 자기만의 전투 스타일을 만들 수 있습니다. PVP는 소울류 역대 최악입니다. 네트워크 서버도 불안정하고 밸런스도 엉망입니다. 다크소울3의 PVP를 기대하고 오신 PVP 유저시면 좀 더 고민해 주세요. h1 보스전 디자인 h1 이번 작의 보스전도 훌륭했습니다. 하지만 아쉬운 점도 많았습니다. 일단 처음으로 오픈월드를 도입해서 레벨 디자인과 밸런스가 전작들 보다 떨어집니다. 전작들의 긴장감 넘치고 묵직한 보스전과 달리 엘든링의 보스전은 전작과 차별을 주기 위해 연격 패턴을 억지로 넣은 느낌이 들었습니다. 특히 말레니아의 물새 난격에서 이 느낌을 최대로 느꼈습니다. 확실히 연격이 많아져서 보스가 화려해졌는데, 전작들의 묵직하고 분위기 넘치는 보스전이 그리운 건 저뿐일까요. 전작들의 유명한 작곡가들이 이번에도 작곡을 맡게 되었지만 전작들의 OST에 비해 뭔가 아쉬웠습니다. 신경 써야 할 보스가 전작보다 훨씬 많아서 그런지 많이 아쉽습니다. 최종 보스 OST 빼고는 기억에 남는 OST가 없었습니다. 이건 개인 취향이니... h1 스토리 h1 엘든링의 스토리는 나쁘지 않았습니다. 유명 소설 저자 조지 R.R. 마틴이 세계관 스토리 구축에 참여했습니다. 하지만 소울류식 스토리텔링과 전개 방식 때문에 스토리에 크게 관심을 가지고 탐구하지 않는 이상 스토리를 자세히 이해하기는 힘들었습니다. h1 총평 h1 u 아쉬운 부분이 꽤 있었지만 결과적으로 보면 엘든링은 2022년의 시작을 훌륭히 장식한 게임입니다. u 소울 시리즈의 광팬으로서 엘든링을 명작이라고 평가하고 싶습니다. 물론 전작 보다 퇴보한 부분도 있지만 결과적으로는 발전한 부분이 더 많았습니다. 기존 소울류를 즐겨 했던 게이머라면 무조건 구매를 권하고 싶고, 소울류를 처음 접해본 게이머에게도 한 번쯤은 도전할 가치가 있는 게임이라고 말해주고 싶습니다.",1,29,True,Recommended,3671,1654956822
엘든 링,부분 적인 프레임 저하 빼고는 완전 굳굳,1,0,True,Recommended,27456,1654951593
엘든 링,"이보게, 내가 왕이 될 상인가 ?!!!",1,0,True,Recommended,2136,1654923149
엘든 링,알겠는가? 미켈라의 칼날 말레니아를알겠는가? 미켈라의 칼날 말레니아를알겠는가? 미켈라의 칼날 말레니아를알겠는가? 미켈라의 칼날 말레니아를알겠는가? 미켈라의 칼날 말레니아를알겠는가? 미켈라의 칼날 말레니아를알겠는가? 미켈라의 칼날 말레니아를알겠는가? 미켈라의 칼날 말레니아를알겠는가? 미켈라의 칼날 말레니아를알겠는가? 미켈라의 칼날 말레니아를알겠는가? 미켈라의 칼날 말레니아를알겠는가? 미켈라의 칼날 말레니아를알겠는가? 미켈라의 칼날 말레니아를알겠는가? 미켈라의 칼날 말레니아를알겠는가? 미켈라의 칼날 말레니아를알겠는가? 미켈라의 칼날 말레니아를알겠는가? 미켈라의 칼날 말레니아를알겠는가? 미켈라의 칼날 말레니아를알겠는가? 미켈라의 칼날 말레니아를알겠는가? 미켈라의 칼날 말레니아를알겠는가? 미켈라의 칼날 말레니아를알겠는가? 미켈라의 칼날 말레니아를알겠는가? 미켈라의 칼날 말레니아를알겠는가? 미켈라의 칼날 말레니아를,1,0,True,Recommended,8080,1654700162
엘든 링,현피 뜰 사람 대덕대학교 임재우 찾아와라. 본인 3대 450침,1,0,True,Recommended,3603,1654528866
엘든 링,어려울때 도움을 요청하는건 지는게 아니에오,1,1,True,Recommended,5866,1654455500
엘든 링,하지 마세요 그러니까 그냥 하지 마세요,1,0,True,Recommended,5679,1654427167
엘든 링,오오 그럴자격없다 오오 그럴자격없다 오오 그럴자격없다 오오 그럴자격없다 오오 그럴자격없다 오오 그럴자격없다 오오 그럴자격없다 오오 그럴자격없다 오오 그럴자격없다 오오 그럴자격없다 오오 그럴자격없다 오오 그럴자격없다 오오 그럴자격없다 오오 그럴자격없다 오오 그럴자격없다 오오 그럴자격없다 오오 그럴자격없다 오오 그럴자격없다 오오 그럴자격없다 오오 그럴자격없다 오오 그럴자격없다 오오 그럴자격없다 오오 그럴자격없다 오오 그럴자격없다 오오 그럴자격없다 오오 그럴자격없다 오오 그럴자격없다 오오 그럴자격없다 오오 그럴자격없다 오오 그럴자격없다 오오 그럴자격없다 오오 그럴자격없다 오오 그럴자격없다 오오 그럴자격없다 오오 그럴자격없다 오오 그럴자격없다 오오 그럴자격없다 오오 그럴자격없다 오오 그럴자격없다 오오 그럴자격없다 오오 그럴자격없다 오오 그럴자격없다 오오 그럴자격없다 오오 그럴자격없다 오오 그럴자격없다 오오 그럴자격없다 오오 그럴자격없다 오오 그럴자격없다 오오 그럴자격없다 오오 그럴자격없다 오오 그럴자격없다 오오 그럴자격없다 오오 그럴자격없다 오오 그럴자격없다 오오 그럴자격없다 오오 그럴자격없다 오오 그럴자격없다 오오 그럴자격없다 오오 그럴자격없다 오오 그럴자격없다 오오 그럴자격없다 오오 그럴자격없다 오오 그럴자격없다 오오 그럴자격없다 오오 그럴자격없다 오오 그럴자격없다 오오 그럴자격없다 오오 그럴자격없다 오오 그럴자격없다 오오 그럴자격없다 오오 그럴자격없다 오오 그럴자격없다 오오 그럴자격없다 오오 그럴자격없다 오오 그럴자격없다 오오 그럴자격없다 오오 그럴자격없다 오오 그럴자격없다 오오 그럴자격없다 오오 그럴자격없다 오오 그럴자격없다 오오 그럴자격없다 오오 그럴자격없다 오오 그럴자격없다 오오 그럴자격없다 오오 그럴자격없다 오오 그럴자격없다 오오 그럴자격없다 오오 그럴자격없다 오오 그럴자격없다 오오 그럴자격없다 오오 그럴자격없다 오오 그럴자격없다 오오 그럴자격없다 오오 그럴자격없다 오오 그럴자격없다 오오 그럴자격없다 오오 그럴자격없다 오오 그럴자격없다 오오 그럴자격없다 오오 그럴자격없다 오오 그럴자격없다 오오 그럴자격없다 오오 그럴자격없다 오오 그럴자격없다 오오 그럴자격없다 오오 그럴자격없다 오오 그럴자격없다 오오 그럴자격없다 오오 그럴자격없다 오오 그럴자격없다 오오 그럴자격없다 오오 그럴자격없다 오오 그럴자격없다 오오 그럴자격없다 오오 그럴자격없다 오오 그럴자격없다 오오 그럴자격없다 오오 그럴자격없다 오오 그럴자격없다 오오 그럴자격없다 오오 그럴자격없다 오오 그럴자격없다 오오 그럴자격없다 오오 그럴자격없다 오오 그럴자격없다 오오 그럴자격없다 오오 그럴자격없다 오오 그럴자격없다 오오 그럴자격없다 오오 그럴자격없다 오오 그럴자격없다 오오 그럴자격없다 오오 그럴자격없다 오오 그럴자격없다 오오 그럴자격없다 오오 그럴자격없다 오오 그럴자격없다 오오 그럴자격없다 오오 그럴자격없다 오오 그럴자격없다 오오 그럴자격없다 오오 그럴자격없다 오오 그럴자격없다 오오 그럴자격없다 오오 그럴자격없다 오오 그럴자격없다 오오 그럴자격없다 오오 그럴자격없다 오오 그럴자격없다 오오 그럴자격없다 오오 그럴자격없다 오오 그럴자격없다 오오 그럴자격없다 오오 그럴자격없다 오오 그럴자격없다 오오 그럴자격없다 오오 그럴자격없다 오오 그럴자격없다 오오 그럴자격없다 오오 그럴자격없다 오오 그럴자격없다 오오 그럴자격없다 오오 그럴자격없다 오오 그럴자격없다 오오 그럴자격없다 오오 그럴자격없다 오오 그럴자격없다 오오 그럴자격없다 오오 그럴자격없다 오오 그럴자격없다 오오 그럴자격없다 오오 그럴자격없다 오오 그럴자격없다 오오 그럴자격없다 오오 그럴자격없다 오오 그럴자격없다 오오 그럴자격없다 오오 그럴자격없다 오오 그럴자격없다 오오 그럴자격없다 오오 그럴자격없다 오오 그럴자격없다 오오 그럴자격없다 오오 그럴자격없다 오오 그럴자격없다 오오 그럴자격없다 오오 그럴자격없다 오오 그럴자격없다 오오 그럴자격없다 오오 그럴자격없다 오오 그럴자격없다 오오 그럴자격없다 오오 그럴자격없다 오오 그럴자격없다 오오 그럴자격없다 오오 그럴자격없다 오오 그럴자격없다 오오 그럴자격없다 오오 그럴자격없다 오오 그럴자격없다 오오 그럴자격없다 오오 그럴자격없다 오오 그럴자격없다 오오 그럴자격없다,1,1,True,Recommended,17480,1654335725
엘든 링,존나 어려움,1,1,True,Recommended,13974,1654053969
엘든 링,어우 너무 재밌고,1,2,True,Recommended,9720,1653906506
엘든 링,문어나옴 멍게나옴 해파리동료됨,1,0,True,Recommended,7759,1653850139
엘든 링,2022년 최고의 게임 엘든링 사랑해,1,4,True,Recommended,9754,1653810165
엘든 링,미연시 게임,1,2,True,Recommended,4213,1653675950
엘든 링,고드프리 개새끼 세로시 찢고 나도 찢을걸 예상해야 됬는데,1,0,True,Recommended,15587,1653563357
엘든 링,"쿼드랑이 여친이 너무 꼴리길래, 그만 달의 세기 엔딩을 보고 말았습니다.",1,1,True,Recommended,43081,1653547612
엘든 링,뎰씨주세용,1,0,True,Recommended,8467,1653309279
엘든 링,말레이나 잡는데 주말 다 썼네요 찍먹해봤는데 그냥 다크소울3 하세요,1,1,False,Not Recommended,19464,1653217757
엘든 링,다크소울3을 해보고 이런류의 게임은 나랑 안맞는다 생각했는데 평이 너무 괜찮아서 해보니 레데리2와 함께 나의 인생겜이 됬다..,1,0,True,Recommended,16814,1653140098
엘든 링,다좋은데 가끔 보이는것 보다 피격판정이 큰 패턴에서 점수가 많이 깍이네요 개선하세요,1,0,True,Recommended,5861,1653058699
엘든 링,1000시간 입갤 ...근데 이제 뭐함?,1,0,True,Recommended,144450,1653043265
엘든 링,캬,1,1,True,Recommended,29276,1652973279
엘든 링,신살갗이랑 최종보스를 왜 그따구로만들었냐 프롬,1,3,True,Recommended,22812,1652896054
엘든 링,너무 재밌다,1,1,True,Recommended,27473,1652521511
엘든 링,조금 할만 하네요!,1,0,True,Recommended,15194,1652014382
엘든 링,트리가드 그는 신이야 트리가드 그는 신이야 트리가드 그는 신이야 트리가드 그는 신이야 트리가드 그는 신이야 트리가드 그는 신이야 트리가드 그는 신이야 트리가드 그는 신이야 트리가드 그는 신이야 트리가드 그는 신이야 트리가드 그는 신이야 트리가드 그는 신이야 트리가드 그는 신이야 트리가드 그는 신이야 트리가드 그는 신이야 트리가드 그는 신이야 트리가드 그는 신이야 트리가드 그는 신이야 트리가드 그는 신이야 트리가드 그는 신이야 트리가드 그는 신이야 트리가드 그는 신이야 트리가드 그는 신이야 트리가드 그는 신이야 트리가드 그는 신이야 트리가드 그는 신이야 트리가드 그는 신이야 트리가드 그는 신이야 트리가드 그는 신이야 트리가드 그는 신이야 트리가드 그는 신이야 트리가드 그는 신이야 트리가드 그는 신이야 트리가드 그는 신이야 트리가드 그는 신이야 트리가드 그는 신이야 트리가드 그는 신이야 트리가드 그는 신이야 트리가드 그는 신이야 트리가드 그는 신이야 트리가드 그는 신이야 트리가드 그는 신이야 트리가드 그는 신이야 트리가드 그는 신이야 트리가드 그는 신이야 트리가드 그는 신이야 트리가드 그는 신이야 트리가드 그는 신이야 트리가드 그는 신이야 트리가드 그는 신이야 트리가드 그는 신이야 트리가드 그는 신이야 트리가드 그는 신이야 트리가드 그는 신이야 트리가드 그는 신이야 트리가드 그는 신이야 트리가드 그는 신이야 트리가드 그는 신이야 트리가드 그는 신이야 트리가드 그는 신이야 트리가드 그는 신이야 트리가드 그는 신이야 트리가드 그는 신이야 트리가드 그는 신이야 트리가드 그는 신이야 트리가드 그는 신이야 트리가드 그는 신이야 트리가드 그는 신이야 트리가드 그는 신이야 트리가드 그는 신이야 트리가드 그는 신이야 트리가드 그는 신이야 트리가드 그는 신이야 트리가드 그는 신이야 트리가드 그는 신이야 트리가드 그는 신이야 트리가드 그는 신이야 트리가드 그는 신이야 트리가드 그는 신이야 트리가드 그는 신이야 트리가드 그는 신이야 트리가드 그는 신이야 트리가드 그는 신이야 트리가드 그는 신이야 트리가드 그는 신이야 트리가드 그는 신이야 트리가드 그는 신이야 트리가드 그는 신이야 트리가드 그는 신이야 트리가드 그는 신이야트리가드 그는 신이야 트리가드 그는 신이야 트리가드 그는 신이야 트리가드 그는 신이야 트리가드 그는 신이야 트리가드 그는 신이야 트리가드 그는 신이야 트리가드 그는 신이야 트리가드 그는 신이야 트리가드 그는 신이야 트리가드 그는 신이야 트리가드 그는 신이야 트리가드 그는 신이야 트리가드 그는 신이야 트리가드 그는 신이야 트리가드 그는 신이야 트리가드 그는 신이야 트리가드 그는 신이야 트리가드 그는 신이야 트리가드 그는 신이야 트리가드 그는 신이야 트리가드 그는 신이야 트리가드 그는 신이야 트리가드 그는 신이야 트리가드 그는 신이야 트리가드 그는 신이야 트리가드 그는 신이야 트리가드 그는 신이야 트리가드 그는 신이야 트리가드 그는 신이야 트리가드 그는 신이야 트리가드 그는 신이야 트리가드 그는 신이야 트리가드 그는 신이야 트리가드 그는 신이야 트리가드 그는 신이야 트리가드 그는 신이야 트리가드 그는 신이야 트리가드 그는 신이야 트리가드 그는 신이야 트리가드 그는 신이야 트리가드 그는 신이야,1,0,True,Recommended,2046,1651766384
엘든 링,장점 와... 맵이 이렇게 디테일 할 수 있나? 싶을 정도로 엄청 세세하게 잘 되어 있음. 단점 락온 이.... 견.......,1,11,True,Recommended,39773,1651736944
엘든 링,알겠다고알겠다고알겠다고알겠다고알겠다고알겠다고알겠다고알겠다고알겠다고알겠다고알겠다고알겠다고알겠다고알겠다고알겠다고알겠다고알겠다고알겠다고알겠다고알겠다고알겠다고알겠다고알겠다고알겠다고알겠다고알겠다고알겠다고알겠다고알겠다고알겠다고알겠다고알겠다고알겠다고알겠다고알겠다고알겠다고알겠다고알겠다고알겠다고알겠다고알겠다고알겠다고알겠다고알겠다고알겠다고알겠다고알겠다고알겠다고알겠다고알겠다고알겠다고알겠다고알겠다고알겠다고알겠다고알겠다고알겠다고알겠다고알겠다고알겠다고알겠다고알겠다고알겠다고알겠다고알겠다고알겠다고알겠다고알겠다고알겠다고알겠다고알겠다고알겠다고알겠다고알겠다고알겠다고알겠다고알겠다고알겠다고알겠다고알겠다고알겠다고알겠다고알겠다고알겠다고알겠다고알겠다고알겠다고알겠다고알겠다고알겠다고알겠다고알겠다고알겠다고알겠다고알겠다고알겠다고알겠다고알겠다고알겠다고알겠다고알겠다고알겠다고알겠다고알겠다고알겠다고알겠다고알겠다고알겠다고알겠다고알겠다고알겠다고알겠다고알겠다고알겠다고알겠다고알겠다고알겠다고알겠다고알겠다고알겠다고알겠다고알겠다고알겠다고알겠다고알겠다고알겠다고알겠다고알겠다고알겠다고알겠다고알겠다고알겠다고알겠다고알겠다고알겠다고알겠다고알겠다고알겠다고알겠다고알겠다고알겠다고알겠다고알겠다고알겠다고알겠다고알겠다고알겠다고알겠다고알겠다고알겠다고알겠다고알겠다고알겠다고알겠다고알겠다고알겠다고알겠다고알겠다고알겠다고알겠다고알겠다고알겠다고알겠다고알겠다고알겠다고알겠다고알겠다고알겠다고알겠다고알겠다고알겠다고알겠다고알겠다고알겠다고알겠다고알겠다고알겠다고알겠다고알겠다고알겠다고알겠다고알겠다고알겠다고알겠다고알겠다고알겠다고알겠다고알겠다고알겠다고알겠다고알겠다고알겠다고알겠다고알겠다고알겠다고알겠다고알겠다고알겠다고알겠다고알겠다고알겠다고알겠다고알겠다고알겠다고알겠다고알겠다고알겠다고알겠다고알겠다고알겠다고알겠다고알겠다고알겠다고알겠다고알겠다고알겠다고알겠다고알겠다고알겠다고알겠다고알겠다고알겠다고알겠다고알겠다고알겠다고알겠다고알겠다고알겠다고알겠다고알겠다고알겠다고알겠다고알겠다고알겠다고알겠다고알겠다고알겠다고알겠다고알겠다고알겠다고알겠다고알겠다고알겠다고,1,0,True,Recommended,5636,1651732330
엘든 링,소울류를 처음하는 분도 맞아가면서 배우다보면 언젠가 왕좌의 앉아있는 자신의 모습을 경험하게 될것입니다.,1,1,True,Recommended,11164,1651728684
엘든 링,재밌긴해,1,1,True,Recommended,28070,1651560803
엘든 링,에이 시팔 안하고말지,1,0,False,Not Recommended,3258,1651341339
엘든 링,MASTERPIECE,1,0,True,Recommended,6591,1651310654
엘든 링,점심 나가서 먹을거가태 점심 나가서 먹을거가태 점심 나가서 먹을거가태 점심 나가서 먹을거가태 점심 나가서 먹을거가태 점심 나가서 먹을거가태 점심 나가서 먹을거가태 점심 나가서 먹을거가태 점심 나가서 먹을거가태 점심 나가서 먹을거가태 점심 나가서 먹을거가태 점심 나가서 먹을거가태 점심 나가서 먹을거가태 점심 나가서 먹을거가태 점심 나가서 먹을거가태 점심 나가서 먹을거가태 점심 나가서 먹을거가태 점심 나가서 먹을거가태 점심 나가서 먹을거가태 점심 나가서 먹을거가태 점심 나가서 먹을거가태 점심 나가서 먹을거가태 점심 나가서 먹을거가태 점심 나가서 먹을거가태 점심 나가서 먹을거가태 점심 나가서 먹을거가태 점심 나가서 먹을거가태 점심 나가서 먹을거가태 점심 나가서 먹을거가태 점심 나가서 먹을거가태 점심 나가서 먹을거가태 점심 나가서 먹을거가태 점심 나가서 먹을거가태 점심 나가서 먹을거가태 점심 나가서 먹을거가태 점심 나가서 먹을거가태 점심 나가서 먹을거가태,1,2,True,Recommended,9865,1651306667
엘든 링,이앞 문 죄인...,1,1,True,Recommended,35220,1651286522
엘든 링,오픈월드게임으로선 딱 원신급 근데 그 넓은 필드가 소울류 테마파크 마냥 소울 게임으로 꽉꽉 차있다 소울류 좋아하면 돈이 아깝지 않음,1,0,True,Recommended,11080,1650986912
엘든 링,재밌기는 한데 컨텐츠가 부족함,1,0,True,Recommended,112910,1650977202
엘든 링,"프롬 특유의 게임성에 대중성을 더한, 갓게임입니다. 난이도가 어려울 시 RPG처럼 파밍, 레벨 업을 통해 스펙을 높여 클리어 할 수 있습니다.",1,1,True,Recommended,18549,1650893347
엘든 링,이 앞 엘든링 있다. 엘든링 만세! 발적화 일 줄이야... 다른 건 다 좋다고 쳐도 프롬 이 새끼들은 기술자 좀 더 데려와라 최적화가 이게 뭐냐,1,2,True,Recommended,8907,1650797868
엘든 링,이 너머 황금 나무 있다,1,1,True,Recommended,4274,1650780749
엘든 링,어려워요 환불해주세요,1,1,True,Recommended,47321,1650729697
엘든 링,"다크소울류 게임을 안해본 분들에게 1. 계속되는 도전 끝에 얻는 성취감이 좋은 분들에게도 추천 2.자유도가 높은 게임을 좋아하나, GTA 처럼 너무 과한 자유도 보다는 스토리 중심의 게임을 하고 싶은 분들에게 추천 3. 엘든링 같은 경우 정말 많은 엇박 공격이 존재함에도 너무 어려운 난이도가 아니기에 생각보다 진입 장벽을 낮춤 초보자 분들에게 절대 쉬운 난이도는 아님 4. 가격이 살짝 비싸다고 느낄 수는 있지만 가겨 대비 정말 좋은 게임 마지막으로 유튜브를 보고 재밌겠다 생각해서 이 패이지까지 왔다면, 많은 리뷰들 보면서 고민하지 말고 해보는 걸 추천. 오랜만에 해본 후회 안할 만한 게임. 게임 구매 전 알아두면 좋은 사실과 주의사항 밑 팁 1. 난이도 개인적으로 난이도는 다크소울 시리즈보다는 쉽다고 느껴짐. 보다는 쉽지만 여전히 어려운 난이도인 것은 사실 2. 그래픽 그래픽은 정말 좋으나, 아쉬운 최적화로 그래픽을 최상으로 올리면 3070으로도 생각보다 잦은 렉 또는 프레임 저하. 허나 최상, 높음 사이의 변화가 엄청 크지 않음으로 높음으로 플래이하는 것을 추천 3. 프레임 놀랍게도 프레임이 60 고정. 60hz로 유지가 되는 것도 아니며 가끔 정말 낮아짐. 해결방안으로는 프레임 제한을 풀 수 있는 프로그램 설치 가능 바이러스 문제 x 유료x 다운으로 하려고 하면 윈도우에서 막을 수도 있습니다 . 그럼 그냥 무시하고 다운하기 하면 됩니다. 많은 도움이 되는 영상 이 프로그램으로 프레임 문제가 해결되면 정말 편한 다만 오프라인 모드만 플레이 가능 4. 시스템 다크소울 특징의 시스템 사람들에게 말을 한번 걸어서 전부 얘기해주는 것이 아니라 여러번 말을 걸어야 함. 이걸 잊어버리면 스토리 진행을 못하거나 아이템을 못 받을 수도 있음 생각보다 정말 귀찮다 5. 스토리 솔직히 인게임에서 스토리를 파악하기에는 너무 어려움 유튜브에서 정보를 얻고 게임을 해도 재밌음 총평 개재밌네",1,58,True,Recommended,3624,1650633995
엘든 링,씨발 이게 사이버성교다,1,2,True,Recommended,28335,1650552072
엘든 링,pc버전 구매 대체 어떻게 해야하나요 여기서 구매하면 자꾸 조이스틱용 받아져요,1,0,True,Recommended,17,1650526750
엘든 링,엘든링은 똥겜이다,1,7,False,Not Recommended,12497,1650479150
엘든 링,똥손 똥컨도 엔딩을 볼수있다!,1,0,True,Recommended,6128,1650473798
엘든 링,억까하지마,1,0,True,Recommended,14305,1650465354
엘든 링,1회차 마법사 하지마라 존나 시발 힘들어 파란 성배 다 떨어지면 인생도 같이 떨어진다 시발,1,0,True,Recommended,10040,1650386679
엘든 링,이 앞 강적 있다 그러니까 배설물,1,1,True,Recommended,8550,1650377335
엘든 링,"프롬이 내놓은 오픈월드 게임! 모험을 하며 좋은 빌드, 좋은 셋팅 연구할 필요가 없습니다 왜냐면 그건 곧 프롬이 너프 할 것이거든요",1,0,False,Not Recommended,30308,1650368219
엘든 링,때릴까 말까 때릴까 말까 때릴까 말까 때릴까 말까 때 때려,1,0,True,Recommended,21016,1650361869
엘든 링,오오 자격없다,1,1,True,Recommended,16340,1650361536
엘든 링,오오 그럴 자격 있다. 그러니까 오오 그럴 자격 있다.,1,0,True,Recommended,7139,1650270313
엘든 링,소울류를 처음 접하시는 분들에게는 상당히 좇같음을 유발할 수 있으나 적응을 하신다면 왜 게임 평점이 높은지 알 수 있습니다 보스 패턴을 본인한태 맞추시지 말고 보스 패턴에 본인의 템포를 맞추세요 이 앞 위험 없다 개구라임,1,1,True,Recommended,1187,1650115323
엘든 링,말레니아 씨발련,1,0,False,Not Recommended,40274,1650016233
엘든 링,150시간 아직까지 유튜브는 보지 않았다 엔딩은 어디지,1,0,True,Recommended,15725,1649860125
엘든 링,게임 존1나 어렵네,1,0,True,Recommended,120,1649403313
엘든 링,망겜 할거없네,1,1,True,Recommended,70221,1649370652
엘든 링,밤불검 슬라임 서리밟기 너프했다고 비추주는새낀 날먹할 생각하지 말고 젤다나 쳐하러가라,1,3,True,Recommended,17426,1649359787
엘든 링,갓겜이네요,1,0,True,Recommended,11135,1649357763
엘든 링,아... 사랑해요 프롬... 사랑해요 갓본..,1,0,True,Recommended,11009,1649171881
엘든 링,최고의게임,1,0,True,Recommended,3400,1649168291
엘든 링,"이 너머, 엘든 링 있다 그러니깐 열심히 해라의 시간이다!",1,7,True,Recommended,17989,1649143789
엘든 링,소울류 아예 해보지않았으면 왕룬지원없이 불가,1,0,False,Not Recommended,3789,1649124004
엘든 링,라니 하고싶은거 다 해,1,1,True,Recommended,17128,1649010039
엘든 링,나이가 반백이 넘엇는대 이 게임 갓겜 이내요,1,2,True,Recommended,54974,1648845155
엘든 링,알겠는 가?미켈라의 칼나 말레니아를 알겠는 가?미켈라의 칼나 말레니아를 알겠는 가?미켈라의 칼나 말레니아를 알겠는 가?미켈라의 칼나 말레니아를 알겠는 가?미켈라의 칼나 말레니아를 알겠는 가?미켈라의 칼나 말레니아를 알겠는 가?미켈라의 칼나 말레니아를 알겠는 가?미켈라의 칼나 말레니아를 알겠는 가?미켈라의 칼나 말레니아를 알겠는 가?미켈라의 칼나 말레니아를 알겠는 가?미켈라의 칼나 말레니아를 알겠는 가?미켈라의 칼나 말레니아를 알겠는 가?미켈라의 칼나 말레니아를 알겠는 가?미켈라의 칼나 말레니아를 알겠는 가?미켈라의 칼나 말레니아를 알겠는 가?미켈라의 칼나 말레니아를 알겠는 가?미켈라의 칼나 말레니아를 알겠는 가?미켈라의 칼나 말레니아를 알겠는 가?미켈라의 칼나 말레니아를 알겠는 가?미켈라의 칼나 말레니아를 알겠는 가?미켈라의 칼나 말레니아를 알겠는 가?미켈라의 칼나 말레니아를 알겠는 가?미켈라의 칼나 말레니아를 알겠는 가?미켈라의 칼나 말레니아를 알겠는 가?미켈라의 칼나 말레니아를 알겠는 가?미켈라의 칼나 말레니아를 알겠는 가?미켈라의 칼나 말레니아를,1,0,True,Recommended,29549,1648832136
엘든 링,라이트유저인데 할만함,1,0,True,Recommended,25977,1648805021
엘든 링,전형적인 쓰레기 쪽파리 스시냄새사는 병신 게임입니다 절대 사지마세요 인생 후회합시다 그러니까 저만할게요,1,1,True,Recommended,8544,1648796361
엘든 링,사랑해요 미야자키,1,2,True,Recommended,195138,1648781068
엘든 링,이 겜 다 좋은데 피빕이 왜 이래,1,0,True,Recommended,98724,1648738751
엘든 링,h1 만남의 행복이 가득한 세상 엘든링 h1,1,1,True,Recommended,93139,1648704491
엘든 링,"이전 평가 최고의 의미로도, 최악의 의미로도 역대급 인생게임 망자가 아니라면 꼼수와 공략을 적극적으로 이용하길 추천함 어차피 꼼수랑 공략 활용해도 죽을 땐 죽음 자존심 부리지 않고 게임의 졸렬함에 졸렬함으로 대응한다고 여기는 게 속 편함 게임 하는 내내 저걸 어떻게 깨냐, 제작진은 정신머리가 있긴 하냐, 는 생각이 수억 번도 넘게 스침 근데 그걸 해결하는 순간 대가리가 깨지면서 치열하고 열정적이었던 추억으로 변함 이 마약 같은 기분 때문에 사람들이 프롬겜을 끊지 못하는 거고, 나 역시 몇 번이고 삭제하고 재설치를 반복해서 기어코 라니 엔딩 봐버렸음 스톡홀름 신드롬과 가스라이팅을 제대로 한 번 당해보고 싶다면 이만한 게임이 없음 아아 그것은 마치 대가리 깨짐으로 가득 채운 수십 시간짜리 오픈월드 테마파크 100시간 넘게 한 이후 평가 수정함 2회차 넘어가면서부터 느낀 점이라 라이트 유저한테는 해당 안 될 수 있음 다만 확실히 말할 수 있는 건, 이 게임은 2회차부터 재미가 급감한다는 거임 다크소울이 엘든 링이 되면서 가장 크게 상승한 재미가 뭐냐하면 모험 임 광대한 오픈월드 필드를 갖가지 기믹과 던전과 몬스터와 아이템으로 장식해둬서 매 순간순간이 미지에 대한 두려움과 보상에 대한 기대로 넘쳐남 근데 이게 철저히 붕괴하는 순간이 있는데, 바로 도읍 로데일 이후 금역부터임 이전까지의 진행은 플레이어의 행동을 제약하는 요소가 없었음 여기저기로 이어져 있는 광활한 필드에 뚝 떨어뜨려 놓은 다음, 대충 어디로 가서 누구를 잡고 엘데의 왕이 되세요 이러고 만다는 거임 무슨 일이 일어날지 알 수 없으며, 무슨 일이든 일어나도 이상하지 않음 근데 모르고트를 잡은 그 이후부턴 그냥 일직선임 굉장히 뚜렷한 목표, 굉장히 뚜렷한 목적성, 굉장히 뚜렷한 목적지 뻔히 정해진 미래를 그냥 죽죽 따라가야 함 한 술 더 떠서 지금까지 수없이 봐왔던 잡몹들을 필드 곳곳에 무지성으로 뿌려놓고 체력과 공격력은 대빵 올려놔서 뜬금없이 난이도가 두 단계 이상 뛰어버림 여기서부터 이제 잡몹들은 내가 헤쳐나가야 할 고난이자 적이 아님 그냥 귀찮기만 한 필드 오브젝트 중 하나일 뿐임 왜? 상대해봐야 이득 볼 게 전혀 없고 새롭지도 않고 재밌지도 않은데다가 스트레스만 쌓이니까 특히 거인의 산령 맵은 처음부터 끝까지 노잼의 극치임 보스까지 노잼 불의 거인 이 무친 새키는 그냥 나하고 싸울 마음이 없음 ai로 짜여진 패턴을 무지성으로 허공에 붕쯔붕쯔 할 뿐이지 물론 소르 성채에서 비부절 얻고 미켈라의 성수로 빠지는 길이 있긴 함 근데 여기라고 딱히 상황이 낫진 않음 봤던 애들 또 보고, 또 똑같이 싸울 뿐임 그냥 몹들 데미지랑 피통이랑 배치만 역겹게 해놓은 피학 포 르노 구간일 뿐이지 딱히 그럴싸한 보상이 준비되어 있지도 않고 맵 구석구석이 궁금하지도 않음 그냥 빨리 가서 말레니아나 잡고 싶지 겁나 달려서 스킵하고 싶은 구간 그 이상도 이하도 아님 파룸 아즈라도 미장센만 훌륭하지 알맹이는 똑같음 예전에 봤던 땅 잃은 기사 예전에 봤던 신살갗 듀오 예전에 봤던 용가리들이 번개좀 뿜을 뿐이고 그 마저도 잡아봐야 의미없음 개간지 댕댕이 말리케스가 살고 있다는 것과, 그 말리케스가 개짜증나는 패턴을 갖고 있다는 것과, 주변 환경 묘사가 눈 돌아가게 끝내준다는 것 외에는, 모험으로서도 게임으로서도 노잼 그냥 빨리 말리케스 잡고 엔딩이나 보러 가고 싶음 잘 만든 게임이고 대체제가 없다는 건 부정할 수 없는데 파고 들만한 게임은 아님 1회차 한정으론 갓겜 맞음 2회차부터는 그냥 못 써본 아이템 좀 써보고 놓친 템 줍고 그냥 거기서 끝임 근데 꼴라 6 7만원 내놓고서 100시간 넘게 계속 재밌기를 원하는 것도 양심없는 것 같네 dlc 내놔",1,4,True,Recommended,7622,1648690329
엘든 링,"이 너머 광활함 있음, 공략 관람 필요.",1,0,True,Recommended,4940,1648636762
엘든 링,내가 누구? 엘데의 왕,1,0,True,Recommended,50830,1648605292
엘든 링,몬스터 모션 기획 팀들은 꼭 밥도 엇박으로 드시길 바랍니다,1,1,True,Recommended,3461,1648576705
엘든 링,"여러분, 도전해보세요. 우선, 맞으세요. 다음엔, 피해보세요. 그리고, 때려보세요. 마지막으로, 잡아보세요. 그게 잘 되나",1,0,True,Recommended,8632,1648564660
엘든 링,데굴데굴데굴데굴데굴데굴데굴데굴데굴,1,0,True,Recommended,3816,1648547018
엘든 링,그럴 자격 없다 오오 그럴 자격 없다 그러므로 이 너머 엉덩이 유효,1,0,True,Recommended,11690,1648543303
엘든 링,"업적 다 깨는데 약 190시간 정도 걸렸습니다.. 느긋하게 하기 좋은 소울라이크라는 뭔가 기묘한 ? 오픈월드 게임이며, 자유롭게 필드를 돌아다니며 아 이런 장비도 있구나 하면서 장비를 쏠쏠하게 모으는 재미, 그리고 신화에 기반한 세계관에 맞는 강력한 마법이나 전회 무기 스킬 을 구사하며 적들을 쓸어담으며 즐길 수 있습니다. 그렇게 생각한것은 플레이 타임 50시간 쯤 달성하기 전의 이야기이지만요. 단지 몇 가지 불만 사항이 있었습니다. 바로 후반부로 가면 갈 수록 적들의 HP스케일이 비약적으로 증가하는 점이었습니다. 자신의 성장 상태와는 관련 없이 적들이 죄다 피 돼지가 되어버린 상태에 이릅니다. 그렇기에 유저들이 강제가 되는 몇 가지 빌드가 생기고 맙니다. 물론 이 것을 해결방법을 찾는 재미있는 요소라고 칭찬할 수도 있겠지만 재미있게 만든 오픈월드 게임에 방법을 강제한다는 느낌을 지울 수가 없네요. 후반부에 들어서서 단단해진 적들과 보스를 해치우기 위해서 부패와 출혈을 적극적으로 사용하게 되버립니다.. 전 흑염으로 재미 좀 보고있는 상태였으나, 가면 갈 수록 기도에 가지는 한계를 느끼고 부패와 출혈을 이용하여 최대 체력에 비례한 피해를 입히는 것이 현재 이 게임에 가장 알 맞는 방식이라고 생각하게 되었습니다. 실제로 부패와 출혈은 이 게임에서 강력한 상태이상에 속하며 게임을 수월하게 클리어하게 만들어 줍니다. 부패와 독의 정의가 애매모호한 점이 싫었습니다. 세계관적으론 이 두 가지가 다르다고 하지만 부패는 그저 무기 변질에 사용할 수 없는 상태이상이며 용찬 기도의 부패 브레스, 몇가지 무기에 기본적으로 달려있는 기본 수치가 아니면 딱히 부패를 활용할 방법이 마땅치도 않음. 독이 챙기기 더 편하다는 점이 아니면 독과 부패는 비슷한 상태이상이라는 점을 알 수 있습니다. 확실한 것은 부패가 데미지가 더 강하다는 것이지요. 뭔가 DLC나 그런 것을 통해서 좀 더 부패에 대한 뭔가를 추가해줄 예정인 걸까요? DLC 이야기가 나와서 하는 말입니다. DLC가 출시가 된다는 확신도 없는 상태에서 이 게임의 스토리는 몇 가지 DLC가 나와야할 것 같은데? 라는 생각이 드는 공백이 있습니다. DLC가 나온다면야 환영이지만 세키로의 사례처럼 그저 이 것으로 완성되는 이야기라면? 그런 불안감을 지울 순 없다고 생각합니다. 결론적으로 말합니다. 위의 불만점을 다 씹고도 엄청나게 재밌게 즐긴 게임입니다. 밸런스 패치도 감행하며 게임을 확실히 고쳐나가고 있으며, 게임의 프레임드랍이 발목을 잡을 떄도 보스의 불합리한 엇박패턴에 쳐맞아 구르고 있을 때 조차도 이 게임은 내가 아직 연말까지 8달이나 남은 시점에서 2022년에 가장 재미있게 한 게임이 될 거란 확신이 있습니다. 프롬 소프트웨어의 힘이 아직도 굉장하다는 생각이 들게 해줬으며, 신화적인 세계관에서 화려한 스킬들을 사용하는 캐릭터에 엄청난 뿌듯함을 느끼게 해준 게임입니다. 또한 멀티플레이에 대한 재미도 확실합니다. 전작 다크소울의 암령들이 억까 침입하는 것이 아니라서 더욱 재미를 느끼게 하는 것일지도 모릅니다. 엘든링 강력추천합니다. 여러분도 엘데의 왕좌에 한 번 도전해보시길 바랍니다.",1,0,True,Recommended,21178,1648434152
엘든 링,오오.. 그럴자격없다 오오.. 그럴자격없다,1,1,True,Recommended,13778,1648373797
엘든 링,"쌍검전사로 마법, 기도 안쓰고 할 수 있는데까지 진행중. 소울류 게임을 처음 해보는 뉴비친구가 마법으로 너무 재밌게 하길래.. 사게 됨 게임은 재밌다. 물논 욕하면서 하게되는 게임임. 보스 트라이 하는 맛도 나고, 무기도 여러종류에 검이 아닌데도 같은 종류의 무기를 쌍으로 들면 전용 모션이 있어서 신기했음. 무기 특성이나 마법들을 잘 사용하면 쉽게 클리어 할 수 있다는 것도 뉴비 친화적이라 장점. 맵 곳곳에 숨겨진게 많아서, 여러번 왔다갔다 한 곳인데도 이런게 있었어? 싶은게 많음.. 탐험하는 맛은 있다. 스토리도 재밌음 진행하다 막힌다면 우회해도 되고, 후퇴했다가 다른 곳 먼저 갔다 와도 되는 자유도도 있다. NPC 퀘스트의 분기점이 넘어가버릴 수도 있다는게 흠이지만. 문제는.. 근접들에게 힘든 패턴들이 점점 많아지고 4인 멀티지만 침입자 한명을 포함한 숫자라서, 정작 코옵은 3명까지만 됨. 그리고 안티치트 오류때문에 게임이 실행조차 안되는 일이 빈번함. 실행오류가 제일 짜증남.",1,3,True,Recommended,11633,1648366535
엘든 링,아 내 주말,1,0,True,Recommended,3218,1648364392
엘든 링,재밌다. 즐겁다. 유쾌하다.,1,1,True,Recommended,2296,1648357782
엘든 링,너도 당해봐라,1,1,True,Recommended,22791,1648351432
엘든 링,게임이 너무 어려운데 재미는 있음,1,3,True,Recommended,2035,1648325699
엘든 링,"휴가 나와서 44시간동안 했다,, 알아듣기를 바란다. 질리지가 않고 손에 땀을 쥐게하는 게임,, 진정한 게임이다",1,0,True,Recommended,4480,1648267384
엘든 링,인생겜일지도,1,1,True,Recommended,4600,1648234403
엘든 링,흥 .. 좀 재밌네,1,0,True,Recommended,8639,1648227526
엘든 링,엘든링?엘든링?엘든링?엘든링?엘든링?엘든링?엘든링?엘든링?엘든링?엘든링?엘든링?엘든링?엘든링?엘든링?엘든링?엘든링?엘든링?엘든링?엘든링?엘든링?엘든링?엘든링?엘든링?엘든링?엘든링?엘든링?엘든링?엘든링?엘든링?엘든링?엘든링?엘든링?엘든링?엘든링?엘든링?엘든링?엘든링?엘든링?엘든링?엘든링?엘든링?엘든링?엘든링?엘든링?엘든링?엘든링?엘든링?엘든링?엘든링?엘든링?엘든링?엘든링?엘든링?엘든링?엘든링?엘든링?엘든링?엘든링?엘든링?엘든링?엘든링?엘든링?엘든링?엘든링?엘든링?엘든링?엘든링?엘든링?엘든링?엘든링?엘든링?엘든링?엘든링?엘든링?엘든링?엘든링?엘든링?엘든링?엘든링?엘든링?엘든링?엘든링?엘든링?엘든링?엘든링?엘든링?엘든링?엘든링?엘든링?엘든링?엘든링?엘든링?엘든링?엘든링?엘든링?엘든링?엘든링?엘든링?엘든링?엘든링?엘든링?엘든링?엘든링?,1,0,True,Recommended,15175,1648215392
엘든 링,개비응신겜,1,0,True,Recommended,7657,1648213472
엘든 링,저의 게임불감증을 치료해 주었습니다,1,1,True,Recommended,12610,1648212457
엘든 링,이 게임에는 감동이 있다,1,1,True,Recommended,10018,1648212068
엘든 링,사리아의 광산노예 . 얼마나 감내해야하는가.. 이제 절 놓아주십시오,1,0,True,Recommended,31314,1648183444
엘든 링,"완전무결한 게임은 아니지만 장점이 단점을 충분히 압도한다. 프롬은 게임의 핵심이 최적화나 그래픽, 밸런스가 아니라 재미라는것을 엘든 링으로 증명했다. 최적화나 그래픽 밸런스도 재미의 일부라구요? ? ?",1,13,True,Recommended,19118,1648170717
엘든 링,"una poronga indeseable, como la m a",1,0,False,Not Recommended,18868,1648148211
엘든 링,헿,1,1,True,Recommended,22155,1648130384
엘든 링,밥도 엇박으로 쳐먹을 새끼들,1,1,True,Recommended,10866,1648042832
엘든 링,더러운 프롬아 제발 확률드록 확률좀 올려라 4시간동안 하나도 못먹은게 말이냐 이런,1,0,True,Recommended,15632,1648040343
엘든 링,재밌으니까 259시간째하지 뭘 물어봐,1,0,True,Recommended,17074,1648034115
엘든 링,갓겜임,1,0,True,Recommended,13352,1648033915
엘든 링,"오오 그럴자격없다, 오오 그럴자격없다, 오오 그럴자격없다",1,0,True,Recommended,6817,1648027264
엘든 링,모근출 병장님과 짜장 먹는 자,1,0,True,Recommended,32801,1648025427
엘든 링,마녀 신랑되고 왕도 됐슴다. 이제 오징어냄새나는 부패처녀 뚜까패러가야하는 거 밖에 안남았네요. 암튼 총평은 피했잖아 씨발아!!!!!,1,0,True,Recommended,7637,1648022694
엘든 링,엘든링?엘든링?엘든링?엘든링?엘든링?엘든링?엘든링?엘든링?엘든링?엘든링?엘든링?엘든링?엘든링?엘든링?엘든링?엘든링?엘든링?엘든링?엘든링?엘든링?엘든링?엘든링?엘든링?엘든링?엘든링?엘든링?엘든링?엘든링?엘든링?엘든링?엘든링?엘든링?엘든링?엘든링?엘든링?엘든링?엘든링?엘든링?엘든링?엘든링?엘든링?엘든링?엘든링?엘든링?엘든링?엘든링?엘든링?엘든링?엘든링?엘든링?엘든링?엘든링?엘든링?엘든링?엘든링?엘든링?엘든링?엘든링?엘든링?엘든링?엘든링?엘든링?엘든링?엘든링?엘든링?엘든링?엘든링?엘든링?엘든링?엘든링?엘든링?엘든링?엘든링?엘든링?엘든링?엘든링?엘든링?엘든링?엘든링?엘든링?엘든링?엘든링?엘든링?엘든링?엘든링?엘든링?엘든링?엘든링?엘든링?엘든링?엘든링?엘든링?엘든링?엘든링?엘든링?엘든링?엘든링?엘든링?엘든링?엘든링?엘든링?엘든링?엘든링?엘든링?엘든링?엘든링?엘든링?엘든링?엘든링?엘든링?엘든링?엘든링?엘든링?엘든링?엘든링?엘든링?엘든링?엘든링?엘든링?엘든링?엘든링?엘든링?엘든링?엘든링?엘든링?엘든링?엘든링?엘든링?엘든링?엘든링?엘든링?엘든링?엘든링?엘든링?엘든링?엘든링?엘든링?엘든링?엘든링?엘든링?엘든링?엘든링?엘든링?엘든링?엘든링?엘든링?엘든링?엘든링?엘든링?엘든링?엘든링?엘든링?엘든링?엘든링?엘든링?엘든링?엘든링?엘든링?엘든링?엘든링?엘든링?엘든링?엘든링?엘든링?엘든링?엘든링?엘든링?엘든링?엘든링?엘든링?엘든링?엘든링?엘든링?엘든링?엘든링?엘든링?엘든링?엘든링?엘든링?엘든링?엘든링?엘든링?엘든링?엘든링?엘든링?엘든링?엘든링?엘든링?엘든링?엘든링?엘든링?엘든링?엘든링?엘든링?엘든링?엘든링?엘든링?엘든링?엘든링?엘든링?엘든링?엘든링?엘든링?엘든링?엘든링?엘든링?엘든링?엘든링?엘든링?엘든링?엘든링?엘든링?엘든링?엘든링?엘든링?엘든링?엘든링?엘든링?엘든링?엘든링?엘든링?엘든링?엘든링?엘든링?엘든링?엘든링?엘든링?엘든링?엘든링?엘든링?엘든링?엘든링?엘든링?엘든링?엘든링?엘든링?엘든링?엘든링?엘든링?엘든링?엘든링?엘든링?엘든링?엘든링?엘든링?엘든링?엘든링?엘든링?엘든링?엘든링?엘든링?엘든링?엘든링?엘든링?엘든링?엘든링?엘든링?엘든링?엘든링?엘든링?엘든링?엘든링?엘든링?엘든링?엘든링?엘든링?엘든링?엘든링?엘든링?엘든링?엘든링?엘든링?엘든링?엘든링?엘든링?엘든링?엘든링?엘든링?엘든링?엘든링?엘든링?엘든링?엘든링?엘든링?엘든링?엘든링?엘든링?엘든링?엘든링?엘든링?엘든링?엘든링?엘든링?엘든링?엘든링?엘든링?엘든링?엘든링?엘든링?엘든링?엘든링?엘든링?엘든링?엘든링?엘든링?엘든링?엘든링?엘든링?엘든링?엘든링?엘든링?엘든링?엘든링?엘든링?엘든링?엘든링?엘든링?엘든링?엘든링?엘든링?엘든링?엘든링?엘든링?엘든링?엘든링?엘든링?엘든링?엘든링?엘든링?엘든링?엘든링?엘든링?엘든링?엘든링?엘든링?엘든링?엘든링?엘든링?엘든링?엘든링?엘든링?엘든링?엘든링?엘든링?엘든링?엘든링?엘든링?엘든링?엘든링?엘든링?엘든링?엘든링?엘든링?엘든링?엘든링?엘든링?엘든링?엘든링?엘든링?엘든링?엘든링?엘든링?엘든링?엘든링?엘든링?엘든링?엘든링?엘든링?엘든링?엘든링?엘든링?엘든링?엘든링?엘든링?엘든링?엘든링?엘든링?엘든링?엘든링?엘든링?엘든링?엘든링?엘든링?엘든링?엘든링?엘든링?엘든링?엘든링?엘든링?엘든링?엘든링?엘든링?엘든링?엘든링?엘든링?엘든링?엘든링?엘든링?엘든링?엘든링?엘든링?엘든링?엘든링?엘든링?엘든링?엘든링?엘든링?엘든링?엘든링?엘든링?엘든링?엘든링?엘든링?엘든링?엘든링?엘든링?엘든링?엘든링?엘든링?엘든링?엘든링?엘든링?엘든링?엘든링?엘든링?엘든링?엘든링?엘든링?엘든링?엘든링?엘든링?엘든링?엘든링?엘든링?엘든링?엘든링?엘든링?엘든링?엘든링?엘든링?엘든링?엘든링?엘든링?엘든링?엘든링?엘든링?엘든링?엘든링?엘든링?엘든링?엘든링?엘든링?엘든링?엘든링?엘든링?엘든링?엘든링?엘든링?엘든링?엘든링?엘든링?엘든링?엘든링?엘든링?엘든링?엘든링?엘든링?엘든링?엘든링?엘든링?엘든링?엘든링?엘든링?엘든링?엘든링?엘든링?엘든링?엘든링?엘든링?엘든링?엘든링?엘든링?엘든링?엘든링?엘든링?엘든링?엘든링?엘든링?엘든링?엘든링?엘든링?엘든링?엘든링?엘든링?엘든링?엘든링?엘든링?엘든링?엘든링?엘든링?엘든링?엘든링?엘든링?엘든링?엘든링?엘든링?엘든링?엘든링?엘든링?엘든링?엘든링?엘든링?,1,0,True,Recommended,8605,1647964001
엘든 링,야이 발년아 보스가 왜 날때리면 피흡이되는데 나도 못하는걸 왜 너가해,1,0,True,Recommended,16720,1647950349
엘든 링,가격대비 컨텐츠 분량 혜자 게임성이야 말할것도 없음,1,0,True,Recommended,15511,1647945906
엘든 링,트리가드 내실력이면 1랩 1시간컷일줄알았지 9시간이 지나기전까지는,1,0,True,Recommended,18866,1647860400
